Resident Reference,PAST BOOKINGS,PREDICTION,ACTUAL,MATCH,Score,Facility Match,Day Match,Time Match,Nudge Match
R-280,Pool / Sat / 17:00 / Fri 12:40,"Pool / Tue / 12:00
Nudge Tue / 01:35","Gym / Mon / 07:00
Booked Mon / 00:00",NO 0 of 4,0 of 4,NO,NO,NO,NO
R-155,"Gym / Mon / 08:00 / Sun 12:30
Pool / Mon / 07:00 / Sun 18:55
Pool / Mon / 08:00 / Sun 08:10","Gym / Mon / 08:00
Nudge Mon / 00:50","Gym / Mon / 07:00
Booked Mon / 00:15",NO 3 of 4,3 of 4,YES,YES,NO,YES
R-207,"Tennis / Sun / 15:00 / Sat 20:20
Gym / Wed / 08:00 / Tue 08:20","Gym / Mon / 08:00
Nudge Mon / 00:30","Tennis / Mon / 17:00
Booked Mon / 00:15",NO 2 of 4,2 of 4,NO,YES,NO,YES
R-362,"Gym / Sun / 19:00 / Sun 11:10
Badminton / Tue / 18:00 / Tue 12:35
Badminton / Fri / 20:00 / Thu 22:45","Gym / Mon / 18:00
Nudge Mon / 01:35","Tennis / Mon / 21:00
Booked Mon / 00:15",NO 1 of 4,1 of 4,NO,YES,NO,NO
R-263,"Gym / Wed / 06:00 / Tue 22:55
Gym / Thu / 06:00 / Wed 07:30
Gym / Mon / 08:00 / Sun 21:50","Gym / Mon / 06:00
Nudge Sun / 23:55","Gym / Mon / 06:00
Booked Mon / 00:25",NO 3 of 4,3 of 4,YES,YES,YES,NO
R-119,"Gym / Thu / 08:00 / Wed 21:30
Gym / Fri / 08:00 / Thu 21:05
Gym / Mon / 06:00 / Sun 21:30","Gym / Mon / 08:00
Nudge Mon / 02:05","Gym / Mon / 07:00
Booked Mon / 00:55",NO 2 of 4,2 of 4,YES,YES,NO,NO
R-215,"Gym / Fri / 21:00 / Fri 13:40
Tennis / Wed / 20:00 / Sun 05:00
Badminton / Mon / 18:00 / Sun 10:15","Badminton / Mon / 18:00
Nudge Mon / 00:05","Gym / Mon / 16:00
Booked Mon / 01:05",NO 2 of 4,2 of 4,NO,YES,NO,YES
R-274,"Gym / Mon / 20:00 / Mon 09:20
Pool / Fri / 15:00 / Thu 06:45
Tennis / Mon / 20:00 / Sun 12:15","Badminton / Mon / 20:00
Nudge Mon / 00:35","Badminton / Mon / 18:00
Booked Mon / 01:45",NO 2 of 4,2 of 4,YES,YES,NO,NO
R-438,"Gym / Thu / 08:00 / Tue 18:35
Gym / Thu / 07:00 / Wed 17:40
Gym / Tue / 08:00 / Mon 21:20","Gym / Mon / 08:00
Nudge Mon / 00:50","Gym / Mon / 07:00
Booked Mon / 01:45",NO 3 of 4,3 of 4,YES,YES,NO,YES
R-149,"Pool / Fri / 20:00 / Fri 15:15
Pool / Fri / 11:00 / Thu 20:10
Badminton / Sat / 20:00 / Sat 14:50","Gym / Mon / 18:00
Nudge Mon / 02:10","Badminton / Mon / 13:00
Booked Mon / 02:50",NO 2 of 4,2 of 4,NO,YES,NO,YES
R-211,"Pool / Sun / 18:00 / Sat 20:05
Gym / Sat / 11:00 / Sat 03:00
Pool / Sun / 18:00 / Sat 15:10","Clubhouse / Sun / 18:00
Nudge Sun / 01:15","Pool / Tue / 11:00
Booked Mon / 03:00",NO 0 of 4,0 of 4,NO,NO,NO,NO
R-188,"Badminton / Wed / 07:00 / Tue 23:35
Pool / Wed / 07:00 / Tue 19:15
Gym / Fri / 07:00 / Thu 14:05","Gym / Mon / 08:00
Nudge Mon / 03:50","Gym / Mon / 08:00
Booked Mon / 03:05",YES 4 of 4,4 of 4,YES,YES,YES,YES
R-145,"Gym / Fri / 08:00 / Fri 02:15
Tennis / Mon / 06:00 / Sun 00:55
Gym / Sun / 08:00 / Sun 01:05","Gym / Mon / 08:00
Nudge Mon / 04:00","Gym / Mon / 08:00
Booked Mon / 03:15",YES 4 of 4,4 of 4,YES,YES,YES,YES
R-253,"Gym / Sat / 07:00 / Fri 23:05
Tennis / Wed / 06:00 / Tue 09:30
Gym / Mon / 08:00 / Sun 11:55","Gym / Mon / 08:00
Nudge Mon / 02:25","Tennis / Wed / 06:00
Booked Mon / 03:20",NO 0 of 4,0 of 4,NO,NO,NO,NO
R-269,"Pool / Mon / 19:00 / Mon 11:05
Pool / Fri / 17:00 / Fri 10:25
Pool / Wed / 17:00 / Wed 08:30","Gym / Mon / 08:00
Nudge Mon / 03:55","Gym / Mon / 12:00
Booked Mon / 03:45",NO 3 of 4,3 of 4,YES,YES,NO,YES
R-226,"Pool / Sat / 21:00 / Sat 01:05
Hall / Sat / 18:00 / Thu 18:05
Pool / Sun / 16:00 / Sun 03:00","Clubhouse / Tue / 12:00
Nudge Mon / 18:40","Hall / Sat / 22:00
Booked Mon / 04:20",NO 0 of 4,0 of 4,NO,NO,NO,NO
R-146,"Badminton / Tue / 18:00 / Mon 11:05
Badminton / Mon / 19:00 / Mon 01:15
Gym / Tue / 20:00 / Tue 03:15","Badminton / Tue / 18:00
Nudge Tue / 04:30","Pool / Mon / 21:00
Booked Mon / 04:25",NO 0 of 4,0 of 4,NO,NO,NO,NO
R-156,"Tennis / Sat / 07:00 / Fri 09:40
Gym / Tue / 06:00 / Tue 02:15
Gym / Thu / 06:00 / Wed 15:15","Gym / Tue / 08:00
Nudge Tue / 03:55","Gym / Mon / 08:00
Booked Mon / 04:25",NO 2 of 4,2 of 4,YES,NO,YES,NO
R-182,"Gym / Fri / 19:00 / Fri 02:45
Gym / Fri / 19:00 / Wed 23:20
Gym / Sat / 06:00 / Fri 16:20","Gym / Mon / 19:00
Nudge Mon / 05:30","Badminton / Tue / 20:00
Booked Mon / 04:30",NO 0 of 4,0 of 4,NO,NO,NO,NO
R-271,"Gym / Fri / 08:00 / Thu 18:40
Tennis / Wed / 07:00 / Sat 22:50
Tennis / Wed / 08:00 / Sun 10:45","Gym / Tue / 08:00
Nudge Tue / 03:50","Gym / Mon / 08:00
Booked Mon / 04:45",NO 2 of 4,2 of 4,YES,NO,YES,NO
R-257,"Pool / Thu / 21:00 / Wed 22:20
Badminton / Sat / 21:00 / Sat 00:05
Badminton / Tue / 18:00 / Sun 07:05","Pool / Tue / 18:00
Nudge Tue / 05:20","Badminton / Tue / 20:00
Booked Mon / 05:20",NO 1 of 4,1 of 4,NO,YES,NO,NO
R-308,"Badminton / Tue / 12:00 / Mon 08:00
Pool / Mon / 19:00 / Mon 15:00
Gym / Sat / 21:00 / Sat 13:55","Gym / Mon / 18:00
Nudge Mon / 05:50","Gym / Mon / 19:00
Booked Mon / 05:45",NO 3 of 4,3 of 4,YES,YES,NO,YES
R-180,"Gym / Sun / 07:00 / Sat 21:25
Pool / Sun / 08:00 / Sun 06:35
Tennis / Tue / 07:00 / Mon 16:15","Tennis / Tue / 06:00
Nudge Mon / 07:15","Gym / Mon / 12:00
Booked Mon / 06:00",NO 0 of 4,0 of 4,NO,NO,NO,NO
R-432,"Gym / Fri / 07:00 / Wed 18:15
Gym / Thu / 06:00 / Wed 22:10
Gym / Mon / 06:00 / Sat 08:10","Gym / Tue / 08:00
Nudge Mon / 11:20","Tennis / Wed / 06:00
Booked Mon / 06:05",NO 0 of 4,0 of 4,NO,NO,NO,NO
R-102,"Pool / Fri / 07:00 / Thu 09:05
Tennis / Mon / 06:00 / Sat 15:15
Pool / Mon / 07:00 / Sun 13:00","Gym / Tue / 07:00
Nudge Mon / 08:15","Pool / Mon / 19:00
Booked Mon / 06:15",NO 0 of 4,0 of 4,NO,NO,NO,NO
R-367,"Clubhouse / Sat / 12:00 / Mon 17:35
Pool / Thu / 08:00 / Wed 21:35
Clubhouse / Mon / 19:00 / Sat 12:35","Gym / Tue / 19:00
Nudge Tue / 05:50","Gym / Tue / 08:00
Booked Mon / 06:25",NO 2 of 4,2 of 4,YES,YES,NO,NO
R-102,"Tennis / Mon / 06:00 / Sat 15:15
Pool / Mon / 07:00 / Sun 13:00
Pool / Mon / 19:00 / Mon 06:15","Gym / Tue / 07:00
Nudge Mon / 08:35","Pool / Wed / 10:00
Booked Mon / 06:30",NO 0 of 4,0 of 4,NO,NO,NO,NO
R-143,Gym / Sat / 18:00 / Thu 21:00,"Gym / Tue / 19:00
Nudge Tue / 05:20","Badminton / Tue / 20:00
Booked Mon / 06:30",NO 1 of 4,1 of 4,NO,YES,NO,NO
R-155,"Pool / Mon / 07:00 / Sun 18:55
Pool / Mon / 08:00 / Sun 08:10
Gym / Mon / 07:00 / Mon 00:15","Gym / Tue / 07:00
Nudge Mon / 08:10","Tennis / Tue / 07:00
Booked Mon / 06:45",NO 2 of 4,2 of 4,NO,YES,YES,NO
R-432,"Gym / Thu / 06:00 / Wed 22:10
Gym / Mon / 06:00 / Sat 08:10
Tennis / Wed / 06:00 / Mon 06:05","Gym / Tue / 08:00
Nudge Mon / 11:20","Tennis / Wed / 08:00
Booked Mon / 06:45",NO 1 of 4,1 of 4,NO,NO,YES,NO
R-414,"Pool / Wed / 19:00 / Wed 12:50
Pool / Fri / 19:00 / Fri 03:55
Pool / Mon / 14:00 / Sun 19:10","Gym / Tue / 08:00
Nudge Mon / 12:05","Gym / Tue / 19:00
Booked Mon / 07:15",NO 2 of 4,2 of 4,YES,YES,NO,NO
R-159,"Gym / Wed / 06:00 / Tue 23:20
Gym / Fri / 07:00 / Thu 23:25
Gym / Mon / 06:00 / Sun 19:40","Gym / Tue / 08:00
Nudge Mon / 11:45","Gym / Tue / 08:00
Booked Mon / 08:25",NO 3 of 4,3 of 4,YES,YES,YES,NO
R-350,"Pool / Sun / 19:00 / Thu 22:35
Pool / Sun / 16:00 / Sat 21:50
Pool / Sat / 11:00 / Fri 07:35","Clubhouse / Sun / 17:00
Nudge Sat / 19:35","Clubhouse / Tue / 15:00
Booked Mon / 08:25",NO 1 of 4,1 of 4,YES,NO,NO,NO
R-252,"Gym / Fri / 10:00 / Fri 07:35
Badminton / Thu / 19:00 / Thu 04:05
Gym / Thu / 18:00 / Thu 09:40","Gym / Tue / 21:00
Nudge Tue / 10:25","Badminton / Mon / 18:00
Booked Mon / 09:20",NO 0 of 4,0 of 4,NO,NO,NO,NO
R-162,"Gym / Fri / 06:00 / Thu 16:35
Gym / Fri / 08:00 / Thu 20:35
Gym / Mon / 06:00 / Sun 23:10","Gym / Tue / 08:00
Nudge Mon / 12:40","Tennis / Tue / 07:00
Booked Mon / 09:25",NO 1 of 4,1 of 4,NO,YES,NO,NO
R-301,"Gym / Fri / 19:00 / Fri 09:55
Gym / Mon / 18:00 / Mon 00:45
Pool / Sat / 21:00 / Fri 01:15","Gym / Tue / 18:00
Nudge Tue / 10:15","Badminton / Tue / 21:00
Booked Mon / 09:35",NO 1 of 4,1 of 4,NO,YES,NO,NO
R-193,"Pool / Sat / 17:00 / Fri 21:25
Pool / Thu / 18:00 / Thu 08:30
Gym / Wed / 19:00 / Wed 01:05","Gym / Tue / 19:00
Nudge Tue / 10:55","Gym / Tue / 19:00
Booked Mon / 09:50",NO 3 of 4,3 of 4,YES,YES,YES,NO
R-225,"Pool / Tue / 19:00 / Mon 09:20
Gym / Sun / 08:00 / Sat 05:50
Pool / Mon / 20:00 / Sat 18:40","Pool / Tue / 08:00
Nudge Mon / 14:30","Pool / Mon / 19:00
Booked Mon / 10:20",NO 1 of 4,1 of 4,YES,NO,NO,NO
R-360,"Tennis / Sat / 21:00 / Fri 14:50
Badminton / Tue / 18:00 / Mon 23:20
Gym / Sat / 18:00 / Sat 09:35","Gym / Tue / 18:00
Nudge Tue / 11:15","Tennis / Tue / 20:00
Booked Mon / 10:25",NO 1 of 4,1 of 4,NO,YES,NO,NO
R-432,"Gym / Mon / 06:00 / Sat 08:10
Tennis / Wed / 06:00 / Mon 06:05
Tennis / Wed / 08:00 / Mon 06:45","Gym / Tue / 08:00
Nudge Mon / 11:50","Tennis / Fri / 07:00
Booked Mon / 10:45",NO 0 of 4,0 of 4,NO,NO,NO,NO
R-227,"Gym / Thu / 19:00 / Thu 11:15
Badminton / Fri / 07:00 / Thu 19:10
Gym / Sat / 19:00 / Fri 04:20","Badminton / Tue / 20:00
Nudge Tue / 05:55","Badminton / Mon / 21:00
Booked Mon / 10:55",NO 1 of 4,1 of 4,YES,NO,NO,NO
R-231,"Badminton / Wed / 19:00 / Wed 04:15
Gym / Fri / 17:00 / Fri 08:10
Badminton / Mon / 20:00 / Mon 12:55","Gym / Tue / 20:00
Nudge Tue / 11:45","Badminton / Tue / 10:00
Booked Mon / 12:35",NO 1 of 4,1 of 4,NO,YES,NO,NO
R-443,"Pool / Wed / 08:00 / Wed 00:35
Badminton / Mon / 19:00 / Sun 15:45
Badminton / Mon / 12:00 / Sun 18:05","Badminton / Tue / 18:00
Nudge Mon / 23:25","Pool / Mon / 18:00
Booked Mon / 12:55",NO 1 of 4,1 of 4,NO,NO,YES,NO
R-252,"Badminton / Thu / 19:00 / Thu 04:05
Gym / Thu / 18:00 / Thu 09:40
Badminton / Mon / 18:00 / Mon 09:20","Gym / Tue / 21:00
Nudge Tue / 12:10","Gym / Mon / 21:00
Booked Mon / 12:55",NO 2 of 4,2 of 4,YES,NO,YES,NO
R-194,"Gym / Sun / 18:00 / Sun 10:30
Pool / Sun / 19:00 / Sun 07:40
Gym / Mon / 18:00 / Sun 20:40","Gym / Tue / 18:00
Nudge Tue / 10:40","Tennis / Tue / 07:00
Booked Mon / 13:05",NO 1 of 4,1 of 4,NO,YES,NO,NO
R-198,"Tennis / Thu / 14:00 / Wed 23:25
Gym / Fri / 15:00 / Thu 17:55
Gym / Mon / 07:00 / Sun 01:30","Gym / Tue / 08:00
Nudge Mon / 13:45","Gym / Tue / 07:00
Booked Mon / 13:20",NO 3 of 4,3 of 4,YES,YES,NO,YES
R-448,"Tennis / Mon / 18:00 / Sun 14:20
Gym / Thu / 20:00 / Thu 12:50
Gym / Sat / 21:00 / Sat 11:55","Gym / Tue / 21:00
Nudge Tue / 14:10","Tennis / Tue / 18:00
Booked Mon / 13:25",NO 1 of 4,1 of 4,NO,YES,NO,NO
R-329,"Gym / Mon / 07:00 / Sun 20:35
Tennis / Thu / 19:00 / Tue 18:30
Tennis / Fri / 08:00 / Thu 19:05","Gym / Tue / 07:00
Nudge Mon / 13:45","Gym / Tue / 06:00
Booked Mon / 13:30",NO 3 of 4,3 of 4,YES,YES,NO,YES
R-105,"Pool / Fri / 08:00 / Thu 20:20
Pool / Fri / 06:00 / Fri 03:50
Gym / Fri / 18:00 / Fri 09:15","Gym / Tue / 06:00
Nudge Mon / 14:00","Pool / Mon / 18:00
Booked Mon / 13:30",NO 1 of 4,1 of 4,NO,NO,NO,YES
R-443,"Badminton / Mon / 19:00 / Sun 15:45
Badminton / Mon / 12:00 / Sun 18:05
Pool / Mon / 18:00 / Mon 12:55","Gym / Tue / 18:00
Nudge Tue / 11:25","Pool / Mon / 20:00
Booked Mon / 13:40",NO 0 of 4,0 of 4,NO,NO,NO,NO
R-432,"Tennis / Wed / 06:00 / Mon 06:05
Tennis / Wed / 08:00 / Mon 06:45
Tennis / Fri / 07:00 / Mon 10:45","Gym / Tue / 07:00
Nudge Mon / 13:05","Tennis / Tue / 06:00
Booked Mon / 13:40",NO 2 of 4,2 of 4,NO,YES,NO,YES
R-424,"Gym / Tue / 08:00 / Mon 23:30
Gym / Fri / 06:00 / Thu 06:40
Pool / Mon / 08:00 / Sat 17:20","Gym / Tue / 06:00
Nudge Mon / 14:25","Tennis / Tue / 06:00
Booked Mon / 14:35",NO 3 of 4,3 of 4,NO,YES,YES,YES
R-139,"Pool / Tue / 06:00 / Mon 18:55
Pool / Wed / 19:00 / Wed 01:10
Pool / Wed / 18:00 / Wed 08:00","Gym / Tue / 18:00
Nudge Tue / 05:35","Pool / Mon / 19:00
Booked Mon / 15:30",NO 0 of 4,0 of 4,NO,NO,NO,NO
R-253,"Tennis / Wed / 06:00 / Tue 09:30
Gym / Mon / 08:00 / Sun 11:55
Tennis / Wed / 06:00 / Mon 03:20","Gym / Tue / 08:00
Nudge Mon / 16:35","Pool / Wed / 08:00
Booked Mon / 16:30",NO 1 of 4,1 of 4,NO,NO,YES,NO
R-361,"Badminton / Fri / 07:00 / Thu 05:40
Pool / Mon / 19:00 / Sun 14:30
Gym / Mon / 07:00 / Sun 23:25","Gym / Tue / 07:00
Nudge Mon / 16:25","Gym / Tue / 07:00
Booked Mon / 16:45",YES 4 of 4,4 of 4,YES,YES,YES,YES
R-331,"Tennis / Mon / 19:00 / Thu 22:00
Badminton / Sat / 21:00 / Sat 10:30
Gym / Tue / 20:00 / Tue 03:35","Gym / Tue / 18:00
Nudge Tue / 04:35","Tennis / Wed / 15:00
Booked Mon / 16:55",NO 0 of 4,0 of 4,NO,NO,NO,NO
R-111,"Tennis / Sat / 11:00 / Fri 15:10
Badminton / Wed / 17:00 / Wed 05:20
Tennis / Mon / 17:00 / Sat 22:15","Gym / Tue / 19:00
Nudge Tue / 00:45","Gym / Tue / 12:00
Booked Mon / 17:00",NO 2 of 4,2 of 4,YES,YES,NO,NO
R-373,"Tennis / Fri / 19:00 / Thu 20:15
Pool / Fri / 21:00 / Fri 01:15
Badminton / Sat / 21:00 / Fri 22:10","Badminton / Tue / 20:00
Nudge Mon / 20:55","Tennis / Tue / 21:00
Booked Mon / 17:15",NO 1 of 4,1 of 4,NO,YES,NO,NO
R-306,"Tennis / Fri / 08:00 / Wed 23:50
Pool / Fri / 19:00 / Fri 06:35
Tennis / Sun / 21:00 / Sun 02:55","Gym / Tue / 07:00
Nudge Mon / 17:45","Pool / Tue / 13:00
Booked Mon / 17:25",NO 2 of 4,2 of 4,NO,YES,NO,YES
R-250,"Gym / Thu / 07:00 / Wed 12:30
Gym / Wed / 07:00 / Tue 15:40
Gym / Fri / 07:00 / Thu 05:25","Gym / Tue / 08:00
Nudge Mon / 17:45","Gym / Tue / 06:00
Booked Mon / 17:35",NO 3 of 4,3 of 4,YES,YES,NO,YES
R-366,"Pool / Wed / 17:00 / Wed 01:55
Tennis / Fri / 06:00 / Thu 02:20
Gym / Mon / 06:00 / Sun 16:00","Gym / Tue / 08:00
Nudge Mon / 17:20","Gym / Tue / 07:00
Booked Mon / 17:40",NO 3 of 4,3 of 4,YES,YES,NO,YES
R-123,"Pool / Sun / 18:00 / Sun 05:05
Pool / Sun / 14:00 / Sat 22:45
Pool / Sun / 15:00 / Sat 09:20","Clubhouse / Tue / 17:00
Nudge Mon / 15:55","Pool / Mon / 21:00
Booked Mon / 18:00",NO 0 of 4,0 of 4,NO,NO,NO,NO
R-366,"Tennis / Fri / 06:00 / Thu 02:20
Gym / Mon / 06:00 / Sun 16:00
Gym / Tue / 07:00 / Mon 17:40","Gym / Tue / 08:00
Nudge Mon / 18:15","Gym / Wed / 06:00
Booked Mon / 18:05",NO 1 of 4,1 of 4,YES,NO,NO,NO
R-232,"Gym / Wed / 07:00 / Tue 17:05
Badminton / Fri / 07:00 / Thu 12:15
Badminton / Fri / 12:00 / Thu 19:50","Gym / Tue / 08:00
Nudge Mon / 17:40","Badminton / Tue / 08:00
Booked Mon / 18:05",NO 3 of 4,3 of 4,NO,YES,YES,YES
R-102,"Pool / Mon / 07:00 / Sun 13:00
Pool / Mon / 19:00 / Mon 06:15
Pool / Wed / 10:00 / Mon 06:30","Gym / Tue / 08:00
Nudge Mon / 17:40","Gym / Tue / 08:00
Booked Mon / 18:20",YES 4 of 4,4 of 4,YES,YES,YES,YES
R-221,"Gym / Mon / 06:00 / Mon 01:15
Gym / Fri / 08:00 / Fri 02:20
Tennis / Tue / 07:00 / Sun 05:45","Gym / Tue / 06:00
Nudge Mon / 18:50","Gym / Tue / 08:00
Booked Mon / 18:25",NO 3 of 4,3 of 4,YES,YES,NO,YES
R-391,"Gym / Wed / 08:00 / Tue 20:15
Pool / Fri / 08:00 / Thu 17:55
Gym / Fri / 06:00 / Fri 03:35","Gym / Tue / 06:00
Nudge Mon / 18:50","Gym / Tue / 06:00
Booked Mon / 18:50",YES 4 of 4,4 of 4,YES,YES,YES,YES
R-198,"Gym / Fri / 15:00 / Thu 17:55
Gym / Mon / 07:00 / Sun 01:30
Gym / Tue / 07:00 / Mon 13:20","Gym / Tue / 08:00
Nudge Mon / 19:30","Gym / Wed / 07:00
Booked Mon / 19:05",NO 1 of 4,1 of 4,YES,NO,NO,NO
R-184,"Clubhouse / Fri / 12:00 / Thu 17:20
Hall / Fri / 19:00 / Tue 14:55
Hall / Fri / 15:00 / Wed 15:20","Hall / Sat / 16:00
Nudge Wed / 23:35","Hall / Wed / 19:00
Booked Mon / 19:15",NO 1 of 4,1 of 4,YES,NO,NO,NO
R-156,"Gym / Tue / 06:00 / Tue 02:15
Gym / Thu / 06:00 / Wed 15:15
Gym / Mon / 08:00 / Mon 04:25","Pool / Tue / 08:00
Nudge Mon / 20:50","Gym / Tue / 06:00
Booked Mon / 19:15",NO 1 of 4,1 of 4,NO,YES,NO,NO
R-428,"Pool / Tue / 08:00 / Tue 02:35
Gym / Wed / 09:00 / Tue 11:00
Gym / Thu / 20:00 / Thu 08:50","Gym / Tue / 08:00
Nudge Mon / 19:35","Pool / Tue / 08:00
Booked Mon / 19:15",NO 3 of 4,3 of 4,NO,YES,YES,YES
R-199,"Gym / Wed / 12:00 / Wed 04:05
Tennis / Fri / 08:00 / Thu 08:15
Pool / Sat / 17:00 / Sat 09:05","Gym / Tue / 08:00
Nudge Mon / 19:05","Clubhouse / Sun / 17:00
Booked Mon / 19:20",NO 0 of 4,0 of 4,NO,NO,NO,NO
R-319,"Pool / Fri / 08:00 / Fri 02:55
Pool / Wed / 18:00 / Wed 09:45
Pool / Fri / 12:00 / Fri 03:50","Tennis / Tue / 08:00
Nudge Mon / 16:30","Tennis / Wed / 07:00
Booked Mon / 19:30",NO 1 of 4,1 of 4,YES,NO,NO,NO
R-430,No prior history (Cold-start),"Gym / Tue / 07:00
Nudge Mon / 19:35","Pool / Wed / 21:00
Booked Mon / 19:35",NO 0 of 4,0 of 4,NO,NO,NO,NO
R-441,"Badminton / Wed / 18:00 / Tue 10:10
Gym / Fri / 21:00 / Fri 07:50
Gym / Sat / 20:00 / Sat 06:35","Badminton / Tue / 20:00
Nudge Mon / 21:20","Badminton / Wed / 09:00
Booked Mon / 20:15",NO 1 of 4,1 of 4,YES,NO,NO,NO
R-371,"Gym / Mon / 08:00 / Mon 01:45
Gym / Fri / 06:00 / Thu 11:05
Pool / Fri / 08:00 / Fri 02:55","Gym / Tue / 06:00
Nudge Mon / 20:40","Gym / Tue / 07:00
Booked Mon / 20:15",NO 3 of 4,3 of 4,YES,YES,NO,YES
R-219,"Badminton / Wed / 21:00 / Tue 17:30
Pool / Wed / 17:00 / Wed 00:10
Tennis / Sat / 20:00 / Fri 08:00","Pool / Tue / 18:00
Nudge Mon / 22:20","Badminton / Tue / 21:00
Booked Mon / 20:40",NO 1 of 4,1 of 4,NO,YES,NO,NO
R-277,"Badminton / Thu / 18:00 / Wed 02:10
Badminton / Thu / 19:00 / Wed 05:25
Pool / Sat / 19:00 / Sat 15:25","Badminton / Tue / 21:00
Nudge Mon / 21:00","Gym / Tue / 19:00
Booked Mon / 21:00",NO 2 of 4,2 of 4,NO,YES,NO,YES
R-102,"Pool / Mon / 19:00 / Mon 06:15
Pool / Wed / 10:00 / Mon 06:30
Gym / Tue / 08:00 / Mon 18:20","Gym / Tue / 07:00
Nudge Mon / 21:30","Pool / Tue / 06:00
Booked Mon / 21:30",NO 2 of 4,2 of 4,NO,YES,NO,YES
R-243,"Pool / Wed / 21:00 / Wed 07:20
Pool / Thu / 20:00 / Thu 08:35
Badminton / Fri / 18:00 / Thu 18:20","Pool / Tue / 18:00
Nudge Mon / 23:00","Badminton / Tue / 21:00
Booked Mon / 22:15",NO 2 of 4,2 of 4,NO,YES,NO,YES
R-335,"Tennis / Wed / 18:00 / Wed 05:05
Pool / Thu / 19:00 / Wed 19:30
Pool / Mon / 18:00 / Sun 21:25","Gym / Tue / 18:00
Nudge Mon / 22:50","Pool / Tue / 21:00
Booked Mon / 22:30",NO 2 of 4,2 of 4,NO,YES,NO,YES
R-353,"Tennis / Tue / 20:00 / Sat 21:15
Badminton / Mon / 20:00 / Sun 19:45
Badminton / Mon / 19:00 / Sun 23:05","Badminton / Tue / 21:00
Nudge Mon / 21:55","Badminton / Tue / 19:00
Booked Mon / 22:35",NO 3 of 4,3 of 4,YES,YES,NO,YES
R-233,"Pool / Sun / 17:00 / Fri 11:05
Gym / Wed / 14:00 / Tue 23:45
Pool / Sat / 17:00 / Thu 01:10","Clubhouse / Tue / 15:00
Nudge Mon / 17:40","Pool / Wed / 10:00
Booked Mon / 22:35",NO 0 of 4,0 of 4,NO,NO,NO,NO
R-391,"Pool / Fri / 08:00 / Thu 17:55
Gym / Fri / 06:00 / Fri 03:35
Gym / Tue / 06:00 / Mon 18:50","Gym / Tue / 06:00
Nudge Mon / 22:55","Gym / Tue / 07:00
Booked Mon / 22:35",NO 3 of 4,3 of 4,YES,YES,NO,YES
R-193,"Pool / Thu / 18:00 / Thu 08:30
Gym / Wed / 19:00 / Wed 01:05
Gym / Tue / 19:00 / Mon 09:50","Gym / Tue / 18:00
Nudge Mon / 23:35","Tennis / Tue / 18:00
Booked Mon / 22:50",NO 3 of 4,3 of 4,NO,YES,YES,YES
R-418,"Pool / Fri / 07:00 / Thu 18:35
Gym / Fri / 08:00 / Wed 18:30
Gym / Fri / 16:00 / Fri 00:35","Gym / Tue / 08:00
Nudge Mon / 23:25","Gym / Tue / 06:00
Booked Mon / 22:55",NO 3 of 4,3 of 4,YES,YES,NO,YES
R-240,"Tennis / Wed / 06:00 / Mon 11:05
Tennis / Wed / 08:00 / Tue 11:45
Tennis / Fri / 07:00 / Wed 17:40","Gym / Tue / 08:00
Nudge Tue / 00:25","Gym / Tue / 06:00
Booked Mon / 23:05",NO 2 of 4,2 of 4,YES,YES,NO,NO
R-335,"Pool / Thu / 19:00 / Wed 19:30
Pool / Mon / 18:00 / Sun 21:25
Pool / Tue / 21:00 / Mon 22:30","Gym / Tue / 18:00
Nudge Tue / 00:05","Badminton / Tue / 18:00
Booked Mon / 23:10",NO 2 of 4,2 of 4,NO,YES,YES,NO
R-339,"Gym / Wed / 08:00 / Tue 17:45
Pool / Wed / 07:00 / Tue 19:20
Pool / Sat / 17:00 / Fri 21:50","Gym / Tue / 08:00
Nudge Tue / 00:20","Gym / Tue / 13:00
Booked Tue / 00:00",NO 3 of 4,3 of 4,YES,YES,NO,YES
R-150,"Tennis / Wed / 06:00 / Mon 17:15
Gym / Thu / 08:00 / Wed 04:10
Pool / Fri / 07:00 / Thu 06:10","Gym / Tue / 08:00
Nudge Tue / 00:25","Tennis / Wed / 07:00
Booked Tue / 00:30",NO 0 of 4,0 of 4,NO,NO,NO,NO
R-428,"Gym / Wed / 09:00 / Tue 11:00
Gym / Thu / 20:00 / Thu 08:50
Pool / Tue / 08:00 / Mon 19:15","Gym / Tue / 06:00
Nudge Tue / 00:35","Gym / Tue / 06:00
Booked Tue / 00:30",YES 4 of 4,4 of 4,YES,YES,YES,YES
R-218,"Badminton / Mon / 09:00 / Sat 15:10
Gym / Tue / 21:00 / Tue 03:00
Gym / Mon / 18:00 / Sun 21:00","Badminton / Tue / 21:00
Nudge Tue / 00:30","Gym / Tue / 20:00
Booked Tue / 00:35",NO 2 of 4,2 of 4,NO,YES,NO,YES
R-263,"Gym / Thu / 06:00 / Wed 07:30
Gym / Mon / 08:00 / Sun 21:50
Gym / Mon / 06:00 / Mon 00:25","Gym / Tue / 08:00
Nudge Tue / 00:20","Gym / Tue / 07:00
Booked Tue / 00:55",NO 3 of 4,3 of 4,YES,YES,NO,YES
R-267,"Pool / Mon / 20:00 / Mon 02:10
Gym / Sat / 07:00 / Fri 14:35
Gym / Sat / 18:00 / Sat 01:00","Badminton / Wed / 18:00
Nudge Tue / 23:30","Badminton / Wed / 19:00
Booked Tue / 01:05",NO 2 of 4,2 of 4,YES,YES,NO,NO
R-245,"Badminton / Wed / 17:00 / Wed 08:55
Badminton / Mon / 20:00 / Sun 12:20
Badminton / Mon / 06:00 / Sun 07:00","Badminton / Tue / 21:00
Nudge Tue / 00:45","Badminton / Wed / 21:00
Booked Tue / 01:25",NO 2 of 4,2 of 4,YES,NO,YES,NO
R-424,"Gym / Fri / 06:00 / Thu 06:40
Pool / Mon / 08:00 / Sat 17:20
Tennis / Tue / 06:00 / Mon 14:35","Gym / Tue / 08:00
Nudge Tue / 03:50","Pool / Tue / 08:00
Booked Tue / 02:35",NO 2 of 4,2 of 4,NO,YES,YES,NO
R-212,"Pool / Fri / 07:00 / Thu 21:25
Pool / Wed / 19:00 / Mon 18:35
Pool / Sun / 18:00 / Sun 12:00","Gym / Tue / 07:00
Nudge Tue / 00:40","Clubhouse / Wed / 19:00
Booked Tue / 02:35",NO 0 of 4,0 of 4,NO,NO,NO,NO
R-221,"Gym / Fri / 08:00 / Fri 02:20
Tennis / Tue / 07:00 / Sun 05:45
Gym / Tue / 08:00 / Mon 18:25","Gym / Tue / 08:00
Nudge Tue / 04:00","Tennis / Wed / 08:00
Booked Tue / 03:30",NO 1 of 4,1 of 4,NO,NO,YES,NO
R-119,"Gym / Fri / 08:00 / Thu 21:05
Gym / Mon / 06:00 / Sun 21:30
Gym / Mon / 07:00 / Mon 00:55","Gym / Tue / 08:00
Nudge Tue / 04:20","Gym / Tue / 08:00
Booked Tue / 03:45",YES 4 of 4,4 of 4,YES,YES,YES,YES
R-330,"Badminton / Sat / 20:00 / Fri 11:20
Pool / Tue / 20:00 / Tue 05:30
Badminton / Wed / 19:00 / Tue 12:05","Gym / Tue / 20:00
Nudge Tue / 03:20","Badminton / Tue / 18:00
Booked Tue / 03:50",NO 2 of 4,2 of 4,NO,YES,NO,YES
R-335,"Pool / Mon / 18:00 / Sun 21:25
Pool / Tue / 21:00 / Mon 22:30
Badminton / Tue / 18:00 / Mon 23:10","Gym / Tue / 18:00
Nudge Tue / 04:50","Badminton / Wed / 21:00
Booked Tue / 04:00",NO 0 of 4,0 of 4,NO,NO,NO,NO
R-383,"Gym / Sat / 21:00 / Sat 14:45
Pool / Sat / 20:00 / Sat 17:30
Badminton / Mon / 21:00 / Sun 14:15","Badminton / Tue / 20:00
Nudge Tue / 04:30","Tennis / Wed / 20:00
Booked Tue / 04:05",NO 1 of 4,1 of 4,NO,NO,YES,NO
R-205,"Pool / Sun / 11:00 / Sat 04:50
Gym / Sat / 16:00 / Fri 08:20
Pool / Sun / 16:00 / Sat 07:45","Clubhouse / Tue / 16:00
Nudge Mon / 22:10","Pool / Tue / 15:00
Booked Tue / 04:10",NO 1 of 4,1 of 4,NO,YES,NO,NO
R-227,"Badminton / Fri / 07:00 / Thu 19:10
Gym / Sat / 19:00 / Fri 04:20
Badminton / Mon / 21:00 / Mon 10:55","Badminton / Tue / 18:00
Nudge Tue / 04:20","Badminton / Tue / 19:00
Booked Tue / 04:15",NO 3 of 4,3 of 4,YES,YES,NO,YES
R-169,Gym / Wed / 21:00 / Wed 16:10,"Gym / Tue / 20:00
Nudge Tue / 05:15","Badminton / Tue / 21:00
Booked Tue / 04:45",NO 2 of 4,2 of 4,NO,YES,NO,YES
R-210,"Gym / Wed / 08:00 / Tue 22:10
Pool / Thu / 06:00 / Wed 19:10
Tennis / Thu / 07:00 / Wed 20:55","Gym / Tue / 08:00
Nudge Tue / 04:10","Pool / Tue / 13:00
Booked Tue / 04:50",NO 2 of 4,2 of 4,NO,YES,NO,YES
R-215,"Tennis / Wed / 20:00 / Sun 05:00
Badminton / Mon / 18:00 / Sun 10:15
Gym / Mon / 16:00 / Mon 01:05","Badminton / Tue / 18:00
Nudge Tue / 03:35","Gym / Tue / 19:00
Booked Tue / 04:55",NO 1 of 4,1 of 4,NO,YES,NO,NO
R-248,"Badminton / Mon / 20:00 / Mon 07:40
Pool / Thu / 07:00 / Tue 06:10
Badminton / Wed / 19:00 / Tue 18:10","Badminton / Tue / 18:00
Nudge Tue / 04:25","Gym / Wed / 07:00
Booked Tue / 05:00",NO 0 of 4,0 of 4,NO,NO,NO,NO
R-437,"Badminton / Fri / 21:00 / Fri 01:35
Pool / Sun / 18:00 / Sun 08:35
Badminton / Mon / 20:00 / Sun 18:40","Badminton / Tue / 18:00
Nudge Tue / 04:55","Pool / Wed / 18:00
Booked Tue / 05:05",NO 1 of 4,1 of 4,NO,NO,YES,NO
R-281,"Badminton / Fri / 20:00 / Thu 22:30
Tennis / Fri / 21:00 / Fri 06:35
Pool / Sat / 19:00 / Sat 10:50","Badminton / Wed / 20:00
Nudge Wed / 05:30","Gym / Tue / 19:00
Booked Tue / 05:15",NO 0 of 4,0 of 4,NO,NO,NO,NO
R-218,"Gym / Tue / 21:00 / Tue 03:00
Gym / Mon / 18:00 / Sun 21:00
Gym / Tue / 20:00 / Tue 00:35","Badminton / Tue / 20:00
Nudge Tue / 04:30","Gym / Wed / 18:00
Booked Tue / 05:30",NO 0 of 4,0 of 4,NO,NO,NO,NO
R-107,"Badminton / Mon / 21:00 / Sun 02:45
Badminton / Mon / 19:00 / Sun 11:50
Badminton / Wed / 22:00 / Sun 17:20","Badminton / Tue / 20:00
Nudge Tue / 04:20","Gym / Tue / 21:00
Booked Tue / 06:05",NO 1 of 4,1 of 4,NO,YES,NO,NO
R-286,"Gym / Tue / 18:00 / Mon 21:55
Badminton / Thu / 15:00 / Tue 23:30
Badminton / Fri / 20:00 / Thu 15:25","Badminton / Thu / 20:00
Nudge Thu / 05:20","Gym / Tue / 18:00
Booked Tue / 08:10",NO 0 of 4,0 of 4,NO,NO,NO,NO
R-306,"Pool / Fri / 19:00 / Fri 06:35
Tennis / Sun / 21:00 / Sun 02:55
Pool / Tue / 13:00 / Mon 17:25","Pool / Wed / 08:00
Nudge Tue / 15:05","Gym / Tue / 19:00
Booked Tue / 08:20",NO 0 of 4,0 of 4,NO,NO,NO,NO
R-137,"Clubhouse / Thu / 17:00 / Wed 23:55
Pool / Sat / 17:00 / Sat 04:05
Pool / Sun / 18:00 / Sun 13:15","Clubhouse / Wed / 19:00
Nudge Wed / 03:45","Pool / Tue / 17:00
Booked Tue / 08:20",NO 0 of 4,0 of 4,NO,NO,NO,NO
R-102,"Pool / Wed / 10:00 / Mon 06:30
Gym / Tue / 08:00 / Mon 18:20
Pool / Tue / 06:00 / Mon 21:30","Gym / Wed / 07:00
Nudge Tue / 09:55","Gym / Thu / 08:00
Booked Tue / 08:25",NO 1 of 4,1 of 4,YES,NO,NO,NO
R-173,"Badminton / Wed / 18:00 / Wed 05:10
Badminton / Thu / 19:00 / Sun 19:15
Tennis / Tue / 21:00 / Mon 10:00","Gym / Tue / 20:00
Nudge Tue / 08:35","Tennis / Fri / 20:00
Booked Tue / 08:55",NO 1 of 4,1 of 4,NO,NO,YES,NO
R-225,"Gym / Sun / 08:00 / Sat 05:50
Pool / Mon / 20:00 / Sat 18:40
Pool / Mon / 19:00 / Mon 10:20","Gym / Wed / 08:00
Nudge Tue / 13:05","Pool / Thu / 19:00
Booked Tue / 09:00",NO 0 of 4,0 of 4,NO,NO,NO,NO
R-381,"Pool / Wed / 08:00 / Mon 12:55
Gym / Thu / 17:00 / Thu 00:15
Badminton / Fri / 12:00 / Thu 04:25","Badminton / Wed / 08:00
Nudge Tue / 09:15","Pool / Wed / 08:00
Booked Tue / 09:25",NO 3 of 4,3 of 4,NO,YES,YES,YES
R-170,"Gym / Fri / 07:00 / Thu 16:15
Tennis / Mon / 07:00 / Sun 13:45
Gym / Tue / 07:00 / Sun 16:20","Gym / Wed / 08:00
Nudge Tue / 12:00","Gym / Wed / 07:00
Booked Tue / 10:05",NO 2 of 4,2 of 4,YES,YES,NO,NO
R-268,"Pool / Wed / 17:00 / Wed 03:55
Gym / Sun / 07:00 / Sat 23:40
Pool / Sun / 08:00 / Sat 20:20","Badminton / Wed / 18:00
Nudge Wed / 03:40","Tennis / Wed / 15:00
Booked Tue / 10:20",NO 1 of 4,1 of 4,NO,YES,NO,NO
R-179,"Gym / Wed / 20:00 / Wed 13:35
Gym / Fri / 07:00 / Thu 20:55
Pool / Fri / 21:00 / Fri 07:05","Badminton / Tue / 20:00
Nudge Tue / 06:55","Badminton / Tue / 20:00
Booked Tue / 10:25",NO 3 of 4,3 of 4,YES,YES,YES,NO
R-130,Pool / Mon / 06:00 / Sun 21:40,"Gym / Tue / 08:00
Nudge Mon / 13:20","Gym / Wed / 08:00
Booked Tue / 10:30",NO 2 of 4,2 of 4,YES,NO,YES,NO
R-430,Pool / Wed / 21:00 / Mon 19:35,"Gym / Wed / 19:00
Nudge Wed / 09:20","Pool / Tue / 19:00
Booked Tue / 10:40",NO 1 of 4,1 of 4,NO,NO,YES,NO
R-156,"Gym / Thu / 06:00 / Wed 15:15
Gym / Mon / 08:00 / Mon 04:25
Gym / Tue / 06:00 / Mon 19:15","Gym / Wed / 08:00
Nudge Tue / 12:05","Tennis / Thu / 08:00
Booked Tue / 10:50",NO 1 of 4,1 of 4,NO,NO,YES,NO
R-155,"Pool / Mon / 08:00 / Sun 08:10
Gym / Mon / 07:00 / Mon 00:15
Tennis / Tue / 07:00 / Mon 06:45","Gym / Wed / 08:00
Nudge Tue / 11:40","Gym / Thu / 10:00
Booked Tue / 10:50",NO 1 of 4,1 of 4,YES,NO,NO,NO
R-277,"Badminton / Thu / 19:00 / Wed 05:25
Pool / Sat / 19:00 / Sat 15:25
Gym / Tue / 19:00 / Mon 21:00","Badminton / Wed / 21:00
Nudge Wed / 02:35","Badminton / Wed / 18:00
Booked Tue / 11:50",NO 2 of 4,2 of 4,YES,YES,NO,NO
R-274,"Pool / Fri / 15:00 / Thu 06:45
Tennis / Mon / 20:00 / Sun 12:15
Badminton / Mon / 18:00 / Mon 01:45","Badminton / Thu / 20:00
Nudge Thu / 00:00","Badminton / Fri / 21:00
Booked Tue / 11:50",NO 1 of 4,1 of 4,YES,NO,NO,NO
R-397,"Pool / Wed / 18:00 / Wed 01:15
Badminton / Fri / 19:00 / Fri 00:05
Badminton / Sun / 20:00 / Sat 12:20","Gym / Tue / 18:00
Nudge Tue / 11:30","Pool / Tue / 20:00
Booked Tue / 12:15",NO 2 of 4,2 of 4,NO,YES,NO,YES
R-170,"Tennis / Mon / 07:00 / Sun 13:45
Gym / Tue / 07:00 / Sun 16:20
Gym / Wed / 07:00 / Tue 10:05","Gym / Wed / 07:00
Nudge Tue / 12:25","Gym / Wed / 06:00
Booked Tue / 12:35",NO 3 of 4,3 of 4,YES,YES,NO,YES
R-397,"Badminton / Fri / 19:00 / Fri 00:05
Badminton / Sun / 20:00 / Sat 12:20
Pool / Tue / 20:00 / Tue 12:15","Gym / Tue / 18:00
Nudge Tue / 12:20","Badminton / Wed / 20:00
Booked Tue / 12:50",NO 0 of 4,0 of 4,NO,NO,NO,NO
R-146,"Badminton / Mon / 19:00 / Mon 01:15
Gym / Tue / 20:00 / Tue 03:15
Pool / Mon / 21:00 / Mon 04:25","Badminton / Wed / 20:00
Nudge Wed / 01:55","Badminton / Tue / 22:00
Booked Tue / 13:00",NO 1 of 4,1 of 4,YES,NO,NO,NO
R-293,"Badminton / Sat / 20:00 / Fri 22:15
Badminton / Sun / 20:00 / Sat 14:40
Badminton / Fri / 19:00 / Fri 06:05","Gym / Tue / 20:00
Nudge Tue / 12:45","Pool / Tue / 19:00
Booked Tue / 13:00",NO 2 of 4,2 of 4,NO,YES,NO,YES
R-435,"Clubhouse / Sat / 17:00 / Mon 21:00
Clubhouse / Sun / 18:00 / Fri 21:25
Pool / Sat / 18:00 / Sat 14:45","Clubhouse / Sun / 18:00
Nudge Sat / 16:15","Clubhouse / Sat / 10:00
Booked Tue / 13:20",NO 1 of 4,1 of 4,YES,NO,NO,NO
R-281,"Tennis / Fri / 21:00 / Fri 06:35
Pool / Sat / 19:00 / Sat 10:50
Gym / Tue / 19:00 / Tue 05:15","Gym / Tue / 21:00
Nudge Tue / 14:25","Tennis / Wed / 19:00
Booked Tue / 13:25",NO 0 of 4,0 of 4,NO,NO,NO,NO
R-263,"Gym / Mon / 08:00 / Sun 21:50
Gym / Mon / 06:00 / Mon 00:25
Gym / Tue / 07:00 / Tue 00:55","Gym / Wed / 07:00
Nudge Tue / 13:20","Gym / Wed / 06:00
Booked Tue / 13:40",NO 3 of 4,3 of 4,YES,YES,NO,YES
R-286,"Badminton / Thu / 15:00 / Tue 23:30
Badminton / Fri / 20:00 / Thu 15:25
Gym / Tue / 18:00 / Tue 08:10","Gym / Wed / 20:00
Nudge Wed / 12:00","Pool / Wed / 12:00
Booked Tue / 13:55",NO 1 of 4,1 of 4,NO,YES,NO,NO
R-277,"Pool / Sat / 19:00 / Sat 15:25
Gym / Tue / 19:00 / Mon 21:00
Badminton / Wed / 18:00 / Tue 11:50","Badminton / Wed / 21:00
Nudge Tue / 21:40","Gym / Wed / 19:00
Booked Tue / 14:00",NO 1 of 4,1 of 4,NO,YES,NO,NO
R-265,"Badminton / Mon / 19:00 / Sun 10:10
Clubhouse / Thu / 17:00 / Mon 07:15
Pool / Thu / 09:00 / Wed 07:20","Gym / Wed / 08:00
Nudge Tue / 16:40","Badminton / Wed / 08:00
Booked Tue / 14:20",NO 2 of 4,2 of 4,NO,YES,YES,NO
R-272,"Badminton / Wed / 21:00 / Tue 08:30
Badminton / Fri / 19:00 / Fri 08:55
Gym / Mon / 21:00 / Sun 23:30","Pool / Wed / 20:00
Nudge Wed / 04:05","Badminton / Thu / 09:00
Booked Tue / 14:25",NO 0 of 4,0 of 4,NO,NO,NO,NO
R-253,"Gym / Mon / 08:00 / Sun 11:55
Tennis / Wed / 06:00 / Mon 03:20
Pool / Wed / 08:00 / Mon 16:30","Gym / Wed / 08:00
Nudge Tue / 15:20","Gym / Wed / 07:00
Booked Tue / 14:30",NO 3 of 4,3 of 4,YES,YES,NO,YES
R-434,"Gym / Fri / 06:00 / Thu 04:40
Gym / Fri / 07:00 / Thu 07:15
Gym / Tue / 06:00 / Sun 22:30","Pool / Wed / 08:00
Nudge Tue / 14:50","Gym / Wed / 07:00
Booked Tue / 14:50",NO 2 of 4,2 of 4,NO,YES,NO,YES
R-156,"Gym / Mon / 08:00 / Mon 04:25
Gym / Tue / 06:00 / Mon 19:15
Tennis / Thu / 08:00 / Tue 10:50","Gym / Wed / 06:00
Nudge Tue / 16:40","Pool / Wed / 08:00
Booked Tue / 16:00",NO 2 of 4,2 of 4,NO,YES,NO,YES
R-423,"Pool / Thu / 07:00 / Tue 15:35
Pool / Fri / 08:00 / Thu 00:05
Gym / Fri / 13:00 / Thu 21:15","Gym / Wed / 06:00
Nudge Tue / 16:35","Tennis / Fri / 06:00
Booked Tue / 16:15",NO 1 of 4,1 of 4,NO,NO,YES,NO
R-353,"Badminton / Mon / 20:00 / Sun 19:45
Badminton / Mon / 19:00 / Sun 23:05
Badminton / Tue / 19:00 / Mon 22:35","Badminton / Thu / 19:00
Nudge Wed / 18:55","Badminton / Wed / 19:00
Booked Tue / 16:35",NO 2 of 4,2 of 4,YES,NO,YES,NO
R-403,"Clubhouse / Fri / 20:00 / Wed 23:15
Gym / Fri / 21:00 / Fri 12:20
Badminton / Sat / 20:00 / Sat 02:45","Badminton / Wed / 21:00
Nudge Tue / 20:15","Badminton / Wed / 13:00
Booked Tue / 18:05",NO 2 of 4,2 of 4,YES,YES,NO,NO
R-441,"Gym / Fri / 21:00 / Fri 07:50
Gym / Sat / 20:00 / Sat 06:35
Badminton / Wed / 09:00 / Mon 20:15","Badminton / Wed / 18:00
Nudge Tue / 19:05","Badminton / Thu / 20:00
Booked Tue / 18:35",NO 1 of 4,1 of 4,YES,NO,NO,NO
R-362,"Badminton / Tue / 18:00 / Tue 12:35
Badminton / Fri / 20:00 / Thu 22:45
Tennis / Mon / 21:00 / Mon 00:15","Gym / Wed / 18:00
Nudge Tue / 21:50","Gym / Tue / 21:00
Booked Tue / 18:40",NO 1 of 4,1 of 4,YES,NO,NO,NO
R-267,"Gym / Sat / 07:00 / Fri 14:35
Gym / Sat / 18:00 / Sat 01:00
Badminton / Wed / 19:00 / Tue 01:05","Badminton / Wed / 19:00
Nudge Tue / 18:55","Badminton / Wed / 11:00
Booked Tue / 19:00",NO 3 of 4,3 of 4,YES,YES,NO,YES
R-309,"Pool / Sat / 10:00 / Thu 21:20
Clubhouse / Sat / 11:00 / Sat 11:10
Pool / Sat / 16:00 / Thu 15:35","Clubhouse / Wed / 10:00
Nudge Tue / 16:15","Pool / Wed / 10:00
Booked Tue / 19:00",NO 2 of 4,2 of 4,NO,YES,YES,NO
R-418,"Gym / Fri / 08:00 / Wed 18:30
Gym / Fri / 16:00 / Fri 00:35
Gym / Tue / 06:00 / Mon 22:55","Gym / Wed / 06:00
Nudge Tue / 19:40","Gym / Wed / 06:00
Booked Tue / 19:05",YES 4 of 4,4 of 4,YES,YES,YES,YES
R-430,"Pool / Wed / 21:00 / Mon 19:35
Pool / Tue / 19:00 / Tue 10:40","Gym / Wed / 18:00
Nudge Tue / 21:00","Badminton / Wed / 18:00
Booked Tue / 19:10",NO 2 of 4,2 of 4,NO,YES,YES,NO
R-440,"Gym / Mon / 08:00 / Sun 21:10
Gym / Tue / 08:00 / Tue 01:45
Gym / Fri / 11:00 / Fri 01:40","Gym / Wed / 06:00
Nudge Tue / 19:45","Gym / Wed / 08:00
Booked Tue / 19:10",NO 3 of 4,3 of 4,YES,YES,NO,YES
R-170,"Gym / Tue / 07:00 / Sun 16:20
Gym / Wed / 07:00 / Tue 10:05
Gym / Wed / 06:00 / Tue 12:35","Gym / Wed / 07:00
Nudge Tue / 19:25","Pool / Thu / 06:00
Booked Tue / 19:45",NO 0 of 4,0 of 4,NO,NO,NO,NO
R-358,"Pool / Tue / 06:00 / Mon 03:50
Gym / Tue / 07:00 / Mon 17:10
Pool / Thu / 06:00 / Wed 17:30","Gym / Wed / 06:00
Nudge Tue / 19:35","Gym / Wed / 07:00
Booked Tue / 19:50",NO 3 of 4,3 of 4,YES,YES,NO,YES
R-420,"Gym / Thu / 07:00 / Wed 15:25
Hall / Wed / 12:00 / Wed 23:20
Pool / Tue / 06:00 / Sun 19:30","Gym / Wed / 08:00
Nudge Tue / 20:35","Gym / Wed / 07:00
Booked Tue / 20:05",NO 3 of 4,3 of 4,YES,YES,NO,YES
R-256,"Tennis / Wed / 21:00 / Tue 06:00
Pool / Fri / 06:00 / Tue 06:25
Tennis / Mon / 14:00 / Sat 11:05","Gym / Wed / 08:00
Nudge Tue / 20:15","Gym / Thu / 08:00
Booked Tue / 20:15",NO 2 of 4,2 of 4,YES,NO,YES,NO
R-114,"Gym / Thu / 07:00 / Wed 15:55
Gym / Sat / 07:00 / Sat 01:20
Pool / Mon / 08:00 / Sat 15:50","Gym / Wed / 08:00
Nudge Tue / 21:10","Pool / Wed / 07:00
Booked Tue / 20:25",NO 2 of 4,2 of 4,NO,YES,NO,YES
R-266,"Gym / Tue / 13:00 / Tue 02:30
Pool / Mon / 12:00 / Sun 22:30
Badminton / Thu / 08:00 / Tue 12:30","Gym / Wed / 07:00
Nudge Tue / 21:05","Pool / Thu / 08:00
Booked Tue / 21:10",NO 0 of 4,0 of 4,NO,NO,NO,NO
R-218,"Gym / Mon / 18:00 / Sun 21:00
Gym / Tue / 20:00 / Tue 00:35
Gym / Wed / 18:00 / Tue 05:30","Badminton / Wed / 21:00
Nudge Tue / 20:45","Badminton / Wed / 19:00
Booked Tue / 21:20",NO 3 of 4,3 of 4,YES,YES,NO,YES
R-391,"Gym / Fri / 06:00 / Fri 03:35
Gym / Tue / 06:00 / Mon 18:50
Gym / Tue / 07:00 / Mon 22:35","Gym / Wed / 06:00
Nudge Tue / 21:45","Tennis / Wed / 06:00
Booked Tue / 21:20",NO 3 of 4,3 of 4,NO,YES,YES,YES
R-150,"Gym / Thu / 08:00 / Wed 04:10
Pool / Fri / 07:00 / Thu 06:10
Tennis / Wed / 07:00 / Tue 00:30","Gym / Wed / 08:00
Nudge Tue / 21:50","Gym / Wed / 06:00
Booked Tue / 21:20",NO 3 of 4,3 of 4,YES,YES,NO,YES
R-145,"Tennis / Mon / 06:00 / Sun 00:55
Gym / Sun / 08:00 / Sun 01:05
Gym / Mon / 08:00 / Mon 03:15","Gym / Wed / 08:00
Nudge Tue / 22:05","Tennis / Wed / 07:00
Booked Tue / 21:30",NO 2 of 4,2 of 4,NO,YES,NO,YES
R-331,"Badminton / Sat / 21:00 / Sat 10:30
Gym / Tue / 20:00 / Tue 03:35
Tennis / Wed / 15:00 / Mon 16:55","Badminton / Wed / 18:00
Nudge Tue / 21:15","Gym / Thu / 21:00
Booked Tue / 21:40",NO 0 of 4,0 of 4,NO,NO,NO,NO
R-144,"Gym / Wed / 08:00 / Wed 00:45
Gym / Fri / 08:00 / Thu 20:10
Pool / Sun / 07:00 / Sat 19:20","Gym / Wed / 06:00
Nudge Tue / 21:45","Gym / Wed / 07:00
Booked Tue / 21:50",NO 3 of 4,3 of 4,YES,YES,NO,YES
R-397,"Badminton / Sun / 20:00 / Sat 12:20
Pool / Tue / 20:00 / Tue 12:15
Badminton / Wed / 20:00 / Tue 12:50","Badminton / Wed / 19:00
Nudge Tue / 22:30","Badminton / Wed / 18:00
Booked Tue / 22:00",NO 3 of 4,3 of 4,YES,YES,NO,YES
R-330,"Pool / Tue / 20:00 / Tue 05:30
Badminton / Wed / 19:00 / Tue 12:05
Badminton / Tue / 18:00 / Tue 03:50","Gym / Wed / 20:00
Nudge Wed / 00:55","Badminton / Wed / 08:00
Booked Tue / 22:10",NO 1 of 4,1 of 4,NO,YES,NO,NO
R-210,"Pool / Thu / 06:00 / Wed 19:10
Tennis / Thu / 07:00 / Wed 20:55
Pool / Tue / 13:00 / Tue 04:50","Gym / Wed / 08:00
Nudge Tue / 23:20","Gym / Wed / 08:00
Booked Tue / 22:25",YES 4 of 4,4 of 4,YES,YES,YES,YES
R-173,"Badminton / Thu / 19:00 / Sun 19:15
Tennis / Tue / 21:00 / Mon 10:00
Tennis / Fri / 20:00 / Tue 08:55","Badminton / Wed / 20:00
Nudge Tue / 21:45","Badminton / Wed / 19:00
Booked Tue / 22:40",NO 3 of 4,3 of 4,YES,YES,NO,YES
R-351,"Gym / Mon / 08:00 / Sat 19:45
Gym / Tue / 07:00 / Mon 21:35
Gym / Wed / 08:00 / Tue 18:25","Gym / Wed / 08:00
Nudge Tue / 23:25","Gym / Wed / 21:00
Booked Tue / 23:05",NO 3 of 4,3 of 4,YES,YES,NO,YES
R-361,"Pool / Mon / 19:00 / Sun 14:30
Gym / Mon / 07:00 / Sun 23:25
Gym / Tue / 07:00 / Mon 16:45","Gym / Wed / 07:00
Nudge Wed / 00:10","Gym / Wed / 07:00
Booked Tue / 23:25",NO 3 of 4,3 of 4,YES,YES,YES,NO
R-248,"Pool / Thu / 07:00 / Tue 06:10
Badminton / Wed / 19:00 / Tue 18:10
Gym / Wed / 07:00 / Tue 05:00","Badminton / Wed / 20:00
Nudge Tue / 23:40","Gym / Wed / 18:00
Booked Tue / 23:30",NO 2 of 4,2 of 4,NO,YES,NO,YES
R-143,"Gym / Sat / 18:00 / Thu 21:00
Badminton / Tue / 20:00 / Mon 06:30","Badminton / Wed / 20:00
Nudge Tue / 23:00","Gym / Wed / 21:00
Booked Tue / 23:40",NO 2 of 4,2 of 4,NO,YES,NO,YES
R-227,"Gym / Sat / 19:00 / Fri 04:20
Badminton / Mon / 21:00 / Mon 10:55
Badminton / Tue / 19:00 / Tue 04:15","Badminton / Wed / 20:00
Nudge Tue / 23:40","Gym / Wed / 12:00
Booked Tue / 23:50",NO 2 of 4,2 of 4,NO,YES,NO,YES
R-358,"Gym / Tue / 07:00 / Mon 17:10
Pool / Thu / 06:00 / Wed 17:30
Gym / Wed / 07:00 / Tue 19:50","Gym / Wed / 06:00
Nudge Wed / 00:25","Gym / Thu / 06:00
Booked Wed / 00:10",NO 2 of 4,2 of 4,YES,NO,YES,NO
R-208,"Gym / Tue / 16:00 / Tue 06:10
Badminton / Wed / 20:00 / Tue 15:15
Gym / Sat / 21:00 / Sat 14:40","Badminton / Wed / 20:00
Nudge Wed / 00:15","Pool / Wed / 19:00
Booked Wed / 00:15",NO 2 of 4,2 of 4,NO,YES,NO,YES
R-215,"Badminton / Mon / 18:00 / Sun 10:15
Gym / Mon / 16:00 / Mon 01:05
Gym / Tue / 19:00 / Tue 04:55","Badminton / Wed / 20:00
Nudge Tue / 23:00","Pool / Thu / 19:00
Booked Wed / 00:15",NO 0 of 4,0 of 4,NO,NO,NO,NO
R-213,"Badminton / Wed / 21:00 / Tue 01:30
Badminton / Thu / 14:00 / Wed 16:05
Gym / Mon / 18:00 / Sat 18:35","Gym / Wed / 21:00
Nudge Wed / 02:25","Pool / Thu / 18:00
Booked Wed / 00:20",NO 0 of 4,0 of 4,NO,NO,NO,NO
R-423,"Pool / Fri / 08:00 / Thu 00:05
Gym / Fri / 13:00 / Thu 21:15
Tennis / Fri / 06:00 / Tue 16:15","Gym / Wed / 06:00
Nudge Tue / 22:45","Gym / Wed / 06:00
Booked Wed / 00:40",NO 3 of 4,3 of 4,YES,YES,YES,NO
R-116,"Gym / Wed / 10:00 / Wed 03:25
Pool / Thu / 07:00 / Thu 03:35
Gym / Thu / 08:00 / Wed 17:10","Gym / Wed / 06:00
Nudge Wed / 00:45","Gym / Wed / 13:00
Booked Wed / 00:50",NO 3 of 4,3 of 4,YES,YES,NO,YES
R-279,"Pool / Fri / 19:00 / Thu 03:50
Gym / Thu / 19:00 / Thu 04:40
Pool / Wed / 06:00 / Sun 20:15","Gym / Wed / 06:00
Nudge Tue / 23:05","Pool / Fri / 19:00
Booked Wed / 00:55",NO 0 of 4,0 of 4,NO,NO,NO,NO
R-257,"Badminton / Sat / 21:00 / Sat 00:05
Badminton / Tue / 18:00 / Sun 07:05
Badminton / Tue / 20:00 / Mon 05:20","Gym / Wed / 18:00
Nudge Wed / 01:25","Gym / Wed / 21:00
Booked Wed / 01:00",NO 3 of 4,3 of 4,YES,YES,NO,YES
R-176,"Hall / Sun / 15:00 / Wed 09:55
Hall / Tue / 16:00 / Fri 01:35
Hall / Sat / 19:00 / Wed 01:35","Hall / Fri / 11:00
Nudge Tue / 09:05","Clubhouse / Fri / 18:00
Booked Wed / 01:15",NO 1 of 4,1 of 4,NO,YES,NO,NO
R-371,"Gym / Fri / 06:00 / Thu 11:05
Pool / Fri / 08:00 / Fri 02:55
Gym / Tue / 07:00 / Mon 20:15","Gym / Wed / 06:00
Nudge Wed / 00:00","Pool / Wed / 07:00
Booked Wed / 01:20",NO 1 of 4,1 of 4,NO,YES,NO,NO
R-171,"Pool / Mon / 19:00 / Mon 09:35
Pool / Fri / 19:00 / Fri 03:55
Pool / Tue / 07:00 / Mon 09:40","Gym / Wed / 08:00
Nudge Wed / 01:15","Pool / Thu / 19:00
Booked Wed / 01:30",NO 0 of 4,0 of 4,NO,NO,NO,NO
R-302,"Pool / Sat / 18:00 / Sat 04:55
Tennis / Sun / 18:00 / Tue 18:30
Gym / Fri / 22:00 / Thu 23:35","Gym / Wed / 18:00
Nudge Wed / 02:45","Badminton / Thu / 18:00
Booked Wed / 02:10",NO 1 of 4,1 of 4,NO,NO,YES,NO
R-388,"Gym / Mon / 19:00 / Mon 08:50
Badminton / Thu / 21:00 / Thu 02:05
Badminton / Fri / 21:00 / Fri 01:40","Gym / Wed / 18:00
Nudge Wed / 02:05","Badminton / Wed / 20:00
Booked Wed / 02:40",NO 2 of 4,2 of 4,NO,YES,NO,YES
R-173,"Tennis / Tue / 21:00 / Mon 10:00
Tennis / Fri / 20:00 / Tue 08:55
Badminton / Wed / 19:00 / Tue 22:40","Badminton / Thu / 18:00
Nudge Thu / 01:45","Badminton / Fri / 18:00
Booked Wed / 02:45",NO 2 of 4,2 of 4,YES,NO,YES,NO
R-319,"Pool / Wed / 18:00 / Wed 09:45
Pool / Fri / 12:00 / Fri 03:50
Tennis / Wed / 07:00 / Mon 19:30","Gym / Wed / 18:00
Nudge Wed / 04:25","Pool / Thu / 08:00
Booked Wed / 03:10",NO 0 of 4,0 of 4,NO,NO,NO,NO
R-277,"Gym / Tue / 19:00 / Mon 21:00
Badminton / Wed / 18:00 / Tue 11:50
Gym / Wed / 19:00 / Tue 14:00","Badminton / Wed / 21:00
Nudge Wed / 03:35","Badminton / Thu / 12:00
Booked Wed / 03:10",NO 1 of 4,1 of 4,YES,NO,NO,NO
R-260,"Pool / Mon / 20:00 / Mon 09:10
Gym / Fri / 20:00 / Thu 14:30
Gym / Thu / 18:00 / Thu 14:35","Gym / Wed / 18:00
Nudge Wed / 02:25","Gym / Wed / 19:00
Booked Wed / 03:25",NO 3 of 4,3 of 4,YES,YES,NO,YES
R-428,"Gym / Thu / 20:00 / Thu 08:50
Pool / Tue / 08:00 / Mon 19:15
Gym / Tue / 06:00 / Tue 00:30","Gym / Wed / 08:00
Nudge Wed / 03:40","Tennis / Fri / 07:00
Booked Wed / 03:30",NO 0 of 4,0 of 4,NO,NO,NO,NO
R-118,"Gym / Wed / 07:00 / Tue 15:40
Pool / Thu / 07:00 / Wed 16:45
Gym / Fri / 08:00 / Fri 02:15","Gym / Wed / 08:00
Nudge Wed / 03:55","Gym / Wed / 08:00
Booked Wed / 03:45",YES 4 of 4,4 of 4,YES,YES,YES,YES
R-177,"Gym / Thu / 15:00 / Thu 09:25
Pool / Sun / 12:00 / Sat 09:30
Pool / Sun / 19:00 / Sun 08:35","Gym / Wed / 08:00
Nudge Wed / 02:35","Pool / Wed / 12:00
Booked Wed / 03:45",NO 1 of 4,1 of 4,NO,YES,NO,NO
R-151,"Badminton / Tue / 18:00 / Mon 20:35
Badminton / Tue / 21:00 / Tue 01:10
Gym / Fri / 18:00 / Fri 07:45","Badminton / Wed / 19:00
Nudge Wed / 04:00","Badminton / Wed / 21:00
Booked Wed / 03:50",NO 3 of 4,3 of 4,YES,YES,NO,YES
R-306,"Tennis / Sun / 21:00 / Sun 02:55
Pool / Tue / 13:00 / Mon 17:25
Gym / Tue / 19:00 / Tue 08:20","Gym / Wed / 08:00
Nudge Wed / 02:15","Gym / Wed / 19:00
Booked Wed / 03:50",NO 2 of 4,2 of 4,YES,YES,NO,NO
R-437,"Pool / Sun / 18:00 / Sun 08:35
Badminton / Mon / 20:00 / Sun 18:40
Pool / Wed / 18:00 / Tue 05:05","Gym / Wed / 18:00
Nudge Wed / 03:10","Gym / Wed / 20:00
Booked Wed / 03:55",NO 3 of 4,3 of 4,YES,YES,NO,YES
R-150,"Pool / Fri / 07:00 / Thu 06:10
Tennis / Wed / 07:00 / Tue 00:30
Gym / Wed / 06:00 / Tue 21:20","Gym / Thu / 08:00
Nudge Thu / 01:05","Gym / Wed / 17:00
Booked Wed / 03:55",NO 1 of 4,1 of 4,YES,NO,NO,NO
R-341,"Gym / Mon / 08:00 / Mon 02:45
Pool / Thu / 06:00 / Wed 07:15
Pool / Mon / 07:00 / Sun 14:30","Gym / Wed / 07:00
Nudge Tue / 20:45","Pool / Wed / 20:00
Booked Wed / 04:00",NO 1 of 4,1 of 4,NO,YES,NO,NO
R-188,"Pool / Wed / 07:00 / Tue 19:15
Gym / Fri / 07:00 / Thu 14:05
Gym / Mon / 08:00 / Mon 03:05","Gym / Wed / 08:00
Nudge Wed / 03:45","Tennis / Thu / 08:00
Booked Wed / 04:10",NO 1 of 4,1 of 4,NO,NO,YES,NO
R-110,"Tennis / Tue / 08:00 / Mon 05:40
Tennis / Mon / 19:00 / Mon 08:45
Pool / Mon / 19:00 / Sun 16:20","Gym / Thu / 08:00
Nudge Wed / 22:40","Pool / Wed / 19:00
Booked Wed / 05:50",NO 0 of 4,0 of 4,NO,NO,NO,NO
R-225,"Pool / Mon / 20:00 / Sat 18:40
Pool / Mon / 19:00 / Mon 10:20
Pool / Thu / 19:00 / Tue 09:00","Gym / Thu / 06:00
Nudge Wed / 07:15","Pool / Wed / 19:00
Booked Wed / 06:20",NO 1 of 4,1 of 4,NO,NO,NO,YES
R-234,"Tennis / Fri / 12:00 / Thu 20:50
Pool / Fri / 06:00 / Thu 05:25
Tennis / Thu / 19:00 / Thu 13:25","Gym / Thu / 06:00
Nudge Wed / 07:10","Pool / Thu / 15:00
Booked Wed / 06:55",NO 2 of 4,2 of 4,NO,YES,NO,YES
R-215,"Gym / Mon / 16:00 / Mon 01:05
Gym / Tue / 19:00 / Tue 04:55
Pool / Thu / 19:00 / Wed 00:15","Badminton / Wed / 18:00
Nudge Wed / 04:55","Badminton / Fri / 19:00
Booked Wed / 07:00",NO 1 of 4,1 of 4,YES,NO,NO,NO
R-174,"Gym / Wed / 08:00 / Tue 20:15
Tennis / Wed / 14:00 / Wed 07:40
Gym / Fri / 06:00 / Fri 01:20","Gym / Thu / 07:00
Nudge Wed / 10:30","Gym / Wed / 14:00
Booked Wed / 07:30",NO 1 of 4,1 of 4,YES,NO,NO,NO
R-245,"Badminton / Mon / 20:00 / Sun 12:20
Badminton / Mon / 06:00 / Sun 07:00
Badminton / Wed / 21:00 / Tue 01:25","Badminton / Thu / 18:00
Nudge Wed / 23:30","Badminton / Thu / 20:00
Booked Wed / 08:20",NO 2 of 4,2 of 4,YES,YES,NO,NO
R-353,"Badminton / Mon / 19:00 / Sun 23:05
Badminton / Tue / 19:00 / Mon 22:35
Badminton / Wed / 19:00 / Tue 16:35","Badminton / Thu / 18:00
Nudge Thu / 00:05","Badminton / Thu / 18:00
Booked Wed / 08:25",NO 3 of 4,3 of 4,YES,YES,YES,NO
R-105,"Pool / Fri / 06:00 / Fri 03:50
Gym / Fri / 18:00 / Fri 09:15
Pool / Mon / 18:00 / Mon 13:30","Gym / Thu / 08:00
Nudge Wed / 12:30","Tennis / Fri / 06:00
Booked Wed / 08:55",NO 0 of 4,0 of 4,NO,NO,NO,NO
R-404,"Tennis / Mon / 18:00 / Sat 11:25
Gym / Thu / 07:00 / Wed 10:30
Pool / Sat / 18:00 / Thu 05:45","Gym / Wed / 19:00
Nudge Wed / 10:40","Gym / Wed / 21:00
Booked Wed / 09:20",NO 2 of 4,2 of 4,YES,YES,NO,NO
R-188,"Gym / Fri / 07:00 / Thu 14:05
Gym / Mon / 08:00 / Mon 03:05
Tennis / Thu / 08:00 / Wed 04:10","Gym / Thu / 08:00
Nudge Wed / 12:20","Pool / Wed / 19:00
Booked Wed / 09:45",NO 0 of 4,0 of 4,NO,NO,NO,NO
R-366,"Gym / Mon / 06:00 / Sun 16:00
Gym / Tue / 07:00 / Mon 17:40
Gym / Wed / 06:00 / Mon 18:05","Gym / Thu / 08:00
Nudge Wed / 11:50","Gym / Thu / 07:00
Booked Wed / 09:55",NO 2 of 4,2 of 4,YES,YES,NO,NO
R-301,"Gym / Mon / 18:00 / Mon 00:45
Pool / Sat / 21:00 / Fri 01:15
Badminton / Tue / 21:00 / Mon 09:35","Gym / Wed / 18:00
Nudge Wed / 10:15","Pool / Wed / 18:00
Booked Wed / 10:30",NO 3 of 4,3 of 4,NO,YES,YES,YES
R-246,"Pool / Mon / 07:00 / Sun 20:20
Gym / Tue / 07:00 / Mon 21:55
Gym / Fri / 08:00 / Thu 23:25","Gym / Thu / 07:00
Nudge Wed / 11:25","Gym / Thu / 08:00
Booked Wed / 10:30",NO 3 of 4,3 of 4,YES,YES,NO,YES
R-434,"Gym / Fri / 07:00 / Thu 07:15
Gym / Tue / 06:00 / Sun 22:30
Gym / Wed / 07:00 / Tue 14:50","Pool / Thu / 08:00
Nudge Wed / 12:10","Gym / Thu / 06:00
Booked Wed / 10:45",NO 1 of 4,1 of 4,NO,YES,NO,NO
R-392,"Pool / Sun / 08:00 / Sun 01:35
Pool / Sat / 17:00 / Fri 11:45
Pool / Sun / 15:00 / Sat 17:35","Clubhouse / Sun / 14:00
Nudge Sat / 12:25","Clubhouse / Fri / 14:00
Booked Wed / 10:50",NO 2 of 4,2 of 4,YES,NO,YES,NO
R-103,"Gym / Sun / 15:00 / Sun 08:25
Pool / Sun / 14:00 / Sat 21:55
Pool / Sun / 12:00 / Fri 12:55","Pool / Sat / 16:00
Nudge Sat / 04:00","Clubhouse / Sat / 10:00
Booked Wed / 11:15",NO 1 of 4,1 of 4,NO,YES,NO,NO
R-221,"Tennis / Tue / 07:00 / Sun 05:45
Gym / Tue / 08:00 / Mon 18:25
Tennis / Wed / 08:00 / Tue 03:30","Gym / Thu / 08:00
Nudge Wed / 12:45","Gym / Thu / 08:00
Booked Wed / 11:25",NO 3 of 4,3 of 4,YES,YES,YES,NO
R-128,"Tennis / Fri / 18:00 / Thu 20:25
Gym / Tue / 18:00 / Tue 05:00
Badminton / Fri / 20:00 / Fri 05:30","Badminton / Thu / 20:00
Nudge Thu / 03:35","Tennis / Thu / 18:00
Booked Wed / 11:40",NO 1 of 4,1 of 4,NO,YES,NO,NO
R-234,"Pool / Fri / 06:00 / Thu 05:25
Tennis / Thu / 19:00 / Thu 13:25
Pool / Thu / 15:00 / Wed 06:55","Gym / Thu / 06:00
Nudge Wed / 11:10","Pool / Thu / 19:00
Booked Wed / 11:45",NO 2 of 4,2 of 4,NO,YES,NO,YES
R-268,"Gym / Sun / 07:00 / Sat 23:40
Pool / Sun / 08:00 / Sat 20:20
Tennis / Wed / 15:00 / Tue 10:20","Gym / Wed / 18:00
Nudge Wed / 12:05","Pool / Wed / 19:00
Booked Wed / 11:45",NO 2 of 4,2 of 4,NO,YES,NO,YES
R-167,"Gym / Wed / 08:00 / Tue 23:15
Gym / Thu / 06:00 / Thu 00:10
Gym / Fri / 06:00 / Thu 10:05","Gym / Thu / 08:00
Nudge Wed / 12:35","Gym / Thu / 08:00
Booked Wed / 12:30",YES 4 of 4,4 of 4,YES,YES,YES,YES
R-323,"Badminton / Mon / 07:00 / Mon 00:40
Badminton / Mon / 21:00 / Mon 16:30
Badminton / Sat / 13:00 / Fri 14:45","Gym / Wed / 19:00
Nudge Wed / 12:35","Gym / Wed / 18:00
Booked Wed / 12:55",NO 3 of 4,3 of 4,YES,YES,NO,YES
R-449,"Gym / Sat / 09:00 / Fri 10:35
Gym / Tue / 19:00 / Tue 10:15
Pool / Tue / 18:00 / Mon 15:30","Gym / Wed / 19:00
Nudge Wed / 12:45","Pool / Thu / 07:00
Booked Wed / 13:10",NO 0 of 4,0 of 4,NO,NO,NO,NO
R-150,"Tennis / Wed / 07:00 / Tue 00:30
Gym / Wed / 06:00 / Tue 21:20
Gym / Wed / 17:00 / Wed 03:55","Gym / Thu / 08:00
Nudge Wed / 13:50","Gym / Thu / 08:00
Booked Wed / 13:20",YES 4 of 4,4 of 4,YES,YES,YES,YES
R-181,"Pool / Tue / 21:00 / Mon 09:20
Tennis / Mon / 20:00 / Sun 11:15
Gym / Tue / 17:00 / Mon 19:05","Gym / Wed / 20:00
Nudge Wed / 13:20","Pool / Wed / 20:00
Booked Wed / 13:30",NO 3 of 4,3 of 4,NO,YES,YES,YES
R-371,"Pool / Fri / 08:00 / Fri 02:55
Gym / Tue / 07:00 / Mon 20:15
Pool / Wed / 07:00 / Wed 01:20","Gym / Thu / 07:00
Nudge Wed / 13:20","Gym / Thu / 06:00
Booked Wed / 13:35",NO 3 of 4,3 of 4,YES,YES,NO,YES
R-169,"Gym / Wed / 21:00 / Wed 16:10
Badminton / Tue / 21:00 / Tue 04:45","Gym / Wed / 21:00
Nudge Wed / 13:15","Pool / Wed / 20:00
Booked Wed / 13:40",NO 2 of 4,2 of 4,NO,YES,NO,YES
R-114,"Gym / Sat / 07:00 / Sat 01:20
Pool / Mon / 08:00 / Sat 15:50
Pool / Wed / 07:00 / Tue 20:25","Gym / Thu / 07:00
Nudge Wed / 13:25","Tennis / Thu / 08:00
Booked Wed / 13:40",NO 2 of 4,2 of 4,NO,YES,NO,YES
R-240,"Tennis / Wed / 08:00 / Tue 11:45
Tennis / Fri / 07:00 / Wed 17:40
Gym / Tue / 06:00 / Mon 23:05","Gym / Thu / 08:00
Nudge Wed / 13:40","Gym / Thu / 06:00
Booked Wed / 13:45",NO 3 of 4,3 of 4,YES,YES,NO,YES
R-139,"Pool / Wed / 19:00 / Wed 01:10
Pool / Wed / 18:00 / Wed 08:00
Pool / Mon / 19:00 / Mon 15:30","Gym / Thu / 18:00
Nudge Thu / 10:40","Gym / Thu / 19:00
Booked Wed / 13:55",NO 2 of 4,2 of 4,YES,YES,NO,NO
R-144,"Gym / Fri / 08:00 / Thu 20:10
Pool / Sun / 07:00 / Sat 19:20
Gym / Wed / 07:00 / Tue 21:50","Gym / Thu / 06:00
Nudge Wed / 14:25","Gym / Wed / 22:00
Booked Wed / 14:15",NO 2 of 4,2 of 4,YES,NO,NO,YES
R-159,"Gym / Fri / 07:00 / Thu 23:25
Gym / Mon / 06:00 / Sun 19:40
Gym / Tue / 08:00 / Mon 08:25","Gym / Thu / 08:00
Nudge Wed / 15:10","Gym / Fri / 08:00
Booked Wed / 14:15",NO 2 of 4,2 of 4,YES,NO,YES,NO
R-304,"Gym / Fri / 07:00 / Wed 22:30
Tennis / Fri / 08:00 / Thu 00:20
Pool / Thu / 06:00 / Wed 17:40","Gym / Thu / 08:00
Nudge Wed / 15:20","Pool / Thu / 07:00
Booked Wed / 14:35",NO 2 of 4,2 of 4,NO,YES,NO,YES
R-345,"Tennis / Wed / 12:00 / Tue 07:55
Gym / Wed / 07:00 / Tue 19:50
Pool / Fri / 17:00 / Fri 10:55","Gym / Thu / 08:00
Nudge Wed / 16:20","Badminton / Thu / 18:00
Booked Wed / 14:50",NO 1 of 4,1 of 4,NO,YES,NO,NO
R-418,"Gym / Fri / 16:00 / Fri 00:35
Gym / Tue / 06:00 / Mon 22:55
Gym / Wed / 06:00 / Tue 19:05","Gym / Thu / 06:00
Nudge Wed / 14:25","Tennis / Thu / 21:00
Booked Wed / 14:55",NO 2 of 4,2 of 4,NO,YES,NO,YES
R-353,"Badminton / Tue / 19:00 / Mon 22:35
Badminton / Wed / 19:00 / Tue 16:35
Badminton / Thu / 18:00 / Wed 08:25","Badminton / Thu / 20:00
Nudge Wed / 20:15","Gym / Thu / 14:00
Booked Wed / 15:00",NO 1 of 4,1 of 4,NO,YES,NO,NO
R-339,"Pool / Wed / 07:00 / Tue 19:20
Pool / Sat / 17:00 / Fri 21:50
Gym / Tue / 13:00 / Tue 00:00","Gym / Thu / 07:00
Nudge Wed / 15:30","Pool / Fri / 07:00
Booked Wed / 15:10",NO 1 of 4,1 of 4,NO,NO,YES,NO
R-432,"Tennis / Wed / 08:00 / Mon 06:45
Tennis / Fri / 07:00 / Mon 10:45
Tennis / Tue / 06:00 / Mon 13:40","Gym / Thu / 08:00
Nudge Wed / 15:50","Pool / Sat / 15:00
Booked Wed / 15:25",NO 0 of 4,0 of 4,NO,NO,NO,NO
R-225,"Pool / Mon / 19:00 / Mon 10:20
Pool / Thu / 19:00 / Tue 09:00
Pool / Wed / 19:00 / Wed 06:20","Pool / Fri / 07:00
Nudge Thu / 15:00","Gym / Thu / 07:00
Booked Wed / 15:30",NO 1 of 4,1 of 4,NO,NO,YES,NO
R-156,"Gym / Tue / 06:00 / Mon 19:15
Tennis / Thu / 08:00 / Tue 10:50
Pool / Wed / 08:00 / Tue 16:00","Gym / Thu / 06:00
Nudge Wed / 16:35","Pool / Thu / 07:00
Booked Wed / 16:05",NO 2 of 4,2 of 4,NO,YES,NO,YES
R-211,"Gym / Sat / 11:00 / Sat 03:00
Pool / Sun / 18:00 / Sat 15:10
Pool / Tue / 11:00 / Mon 03:00","Clubhouse / Sat / 18:00
Nudge Fri / 14:55","Clubhouse / Sat / 18:00
Booked Wed / 16:30",NO 3 of 4,3 of 4,YES,YES,YES,NO
R-298,"Pool / Thu / 15:00 / Wed 20:15
Gym / Mon / 19:00 / Mon 08:55
Tennis / Wed / 19:00 / Tue 06:25","Gym / Thu / 08:00
Nudge Wed / 16:55","Pool / Thu / 19:00
Booked Wed / 16:40",NO 2 of 4,2 of 4,NO,YES,NO,YES
R-290,"Gym / Thu / 19:00 / Thu 04:05
Gym / Mon / 18:00 / Mon 07:05
Gym / Mon / 19:00 / Mon 05:50","Gym / Thu / 20:00
Nudge Thu / 12:20","Badminton / Fri / 08:00
Booked Wed / 16:45",NO 0 of 4,0 of 4,NO,NO,NO,NO
R-413,"Gym / Thu / 08:00 / Wed 21:55
Gym / Mon / 13:00 / Mon 02:35
Tennis / Fri / 06:00 / Wed 11:55","Gym / Thu / 08:00
Nudge Wed / 16:30","Gym / Thu / 08:00
Booked Wed / 16:55",YES 4 of 4,4 of 4,YES,YES,YES,YES
R-162,"Gym / Fri / 08:00 / Thu 20:35
Gym / Mon / 06:00 / Sun 23:10
Tennis / Tue / 07:00 / Mon 09:25","Gym / Thu / 08:00
Nudge Wed / 18:05","Tennis / Thu / 07:00
Booked Wed / 17:05",NO 1 of 4,1 of 4,NO,YES,NO,NO
R-309,"Clubhouse / Sat / 11:00 / Sat 11:10
Pool / Sat / 16:00 / Thu 15:35
Pool / Wed / 10:00 / Tue 19:00","Clubhouse / Sat / 18:00
Nudge Fri / 13:10","Pool / Sat / 17:00
Booked Wed / 17:15",NO 1 of 4,1 of 4,NO,YES,NO,NO
R-198,"Gym / Mon / 07:00 / Sun 01:30
Gym / Tue / 07:00 / Mon 13:20
Gym / Wed / 07:00 / Mon 19:05","Gym / Thu / 07:00
Nudge Wed / 17:25","Gym / Thu / 08:00
Booked Wed / 17:45",NO 3 of 4,3 of 4,YES,YES,NO,YES
R-383,"Pool / Sat / 20:00 / Sat 17:30
Badminton / Mon / 21:00 / Sun 14:15
Tennis / Wed / 20:00 / Tue 04:05","Gym / Thu / 18:00
Nudge Wed / 22:35","Pool / Thu / 21:00
Booked Wed / 17:50",NO 1 of 4,1 of 4,NO,YES,NO,NO
R-142,"Badminton / Thu / 19:00 / Thu 01:15
Gym / Thu / 20:00 / Thu 10:50
Badminton / Sat / 17:00 / Fri 10:45","Gym / Thu / 20:00
Nudge Thu / 00:30","Badminton / Thu / 20:00
Booked Wed / 17:55",NO 2 of 4,2 of 4,NO,YES,YES,NO
R-395,"Clubhouse / Tue / 12:00 / Mon 21:10
Clubhouse / Thu / 23:00 / Wed 16:20
Pool / Mon / 16:00 / Sun 16:05","Clubhouse / Sat / 18:00
Nudge Fri / 14:15","Clubhouse / Sun / 16:00
Booked Wed / 18:00",NO 1 of 4,1 of 4,YES,NO,NO,NO
R-277,"Badminton / Wed / 18:00 / Tue 11:50
Gym / Wed / 19:00 / Tue 14:00
Badminton / Thu / 12:00 / Wed 03:10","Badminton / Thu / 20:00
Nudge Wed / 19:30","Gym / Thu / 21:00
Booked Wed / 18:20",NO 1 of 4,1 of 4,NO,YES,NO,NO
R-435,"Clubhouse / Sun / 18:00 / Fri 21:25
Pool / Sat / 18:00 / Sat 14:45
Clubhouse / Sat / 10:00 / Tue 13:20","Clubhouse / Sat / 11:00
Nudge Fri / 15:30","Clubhouse / Sat / 15:00
Booked Wed / 18:20",NO 2 of 4,2 of 4,YES,YES,NO,NO
R-449,"Gym / Tue / 19:00 / Tue 10:15
Pool / Tue / 18:00 / Mon 15:30
Pool / Thu / 07:00 / Wed 13:10","Gym / Thu / 18:00
Nudge Wed / 22:10","Pool / Fri / 07:00
Booked Wed / 18:30",NO 0 of 4,0 of 4,NO,NO,NO,NO
R-440,"Gym / Tue / 08:00 / Tue 01:45
Gym / Fri / 11:00 / Fri 01:40
Gym / Wed / 08:00 / Tue 19:10","Gym / Thu / 08:00
Nudge Wed / 18:55","Gym / Thu / 07:00
Booked Wed / 18:40",NO 3 of 4,3 of 4,YES,YES,NO,YES
R-219,"Pool / Wed / 17:00 / Wed 00:10
Tennis / Sat / 20:00 / Fri 08:00
Badminton / Tue / 21:00 / Mon 20:40","Badminton / Thu / 18:00
Nudge Wed / 19:10","Badminton / Fri / 06:00
Booked Wed / 19:00",NO 1 of 4,1 of 4,YES,NO,NO,NO
R-423,"Gym / Fri / 13:00 / Thu 21:15
Tennis / Fri / 06:00 / Tue 16:15
Gym / Wed / 06:00 / Wed 00:40","Gym / Thu / 08:00
Nudge Wed / 18:20","Tennis / Thu / 06:00
Booked Wed / 19:25",NO 1 of 4,1 of 4,NO,YES,NO,NO
R-267,"Gym / Sat / 18:00 / Sat 01:00
Badminton / Wed / 19:00 / Tue 01:05
Badminton / Wed / 11:00 / Tue 19:00","Badminton / Thu / 18:00
Nudge Wed / 20:05","Gym / Thu / 20:00
Booked Wed / 20:05",NO 2 of 4,2 of 4,NO,YES,NO,YES
R-182,"Gym / Fri / 19:00 / Wed 23:20
Gym / Sat / 06:00 / Fri 16:20
Badminton / Tue / 20:00 / Mon 04:30","Gym / Thu / 19:00
Nudge Wed / 23:05","Pool / Thu / 10:00
Booked Wed / 20:25",NO 1 of 4,1 of 4,NO,YES,NO,NO
R-232,"Badminton / Fri / 07:00 / Thu 12:15
Badminton / Fri / 12:00 / Thu 19:50
Badminton / Tue / 08:00 / Mon 18:05","Gym / Thu / 08:00
Nudge Wed / 21:45","Pool / Thu / 08:00
Booked Wed / 21:20",NO 3 of 4,3 of 4,NO,YES,YES,YES
R-144,"Pool / Sun / 07:00 / Sat 19:20
Gym / Wed / 07:00 / Tue 21:50
Gym / Wed / 22:00 / Wed 14:15","Gym / Thu / 08:00
Nudge Wed / 22:10","Tennis / Thu / 08:00
Booked Wed / 21:20",NO 3 of 4,3 of 4,NO,YES,YES,YES
R-428,"Pool / Tue / 08:00 / Mon 19:15
Gym / Tue / 06:00 / Tue 00:30
Tennis / Fri / 07:00 / Wed 03:30","Gym / Thu / 08:00
Nudge Wed / 22:05","Gym / Thu / 08:00
Booked Wed / 21:45",YES 4 of 4,4 of 4,YES,YES,YES,YES
R-176,"Hall / Tue / 16:00 / Fri 01:35
Hall / Sat / 19:00 / Wed 01:35
Clubhouse / Fri / 18:00 / Wed 01:15","Hall / Thu / 18:00
Nudge Tue / 02:40","Hall / Sat / 18:00
Booked Wed / 21:55",NO 2 of 4,2 of 4,YES,NO,YES,NO
R-260,"Gym / Fri / 20:00 / Thu 14:30
Gym / Thu / 18:00 / Thu 14:35
Gym / Wed / 19:00 / Wed 03:25","Badminton / Thu / 18:00
Nudge Wed / 21:25","Badminton / Thu / 21:00
Booked Wed / 21:55",NO 3 of 4,3 of 4,YES,YES,NO,YES
R-150,"Gym / Wed / 06:00 / Tue 21:20
Gym / Wed / 17:00 / Wed 03:55
Gym / Thu / 08:00 / Wed 13:20","Gym / Thu / 08:00
Nudge Wed / 22:40","Pool / Fri / 07:00
Booked Wed / 22:00",NO 0 of 4,0 of 4,NO,NO,NO,NO
R-271,"Tennis / Wed / 07:00 / Sat 22:50
Tennis / Wed / 08:00 / Sun 10:45
Gym / Mon / 08:00 / Mon 04:45","Gym / Thu / 06:00
Nudge Wed / 22:55","Gym / Thu / 06:00
Booked Wed / 22:45",YES 4 of 4,4 of 4,YES,YES,YES,YES
R-163,"Pool / Thu / 07:00 / Wed 17:05
Tennis / Tue / 08:00 / Sun 09:25
Gym / Tue / 07:00 / Tue 01:05","Gym / Thu / 07:00
Nudge Thu / 00:10","Gym / Thu / 06:00
Booked Wed / 23:00",NO 2 of 4,2 of 4,YES,YES,NO,NO
R-174,"Tennis / Wed / 14:00 / Wed 07:40
Gym / Fri / 06:00 / Fri 01:20
Gym / Wed / 14:00 / Wed 07:30","Gym / Thu / 07:00
Nudge Thu / 00:15","Tennis / Thu / 06:00
Booked Wed / 23:10",NO 1 of 4,1 of 4,NO,YES,NO,NO
R-244,"Badminton / Wed / 20:00 / Mon 22:10
Gym / Fri / 20:00 / Fri 13:25
Badminton / Tue / 18:00 / Sat 22:25","Badminton / Thu / 20:00
Nudge Wed / 23:35","Badminton / Thu / 18:00
Booked Wed / 23:10",NO 3 of 4,3 of 4,YES,YES,NO,YES
R-112,"Gym / Fri / 16:00 / Fri 07:05
Gym / Tue / 07:00 / Mon 11:00
Tennis / Fri / 08:00 / Thu 07:55","Gym / Thu / 07:00
Nudge Wed / 23:10","Gym / Thu / 07:00
Booked Wed / 23:30",YES 4 of 4,4 of 4,YES,YES,YES,YES
R-369,"Gym / Wed / 06:00 / Tue 23:05
Gym / Mon / 19:00 / Sun 00:10
Gym / Mon / 08:00 / Sun 16:40","Gym / Thu / 08:00
Nudge Thu / 00:20","Gym / Thu / 06:00
Booked Wed / 23:45",NO 2 of 4,2 of 4,YES,YES,NO,NO
R-445,Gym / Sat / 11:00 / Fri 13:30,"Gym / Thu / 07:00
Nudge Wed / 23:05","Clubhouse / Sat / 17:00
Booked Wed / 23:55",NO 0 of 4,0 of 4,NO,NO,NO,NO
R-391,"Gym / Tue / 06:00 / Mon 18:50
Gym / Tue / 07:00 / Mon 22:35
Tennis / Wed / 06:00 / Tue 21:20","Gym / Thu / 06:00
Nudge Thu / 00:50","Gym / Thu / 21:00
Booked Thu / 00:45",NO 3 of 4,3 of 4,YES,YES,NO,YES
R-279,"Gym / Thu / 19:00 / Thu 04:40
Pool / Wed / 06:00 / Sun 20:15
Pool / Fri / 19:00 / Wed 00:55","Gym / Thu / 08:00
Nudge Thu / 00:25","Pool / Sat / 19:00
Booked Thu / 01:15",NO 0 of 4,0 of 4,NO,NO,NO,NO
R-428,"Gym / Tue / 06:00 / Tue 00:30
Tennis / Fri / 07:00 / Wed 03:30
Gym / Thu / 08:00 / Wed 21:45","Gym / Thu / 06:00
Nudge Thu / 00:55","Gym / Thu / 07:00
Booked Thu / 01:30",NO 3 of 4,3 of 4,YES,YES,NO,YES
R-221,"Gym / Tue / 08:00 / Mon 18:25
Tennis / Wed / 08:00 / Tue 03:30
Gym / Thu / 08:00 / Wed 11:25","Gym / Thu / 08:00
Nudge Thu / 02:25","Gym / Thu / 07:00
Booked Thu / 01:55",NO 3 of 4,3 of 4,YES,YES,NO,YES
R-248,"Badminton / Wed / 19:00 / Tue 18:10
Gym / Wed / 07:00 / Tue 05:00
Gym / Wed / 18:00 / Tue 23:30","Badminton / Thu / 18:00
Nudge Thu / 02:40","Badminton / Thu / 21:00
Booked Thu / 02:05",NO 3 of 4,3 of 4,YES,YES,NO,YES
R-331,"Gym / Tue / 20:00 / Tue 03:35
Tennis / Wed / 15:00 / Mon 16:55
Gym / Thu / 21:00 / Tue 21:40","Gym / Thu / 18:00
Nudge Thu / 01:00","Badminton / Fri / 20:00
Booked Thu / 02:05",NO 0 of 4,0 of 4,NO,NO,NO,NO
R-119,"Gym / Mon / 06:00 / Sun 21:30
Gym / Mon / 07:00 / Mon 00:55
Gym / Tue / 08:00 / Tue 03:45","Gym / Thu / 08:00
Nudge Thu / 03:45","Gym / Thu / 07:00
Booked Thu / 02:15",NO 2 of 4,2 of 4,YES,YES,NO,NO
R-385,"Hall / Sun / 11:00 / Wed 02:35
Pool / Sat / 18:00 / Sat 09:55
Hall / Sun / 16:00 / Tue 20:20","Clubhouse / Fri / 11:00
Nudge Thu / 16:05","Hall / Sun / 15:00
Booked Thu / 02:30",NO 0 of 4,0 of 4,NO,NO,NO,NO
R-324,"Gym / Mon / 18:00 / Sun 11:00
Gym / Thu / 20:00 / Thu 09:10
Pool / Fri / 17:00 / Thu 20:10","Gym / Thu / 18:00
Nudge Thu / 02:40","Tennis / Fri / 12:00
Booked Thu / 02:40",NO 0 of 4,0 of 4,NO,NO,NO,NO
R-435,"Pool / Sat / 18:00 / Sat 14:45
Clubhouse / Sat / 10:00 / Tue 13:20
Clubhouse / Sat / 15:00 / Wed 18:20","Clubhouse / Sat / 15:00
Nudge Fri / 23:50","Pool / Sat / 17:00
Booked Thu / 03:10",NO 1 of 4,1 of 4,NO,YES,NO,NO
R-226,"Hall / Sat / 18:00 / Thu 18:05
Pool / Sun / 16:00 / Sun 03:00
Hall / Sat / 22:00 / Mon 04:20","Pool / Sat / 11:00
Nudge Sat / 00:15","Hall / Sun / 12:00
Booked Thu / 03:15",NO 0 of 4,0 of 4,NO,NO,NO,NO
R-144,"Gym / Wed / 07:00 / Tue 21:50
Gym / Wed / 22:00 / Wed 14:15
Tennis / Thu / 08:00 / Wed 21:20","Gym / Thu / 08:00
Nudge Thu / 04:00","Tennis / Fri / 07:00
Booked Thu / 03:45",NO 0 of 4,0 of 4,NO,NO,NO,NO
R-420,"Hall / Wed / 12:00 / Wed 23:20
Pool / Tue / 06:00 / Sun 19:30
Gym / Wed / 07:00 / Tue 20:05","Gym / Thu / 08:00
Nudge Thu / 00:25","Gym / Fri / 07:00
Booked Thu / 04:40",NO 1 of 4,1 of 4,YES,NO,NO,NO
R-215,"Gym / Tue / 19:00 / Tue 04:55
Pool / Thu / 19:00 / Wed 00:15
Badminton / Fri / 19:00 / Wed 07:00","Badminton / Thu / 18:00
Nudge Thu / 03:50","Gym / Thu / 18:00
Booked Thu / 04:40",NO 3 of 4,3 of 4,NO,YES,YES,YES
R-149,"Pool / Fri / 11:00 / Thu 20:10
Badminton / Sat / 20:00 / Sat 14:50
Badminton / Mon / 13:00 / Mon 02:50","Gym / Thu / 18:00
Nudge Thu / 04:55","Badminton / Fri / 18:00
Booked Thu / 04:55",NO 1 of 4,1 of 4,NO,NO,YES,NO
R-181,"Tennis / Mon / 20:00 / Sun 11:15
Gym / Tue / 17:00 / Mon 19:05
Pool / Wed / 20:00 / Wed 13:30","Gym / Thu / 18:00
Nudge Thu / 05:45","Pool / Thu / 21:00
Booked Thu / 05:10",NO 2 of 4,2 of 4,NO,YES,NO,YES
R-360,"Badminton / Tue / 18:00 / Mon 23:20
Gym / Sat / 18:00 / Sat 09:35
Tennis / Tue / 20:00 / Mon 10:25","Badminton / Thu / 18:00
Nudge Thu / 05:00","Badminton / Thu / 20:00
Booked Thu / 05:40",NO 3 of 4,3 of 4,YES,YES,NO,YES
R-151,"Badminton / Tue / 21:00 / Tue 01:10
Gym / Fri / 18:00 / Fri 07:45
Badminton / Wed / 21:00 / Wed 03:50","Badminton / Thu / 21:00
Nudge Thu / 07:05","Badminton / Thu / 19:00
Booked Thu / 06:05",NO 2 of 4,2 of 4,YES,YES,NO,NO
R-418,"Gym / Tue / 06:00 / Mon 22:55
Gym / Wed / 06:00 / Tue 19:05
Tennis / Thu / 21:00 / Wed 14:55","Gym / Thu / 06:00
Nudge Wed / 07:05","Gym / Fri / 06:00
Booked Thu / 06:10",NO 2 of 4,2 of 4,YES,NO,YES,NO
R-118,"Pool / Thu / 07:00 / Wed 16:45
Gym / Fri / 08:00 / Fri 02:15
Gym / Wed / 08:00 / Wed 03:45","Gym / Thu / 06:00
Nudge Wed / 07:05","Tennis / Fri / 10:00
Booked Thu / 06:10",NO 0 of 4,0 of 4,NO,NO,NO,NO
R-424,"Pool / Mon / 08:00 / Sat 17:20
Tennis / Tue / 06:00 / Mon 14:35
Pool / Tue / 08:00 / Tue 02:35","Gym / Thu / 08:00
Nudge Wed / 12:50","Gym / Fri / 08:00
Booked Thu / 06:15",NO 2 of 4,2 of 4,YES,NO,YES,NO
R-320,"Gym / Mon / 08:00 / Sat 08:40
Pool / Sun / 17:00 / Fri 23:00
Clubhouse / Tue / 21:00 / Sun 22:10","Gym / Thu / 19:00
Nudge Thu / 06:05","Pool / Thu / 19:00
Booked Thu / 07:15",NO 2 of 4,2 of 4,NO,YES,YES,NO
R-446,"Gym / Tue / 08:00 / Tue 00:00
Tennis / Tue / 08:00 / Sun 12:20
Pool / Mon / 06:00 / Sun 22:40","Gym / Thu / 07:00
Nudge Wed / 10:15","Gym / Thu / 19:00
Booked Thu / 07:15",NO 2 of 4,2 of 4,YES,YES,NO,NO
R-359,"Gym / Mon / 20:00 / Mon 14:40
Badminton / Sat / 19:00 / Fri 11:10
Gym / Sat / 20:00 / Sat 16:05","Badminton / Thu / 18:00
Nudge Thu / 05:00","Gym / Thu / 21:00
Booked Thu / 07:30",NO 1 of 4,1 of 4,NO,YES,NO,NO
R-218,"Gym / Tue / 20:00 / Tue 00:35
Gym / Wed / 18:00 / Tue 05:30
Badminton / Wed / 19:00 / Tue 21:20","Badminton / Thu / 21:00
Nudge Thu / 05:45","Gym / Thu / 16:00
Booked Thu / 07:50",NO 1 of 4,1 of 4,NO,YES,NO,NO
R-209,"Pool / Mon / 18:00 / Sun 18:20
Gym / Sun / 07:00 / Sun 02:25
Gym / Fri / 18:00 / Fri 08:10","Gym / Fri / 19:00
Nudge Fri / 09:55","Clubhouse / Fri / 17:00
Booked Thu / 08:05",NO 1 of 4,1 of 4,NO,YES,NO,NO
R-395,"Clubhouse / Thu / 23:00 / Wed 16:20
Pool / Mon / 16:00 / Sun 16:05
Clubhouse / Sun / 16:00 / Wed 18:00","Clubhouse / Sat / 16:00
Nudge Fri / 16:30","Clubhouse / Sat / 18:00
Booked Thu / 08:10",NO 2 of 4,2 of 4,YES,YES,NO,NO
R-330,"Badminton / Wed / 19:00 / Tue 12:05
Badminton / Tue / 18:00 / Tue 03:50
Badminton / Wed / 08:00 / Tue 22:10","Gym / Thu / 20:00
Nudge Thu / 08:50","Tennis / Fri / 18:00
Booked Thu / 08:40",NO 0 of 4,0 of 4,NO,NO,NO,NO
R-236,"Clubhouse / Sat / 18:00 / Sun 18:55
Clubhouse / Sat / 10:00 / Sat 10:55
Gym / Sat / 18:00 / Sat 12:50","Clubhouse / Thu / 15:00
Nudge Wed / 17:05","Tennis / Sun / 14:00
Booked Thu / 09:20",NO 0 of 4,0 of 4,NO,NO,NO,NO
R-130,"Pool / Mon / 06:00 / Sun 21:40
Gym / Wed / 08:00 / Tue 10:30","Gym / Thu / 07:00
Nudge Wed / 11:20","Tennis / Fri / 08:00
Booked Thu / 09:55",NO 0 of 4,0 of 4,NO,NO,NO,NO
R-253,"Tennis / Wed / 06:00 / Mon 03:20
Pool / Wed / 08:00 / Mon 16:30
Gym / Wed / 07:00 / Tue 14:30","Gym / Fri / 08:00
Nudge Thu / 12:05","Gym / Fri / 06:00
Booked Thu / 10:00",NO 2 of 4,2 of 4,YES,YES,NO,NO
R-430,"Pool / Wed / 21:00 / Mon 19:35
Pool / Tue / 19:00 / Tue 10:40
Badminton / Wed / 18:00 / Tue 19:10","Gym / Thu / 18:00
Nudge Thu / 09:55","Gym / Fri / 18:00
Booked Thu / 10:00",NO 2 of 4,2 of 4,YES,NO,YES,NO
R-395,"Pool / Mon / 16:00 / Sun 16:05
Clubhouse / Sun / 16:00 / Wed 18:00
Clubhouse / Sat / 18:00 / Thu 08:10","Pool / Sat / 16:00
Nudge Sat / 03:40","Gym / Fri / 18:00
Booked Thu / 11:25",NO 0 of 4,0 of 4,NO,NO,NO,NO
R-314,"Badminton / Thu / 20:00 / Thu 09:55
Badminton / Fri / 20:00 / Thu 14:40
Badminton / Sat / 18:00 / Sat 07:30","Gym / Thu / 18:00
Nudge Thu / 11:35","Tennis / Fri / 18:00
Booked Thu / 11:30",NO 1 of 4,1 of 4,NO,NO,YES,NO
R-312,"Pool / Sat / 17:00 / Fri 11:30
Pool / Sun / 15:00 / Sat 22:50
Clubhouse / Sat / 19:00 / Thu 13:40","Pool / Sat / 15:00
Nudge Sat / 02:40","Clubhouse / Sat / 18:00
Booked Thu / 11:45",NO 1 of 4,1 of 4,NO,YES,NO,NO
R-243,"Pool / Thu / 20:00 / Thu 08:35
Badminton / Fri / 18:00 / Thu 18:20
Badminton / Tue / 21:00 / Mon 22:15","Pool / Thu / 19:00
Nudge Thu / 09:05","Badminton / Fri / 20:00
Booked Thu / 11:50",NO 0 of 4,0 of 4,NO,NO,NO,NO
R-281,"Pool / Sat / 19:00 / Sat 10:50
Gym / Tue / 19:00 / Tue 05:15
Tennis / Wed / 19:00 / Tue 13:25","Gym / Thu / 20:00
Nudge Thu / 12:55","Tennis / Fri / 19:00
Booked Thu / 11:55",NO 0 of 4,0 of 4,NO,NO,NO,NO
R-260,"Gym / Thu / 18:00 / Thu 14:35
Gym / Wed / 19:00 / Wed 03:25
Badminton / Thu / 21:00 / Wed 21:55","Gym / Thu / 20:00
Nudge Thu / 11:50","Tennis / Fri / 21:00
Booked Thu / 12:20",NO 0 of 4,0 of 4,NO,NO,NO,NO
R-281,"Gym / Tue / 19:00 / Tue 05:15
Tennis / Wed / 19:00 / Tue 13:25
Tennis / Fri / 19:00 / Thu 11:55","Gym / Thu / 18:00
Nudge Thu / 13:15","Gym / Thu / 19:00
Booked Thu / 12:45",NO 3 of 4,3 of 4,YES,YES,NO,YES
R-165,"Hall / Tue / 16:00 / Wed 03:00
Pool / Fri / 11:00 / Thu 17:10
Tennis / Fri / 15:00 / Wed 18:05","Clubhouse / Fri / 18:00
Nudge Thu / 12:45","Clubhouse / Sun / 11:00
Booked Thu / 13:15",NO 1 of 4,1 of 4,YES,NO,NO,NO
R-129,"Pool / Wed / 07:00 / Tue 09:00
Pool / Sun / 17:00 / Sat 20:00
Pool / Fri / 12:00 / Thu 23:00","Gym / Fri / 18:00
Nudge Fri / 12:40","Pool / Fri / 12:00
Booked Thu / 13:20",NO 1 of 4,1 of 4,NO,YES,NO,NO
R-245,"Badminton / Mon / 06:00 / Sun 07:00
Badminton / Wed / 21:00 / Tue 01:25
Badminton / Thu / 20:00 / Wed 08:20","Badminton / Thu / 18:00
Nudge Wed / 18:15","Badminton / Fri / 19:00
Booked Thu / 13:20",NO 1 of 4,1 of 4,YES,NO,NO,NO
R-110,"Tennis / Mon / 19:00 / Mon 08:45
Pool / Mon / 19:00 / Sun 16:20
Pool / Wed / 19:00 / Wed 05:50","Gym / Fri / 08:00
Nudge Thu / 15:15","Tennis / Fri / 19:00
Booked Thu / 14:00",NO 1 of 4,1 of 4,NO,YES,NO,NO
R-218,"Gym / Wed / 18:00 / Tue 05:30
Badminton / Wed / 19:00 / Tue 21:20
Gym / Thu / 16:00 / Thu 07:50","Badminton / Fri / 21:00
Nudge Thu / 22:30","Gym / Fri / 10:00
Booked Thu / 14:35",NO 1 of 4,1 of 4,NO,YES,NO,NO
R-278,"Gym / Sat / 10:00 / Fri 23:05
Gym / Fri / 18:00 / Thu 15:35
Badminton / Tue / 18:00 / Tue 04:55","Gym / Thu / 20:00
Nudge Thu / 11:30","Gym / Thu / 19:00
Booked Thu / 14:45",NO 2 of 4,2 of 4,YES,YES,NO,NO
R-312,"Pool / Sun / 15:00 / Sat 22:50
Clubhouse / Sat / 19:00 / Thu 13:40
Clubhouse / Sat / 18:00 / Thu 11:45","Pool / Sat / 15:00
Nudge Fri / 17:00","Pool / Sat / 15:00
Booked Thu / 15:15",NO 3 of 4,3 of 4,YES,YES,YES,NO
R-116,"Pool / Thu / 07:00 / Thu 03:35
Gym / Thu / 08:00 / Wed 17:10
Gym / Wed / 13:00 / Wed 00:50","Gym / Fri / 08:00
Nudge Thu / 16:00","Gym / Fri / 07:00
Booked Thu / 15:30",NO 3 of 4,3 of 4,YES,YES,NO,YES
R-227,"Badminton / Mon / 21:00 / Mon 10:55
Badminton / Tue / 19:00 / Tue 04:15
Gym / Wed / 12:00 / Tue 23:50","Badminton / Fri / 20:00
Nudge Thu / 22:55","Badminton / Fri / 19:00
Booked Thu / 15:30",NO 2 of 4,2 of 4,YES,YES,NO,NO
R-266,"Pool / Mon / 12:00 / Sun 22:30
Badminton / Thu / 08:00 / Tue 12:30
Pool / Thu / 08:00 / Tue 21:10","Gym / Thu / 08:00
Nudge Wed / 16:30","Gym / Fri / 18:00
Booked Thu / 15:35",NO 1 of 4,1 of 4,YES,NO,NO,NO
R-314,"Badminton / Fri / 20:00 / Thu 14:40
Badminton / Sat / 18:00 / Sat 07:30
Tennis / Fri / 18:00 / Thu 11:30","Gym / Thu / 21:00
Nudge Thu / 15:45","Badminton / Fri / 20:00
Booked Thu / 15:45",NO 0 of 4,0 of 4,NO,NO,NO,NO
R-446,"Tennis / Tue / 08:00 / Sun 12:20
Pool / Mon / 06:00 / Sun 22:40
Gym / Thu / 19:00 / Thu 07:15","Gym / Fri / 08:00
Nudge Thu / 16:05","Gym / Fri / 07:00
Booked Thu / 15:50",NO 3 of 4,3 of 4,YES,YES,NO,YES
R-150,"Gym / Wed / 17:00 / Wed 03:55
Gym / Thu / 08:00 / Wed 13:20
Pool / Fri / 07:00 / Wed 22:00","Gym / Fri / 08:00
Nudge Thu / 16:35","Gym / Fri / 06:00
Booked Thu / 16:00",NO 3 of 4,3 of 4,YES,YES,NO,YES
R-104,"Gym / Thu / 16:00 / Thu 04:55
Pool / Wed / 21:00 / Wed 07:45
Badminton / Thu / 20:00 / Thu 08:00","Gym / Thu / 20:00
Nudge Thu / 10:55","Badminton / Fri / 18:00
Booked Thu / 16:10",NO 0 of 4,0 of 4,NO,NO,NO,NO
R-288,"Hall / Sun / 11:00 / Thu 10:50
Clubhouse / Sat / 19:00 / Tue 20:20
Clubhouse / Sun / 16:00 / Thu 18:55","Clubhouse / Sat / 18:00
Nudge Fri / 11:00","Hall / Sat / 16:00
Booked Thu / 16:15",NO 1 of 4,1 of 4,NO,YES,NO,NO
R-153,"Pool / Thu / 19:00 / Tue 06:20
Pool / Fri / 19:00 / Wed 19:40
Tennis / Mon / 19:00 / Fri 14:30","Gym / Fri / 18:00
Nudge Fri / 03:40","Pool / Fri / 08:00
Booked Thu / 16:15",NO 1 of 4,1 of 4,NO,YES,NO,NO
R-153,"Pool / Fri / 19:00 / Wed 19:40
Tennis / Mon / 19:00 / Fri 14:30
Pool / Fri / 08:00 / Thu 16:15","Gym / Fri / 19:00
Nudge Fri / 09:00","Pool / Fri / 19:00
Booked Thu / 16:20",NO 2 of 4,2 of 4,NO,YES,YES,NO
R-201,"Pool / Mon / 16:00 / Sun 10:10
Gym / Fri / 18:00 / Fri 11:05
Pool / Sun / 19:00 / Sat 18:05","Badminton / Fri / 19:00
Nudge Thu / 22:30","Tennis / Fri / 06:00
Booked Thu / 16:50",NO 1 of 4,1 of 4,NO,YES,NO,NO
R-231,"Gym / Fri / 17:00 / Fri 08:10
Badminton / Mon / 20:00 / Mon 12:55
Badminton / Tue / 10:00 / Mon 12:35","Gym / Thu / 21:00
Nudge Thu / 14:35","Badminton / Sat / 19:00
Booked Thu / 16:55",NO 0 of 4,0 of 4,NO,NO,NO,NO
R-414,"Pool / Fri / 19:00 / Fri 03:55
Pool / Mon / 14:00 / Sun 19:10
Gym / Tue / 19:00 / Mon 07:15","Gym / Fri / 08:00
Nudge Thu / 16:45","Gym / Fri / 19:00
Booked Thu / 16:55",NO 3 of 4,3 of 4,YES,YES,NO,YES
R-401,"Gym / Wed / 07:00 / Tue 21:45
Gym / Sat / 08:00 / Sat 01:45
Gym / Mon / 07:00 / Sun 19:50","Gym / Fri / 08:00
Nudge Thu / 17:45","Gym / Fri / 07:00
Booked Thu / 17:05",NO 3 of 4,3 of 4,YES,YES,NO,YES
R-147,"Gym / Tue / 07:00 / Mon 03:40
Pool / Fri / 07:00 / Fri 02:30","Gym / Fri / 08:00
Nudge Thu / 17:55","Pool / Sat / 08:00
Booked Thu / 17:15",NO 1 of 4,1 of 4,NO,NO,YES,NO
R-140,"Pool / Fri / 19:00 / Thu 18:30
Badminton / Sat / 21:00 / Thu 20:20
Badminton / Sat / 20:00 / Fri 20:35","Badminton / Fri / 20:00
Nudge Thu / 19:55","Pool / Fri / 16:00
Booked Thu / 17:15",NO 1 of 4,1 of 4,NO,YES,NO,NO
R-379,"Hall / Tue / 23:00 / Sun 22:05
Hall / Fri / 19:00 / Tue 14:15
Clubhouse / Sun / 16:00 / Fri 13:50","Clubhouse / Fri / 19:00
Nudge Thu / 16:20","Pool / Fri / 11:00
Booked Thu / 17:50",NO 1 of 4,1 of 4,NO,YES,NO,NO
R-134,"Clubhouse / Sat / 19:00 / Fri 12:40
Clubhouse / Sun / 12:00 / Fri 20:45
Gym / Fri / 19:00 / Fri 04:00","Clubhouse / Fri / 16:00
Nudge Thu / 14:05","Hall / Sun / 19:00
Booked Thu / 17:50",NO 0 of 4,0 of 4,NO,NO,NO,NO
R-315,"Pool / Sat / 14:00 / Sat 07:40
Pool / Sat / 10:00 / Fri 14:30
Clubhouse / Sun / 14:00 / Sun 14:20","Clubhouse / Sat / 18:00
Nudge Fri / 14:20","Pool / Sat / 18:00
Booked Thu / 18:30",NO 2 of 4,2 of 4,NO,YES,YES,NO
R-255,"Pool / Thu / 21:00 / Thu 12:10
Pool / Sat / 17:00 / Sat 12:50
Tennis / Sun / 10:00 / Sat 22:15","Clubhouse / Sat / 10:00
Nudge Fri / 16:20","Clubhouse / Sun / 14:00
Booked Thu / 19:05",NO 1 of 4,1 of 4,YES,NO,NO,NO
R-449,"Pool / Tue / 18:00 / Mon 15:30
Pool / Thu / 07:00 / Wed 13:10
Pool / Fri / 07:00 / Wed 18:30","Gym / Fri / 18:00
Nudge Thu / 21:00","Badminton / Fri / 19:00
Booked Thu / 19:10",NO 1 of 4,1 of 4,NO,YES,NO,NO
R-243,"Badminton / Fri / 18:00 / Thu 18:20
Badminton / Tue / 21:00 / Mon 22:15
Badminton / Fri / 20:00 / Thu 11:50","Pool / Fri / 18:00
Nudge Thu / 21:45","Pool / Sat / 20:00
Booked Thu / 19:10",NO 1 of 4,1 of 4,YES,NO,NO,NO
R-240,"Tennis / Fri / 07:00 / Wed 17:40
Gym / Tue / 06:00 / Mon 23:05
Gym / Thu / 06:00 / Wed 13:45","Gym / Fri / 06:00
Nudge Thu / 19:40","Gym / Fri / 07:00
Booked Thu / 19:35",NO 3 of 4,3 of 4,YES,YES,NO,YES
R-255,"Pool / Sat / 17:00 / Sat 12:50
Tennis / Sun / 10:00 / Sat 22:15
Clubhouse / Sun / 14:00 / Thu 19:05","Pool / Sat / 17:00
Nudge Fri / 21:05","Clubhouse / Sun / 16:00
Booked Thu / 19:35",NO 0 of 4,0 of 4,NO,NO,NO,NO
R-380,"Pool / Sat / 08:00 / Fri 23:50
Pool / Tue / 18:00 / Tue 13:05
Tennis / Sun / 18:00 / Sat 09:20","Pool / Fri / 08:00
Nudge Thu / 19:00","Pool / Sun / 19:00
Booked Thu / 19:50",NO 1 of 4,1 of 4,YES,NO,NO,NO
R-213,"Badminton / Thu / 14:00 / Wed 16:05
Gym / Mon / 18:00 / Sat 18:35
Pool / Thu / 18:00 / Wed 00:20","Badminton / Fri / 21:00
Nudge Thu / 20:10","Badminton / Mon / 20:00
Booked Thu / 20:20",NO 1 of 4,1 of 4,YES,NO,NO,NO
R-389,"Tennis / Wed / 07:00 / Tue 08:25
Gym / Thu / 06:00 / Thu 02:10
Pool / Fri / 11:00 / Thu 13:40","Gym / Fri / 06:00
Nudge Thu / 21:00","Gym / Fri / 08:00
Booked Thu / 21:05",NO 3 of 4,3 of 4,YES,YES,NO,YES
R-263,"Gym / Mon / 06:00 / Mon 00:25
Gym / Tue / 07:00 / Tue 00:55
Gym / Wed / 06:00 / Tue 13:40","Gym / Fri / 07:00
Nudge Thu / 20:55","Gym / Fri / 07:00
Booked Thu / 21:25",YES 4 of 4,4 of 4,YES,YES,YES,YES
R-409,"Gym / Tue / 06:00 / Mon 20:35
Gym / Mon / 06:00 / Sun 09:25
Tennis / Mon / 06:00 / Sat 14:35","Gym / Fri / 08:00
Nudge Thu / 22:10","Gym / Fri / 08:00
Booked Thu / 21:45",YES 4 of 4,4 of 4,YES,YES,YES,YES
R-329,"Tennis / Thu / 19:00 / Tue 18:30
Tennis / Fri / 08:00 / Thu 19:05
Gym / Tue / 06:00 / Mon 13:30","Gym / Fri / 08:00
Nudge Thu / 22:40","Gym / Fri / 06:00
Booked Thu / 22:35",NO 3 of 4,3 of 4,YES,YES,NO,YES
R-212,"Pool / Wed / 19:00 / Mon 18:35
Pool / Sun / 18:00 / Sun 12:00
Clubhouse / Wed / 19:00 / Tue 02:35","Gym / Fri / 07:00
Nudge Thu / 22:40","Gym / Fri / 19:00
Booked Thu / 23:10",NO 3 of 4,3 of 4,YES,YES,NO,YES
R-299,"Pool / Mon / 09:00 / Mon 01:15
Gym / Thu / 07:00 / Thu 00:50
Pool / Fri / 07:00 / Thu 14:25","Gym / Fri / 06:00
Nudge Thu / 23:50","Tennis / Fri / 20:00
Booked Thu / 23:40",NO 2 of 4,2 of 4,NO,YES,NO,YES
R-365,"Pool / Mon / 20:00 / Mon 01:35
Badminton / Wed / 19:00 / Wed 07:50
Tennis / Thu / 21:00 / Wed 07:20","Gym / Fri / 18:00
Nudge Fri / 00:15","Badminton / Fri / 12:00
Booked Thu / 23:45",NO 1 of 4,1 of 4,NO,YES,NO,NO
R-444,"Tennis / Mon / 07:00 / Sat 11:05
Pool / Tue / 06:00 / Mon 23:05
Gym / Thu / 06:00 / Thu 01:00","Gym / Fri / 08:00
Nudge Fri / 01:40","Gym / Fri / 08:00
Booked Fri / 00:15",NO 3 of 4,3 of 4,YES,YES,YES,NO
R-357,"Gym / Fri / 18:00 / Fri 04:10
Gym / Tue / 19:00 / Tue 10:05
Tennis / Sun / 17:00 / Sun 05:50","Gym / Fri / 12:00
Nudge Fri / 02:10","Badminton / Fri / 17:00
Booked Fri / 00:25",NO 1 of 4,1 of 4,NO,YES,NO,NO
R-437,"Badminton / Mon / 20:00 / Sun 18:40
Pool / Wed / 18:00 / Tue 05:05
Gym / Wed / 20:00 / Wed 03:55","Gym / Fri / 18:00
Nudge Fri / 01:25","Pool / Fri / 19:00
Booked Fri / 00:45",NO 2 of 4,2 of 4,NO,YES,NO,YES
R-397,"Pool / Tue / 20:00 / Tue 12:15
Badminton / Wed / 20:00 / Tue 12:50
Badminton / Wed / 18:00 / Tue 22:00","Badminton / Fri / 18:00
Nudge Fri / 00:35","Pool / Fri / 19:00
Booked Fri / 00:45",NO 2 of 4,2 of 4,NO,YES,NO,YES
R-430,"Pool / Tue / 19:00 / Tue 10:40
Badminton / Wed / 18:00 / Tue 19:10
Gym / Fri / 18:00 / Thu 10:00","Gym / Fri / 18:00
Nudge Fri / 01:55","Badminton / Fri / 20:00
Booked Fri / 00:50",NO 1 of 4,1 of 4,NO,YES,NO,NO
R-271,"Tennis / Wed / 08:00 / Sun 10:45
Gym / Mon / 08:00 / Mon 04:45
Gym / Thu / 06:00 / Wed 22:45","Gym / Fri / 06:00
Nudge Fri / 00:50","Pool / Fri / 16:00
Booked Fri / 00:50",NO 2 of 4,2 of 4,NO,YES,NO,YES
R-242,"Pool / Fri / 12:00 / Thu 23:05
Gym / Mon / 19:00 / Mon 14:40
Gym / Mon / 19:00 / Mon 10:40","Gym / Fri / 08:00
Nudge Fri / 01:25","Pool / Fri / 08:00
Booked Fri / 01:25",NO 3 of 4,3 of 4,NO,YES,YES,YES
R-165,"Pool / Fri / 11:00 / Thu 17:10
Tennis / Fri / 15:00 / Wed 18:05
Clubhouse / Sun / 11:00 / Thu 13:15","Clubhouse / Sat / 19:00
Nudge Fri / 21:00","Pool / Fri / 12:00
Booked Fri / 01:35",NO 0 of 4,0 of 4,NO,NO,NO,NO
R-286,"Badminton / Fri / 20:00 / Thu 15:25
Gym / Tue / 18:00 / Tue 08:10
Pool / Wed / 12:00 / Tue 13:55","Badminton / Fri / 20:00
Nudge Fri / 02:50","Gym / Fri / 18:00
Booked Fri / 02:10",NO 2 of 4,2 of 4,NO,YES,NO,YES
R-242,"Gym / Mon / 19:00 / Mon 14:40
Gym / Mon / 19:00 / Mon 10:40
Pool / Fri / 08:00 / Fri 01:25","Gym / Fri / 18:00
Nudge Fri / 03:55","Pool / Fri / 07:00
Booked Fri / 03:05",NO 2 of 4,2 of 4,NO,YES,NO,YES
R-358,"Pool / Thu / 06:00 / Wed 17:30
Gym / Wed / 07:00 / Tue 19:50
Gym / Thu / 06:00 / Wed 00:10","Gym / Fri / 08:00
Nudge Fri / 03:00","Gym / Fri / 13:00
Booked Fri / 03:15",NO 3 of 4,3 of 4,YES,YES,NO,YES
R-263,"Gym / Tue / 07:00 / Tue 00:55
Gym / Wed / 06:00 / Tue 13:40
Gym / Fri / 07:00 / Thu 21:25","Gym / Fri / 07:00
Nudge Fri / 02:00","Gym / Fri / 08:00
Booked Fri / 03:25",NO 2 of 4,2 of 4,YES,YES,NO,NO
R-428,"Tennis / Fri / 07:00 / Wed 03:30
Gym / Thu / 08:00 / Wed 21:45
Gym / Thu / 07:00 / Thu 01:30","Gym / Fri / 08:00
Nudge Fri / 03:35","Pool / Fri / 08:00
Booked Fri / 03:30",NO 3 of 4,3 of 4,NO,YES,YES,YES
R-362,"Badminton / Fri / 20:00 / Thu 22:45
Tennis / Mon / 21:00 / Mon 00:15
Gym / Tue / 21:00 / Tue 18:40","Gym / Fri / 18:00
Nudge Fri / 03:10","Pool / Fri / 10:00
Booked Fri / 03:35",NO 2 of 4,2 of 4,NO,YES,NO,YES
R-310,"Clubhouse / Sun / 10:00 / Wed 19:35
Pool / Sun / 17:00 / Sat 04:15
Pool / Fri / 15:00 / Thu 19:05","Pool / Sat / 16:00
Nudge Sat / 01:40","Pool / Sun / 08:00
Booked Fri / 03:40",NO 1 of 4,1 of 4,YES,NO,NO,NO
R-271,"Gym / Mon / 08:00 / Mon 04:45
Gym / Thu / 06:00 / Wed 22:45
Pool / Fri / 16:00 / Fri 00:50","Gym / Fri / 06:00
Nudge Thu / 23:40","Gym / Fri / 08:00
Booked Fri / 03:45",NO 2 of 4,2 of 4,YES,YES,NO,NO
R-254,"Tennis / Thu / 06:00 / Sat 06:15
Pool / Thu / 19:00 / Thu 14:15
Tennis / Mon / 06:00 / Sun 09:50","Gym / Fri / 08:00
Nudge Fri / 00:15","Gym / Fri / 13:00
Booked Fri / 04:00",NO 2 of 4,2 of 4,YES,YES,NO,NO
R-180,"Pool / Sun / 08:00 / Sun 06:35
Tennis / Tue / 07:00 / Mon 16:15
Gym / Mon / 12:00 / Mon 06:00","Gym / Fri / 08:00
Nudge Fri / 03:55","Gym / Fri / 18:00
Booked Fri / 04:15",NO 3 of 4,3 of 4,YES,YES,NO,YES
R-362,"Tennis / Mon / 21:00 / Mon 00:15
Gym / Tue / 21:00 / Tue 18:40
Pool / Fri / 10:00 / Fri 03:35","Gym / Fri / 18:00
Nudge Fri / 06:15","Badminton / Fri / 21:00
Booked Fri / 05:05",NO 1 of 4,1 of 4,NO,YES,NO,NO
R-272,"Badminton / Fri / 19:00 / Fri 08:55
Gym / Mon / 21:00 / Sun 23:30
Badminton / Thu / 09:00 / Tue 14:25","Badminton / Fri / 20:00
Nudge Fri / 05:25","Badminton / Fri / 18:00
Booked Fri / 05:20",NO 3 of 4,3 of 4,YES,YES,NO,YES
R-174,"Gym / Fri / 06:00 / Fri 01:20
Gym / Wed / 14:00 / Wed 07:30
Tennis / Thu / 06:00 / Wed 23:10","Gym / Fri / 08:00
Nudge Fri / 02:55","Gym / Fri / 08:00
Booked Fri / 05:35",NO 3 of 4,3 of 4,YES,YES,YES,NO
R-359,"Badminton / Sat / 19:00 / Fri 11:10
Gym / Sat / 20:00 / Sat 16:05
Gym / Thu / 21:00 / Thu 07:30","Badminton / Fri / 20:00
Nudge Fri / 05:20","Gym / Fri / 15:00
Booked Fri / 05:40",NO 2 of 4,2 of 4,NO,YES,NO,YES
R-173,"Tennis / Fri / 20:00 / Tue 08:55
Badminton / Wed / 19:00 / Tue 22:40
Badminton / Fri / 18:00 / Wed 02:45","Badminton / Fri / 19:00
Nudge Fri / 04:20","Badminton / Sat / 18:00
Booked Fri / 05:40",NO 1 of 4,1 of 4,YES,NO,NO,NO
R-274,"Tennis / Mon / 20:00 / Sun 12:15
Badminton / Mon / 18:00 / Mon 01:45
Badminton / Fri / 21:00 / Tue 11:50","Badminton / Fri / 18:00
Nudge Fri / 03:30","Gym / Sat / 07:00
Booked Fri / 06:00",NO 0 of 4,0 of 4,NO,NO,NO,NO
R-430,"Badminton / Wed / 18:00 / Tue 19:10
Gym / Fri / 18:00 / Thu 10:00
Badminton / Fri / 20:00 / Fri 00:50","Gym / Fri / 18:00
Nudge Fri / 06:35","Badminton / Sat / 19:00
Booked Fri / 06:55",NO 0 of 4,0 of 4,NO,NO,NO,NO
R-427,"Clubhouse / Mon / 11:00 / Sat 14:35
Hall / Sat / 18:00 / Tue 12:20
Hall / Sun / 19:00 / Thu 17:30","Clubhouse / Sat / 16:00
Nudge Fri / 14:25","Clubhouse / Sat / 11:00
Booked Fri / 07:20",NO 2 of 4,2 of 4,YES,YES,NO,NO
R-384,"Clubhouse / Sat / 16:00 / Sun 08:05
Pool / Thu / 15:00 / Wed 03:50
Pool / Wed / 15:00 / Tue 04:35","Pool / Sat / 16:00
Nudge Sat / 00:55","Pool / Sun / 17:00
Booked Fri / 07:30",NO 1 of 4,1 of 4,YES,NO,NO,NO
R-100,"Clubhouse / Sun / 10:00 / Thu 20:00
Pool / Sun / 14:00 / Sat 22:40
Pool / Sun / 16:00 / Sun 05:50","Pool / Sat / 14:00
Nudge Sat / 01:25","Pool / Sun / 16:00
Booked Fri / 08:10",NO 1 of 4,1 of 4,YES,NO,NO,NO
R-274,"Badminton / Mon / 18:00 / Mon 01:45
Badminton / Fri / 21:00 / Tue 11:50
Gym / Sat / 07:00 / Fri 06:00","Badminton / Fri / 18:00
Nudge Fri / 01:05","Pool / Fri / 19:00
Booked Fri / 09:10",NO 1 of 4,1 of 4,NO,YES,NO,NO
R-350,"Pool / Sun / 16:00 / Sat 21:50
Pool / Sat / 11:00 / Fri 07:35
Clubhouse / Tue / 15:00 / Mon 08:25","Pool / Sat / 18:00
Nudge Sat / 05:35","Pool / Fri / 15:00
Booked Fri / 09:30",NO 1 of 4,1 of 4,YES,NO,NO,NO
R-107,"Badminton / Mon / 19:00 / Sun 11:50
Badminton / Wed / 22:00 / Sun 17:20
Gym / Tue / 21:00 / Tue 06:05","Gym / Fri / 20:00
Nudge Fri / 09:25","Tennis / Sat / 19:00
Booked Fri / 09:50",NO 0 of 4,0 of 4,NO,NO,NO,NO
R-397,"Badminton / Wed / 20:00 / Tue 12:50
Badminton / Wed / 18:00 / Tue 22:00
Pool / Fri / 19:00 / Fri 00:45","Gym / Fri / 18:00
Nudge Fri / 10:40","Pool / Fri / 20:00
Booked Fri / 09:55",NO 2 of 4,2 of 4,NO,YES,NO,YES
R-170,"Gym / Wed / 07:00 / Tue 10:05
Gym / Wed / 06:00 / Tue 12:35
Pool / Thu / 06:00 / Tue 19:45","Gym / Fri / 07:00
Nudge Thu / 11:15","Gym / Fri / 17:00
Booked Fri / 10:05",NO 2 of 4,2 of 4,YES,YES,NO,NO
R-132,"Clubhouse / Sat / 14:00 / Thu 15:40
Pool / Sat / 11:00 / Fri 03:25
Pool / Sat / 10:00 / Fri 16:40","Pool / Sat / 11:00
Nudge Fri / 15:50","Pool / Sat / 10:00
Booked Fri / 10:15",NO 2 of 4,2 of 4,YES,YES,NO,NO
R-227,"Badminton / Tue / 19:00 / Tue 04:15
Gym / Wed / 12:00 / Tue 23:50
Badminton / Fri / 19:00 / Thu 15:30","Badminton / Fri / 20:00
Nudge Fri / 05:00","Badminton / Fri / 21:00
Booked Fri / 10:15",NO 2 of 4,2 of 4,YES,YES,NO,NO
R-234,"Tennis / Thu / 19:00 / Thu 13:25
Pool / Thu / 15:00 / Wed 06:55
Pool / Thu / 19:00 / Wed 11:45","Gym / Fri / 06:00
Nudge Thu / 10:35","Gym / Fri / 19:00
Booked Fri / 10:25",NO 2 of 4,2 of 4,YES,YES,NO,NO
R-238,"Clubhouse / Sun / 16:00 / Wed 12:15
Gym / Tue / 16:00 / Tue 06:45
Pool / Mon / 07:00 / Sat 20:40","Clubhouse / Sun / 16:00
Nudge Sat / 13:05","Gym / Sat / 09:00
Booked Fri / 10:30",NO 0 of 4,0 of 4,NO,NO,NO,NO
R-208,"Badminton / Wed / 20:00 / Tue 15:15
Gym / Sat / 21:00 / Sat 14:40
Pool / Wed / 19:00 / Wed 00:15","Badminton / Sat / 20:00
Nudge Sat / 04:20","Gym / Fri / 21:00
Booked Fri / 10:35",NO 0 of 4,0 of 4,NO,NO,NO,NO
R-340,"Badminton / Fri / 18:00 / Fri 11:45
Pool / Sat / 19:00 / Sat 04:35
Pool / Sun / 09:00 / Sat 22:00","Pool / Sat / 18:00
Nudge Sat / 07:40","Pool / Fri / 15:00
Booked Fri / 10:45",NO 1 of 4,1 of 4,YES,NO,NO,NO
R-127,"Pool / Sat / 18:00 / Sat 04:40
Badminton / Sun / 16:00 / Sat 13:55
Hall / Sun / 16:00 / Tue 08:05","Clubhouse / Sat / 19:00
Nudge Fri / 20:40","Clubhouse / Sat / 12:00
Booked Fri / 10:45",NO 2 of 4,2 of 4,YES,YES,NO,NO
R-277,"Gym / Wed / 19:00 / Tue 14:00
Badminton / Thu / 12:00 / Wed 03:10
Gym / Thu / 21:00 / Wed 18:20","Gym / Fri / 21:00
Nudge Fri / 11:10","Badminton / Sat / 21:00
Booked Fri / 10:50",NO 1 of 4,1 of 4,NO,NO,YES,NO
R-323,"Badminton / Mon / 21:00 / Mon 16:30
Badminton / Sat / 13:00 / Fri 14:45
Gym / Wed / 18:00 / Wed 12:55","Gym / Fri / 18:00
Nudge Fri / 12:35","Badminton / Fri / 21:00
Booked Fri / 11:20",NO 1 of 4,1 of 4,NO,YES,NO,NO
R-353,"Badminton / Wed / 19:00 / Tue 16:35
Badminton / Thu / 18:00 / Wed 08:25
Gym / Thu / 14:00 / Wed 15:00","Badminton / Fri / 18:00
Nudge Thu / 20:35","Pool / Sat / 18:00
Booked Fri / 12:45",NO 1 of 4,1 of 4,NO,NO,YES,NO
R-353,"Badminton / Thu / 18:00 / Wed 08:25
Gym / Thu / 14:00 / Wed 15:00
Pool / Sat / 18:00 / Fri 12:45","Badminton / Fri / 20:00
Nudge Thu / 22:55","Gym / Fri / 19:00
Booked Fri / 13:05",NO 1 of 4,1 of 4,NO,YES,NO,NO
R-361,"Gym / Mon / 07:00 / Sun 23:25
Gym / Tue / 07:00 / Mon 16:45
Gym / Wed / 07:00 / Tue 23:25","Gym / Sat / 07:00
Nudge Fri / 13:20","Gym / Sat / 08:00
Booked Fri / 13:10",NO 3 of 4,3 of 4,YES,YES,NO,YES
R-431,"Pool / Sat / 17:00 / Sat 11:30
Pool / Fri / 11:00 / Thu 09:35
Pool / Sat / 14:00 / Fri 16:40","Pool / Sat / 18:00
Nudge Sat / 04:15","Clubhouse / Sun / 17:00
Booked Fri / 13:10",NO 0 of 4,0 of 4,NO,NO,NO,NO
R-307,"Pool / Sat / 07:00 / Thu 00:20
Gym / Thu / 12:00 / Thu 02:25
Gym / Sat / 18:00 / Sat 09:45","Pool / Sat / 16:00
Nudge Sat / 01:20","Tennis / Mon / 07:00
Booked Fri / 13:25",NO 0 of 4,0 of 4,NO,NO,NO,NO
R-253,"Pool / Wed / 08:00 / Mon 16:30
Gym / Wed / 07:00 / Tue 14:30
Gym / Fri / 06:00 / Thu 10:00","Gym / Sat / 08:00
Nudge Fri / 13:30","Pool / Fri / 17:00
Booked Fri / 13:40",NO 1 of 4,1 of 4,NO,NO,NO,YES
R-360,"Gym / Sat / 18:00 / Sat 09:35
Tennis / Tue / 20:00 / Mon 10:25
Badminton / Thu / 20:00 / Thu 05:40","Gym / Fri / 18:00
Nudge Fri / 12:25","Gym / Fri / 20:00
Booked Fri / 13:55",NO 2 of 4,2 of 4,YES,YES,NO,NO
R-266,"Badminton / Thu / 08:00 / Tue 12:30
Pool / Thu / 08:00 / Tue 21:10
Gym / Fri / 18:00 / Thu 15:35","Pool / Sat / 08:00
Nudge Fri / 15:50","Tennis / Sat / 19:00
Booked Fri / 16:20",NO 2 of 4,2 of 4,NO,YES,NO,YES
R-211,"Pool / Sun / 18:00 / Sat 15:10
Pool / Tue / 11:00 / Mon 03:00
Clubhouse / Sat / 18:00 / Wed 16:30","Clubhouse / Sat / 10:00
Nudge Fri / 15:35","Pool / Sat / 15:00
Booked Fri / 16:35",NO 2 of 4,2 of 4,NO,YES,NO,YES
R-238,"Gym / Tue / 16:00 / Tue 06:45
Pool / Mon / 07:00 / Sat 20:40
Gym / Sat / 09:00 / Fri 10:30","Clubhouse / Sat / 16:00
Nudge Fri / 14:00","Pool / Sat / 10:00
Booked Fri / 16:40",NO 1 of 4,1 of 4,NO,YES,NO,NO
R-270,"Pool / Sun / 11:00 / Sun 00:55
Pool / Sun / 18:00 / Sun 05:50
Pool / Sun / 11:00 / Sun 01:55","Pool / Sat / 14:00
Nudge Fri / 19:00","Pool / Sat / 16:00
Booked Fri / 17:10",NO 2 of 4,2 of 4,YES,YES,NO,NO
R-270,"Pool / Sun / 18:00 / Sun 05:50
Pool / Sun / 11:00 / Sun 01:55
Pool / Sat / 16:00 / Fri 17:10","Pool / Sat / 17:00
Nudge Fri / 21:50","Pool / Sat / 17:00
Booked Fri / 17:15",NO 3 of 4,3 of 4,YES,YES,YES,NO
R-132,"Pool / Sat / 11:00 / Fri 03:25
Pool / Sat / 10:00 / Fri 16:40
Pool / Sat / 10:00 / Fri 10:15","Pool / Sat / 18:00
Nudge Fri / 20:50","Clubhouse / Tue / 11:00
Booked Fri / 18:05",NO 0 of 4,0 of 4,NO,NO,NO,NO
R-238,"Pool / Mon / 07:00 / Sat 20:40
Gym / Sat / 09:00 / Fri 10:30
Pool / Sat / 10:00 / Fri 16:40","Pool / Sat / 16:00
Nudge Fri / 20:00","Pool / Sat / 17:00
Booked Fri / 18:15",NO 2 of 4,2 of 4,YES,YES,NO,NO
R-286,"Gym / Tue / 18:00 / Tue 08:10
Pool / Wed / 12:00 / Tue 13:55
Gym / Fri / 18:00 / Fri 02:10","Badminton / Sat / 20:00
Nudge Fri / 19:55","Gym / Sat / 18:00
Booked Fri / 18:35",NO 1 of 4,1 of 4,NO,YES,NO,NO
R-161,"Clubhouse / Tue / 18:00 / Fri 01:20
Clubhouse / Sat / 18:00 / Fri 21:15
Pool / Sat / 15:00 / Sat 02:20","Pool / Sat / 18:00
Nudge Fri / 21:55","Clubhouse / Sat / 11:00
Booked Fri / 18:40",NO 1 of 4,1 of 4,NO,YES,NO,NO
R-340,"Pool / Sat / 19:00 / Sat 04:35
Pool / Sun / 09:00 / Sat 22:00
Pool / Fri / 15:00 / Fri 10:45","Clubhouse / Sat / 18:00
Nudge Fri / 16:20","Pool / Sat / 15:00
Booked Fri / 18:55",NO 1 of 4,1 of 4,NO,YES,NO,NO
R-307,"Gym / Thu / 12:00 / Thu 02:25
Gym / Sat / 18:00 / Sat 09:45
Tennis / Mon / 07:00 / Fri 13:25","Pool / Sat / 07:00
Nudge Fri / 19:20","Pool / Sun / 19:00
Booked Fri / 19:20",NO 1 of 4,1 of 4,YES,NO,NO,NO
R-227,"Gym / Wed / 12:00 / Tue 23:50
Badminton / Fri / 19:00 / Thu 15:30
Badminton / Fri / 21:00 / Fri 10:15","Badminton / Sat / 18:00
Nudge Fri / 20:10","Gym / Sat / 08:00
Booked Fri / 19:35",NO 2 of 4,2 of 4,NO,YES,NO,YES
R-400,"Pool / Sat / 18:00 / Fri 20:30
Gym / Sun / 15:00 / Sat 03:15
Pool / Sat / 15:00 / Sat 11:20","Pool / Sat / 11:00
Nudge Fri / 20:10","Clubhouse / Sat / 14:00
Booked Fri / 19:40",NO 2 of 4,2 of 4,NO,YES,NO,YES
R-365,"Badminton / Wed / 19:00 / Wed 07:50
Tennis / Thu / 21:00 / Wed 07:20
Badminton / Fri / 12:00 / Thu 23:45","Gym / Sat / 18:00
Nudge Fri / 22:25","Pool / Sat / 19:00
Booked Fri / 20:30",NO 1 of 4,1 of 4,NO,YES,NO,NO
R-312,"Clubhouse / Sat / 19:00 / Thu 13:40
Clubhouse / Sat / 18:00 / Thu 11:45
Pool / Sat / 15:00 / Thu 15:15","Pool / Sat / 11:00
Nudge Fri / 19:45","Pool / Sat / 16:00
Booked Fri / 20:35",NO 3 of 4,3 of 4,YES,YES,NO,YES
R-322,Pool / Sat / 15:00 / Sat 11:40,"Pool / Sat / 10:00
Nudge Fri / 21:35","Pool / Sat / 16:00
Booked Fri / 20:45",NO 3 of 4,3 of 4,YES,YES,NO,YES
R-286,"Pool / Wed / 12:00 / Tue 13:55
Gym / Fri / 18:00 / Fri 02:10
Gym / Sat / 18:00 / Fri 18:35","Badminton / Sat / 20:00
Nudge Fri / 21:25","Gym / Sat / 19:00
Booked Fri / 21:20",NO 2 of 4,2 of 4,NO,YES,NO,YES
R-384,"Pool / Thu / 15:00 / Wed 03:50
Pool / Wed / 15:00 / Tue 04:35
Pool / Sun / 17:00 / Fri 07:30","Clubhouse / Sat / 18:00
Nudge Fri / 17:55","Pool / Sat / 10:00
Booked Fri / 22:25",NO 1 of 4,1 of 4,NO,YES,NO,NO
R-195,"Pool / Sun / 15:00 / Sun 06:00
Pool / Sun / 10:00 / Sat 07:50
Pool / Sat / 10:00 / Fri 19:35","Pool / Sat / 10:00
Nudge Fri / 22:35","Pool / Sat / 17:00
Booked Fri / 22:25",NO 3 of 4,3 of 4,YES,YES,NO,YES
R-150,"Gym / Thu / 08:00 / Wed 13:20
Pool / Fri / 07:00 / Wed 22:00
Gym / Fri / 06:00 / Thu 16:00","Gym / Sat / 06:00
Nudge Fri / 21:50","Pool / Mon / 06:00
Booked Fri / 22:55",NO 1 of 4,1 of 4,NO,NO,YES,NO
R-434,"Gym / Tue / 06:00 / Sun 22:30
Gym / Wed / 07:00 / Tue 14:50
Gym / Thu / 06:00 / Wed 10:45","Pool / Sat / 08:00
Nudge Fri / 18:10","Tennis / Sun / 08:00
Booked Fri / 23:00",NO 1 of 4,1 of 4,NO,NO,YES,NO
R-166,"Badminton / Thu / 08:00 / Wed 12:00
Pool / Tue / 06:00 / Sun 22:10
Pool / Sat / 12:00 / Sat 05:35","Pool / Sat / 19:00
Nudge Sat / 02:20","Pool / Sat / 12:00
Booked Fri / 23:15",NO 2 of 4,2 of 4,YES,YES,NO,NO
R-244,"Gym / Fri / 20:00 / Fri 13:25
Badminton / Tue / 18:00 / Sat 22:25
Badminton / Thu / 18:00 / Wed 23:10","Badminton / Sat / 20:00
Nudge Fri / 23:45","Pool / Sat / 20:00
Booked Fri / 23:35",NO 3 of 4,3 of 4,NO,YES,YES,YES
R-310,"Pool / Sun / 17:00 / Sat 04:15
Pool / Fri / 15:00 / Thu 19:05
Pool / Sun / 08:00 / Fri 03:40","Pool / Sat / 15:00
Nudge Sat / 01:35","Gym / Sat / 07:00
Booked Sat / 00:00",NO 1 of 4,1 of 4,NO,YES,NO,NO
R-139,"Pool / Wed / 18:00 / Wed 08:00
Pool / Mon / 19:00 / Mon 15:30
Gym / Thu / 19:00 / Wed 13:55","Gym / Sat / 18:00
Nudge Sat / 01:10","Pool / Mon / 08:00
Booked Sat / 00:40",NO 0 of 4,0 of 4,NO,NO,NO,NO
R-219,"Tennis / Sat / 20:00 / Fri 08:00
Badminton / Tue / 21:00 / Mon 20:40
Badminton / Fri / 06:00 / Wed 19:00","Pool / Sat / 18:00
Nudge Sat / 02:10","Badminton / Sat / 18:00
Booked Sat / 00:45",NO 2 of 4,2 of 4,NO,YES,YES,NO
R-417,"Pool / Sat / 11:00 / Fri 11:45
Pool / Sun / 08:00 / Sat 12:50
Pool / Sun / 14:00 / Sun 08:10","Pool / Sat / 18:00
Nudge Sat / 03:50","Pool / Sat / 15:00
Booked Sat / 01:05",NO 2 of 4,2 of 4,YES,YES,NO,NO
R-158,"Badminton / Sun / 16:00 / Sat 20:55
Pool / Sat / 16:00 / Sat 03:55
Pool / Sun / 18:00 / Sun 04:10","Pool / Sat / 18:00
Nudge Sat / 03:55","Pool / Sun / 15:00
Booked Sat / 01:25",NO 1 of 4,1 of 4,YES,NO,NO,NO
R-431,"Pool / Fri / 11:00 / Thu 09:35
Pool / Sat / 14:00 / Fri 16:40
Clubhouse / Sun / 17:00 / Fri 13:10","Pool / Sat / 16:00
Nudge Sat / 02:35","Pool / Sat / 11:00
Booked Sat / 01:55",NO 3 of 4,3 of 4,YES,YES,NO,YES
R-126,"Pool / Wed / 21:00 / Wed 06:10
Badminton / Fri / 18:00 / Thu 16:05
Tennis / Wed / 20:00 / Wed 03:45","Gym / Sat / 18:00
Nudge Sat / 02:25","Badminton / Sat / 18:00
Booked Sat / 02:55",NO 3 of 4,3 of 4,NO,YES,YES,YES
R-364,"Gym / Tue / 20:00 / Mon 19:20
Badminton / Thu / 21:00 / Thu 06:25
Pool / Sat / 21:00 / Sat 08:00","Badminton / Sat / 21:00
Nudge Sat / 04:25","Badminton / Sat / 19:00
Booked Sat / 03:10",NO 2 of 4,2 of 4,YES,YES,NO,NO
R-286,"Gym / Fri / 18:00 / Fri 02:10
Gym / Sat / 18:00 / Fri 18:35
Gym / Sat / 19:00 / Fri 21:20","Badminton / Sat / 18:00
Nudge Sat / 03:30","Gym / Sat / 21:00
Booked Sat / 03:25",NO 2 of 4,2 of 4,NO,YES,NO,YES
R-161,"Clubhouse / Sat / 18:00 / Fri 21:15
Pool / Sat / 15:00 / Sat 02:20
Clubhouse / Sat / 11:00 / Fri 18:40","Pool / Sat / 15:00
Nudge Sat / 03:50","Clubhouse / Sat / 18:00
Booked Sat / 03:25",NO 2 of 4,2 of 4,NO,YES,NO,YES
R-270,"Pool / Sun / 11:00 / Sun 01:55
Pool / Sat / 16:00 / Fri 17:10
Pool / Sat / 17:00 / Fri 17:15","Pool / Sat / 10:00
Nudge Sat / 02:45","Pool / Sat / 14:00
Booked Sat / 03:30",NO 3 of 4,3 of 4,YES,YES,NO,YES
R-211,"Pool / Tue / 11:00 / Mon 03:00
Clubhouse / Sat / 18:00 / Wed 16:30
Pool / Sat / 15:00 / Fri 16:35","Pool / Sat / 18:00
Nudge Sat / 05:00","Pool / Sat / 16:00
Booked Sat / 03:35",NO 2 of 4,2 of 4,YES,YES,NO,NO
R-192,"Pool / Sun / 17:00 / Sat 16:20
Gym / Sun / 16:00 / Sun 02:45
Gym / Sun / 14:00 / Sat 22:15","Pool / Sat / 18:00
Nudge Sat / 05:40","Pool / Sat / 13:00
Booked Sat / 03:35",NO 2 of 4,2 of 4,YES,YES,NO,NO
R-109,"Pool / Sun / 16:00 / Sat 12:50
Clubhouse / Sun / 16:00 / Wed 08:35
Pool / Sat / 17:00 / Fri 18:55","Pool / Sat / 10:00
Nudge Sat / 02:15","Pool / Sat / 15:00
Booked Sat / 03:40",NO 2 of 4,2 of 4,YES,YES,NO,NO
R-192,"Gym / Sun / 16:00 / Sun 02:45
Gym / Sun / 14:00 / Sat 22:15
Pool / Sat / 13:00 / Sat 03:35","Pool / Sat / 16:00
Nudge Sat / 05:30","Pool / Sat / 11:00
Booked Sat / 04:00",NO 2 of 4,2 of 4,YES,YES,NO,NO
R-137,"Pool / Sat / 17:00 / Sat 04:05
Pool / Sun / 18:00 / Sun 13:15
Pool / Tue / 17:00 / Tue 08:20","Gym / Sat / 17:00
Nudge Sat / 05:25","Badminton / Sat / 17:00
Booked Sat / 04:10",NO 2 of 4,2 of 4,NO,YES,YES,NO
R-194,"Pool / Sun / 19:00 / Sun 07:40
Gym / Mon / 18:00 / Sun 20:40
Tennis / Tue / 07:00 / Mon 13:05","Gym / Sat / 18:00
Nudge Sat / 04:55","Gym / Sat / 18:00
Booked Sat / 04:15",YES 4 of 4,4 of 4,YES,YES,YES,YES
R-243,"Badminton / Tue / 21:00 / Mon 22:15
Badminton / Fri / 20:00 / Thu 11:50
Pool / Sat / 20:00 / Thu 19:10","Pool / Sat / 18:00
Nudge Sat / 03:55","Badminton / Sat / 21:00
Booked Sat / 04:25",NO 2 of 4,2 of 4,NO,YES,NO,YES
R-271,"Gym / Thu / 06:00 / Wed 22:45
Pool / Fri / 16:00 / Fri 00:50
Gym / Fri / 08:00 / Fri 03:45","Gym / Sat / 06:00
Nudge Fri / 14:15","Gym / Sat / 08:00
Booked Sat / 04:25",NO 2 of 4,2 of 4,YES,YES,NO,NO
R-406,"Clubhouse / Sun / 10:00 / Sun 10:35
Clubhouse / Sat / 16:00 / Wed 20:45
Pool / Sat / 17:00 / Thu 01:15","Pool / Sat / 10:00
Nudge Sat / 02:05","Pool / Sat / 17:00
Booked Sat / 04:25",NO 2 of 4,2 of 4,YES,YES,NO,NO
R-277,"Badminton / Thu / 12:00 / Wed 03:10
Gym / Thu / 21:00 / Wed 18:20
Badminton / Sat / 21:00 / Fri 10:50","Badminton / Sat / 21:00
Nudge Sat / 04:45","Pool / Sat / 18:00
Booked Sat / 05:35",NO 2 of 4,2 of 4,NO,YES,NO,YES
R-274,"Badminton / Fri / 21:00 / Tue 11:50
Gym / Sat / 07:00 / Fri 06:00
Pool / Fri / 19:00 / Fri 09:10","Badminton / Sat / 18:00
Nudge Sat / 03:55","Badminton / Sat / 21:00
Booked Sat / 06:15",NO 2 of 4,2 of 4,YES,YES,NO,NO
R-392,"Pool / Sat / 17:00 / Fri 11:45
Pool / Sun / 15:00 / Sat 17:35
Clubhouse / Fri / 14:00 / Wed 10:50","Pool / Sat / 18:00
Nudge Sat / 07:55","Pool / Sat / 10:00
Booked Sat / 06:15",NO 2 of 4,2 of 4,YES,YES,NO,NO
R-192,"Gym / Sun / 14:00 / Sat 22:15
Pool / Sat / 13:00 / Sat 03:35
Pool / Sat / 11:00 / Sat 04:00","Pool / Sat / 18:00
Nudge Sat / 08:50","Pool / Sat / 15:00
Booked Sat / 06:25",NO 2 of 4,2 of 4,YES,YES,NO,NO
R-274,"Gym / Sat / 07:00 / Fri 06:00
Pool / Fri / 19:00 / Fri 09:10
Badminton / Sat / 21:00 / Sat 06:15","Badminton / Sat / 18:00
Nudge Sat / 03:25","Badminton / Sat / 18:00
Booked Sat / 06:25",NO 3 of 4,3 of 4,YES,YES,YES,NO
R-377,"Gym / Sun / 08:00 / Sun 01:30
Gym / Wed / 17:00 / Tue 19:05
Gym / Sun / 11:00 / Sun 01:50","Gym / Sat / 19:00
Nudge Sat / 06:45","Hall / Sat / 12:00
Booked Sat / 06:50",NO 1 of 4,1 of 4,NO,YES,NO,NO
R-281,"Tennis / Wed / 19:00 / Tue 13:25
Tennis / Fri / 19:00 / Thu 11:55
Gym / Thu / 19:00 / Thu 12:45","Gym / Sat / 20:00
Nudge Sat / 08:40","Gym / Sat / 19:00
Booked Sat / 07:25",NO 2 of 4,2 of 4,YES,YES,NO,NO
R-195,"Pool / Sun / 10:00 / Sat 07:50
Pool / Sat / 10:00 / Fri 19:35
Pool / Sat / 17:00 / Fri 22:25","Pool / Sat / 17:00
Nudge Sat / 09:05","Pool / Sat / 14:00
Booked Sat / 07:45",NO 2 of 4,2 of 4,YES,YES,NO,NO
R-192,"Pool / Sat / 13:00 / Sat 03:35
Pool / Sat / 11:00 / Sat 04:00
Pool / Sat / 15:00 / Sat 06:25","Pool / Sat / 15:00
Nudge Sat / 07:40","Pool / Sat / 14:00
Booked Sat / 07:55",NO 3 of 4,3 of 4,YES,YES,NO,YES
R-320,"Pool / Sun / 17:00 / Fri 23:00
Clubhouse / Tue / 21:00 / Sun 22:10
Pool / Thu / 19:00 / Thu 07:15","Gym / Sat / 19:00
Nudge Sat / 08:20","Pool / Mon / 19:00
Booked Sat / 08:05",NO 1 of 4,1 of 4,NO,NO,YES,NO
R-345,"Gym / Wed / 07:00 / Tue 19:50
Pool / Fri / 17:00 / Fri 10:55
Badminton / Thu / 18:00 / Wed 14:50","Pool / Sun / 07:00
Nudge Sat / 15:25","Gym / Sat / 18:00
Booked Sat / 08:50",NO 0 of 4,0 of 4,NO,NO,NO,NO
R-397,"Badminton / Wed / 18:00 / Tue 22:00
Pool / Fri / 19:00 / Fri 00:45
Pool / Fri / 20:00 / Fri 09:55","Gym / Sat / 18:00
Nudge Sat / 09:50","Badminton / Sat / 19:00
Booked Sat / 08:55",NO 2 of 4,2 of 4,NO,YES,NO,YES
R-381,"Gym / Thu / 17:00 / Thu 00:15
Badminton / Fri / 12:00 / Thu 04:25
Pool / Wed / 08:00 / Tue 09:25","Gym / Sat / 08:00
Nudge Fri / 13:55","Gym / Sat / 17:00
Booked Sat / 09:00",NO 2 of 4,2 of 4,YES,YES,NO,NO
R-192,"Pool / Sat / 11:00 / Sat 04:00
Pool / Sat / 15:00 / Sat 06:25
Pool / Sat / 14:00 / Sat 07:55","Pool / Sat / 15:00
Nudge Sat / 08:30","Pool / Sun / 17:00
Booked Sat / 09:15",NO 1 of 4,1 of 4,YES,NO,NO,NO
R-149,"Badminton / Sat / 20:00 / Sat 14:50
Badminton / Mon / 13:00 / Mon 02:50
Badminton / Fri / 18:00 / Thu 04:55","Gym / Sat / 18:00
Nudge Sat / 10:30","Pool / Sat / 18:00
Booked Sat / 09:50",NO 3 of 4,3 of 4,NO,YES,YES,YES
R-113,"Pool / Sun / 17:00 / Sun 10:45
Clubhouse / Sat / 14:00 / Wed 16:55
Pool / Sun / 16:00 / Sun 07:55","Pool / Sat / 18:00
Nudge Sat / 10:55","Gym / Sat / 18:00
Booked Sat / 10:15",NO 3 of 4,3 of 4,NO,YES,YES,YES
R-378,"Clubhouse / Sun / 17:00 / Sat 13:50
Clubhouse / Sat / 14:00 / Sat 14:50
Pool / Sun / 16:00 / Sun 01:30","Pool / Sat / 11:00
Nudge Fri / 19:45","Gym / Sat / 18:00
Booked Sat / 10:20",NO 1 of 4,1 of 4,NO,YES,NO,NO
R-339,"Pool / Sat / 17:00 / Fri 21:50
Gym / Tue / 13:00 / Tue 00:00
Pool / Fri / 07:00 / Wed 15:10","Gym / Mon / 07:00
Nudge Sun / 10:20","Gym / Sun / 06:00
Booked Sat / 11:05",NO 1 of 4,1 of 4,YES,NO,NO,NO
R-423,"Tennis / Fri / 06:00 / Tue 16:15
Gym / Wed / 06:00 / Wed 00:40
Tennis / Thu / 06:00 / Wed 19:25","Gym / Mon / 08:00
Nudge Sun / 12:15","Pool / Mon / 06:00
Booked Sat / 11:05",NO 1 of 4,1 of 4,NO,YES,NO,NO
R-309,"Pool / Sat / 16:00 / Thu 15:35
Pool / Wed / 10:00 / Tue 19:00
Pool / Sat / 17:00 / Wed 17:15","Pool / Sat / 18:00
Nudge Sat / 09:35","Clubhouse / Sat / 11:00
Booked Sat / 11:25",NO 1 of 4,1 of 4,NO,YES,NO,NO
R-142,"Gym / Thu / 20:00 / Thu 10:50
Badminton / Sat / 17:00 / Fri 10:45
Badminton / Thu / 20:00 / Wed 17:55","Gym / Sat / 18:00
Nudge Sat / 11:20","Pool / Sun / 21:00
Booked Sat / 13:30",NO 0 of 4,0 of 4,NO,NO,NO,NO
R-138,"Pool / Sun / 15:00 / Sun 00:55
Pool / Sat / 14:00 / Sat 08:00
Pool / Sun / 17:00 / Sun 10:10","Pool / Sun / 18:00
Nudge Sun / 08:20","Pool / Sun / 18:00
Booked Sat / 13:55",NO 3 of 4,3 of 4,YES,YES,YES,NO
R-181,"Gym / Tue / 17:00 / Mon 19:05
Pool / Wed / 20:00 / Wed 13:30
Pool / Thu / 21:00 / Thu 05:10","Badminton / Sun / 18:00
Nudge Sat / 18:45","Pool / Sat / 18:00
Booked Sat / 14:00",NO 1 of 4,1 of 4,NO,NO,YES,NO
R-204,"Pool / Sat / 10:00 / Fri 21:25
Pool / Sat / 11:00 / Sat 05:05
Pool / Sat / 17:00 / Sat 01:00","Clubhouse / Sun / 18:00
Nudge Sat / 16:15","Pool / Sun / 17:00
Booked Sat / 14:00",NO 1 of 4,1 of 4,NO,YES,NO,NO
R-383,"Badminton / Mon / 21:00 / Sun 14:15
Tennis / Wed / 20:00 / Tue 04:05
Pool / Thu / 21:00 / Wed 17:50","Gym / Sat / 20:00
Nudge Sat / 13:20","Badminton / Sat / 21:00
Booked Sat / 15:45",NO 1 of 4,1 of 4,NO,YES,NO,NO
R-378,"Clubhouse / Sat / 14:00 / Sat 14:50
Pool / Sun / 16:00 / Sun 01:30
Gym / Sat / 18:00 / Sat 10:20","Pool / Sun / 18:00
Nudge Sat / 19:15","Pool / Sun / 10:00
Booked Sat / 16:15",NO 2 of 4,2 of 4,YES,YES,NO,NO
R-167,"Gym / Thu / 06:00 / Thu 00:10
Gym / Fri / 06:00 / Thu 10:05
Gym / Thu / 08:00 / Wed 12:30","Gym / Sun / 07:00
Nudge Sat / 17:30","Gym / Sun / 06:00
Booked Sat / 17:50",NO 3 of 4,3 of 4,YES,YES,NO,YES
R-435,"Clubhouse / Sat / 10:00 / Tue 13:20
Clubhouse / Sat / 15:00 / Wed 18:20
Pool / Sat / 17:00 / Thu 03:10","Clubhouse / Sun / 11:00
Nudge Sat / 17:25","Gym / Sun / 10:00
Booked Sat / 18:35",NO 1 of 4,1 of 4,NO,YES,NO,NO
R-139,"Pool / Mon / 19:00 / Mon 15:30
Gym / Thu / 19:00 / Wed 13:55
Pool / Mon / 08:00 / Sat 00:40","Gym / Sun / 18:00
Nudge Sat / 22:10","Pool / Sun / 16:00
Booked Sat / 18:40",NO 1 of 4,1 of 4,NO,YES,NO,NO
R-352,Badminton / Tue / 19:00 / Mon 15:05,"Gym / Sun / 20:00
Nudge Sat / 23:25","Badminton / Sun / 21:00
Booked Sat / 19:40",NO 1 of 4,1 of 4,NO,YES,NO,NO
R-113,"Clubhouse / Sat / 14:00 / Wed 16:55
Pool / Sun / 16:00 / Sun 07:55
Gym / Sat / 18:00 / Sat 10:15","Pool / Sun / 15:00
Nudge Sat / 21:45","Badminton / Sun / 10:00
Booked Sat / 19:50",NO 1 of 4,1 of 4,NO,YES,NO,NO
R-387,"Pool / Sun / 10:00 / Sun 02:20
Clubhouse / Mon / 16:00 / Fri 18:20
Gym / Sun / 18:00 / Sun 00:40","Gym / Sun / 18:00
Nudge Sat / 21:40","Pool / Sun / 16:00
Booked Sat / 20:05",NO 1 of 4,1 of 4,NO,YES,NO,NO
R-157,"Clubhouse / Sat / 11:00 / Fri 19:45
Pool / Tue / 17:00 / Tue 05:25
Pool / Thu / 15:00 / Thu 02:05","Gym / Sun / 18:00
Nudge Sat / 22:40","Pool / Sun / 11:00
Booked Sat / 20:15",NO 1 of 4,1 of 4,NO,YES,NO,NO
R-263,"Gym / Wed / 06:00 / Tue 13:40
Gym / Fri / 07:00 / Thu 21:25
Gym / Fri / 08:00 / Fri 03:25","Gym / Sun / 07:00
Nudge Sat / 21:40","Gym / Mon / 08:00
Booked Sat / 21:15",NO 1 of 4,1 of 4,YES,NO,NO,NO
R-383,"Tennis / Wed / 20:00 / Tue 04:05
Pool / Thu / 21:00 / Wed 17:50
Badminton / Sat / 21:00 / Sat 15:45","Badminton / Sat / 20:00
Nudge Fri / 22:10","Badminton / Sun / 20:00
Booked Sat / 21:20",NO 2 of 4,2 of 4,YES,NO,YES,NO
R-292,"Pool / Sat / 14:00 / Fri 23:45
Pool / Sun / 11:00 / Sat 22:20
Clubhouse / Fri / 19:00 / Wed 10:20","Pool / Sun / 10:00
Nudge Sat / 20:40","Clubhouse / Sun / 12:00
Booked Sat / 21:20",NO 2 of 4,2 of 4,NO,YES,NO,YES
R-149,"Badminton / Mon / 13:00 / Mon 02:50
Badminton / Fri / 18:00 / Thu 04:55
Pool / Sat / 18:00 / Sat 09:50","Gym / Sat / 18:00
Nudge Fri / 23:10","Badminton / Sun / 21:00
Booked Sat / 21:35",NO 0 of 4,0 of 4,NO,NO,NO,NO
R-139,"Gym / Thu / 19:00 / Wed 13:55
Pool / Mon / 08:00 / Sat 00:40
Pool / Sun / 16:00 / Sat 18:40","Gym / Sun / 19:00
Nudge Sat / 23:10","Pool / Mon / 17:00
Booked Sat / 22:00",NO 0 of 4,0 of 4,NO,NO,NO,NO
R-369,"Gym / Mon / 19:00 / Sun 00:10
Gym / Mon / 08:00 / Sun 16:40
Gym / Thu / 06:00 / Wed 23:45","Tennis / Mon / 08:00
Nudge Sun / 13:20","Tennis / Sun / 07:00
Booked Sat / 22:30",NO 1 of 4,1 of 4,YES,NO,NO,NO
R-226,"Pool / Sun / 16:00 / Sun 03:00
Hall / Sat / 22:00 / Mon 04:20
Hall / Sun / 12:00 / Thu 03:15","Pool / Sun / 18:00
Nudge Sat / 22:50","Badminton / Sun / 11:00
Booked Sat / 22:40",NO 2 of 4,2 of 4,NO,YES,NO,YES
R-317,Pool / Mon / 12:00 / Sun 10:50,"Gym / Sun / 08:00
Nudge Sat / 23:25","Pool / Sun / 10:00
Booked Sat / 23:05",NO 2 of 4,2 of 4,NO,YES,NO,YES
R-395,"Clubhouse / Sun / 16:00 / Wed 18:00
Clubhouse / Sat / 18:00 / Thu 08:10
Gym / Fri / 18:00 / Thu 11:25","Pool / Sun / 10:00
Nudge Sun / 00:40","Pool / Sun / 12:00
Booked Sun / 00:45",NO 3 of 4,3 of 4,YES,YES,NO,YES
R-222,"Gym / Fri / 19:00 / Fri 08:30
Gym / Mon / 20:00 / Sat 20:45
Tennis / Mon / 19:00 / Sun 19:10","Badminton / Tue / 21:00
Nudge Mon / 23:30","Gym / Sun / 18:00
Booked Sun / 01:25",NO 0 of 4,0 of 4,NO,NO,NO,NO
R-376,"Gym / Sun / 18:00 / Sat 22:05
Clubhouse / Thu / 16:00 / Wed 06:15
Pool / Sat / 14:00 / Fri 21:00","Pool / Sun / 14:00
Nudge Sun / 03:05","Pool / Sun / 18:00
Booked Sun / 01:50",NO 2 of 4,2 of 4,YES,YES,NO,NO
R-393,"Pool / Tue / 08:00 / Sun 16:45
Gym / Fri / 08:00 / Thu 17:45
Badminton / Fri / 18:00 / Thu 08:55","Pool / Sun / 19:00
Nudge Sun / 05:25","Pool / Sun / 12:00
Booked Sun / 02:05",NO 2 of 4,2 of 4,YES,YES,NO,NO
R-145,"Gym / Sun / 08:00 / Sun 01:05
Gym / Mon / 08:00 / Mon 03:15
Tennis / Wed / 07:00 / Tue 21:30","Gym / Tue / 08:00
Nudge Tue / 00:55","Pool / Mon / 07:00
Booked Sun / 02:10",NO 0 of 4,0 of 4,NO,NO,NO,NO
R-155,"Gym / Mon / 07:00 / Mon 00:15
Tennis / Tue / 07:00 / Mon 06:45
Gym / Thu / 10:00 / Tue 10:50","Gym / Sun / 08:00
Nudge Sun / 00:55","Tennis / Mon / 06:00
Booked Sun / 02:45",NO 0 of 4,0 of 4,NO,NO,NO,NO
R-395,"Clubhouse / Sat / 18:00 / Thu 08:10
Gym / Fri / 18:00 / Thu 11:25
Pool / Sun / 12:00 / Sun 00:45","Pool / Sun / 10:00
Nudge Sun / 02:10","Pool / Sun / 11:00
Booked Sun / 03:05",NO 3 of 4,3 of 4,YES,YES,NO,YES
R-353,"Gym / Thu / 14:00 / Wed 15:00
Pool / Sat / 18:00 / Fri 12:45
Gym / Fri / 19:00 / Fri 13:05","Badminton / Tue / 18:00
Nudge Tue / 01:15","Tennis / Tue / 21:00
Booked Sun / 03:20",NO 1 of 4,1 of 4,NO,YES,NO,NO
R-227,"Badminton / Fri / 19:00 / Thu 15:30
Badminton / Fri / 21:00 / Fri 10:15
Gym / Sat / 08:00 / Fri 19:35","Badminton / Tue / 18:00
Nudge Tue / 02:40","Badminton / Mon / 21:00
Booked Sun / 03:30",NO 1 of 4,1 of 4,YES,NO,NO,NO
R-224,"Pool / Wed / 19:00 / Wed 00:20
Pool / Thu / 18:00 / Thu 05:00
Gym / Fri / 07:00 / Thu 22:00","Pool / Sun / 19:00
Nudge Sun / 06:10","Pool / Sun / 12:00
Booked Sun / 03:50",NO 2 of 4,2 of 4,YES,YES,NO,NO
R-273,"Gym / Sun / 11:00 / Sun 04:25
Pool / Sun / 17:00 / Sun 02:25
Clubhouse / Sat / 10:00 / Tue 14:35","Pool / Sun / 18:00
Nudge Sun / 06:10","Pool / Sun / 11:00
Booked Sun / 04:00",NO 2 of 4,2 of 4,YES,YES,NO,NO
R-446,"Pool / Mon / 06:00 / Sun 22:40
Gym / Thu / 19:00 / Thu 07:15
Gym / Fri / 07:00 / Thu 15:50","Gym / Mon / 08:00
Nudge Mon / 01:45","Tennis / Mon / 08:00
Booked Sun / 04:20",NO 2 of 4,2 of 4,NO,YES,YES,NO
R-350,"Pool / Sat / 11:00 / Fri 07:35
Clubhouse / Tue / 15:00 / Mon 08:25
Pool / Fri / 15:00 / Fri 09:30","Pool / Sun / 18:00
Nudge Sun / 06:15","Clubhouse / Mon / 10:00
Booked Sun / 04:30",NO 0 of 4,0 of 4,NO,NO,NO,NO
R-293,"Badminton / Sun / 20:00 / Sat 14:40
Badminton / Fri / 19:00 / Fri 06:05
Pool / Tue / 19:00 / Tue 13:00","Gym / Mon / 20:00
Nudge Mon / 03:55","Badminton / Mon / 07:00
Booked Sun / 04:40",NO 1 of 4,1 of 4,NO,YES,NO,NO
R-165,"Tennis / Fri / 15:00 / Wed 18:05
Clubhouse / Sun / 11:00 / Thu 13:15
Pool / Fri / 12:00 / Fri 01:35","Hall / Sun / 11:00
Nudge Thu / 08:40","Pool / Sun / 18:00
Booked Sun / 04:45",NO 1 of 4,1 of 4,NO,YES,NO,NO
R-159,"Gym / Mon / 06:00 / Sun 19:40
Gym / Tue / 08:00 / Mon 08:25
Gym / Fri / 08:00 / Wed 14:15","Gym / Mon / 08:00
Nudge Sun / 22:15","Tennis / Tue / 07:00
Booked Sun / 05:35",NO 0 of 4,0 of 4,NO,NO,NO,NO
R-376,"Clubhouse / Thu / 16:00 / Wed 06:15
Pool / Sat / 14:00 / Fri 21:00
Pool / Sun / 18:00 / Sun 01:50","Pool / Sun / 19:00
Nudge Sun / 07:35","Pool / Sun / 17:00
Booked Sun / 06:00",NO 2 of 4,2 of 4,YES,YES,NO,NO
R-298,"Gym / Mon / 19:00 / Mon 08:55
Tennis / Wed / 19:00 / Tue 06:25
Pool / Thu / 19:00 / Wed 16:40","Gym / Tue / 08:00
Nudge Mon / 12:45","Tennis / Tue / 08:00
Booked Sun / 06:15",NO 2 of 4,2 of 4,NO,YES,YES,NO
R-366,"Gym / Tue / 07:00 / Mon 17:40
Gym / Wed / 06:00 / Mon 18:05
Gym / Thu / 07:00 / Wed 09:55","Gym / Tue / 06:00
Nudge Mon / 06:20","Gym / Mon / 07:00
Booked Sun / 06:20",NO 1 of 4,1 of 4,YES,NO,NO,NO
R-275,"Clubhouse / Sun / 10:00 / Sat 05:20
Pool / Sat / 09:00 / Sat 02:45
Clubhouse / Sat / 14:00 / Sat 02:45","Pool / Sun / 18:00
Nudge Sun / 06:40","Pool / Sun / 16:00
Booked Sun / 06:45",NO 3 of 4,3 of 4,YES,YES,NO,YES
R-194,"Gym / Mon / 18:00 / Sun 20:40
Tennis / Tue / 07:00 / Mon 13:05
Gym / Sat / 18:00 / Sat 04:15","Gym / Sun / 18:00
Nudge Sun / 06:00","Pool / Sun / 17:00
Booked Sun / 06:50",NO 2 of 4,2 of 4,NO,YES,NO,YES
R-140,"Badminton / Sat / 21:00 / Thu 20:20
Badminton / Sat / 20:00 / Fri 20:35
Pool / Fri / 16:00 / Thu 17:15","Badminton / Tue / 20:00
Nudge Tue / 01:45","Badminton / Tue / 09:00
Booked Sun / 06:55",NO 2 of 4,2 of 4,YES,YES,NO,NO
R-237,Tennis / Thu / 20:00 / Wed 09:40,"Gym / Mon / 20:00
Nudge Mon / 03:20","Pool / Sun / 18:00
Booked Sun / 07:00",NO 0 of 4,0 of 4,NO,NO,NO,NO
R-403,"Gym / Fri / 21:00 / Fri 12:20
Badminton / Sat / 20:00 / Sat 02:45
Badminton / Wed / 13:00 / Tue 18:05","Badminton / Mon / 18:00
Nudge Mon / 01:35","Badminton / Sun / 15:00
Booked Sun / 07:25",NO 1 of 4,1 of 4,YES,NO,NO,NO
R-435,"Clubhouse / Sat / 15:00 / Wed 18:20
Pool / Sat / 17:00 / Thu 03:10
Gym / Sun / 10:00 / Sat 18:35","Pool / Sun / 18:00
Nudge Sun / 08:10","Pool / Sun / 16:00
Booked Sun / 07:25",NO 3 of 4,3 of 4,YES,YES,NO,YES
R-183,"Pool / Sun / 18:00 / Sun 01:00
Pool / Sat / 18:00 / Sat 01:55
Pool / Sat / 16:00 / Sat 09:40","Pool / Sun / 17:00
Nudge Sun / 08:25","Pool / Sun / 14:00
Booked Sun / 07:30",NO 3 of 4,3 of 4,YES,YES,NO,YES
R-252,"Gym / Thu / 18:00 / Thu 09:40
Badminton / Mon / 18:00 / Mon 09:20
Gym / Mon / 21:00 / Mon 12:55","Badminton / Mon / 21:00
Nudge Mon / 03:35","Badminton / Mon / 19:00
Booked Sun / 07:30",NO 2 of 4,2 of 4,YES,YES,NO,NO
R-300,"Pool / Sun / 17:00 / Sat 15:20
Gym / Sun / 11:00 / Sat 20:35
Gym / Sun / 18:00 / Sat 21:45","Pool / Sun / 16:00
Nudge Sun / 06:45","Pool / Sun / 15:00
Booked Sun / 07:45",NO 3 of 4,3 of 4,YES,YES,NO,YES
R-171,"Pool / Fri / 19:00 / Fri 03:55
Pool / Tue / 07:00 / Mon 09:40
Pool / Thu / 19:00 / Wed 01:30","Gym / Mon / 08:00
Nudge Sun / 12:00","Gym / Mon / 06:00
Booked Sun / 07:55",NO 2 of 4,2 of 4,YES,YES,NO,NO
R-399,"Tennis / Sat / 19:00 / Wed 17:50
Clubhouse / Mon / 19:00 / Sun 08:40
Pool / Wed / 11:00 / Tue 18:00","Gym / Sun / 19:00
Nudge Sun / 07:25","Pool / Sun / 17:00
Booked Sun / 08:20",NO 2 of 4,2 of 4,NO,YES,NO,YES
R-412,"Badminton / Wed / 19:00 / Sat 23:50
Pool / Thu / 19:00 / Thu 08:40
Pool / Tue / 18:00 / Sun 04:45","Badminton / Mon / 20:00
Nudge Mon / 01:30","Badminton / Tue / 07:00
Booked Sun / 08:20",NO 1 of 4,1 of 4,YES,NO,NO,NO
R-195,"Pool / Sat / 10:00 / Fri 19:35
Pool / Sat / 17:00 / Fri 22:25
Pool / Sat / 14:00 / Sat 07:45","Pool / Sun / 15:00
Nudge Sun / 08:00","Pool / Sun / 18:00
Booked Sun / 08:20",NO 3 of 4,3 of 4,YES,YES,NO,YES
R-137,"Pool / Sun / 18:00 / Sun 13:15
Pool / Tue / 17:00 / Tue 08:20
Badminton / Sat / 17:00 / Sat 04:10","Pool / Sun / 19:00
Nudge Sun / 08:45","Pool / Mon / 19:00
Booked Sun / 09:10",NO 2 of 4,2 of 4,YES,NO,YES,NO
R-400,"Gym / Sun / 15:00 / Sat 03:15
Pool / Sat / 15:00 / Sat 11:20
Clubhouse / Sat / 14:00 / Fri 19:40","Pool / Sun / 15:00
Nudge Sun / 08:10","Pool / Sun / 16:00
Booked Sun / 09:35",NO 2 of 4,2 of 4,YES,YES,NO,NO
R-279,"Pool / Wed / 06:00 / Sun 20:15
Pool / Fri / 19:00 / Wed 00:55
Pool / Sat / 19:00 / Thu 01:15","Gym / Mon / 08:00
Nudge Sun / 12:10","Gym / Sun / 19:00
Booked Sun / 09:40",NO 1 of 4,1 of 4,YES,NO,NO,NO
R-272,"Gym / Mon / 21:00 / Sun 23:30
Badminton / Thu / 09:00 / Tue 14:25
Badminton / Fri / 18:00 / Fri 05:20","Badminton / Mon / 20:00
Nudge Mon / 02:25","Badminton / Tue / 20:00
Booked Sun / 09:45",NO 2 of 4,2 of 4,YES,NO,YES,NO
R-238,"Gym / Sat / 09:00 / Fri 10:30
Pool / Sat / 10:00 / Fri 16:40
Pool / Sat / 17:00 / Fri 18:15","Pool / Sun / 16:00
Nudge Sun / 08:15","Pool / Sun / 16:00
Booked Sun / 09:45",NO 3 of 4,3 of 4,YES,YES,YES,NO
R-117,"Gym / Mon / 08:00 / Mon 03:05
Gym / Wed / 06:00 / Tue 18:30
Gym / Thu / 22:00 / Wed 22:50","Gym / Mon / 08:00
Nudge Sun / 11:00","Pool / Mon / 08:00
Booked Sun / 10:55",NO 3 of 4,3 of 4,NO,YES,YES,YES
R-126,"Badminton / Fri / 18:00 / Thu 16:05
Tennis / Wed / 20:00 / Wed 03:45
Badminton / Sat / 18:00 / Sat 02:55","Badminton / Mon / 18:00
Nudge Sun / 23:35","Pool / Sun / 19:00
Booked Sun / 11:05",NO 0 of 4,0 of 4,NO,NO,NO,NO
R-412,"Pool / Thu / 19:00 / Thu 08:40
Pool / Tue / 18:00 / Sun 04:45
Badminton / Tue / 07:00 / Sun 08:20","Badminton / Mon / 20:00
Nudge Sun / 23:10","Gym / Mon / 18:00
Booked Sun / 11:25",NO 1 of 4,1 of 4,NO,YES,NO,NO
R-358,"Gym / Wed / 07:00 / Tue 19:50
Gym / Thu / 06:00 / Wed 00:10
Gym / Fri / 13:00 / Fri 03:15","Gym / Mon / 07:00
Nudge Sun / 12:15","Gym / Mon / 08:00
Booked Sun / 11:50",NO 3 of 4,3 of 4,YES,YES,NO,YES
R-243,"Badminton / Fri / 20:00 / Thu 11:50
Pool / Sat / 20:00 / Thu 19:10
Badminton / Sat / 21:00 / Sat 04:25","Badminton / Mon / 18:00
Nudge Sun / 19:00","Badminton / Mon / 20:00
Booked Sun / 12:00",NO 2 of 4,2 of 4,YES,YES,NO,NO
R-102,"Gym / Tue / 08:00 / Mon 18:20
Pool / Tue / 06:00 / Mon 21:30
Gym / Thu / 08:00 / Tue 08:25","Gym / Mon / 07:00
Nudge Sun / 13:10","Gym / Mon / 06:00
Booked Sun / 13:45",NO 3 of 4,3 of 4,YES,YES,NO,YES
R-352,"Badminton / Tue / 19:00 / Mon 15:05
Badminton / Sun / 21:00 / Sat 19:40","Gym / Mon / 21:00
Nudge Mon / 09:05","Badminton / Mon / 21:00
Booked Sun / 13:45",NO 2 of 4,2 of 4,NO,YES,YES,NO
R-242,"Gym / Mon / 19:00 / Mon 10:40
Pool / Fri / 08:00 / Fri 01:25
Pool / Fri / 07:00 / Fri 03:05","Gym / Mon / 08:00
Nudge Sun / 16:30","Gym / Mon / 07:00
Booked Sun / 14:10",NO 2 of 4,2 of 4,YES,YES,NO,NO
R-409,"Gym / Mon / 06:00 / Sun 09:25
Tennis / Mon / 06:00 / Sat 14:35
Gym / Fri / 08:00 / Thu 21:45","Gym / Mon / 06:00
Nudge Sun / 14:25","Pool / Mon / 08:00
Booked Sun / 14:40",NO 2 of 4,2 of 4,NO,YES,NO,YES
R-119,"Gym / Mon / 07:00 / Mon 00:55
Gym / Tue / 08:00 / Tue 03:45
Gym / Thu / 07:00 / Thu 02:15","Gym / Mon / 06:00
Nudge Sun / 14:25","Gym / Mon / 08:00
Booked Sun / 14:45",NO 3 of 4,3 of 4,YES,YES,NO,YES
R-105,"Gym / Fri / 18:00 / Fri 09:15
Pool / Mon / 18:00 / Mon 13:30
Tennis / Fri / 06:00 / Wed 08:55","Gym / Mon / 06:00
Nudge Sun / 15:40","Gym / Mon / 06:00
Booked Sun / 15:55",YES 4 of 4,4 of 4,YES,YES,YES,YES
R-227,"Badminton / Fri / 21:00 / Fri 10:15
Gym / Sat / 08:00 / Fri 19:35
Badminton / Mon / 21:00 / Sun 03:30","Badminton / Tue / 18:00
Nudge Mon / 17:25","Badminton / Mon / 18:00
Booked Sun / 16:00",NO 2 of 4,2 of 4,YES,NO,YES,NO
R-114,"Pool / Mon / 08:00 / Sat 15:50
Pool / Wed / 07:00 / Tue 20:25
Tennis / Thu / 08:00 / Wed 13:40","Gym / Mon / 08:00
Nudge Sun / 16:45","Tennis / Mon / 07:00
Booked Sun / 16:30",NO 2 of 4,2 of 4,NO,YES,NO,YES
R-200,"Gym / Sun / 07:00 / Sat 18:35
Badminton / Fri / 12:00 / Fri 01:15
Clubhouse / Thu / 17:00 / Tue 17:55","Gym / Sun / 19:00
Nudge Sun / 00:15","Pool / Mon / 07:00
Booked Sun / 17:20",NO 0 of 4,0 of 4,NO,NO,NO,NO
R-330,"Badminton / Tue / 18:00 / Tue 03:50
Badminton / Wed / 08:00 / Tue 22:10
Tennis / Fri / 18:00 / Thu 08:40","Badminton / Mon / 18:00
Nudge Sun / 18:55","Pool / Tue / 09:00
Booked Sun / 18:05",NO 0 of 4,0 of 4,NO,NO,NO,NO
R-366,"Gym / Wed / 06:00 / Mon 18:05
Gym / Thu / 07:00 / Wed 09:55
Gym / Mon / 07:00 / Sun 06:20","Gym / Mon / 06:00
Nudge Sun / 18:35","Gym / Tue / 08:00
Booked Sun / 18:20",NO 1 of 4,1 of 4,YES,NO,NO,NO
R-302,"Tennis / Sun / 18:00 / Tue 18:30
Gym / Fri / 22:00 / Thu 23:35
Badminton / Thu / 18:00 / Wed 02:10","Gym / Sun / 18:00
Nudge Sat / 21:50","Badminton / Tue / 07:00
Booked Sun / 18:25",NO 0 of 4,0 of 4,NO,NO,NO,NO
R-375,"Gym / Fri / 08:00 / Fri 03:45
Pool / Wed / 07:00 / Sun 07:05
Gym / Thu / 08:00 / Wed 20:45","Gym / Mon / 06:00
Nudge Sun / 18:50","Gym / Mon / 08:00
Booked Sun / 18:40",NO 3 of 4,3 of 4,YES,YES,NO,YES
R-240,"Gym / Tue / 06:00 / Mon 23:05
Gym / Thu / 06:00 / Wed 13:45
Gym / Fri / 07:00 / Thu 19:35","Gym / Mon / 06:00
Nudge Sun / 20:35","Gym / Mon / 06:00
Booked Sun / 20:25",YES 4 of 4,4 of 4,YES,YES,YES,YES
R-430,"Gym / Fri / 18:00 / Thu 10:00
Badminton / Fri / 20:00 / Fri 00:50
Badminton / Sat / 19:00 / Fri 06:55","Badminton / Mon / 19:00
Nudge Sun / 19:45","Gym / Tue / 20:00
Booked Sun / 20:35",NO 0 of 4,0 of 4,NO,NO,NO,NO
R-309,"Pool / Wed / 10:00 / Tue 19:00
Pool / Sat / 17:00 / Wed 17:15
Clubhouse / Sat / 11:00 / Sat 11:25","Pool / Sun / 15:00
Nudge Sat / 20:40","Clubhouse / Sun / 10:00
Booked Sun / 20:40",NO 1 of 4,1 of 4,NO,YES,NO,NO
R-428,"Gym / Thu / 08:00 / Wed 21:45
Gym / Thu / 07:00 / Thu 01:30
Pool / Fri / 08:00 / Fri 03:30","Gym / Mon / 06:00
Nudge Sun / 20:30","Tennis / Wed / 08:00
Booked Sun / 20:40",NO 0 of 4,0 of 4,NO,NO,NO,NO
R-290,"Gym / Mon / 18:00 / Mon 07:05
Gym / Mon / 19:00 / Mon 05:50
Badminton / Fri / 08:00 / Wed 16:45","Badminton / Mon / 21:00
Nudge Sun / 21:45","Gym / Mon / 19:00
Booked Sun / 20:50",NO 2 of 4,2 of 4,NO,YES,NO,YES
R-331,"Tennis / Wed / 15:00 / Mon 16:55
Gym / Thu / 21:00 / Tue 21:40
Badminton / Fri / 20:00 / Thu 02:05","Badminton / Mon / 21:00
Nudge Sun / 21:40","Badminton / Mon / 20:00
Booked Sun / 21:05",NO 3 of 4,3 of 4,YES,YES,NO,YES
R-448,"Gym / Thu / 20:00 / Thu 12:50
Gym / Sat / 21:00 / Sat 11:55
Tennis / Tue / 18:00 / Mon 13:25","Badminton / Mon / 21:00
Nudge Sun / 22:10","Gym / Mon / 18:00
Booked Sun / 21:10",NO 1 of 4,1 of 4,NO,YES,NO,NO
R-221,"Tennis / Wed / 08:00 / Tue 03:30
Gym / Thu / 08:00 / Wed 11:25
Gym / Thu / 07:00 / Thu 01:55","Gym / Mon / 06:00
Nudge Sun / 21:35","Pool / Mon / 07:00
Booked Sun / 21:15",NO 2 of 4,2 of 4,NO,YES,NO,YES
R-218,"Badminton / Wed / 19:00 / Tue 21:20
Gym / Thu / 16:00 / Thu 07:50
Gym / Fri / 10:00 / Thu 14:35","Badminton / Tue / 20:00
Nudge Mon / 19:55","Badminton / Mon / 22:00
Booked Sun / 21:15",NO 1 of 4,1 of 4,YES,NO,NO,NO
R-432,"Tennis / Fri / 07:00 / Mon 10:45
Tennis / Tue / 06:00 / Mon 13:40
Pool / Sat / 15:00 / Wed 15:25","Gym / Tue / 08:00
Nudge Mon / 21:30","Gym / Mon / 06:00
Booked Sun / 21:40",NO 1 of 4,1 of 4,YES,NO,NO,NO
R-338,"Badminton / Thu / 20:00 / Sun 22:25
Gym / Sat / 18:00 / Sat 08:50
Badminton / Tue / 19:00 / Sun 21:35","Badminton / Mon / 20:00
Nudge Sun / 22:30","Gym / Mon / 18:00
Booked Sun / 22:05",NO 2 of 4,2 of 4,NO,YES,NO,YES
R-177,"Pool / Sun / 12:00 / Sat 09:30
Pool / Sun / 19:00 / Sun 08:35
Pool / Wed / 12:00 / Wed 03:45","Gym / Sun / 08:00
Nudge Sat / 22:55","Gym / Mon / 08:00
Booked Sun / 22:05",NO 2 of 4,2 of 4,YES,NO,YES,NO
R-401,"Gym / Sat / 08:00 / Sat 01:45
Gym / Mon / 07:00 / Sun 19:50
Gym / Fri / 07:00 / Thu 17:05","Gym / Mon / 08:00
Nudge Sun / 22:45","Gym / Mon / 06:00
Booked Sun / 22:10",NO 3 of 4,3 of 4,YES,YES,NO,YES
R-298,"Tennis / Wed / 19:00 / Tue 06:25
Pool / Thu / 19:00 / Wed 16:40
Tennis / Tue / 08:00 / Sun 06:15","Gym / Mon / 08:00
Nudge Sun / 22:55","Pool / Mon / 19:00
Booked Sun / 22:20",NO 2 of 4,2 of 4,NO,YES,NO,YES
R-281,"Tennis / Fri / 19:00 / Thu 11:55
Gym / Thu / 19:00 / Thu 12:45
Gym / Sat / 19:00 / Sat 07:25","Badminton / Mon / 20:00
Nudge Sun / 22:15","Badminton / Tue / 13:00
Booked Sun / 22:25",NO 1 of 4,1 of 4,YES,NO,NO,NO
R-174,"Gym / Wed / 14:00 / Wed 07:30
Tennis / Thu / 06:00 / Wed 23:10
Gym / Fri / 08:00 / Fri 05:35","Gym / Mon / 06:00
Nudge Sun / 22:35","Gym / Mon / 08:00
Booked Sun / 22:25",NO 3 of 4,3 of 4,YES,YES,NO,YES
R-431,"Pool / Sat / 14:00 / Fri 16:40
Clubhouse / Sun / 17:00 / Fri 13:10
Pool / Sat / 11:00 / Sat 01:55","Pool / Sun / 15:00
Nudge Sat / 22:10","Pool / Tue / 14:00
Booked Sun / 22:40",NO 1 of 4,1 of 4,YES,NO,NO,NO
R-312,"Clubhouse / Sat / 18:00 / Thu 11:45
Pool / Sat / 15:00 / Thu 15:15
Pool / Sat / 16:00 / Fri 20:35","Pool / Sun / 15:00
Nudge Sat / 21:35","Clubhouse / Sat / 11:00
Booked Sun / 22:50",NO 0 of 4,0 of 4,NO,NO,NO,NO
R-308,"Pool / Mon / 19:00 / Mon 15:00
Gym / Sat / 21:00 / Sat 13:55
Gym / Mon / 19:00 / Mon 05:45","Gym / Mon / 20:00
Nudge Sun / 23:50","Gym / Tue / 06:00
Booked Sun / 22:50",NO 1 of 4,1 of 4,YES,NO,NO,NO
R-213,"Gym / Mon / 18:00 / Sat 18:35
Pool / Thu / 18:00 / Wed 00:20
Badminton / Mon / 20:00 / Thu 20:20","Badminton / Tue / 20:00
Nudge Mon / 21:25","Badminton / Mon / 19:00
Booked Sun / 22:55",NO 1 of 4,1 of 4,YES,NO,NO,NO
R-252,"Badminton / Mon / 18:00 / Mon 09:20
Gym / Mon / 21:00 / Mon 12:55
Badminton / Mon / 19:00 / Sun 07:30","Badminton / Mon / 20:00
Nudge Sun / 22:25","Badminton / Mon / 18:00
Booked Sun / 22:55",NO 3 of 4,3 of 4,YES,YES,NO,YES
R-258,"Badminton / Tue / 19:00 / Tue 07:30
Pool / Wed / 12:00 / Wed 04:15
Hall / Thu / 12:00 / Thu 22:35","Gym / Sun / 08:00
Nudge Sat / 23:50","Pool / Mon / 12:00
Booked Sun / 23:00",NO 0 of 4,0 of 4,NO,NO,NO,NO
R-141,"Hall / Fri / 17:00 / Fri 12:55
Hall / Tue / 12:00 / Sat 14:50
Badminton / Mon / 18:00 / Sun 23:30","Gym / Tue / 18:00
Nudge Mon / 23:40","Tennis / Tue / 08:00
Booked Sun / 23:15",NO 1 of 4,1 of 4,NO,YES,NO,NO
R-424,"Tennis / Tue / 06:00 / Mon 14:35
Pool / Tue / 08:00 / Tue 02:35
Gym / Fri / 08:00 / Thu 06:15","Gym / Mon / 08:00
Nudge Sun / 23:30","Pool / Mon / 06:00
Booked Sun / 23:30",NO 2 of 4,2 of 4,NO,YES,NO,YES
R-444,"Pool / Tue / 06:00 / Mon 23:05
Gym / Thu / 06:00 / Thu 01:00
Gym / Fri / 08:00 / Fri 00:15","Gym / Mon / 06:00
Nudge Sun / 22:40","Gym / Mon / 06:00
Booked Sun / 23:30",YES 4 of 4,4 of 4,YES,YES,YES,YES
R-335,"Pool / Tue / 21:00 / Mon 22:30
Badminton / Tue / 18:00 / Mon 23:10
Badminton / Wed / 21:00 / Tue 04:00","Badminton / Mon / 18:00
Nudge Sun / 23:35","Badminton / Mon / 20:00
Booked Sun / 23:40",NO 3 of 4,3 of 4,YES,YES,NO,YES
R-201,"Gym / Fri / 18:00 / Fri 11:05
Pool / Sun / 19:00 / Sat 18:05
Tennis / Fri / 06:00 / Thu 16:50","Gym / Mon / 18:00
Nudge Mon / 00:10","Gym / Mon / 08:00
Booked Sun / 23:45",NO 2 of 4,2 of 4,YES,YES,NO,NO
R-434,"Gym / Wed / 07:00 / Tue 14:50
Gym / Thu / 06:00 / Wed 10:45
Tennis / Sun / 08:00 / Fri 23:00","Pool / Tue / 08:00
Nudge Mon / 20:30","Gym / Mon / 11:00
Booked Mon / 00:15",NO 0 of 4,0 of 4,NO,NO,NO,NO
R-240,"Gym / Thu / 06:00 / Wed 13:45
Gym / Fri / 07:00 / Thu 19:35
Gym / Mon / 06:00 / Sun 20:25","Gym / Mon / 06:00
Nudge Mon / 00:45","Gym / Tue / 07:00
Booked Mon / 00:25",NO 1 of 4,1 of 4,YES,NO,NO,NO
R-156,"Tennis / Thu / 08:00 / Tue 10:50
Pool / Wed / 08:00 / Tue 16:00
Pool / Thu / 07:00 / Wed 16:05","Gym / Mon / 08:00
Nudge Mon / 01:50","Pool / Mon / 08:00
Booked Mon / 00:45",NO 2 of 4,2 of 4,NO,YES,YES,NO
R-118,"Gym / Fri / 08:00 / Fri 02:15
Gym / Wed / 08:00 / Wed 03:45
Tennis / Fri / 10:00 / Thu 06:10","Gym / Mon / 06:00
Nudge Mon / 00:55","Tennis / Thu / 07:00
Booked Mon / 00:45",NO 0 of 4,0 of 4,NO,NO,NO,NO
R-271,"Pool / Fri / 16:00 / Fri 00:50
Gym / Fri / 08:00 / Fri 03:45
Gym / Sat / 08:00 / Sat 04:25","Gym / Mon / 06:00
Nudge Mon / 00:50","Pool / Mon / 06:00
Booked Mon / 00:45",NO 3 of 4,3 of 4,NO,YES,YES,YES
R-430,"Badminton / Fri / 20:00 / Fri 00:50
Badminton / Sat / 19:00 / Fri 06:55
Gym / Tue / 20:00 / Sun 20:35","Gym / Mon / 19:00
Nudge Mon / 02:15","Tennis / Mon / 20:00
Booked Mon / 01:10",NO 1 of 4,1 of 4,NO,YES,NO,NO
R-286,"Gym / Sat / 18:00 / Fri 18:35
Gym / Sat / 19:00 / Fri 21:20
Gym / Sat / 21:00 / Sat 03:25","Badminton / Tue / 20:00
Nudge Tue / 00:45","Tennis / Tue / 18:00
Booked Mon / 01:10",NO 1 of 4,1 of 4,NO,YES,NO,NO
R-432,"Tennis / Tue / 06:00 / Mon 13:40
Pool / Sat / 15:00 / Wed 15:25
Gym / Mon / 06:00 / Sun 21:40","Gym / Mon / 08:00
Nudge Mon / 01:30","Tennis / Fri / 07:00
Booked Mon / 01:40",NO 0 of 4,0 of 4,NO,NO,NO,NO
R-329,"Tennis / Fri / 08:00 / Thu 19:05
Gym / Tue / 06:00 / Mon 13:30
Gym / Fri / 06:00 / Thu 22:35","Gym / Mon / 08:00
Nudge Mon / 01:55","Gym / Mon / 07:00
Booked Mon / 02:00",NO 3 of 4,3 of 4,YES,YES,NO,YES
R-234,"Pool / Thu / 15:00 / Wed 06:55
Pool / Thu / 19:00 / Wed 11:45
Gym / Fri / 19:00 / Fri 10:25","Gym / Mon / 08:00
Nudge Mon / 03:15","Gym / Mon / 19:00
Booked Mon / 02:25",NO 3 of 4,3 of 4,YES,YES,NO,YES
R-175,"Badminton / Fri / 08:00 / Thu 18:25
Badminton / Tue / 18:00 / Mon 20:25
Pool / Thu / 17:00 / Wed 22:10","Gym / Mon / 19:00
Nudge Mon / 03:20","Gym / Mon / 17:00
Booked Mon / 02:30",NO 3 of 4,3 of 4,YES,YES,NO,YES
R-118,"Gym / Wed / 08:00 / Wed 03:45
Tennis / Fri / 10:00 / Thu 06:10
Tennis / Thu / 07:00 / Mon 00:45","Gym / Mon / 07:00
Nudge Mon / 02:30","Gym / Mon / 08:00
Booked Mon / 02:30",NO 3 of 4,3 of 4,YES,YES,NO,YES
R-272,"Badminton / Thu / 09:00 / Tue 14:25
Badminton / Fri / 18:00 / Fri 05:20
Badminton / Tue / 20:00 / Sun 09:45","Badminton / Mon / 20:00
Nudge Mon / 02:45","Gym / Mon / 18:00
Booked Mon / 02:45",NO 2 of 4,2 of 4,NO,YES,NO,YES
R-145,"Gym / Mon / 08:00 / Mon 03:15
Tennis / Wed / 07:00 / Tue 21:30
Pool / Mon / 07:00 / Sun 02:10","Gym / Mon / 08:00
Nudge Mon / 03:30","Gym / Mon / 06:00
Booked Mon / 02:55",NO 3 of 4,3 of 4,YES,YES,NO,YES
R-126,"Tennis / Wed / 20:00 / Wed 03:45
Badminton / Sat / 18:00 / Sat 02:55
Pool / Sun / 19:00 / Sun 11:05","Badminton / Tue / 18:00
Nudge Tue / 04:15","Badminton / Mon / 19:00
Booked Mon / 03:15",NO 1 of 4,1 of 4,YES,NO,NO,NO
R-110,"Pool / Mon / 19:00 / Sun 16:20
Pool / Wed / 19:00 / Wed 05:50
Tennis / Fri / 19:00 / Thu 14:00","Gym / Mon / 08:00
Nudge Mon / 02:15","Pool / Mon / 21:00
Booked Mon / 03:45",NO 1 of 4,1 of 4,NO,YES,NO,NO
R-167,"Gym / Fri / 06:00 / Thu 10:05
Gym / Thu / 08:00 / Wed 12:30
Gym / Sun / 06:00 / Sat 17:50","Gym / Tue / 06:00
Nudge Mon / 13:15","Badminton / Tue / 08:00
Booked Mon / 04:45",NO 1 of 4,1 of 4,NO,YES,NO,NO
R-128,"Gym / Tue / 18:00 / Tue 05:00
Badminton / Fri / 20:00 / Fri 05:30
Tennis / Thu / 18:00 / Wed 11:40","Gym / Mon / 20:00
Nudge Mon / 07:40","Badminton / Mon / 17:00
Booked Mon / 06:25",NO 1 of 4,1 of 4,NO,YES,NO,NO
R-313,"Badminton / Sat / 21:00 / Fri 17:25
Pool / Mon / 21:00 / Mon 14:35
Gym / Fri / 20:00 / Wed 23:10","Badminton / Tue / 18:00
Nudge Tue / 04:35","Gym / Mon / 21:00
Booked Mon / 06:55",NO 0 of 4,0 of 4,NO,NO,NO,NO
R-253,"Gym / Wed / 07:00 / Tue 14:30
Gym / Fri / 06:00 / Thu 10:00
Pool / Fri / 17:00 / Fri 13:40","Gym / Tue / 08:00
Nudge Mon / 11:20","Pool / Tue / 08:00
Booked Mon / 07:10",NO 2 of 4,2 of 4,NO,YES,YES,NO
R-169,"Gym / Wed / 21:00 / Wed 16:10
Badminton / Tue / 21:00 / Tue 04:45
Pool / Wed / 20:00 / Wed 13:40","Gym / Mon / 19:00
Nudge Mon / 08:30","Badminton / Tue / 18:00
Booked Mon / 07:20",NO 0 of 4,0 of 4,NO,NO,NO,NO
R-103,"Pool / Sun / 14:00 / Sat 21:55
Pool / Sun / 12:00 / Fri 12:55
Clubhouse / Sat / 10:00 / Wed 11:15","Pool / Tue / 16:00
Nudge Tue / 07:25","Clubhouse / Sat / 11:00
Booked Mon / 07:30",NO 0 of 4,0 of 4,NO,NO,NO,NO
R-443,"Badminton / Mon / 12:00 / Sun 18:05
Pool / Mon / 18:00 / Mon 12:55
Pool / Mon / 20:00 / Mon 13:40","Tennis / Tue / 18:00
Nudge Tue / 00:15","Badminton / Tue / 10:00
Booked Mon / 07:50",NO 1 of 4,1 of 4,NO,YES,NO,NO
R-421,"Gym / Mon / 08:00 / Sun 17:40
Gym / Mon / 07:00 / Sun 20:30
Gym / Thu / 06:00 / Wed 22:45","Gym / Tue / 07:00
Nudge Mon / 09:10","Gym / Tue / 06:00
Booked Mon / 08:05",NO 2 of 4,2 of 4,YES,YES,NO,NO
R-293,"Badminton / Fri / 19:00 / Fri 06:05
Pool / Tue / 19:00 / Tue 13:00
Badminton / Mon / 07:00 / Sun 04:40","Gym / Mon / 18:00
Nudge Mon / 09:55","Gym / Mon / 19:00
Booked Mon / 08:10",NO 2 of 4,2 of 4,YES,YES,NO,NO
R-225,"Pool / Thu / 19:00 / Tue 09:00
Pool / Wed / 19:00 / Wed 06:20
Gym / Thu / 07:00 / Wed 15:30","Pool / Tue / 08:00
Nudge Mon / 14:05","Pool / Tue / 19:00
Booked Mon / 08:20",NO 2 of 4,2 of 4,YES,YES,NO,NO
R-434,"Gym / Thu / 06:00 / Wed 10:45
Tennis / Sun / 08:00 / Fri 23:00
Gym / Mon / 11:00 / Mon 00:15","Pool / Tue / 08:00
Nudge Mon / 11:45","Tennis / Thu / 06:00
Booked Mon / 08:20",NO 0 of 4,0 of 4,NO,NO,NO,NO
R-308,"Gym / Sat / 21:00 / Sat 13:55
Gym / Mon / 19:00 / Mon 05:45
Gym / Tue / 06:00 / Sun 22:50","Gym / Mon / 20:00
Nudge Mon / 08:40","Gym / Mon / 19:00
Booked Mon / 08:35",NO 3 of 4,3 of 4,YES,YES,NO,YES
R-219,"Badminton / Tue / 21:00 / Mon 20:40
Badminton / Fri / 06:00 / Wed 19:00
Badminton / Sat / 18:00 / Sat 00:45","Tennis / Tue / 19:00
Nudge Mon / 22:00","Pool / Mon / 18:00
Booked Mon / 09:00",NO 0 of 4,0 of 4,NO,NO,NO,NO
R-397,"Pool / Fri / 19:00 / Fri 00:45
Pool / Fri / 20:00 / Fri 09:55
Badminton / Sat / 19:00 / Sat 08:55","Badminton / Tue / 18:00
Nudge Tue / 03:30","Gym / Mon / 19:00
Booked Mon / 09:20",NO 0 of 4,0 of 4,NO,NO,NO,NO
R-392,"Pool / Sun / 15:00 / Sat 17:35
Clubhouse / Fri / 14:00 / Wed 10:50
Pool / Sat / 10:00 / Sat 06:15","Pool / Tue / 15:00
Nudge Tue / 06:10","Clubhouse / Tue / 15:00
Booked Mon / 09:50",NO 2 of 4,2 of 4,NO,YES,YES,NO
R-434,"Tennis / Sun / 08:00 / Fri 23:00
Gym / Mon / 11:00 / Mon 00:15
Tennis / Thu / 06:00 / Mon 08:20","Pool / Tue / 08:00
Nudge Mon / 11:45","Gym / Wed / 07:00
Booked Mon / 09:55",NO 0 of 4,0 of 4,NO,NO,NO,NO
R-365,"Tennis / Thu / 21:00 / Wed 07:20
Badminton / Fri / 12:00 / Thu 23:45
Pool / Sat / 19:00 / Fri 20:30","Gym / Mon / 18:00
Nudge Mon / 11:40","Gym / Mon / 18:00
Booked Mon / 10:05",NO 3 of 4,3 of 4,YES,YES,YES,NO
R-104,"Pool / Wed / 21:00 / Wed 07:45
Badminton / Thu / 20:00 / Thu 08:00
Badminton / Fri / 18:00 / Thu 16:10","Gym / Tue / 20:00
Nudge Tue / 10:10","Tennis / Tue / 18:00
Booked Mon / 10:25",NO 1 of 4,1 of 4,NO,YES,NO,NO
R-362,"Gym / Tue / 21:00 / Tue 18:40
Pool / Fri / 10:00 / Fri 03:35
Badminton / Fri / 21:00 / Fri 05:05","Gym / Tue / 18:00
Nudge Tue / 10:50","Badminton / Mon / 18:00
Booked Mon / 10:30",NO 1 of 4,1 of 4,NO,NO,YES,NO
R-271,"Gym / Fri / 08:00 / Fri 03:45
Gym / Sat / 08:00 / Sat 04:25
Pool / Mon / 06:00 / Mon 00:45","Gym / Tue / 08:00
Nudge Mon / 12:10","Tennis / Wed / 06:00
Booked Mon / 10:35",NO 0 of 4,0 of 4,NO,NO,NO,NO
R-362,"Pool / Fri / 10:00 / Fri 03:35
Badminton / Fri / 21:00 / Fri 05:05
Badminton / Mon / 18:00 / Mon 10:30","Gym / Tue / 18:00
Nudge Tue / 12:05","Tennis / Mon / 20:00
Booked Mon / 11:10",NO 0 of 4,0 of 4,NO,NO,NO,NO
R-145,"Tennis / Wed / 07:00 / Tue 21:30
Pool / Mon / 07:00 / Sun 02:10
Gym / Mon / 06:00 / Mon 02:55","Gym / Tue / 07:00
Nudge Mon / 12:15","Tennis / Tue / 10:00
Booked Mon / 11:15",NO 1 of 4,1 of 4,NO,YES,NO,NO
R-300,"Gym / Sun / 11:00 / Sat 20:35
Gym / Sun / 18:00 / Sat 21:45
Pool / Sun / 15:00 / Sun 07:45","Clubhouse / Tue / 18:00
Nudge Mon / 21:35","Pool / Tue / 18:00
Booked Mon / 11:30",NO 2 of 4,2 of 4,NO,YES,YES,NO
R-253,"Gym / Fri / 06:00 / Thu 10:00
Pool / Fri / 17:00 / Fri 13:40
Pool / Tue / 08:00 / Mon 07:10","Gym / Tue / 08:00
Nudge Mon / 12:50","Tennis / Wed / 06:00
Booked Mon / 12:05",NO 0 of 4,0 of 4,NO,NO,NO,NO
R-354,"Tennis / Tue / 19:00 / Mon 12:20
Tennis / Wed / 07:00 / Sun 02:05
Tennis / Sun / 07:00 / Fri 20:10","Gym / Tue / 19:00
Nudge Tue / 13:20","Badminton / Mon / 19:00
Booked Mon / 12:35",NO 1 of 4,1 of 4,NO,NO,YES,NO
R-155,"Tennis / Tue / 07:00 / Mon 06:45
Gym / Thu / 10:00 / Tue 10:50
Tennis / Mon / 06:00 / Sun 02:45","Gym / Tue / 08:00
Nudge Mon / 12:20","Tennis / Tue / 14:00
Booked Mon / 12:55",NO 2 of 4,2 of 4,NO,YES,NO,YES
R-193,"Gym / Wed / 19:00 / Wed 01:05
Gym / Tue / 19:00 / Mon 09:50
Tennis / Tue / 18:00 / Mon 22:50","Gym / Tue / 18:00
Nudge Tue / 11:40","Tennis / Fri / 08:00
Booked Mon / 13:20",NO 0 of 4,0 of 4,NO,NO,NO,NO
R-432,"Pool / Sat / 15:00 / Wed 15:25
Gym / Mon / 06:00 / Sun 21:40
Tennis / Fri / 07:00 / Mon 01:40","Gym / Tue / 08:00
Nudge Mon / 13:25","Tennis / Tue / 06:00
Booked Mon / 13:35",NO 2 of 4,2 of 4,NO,YES,NO,YES
R-448,"Gym / Sat / 21:00 / Sat 11:55
Tennis / Tue / 18:00 / Mon 13:25
Gym / Mon / 18:00 / Sun 21:10","Gym / Tue / 21:00
Nudge Tue / 15:50","Gym / Mon / 19:00
Booked Mon / 14:10",NO 1 of 4,1 of 4,YES,NO,NO,NO
R-339,"Gym / Tue / 13:00 / Tue 00:00
Pool / Fri / 07:00 / Wed 15:10
Gym / Sun / 06:00 / Sat 11:05","Gym / Tue / 07:00
Nudge Mon / 15:30","Clubhouse / Tue / 21:00
Booked Mon / 15:05",NO 2 of 4,2 of 4,NO,YES,NO,YES
R-397,"Pool / Fri / 20:00 / Fri 09:55
Badminton / Sat / 19:00 / Sat 08:55
Gym / Mon / 19:00 / Mon 09:20","Pool / Tue / 18:00
Nudge Mon / 23:05","Pool / Mon / 21:00
Booked Mon / 15:10",NO 1 of 4,1 of 4,YES,NO,NO,NO
R-341,"Pool / Thu / 06:00 / Wed 07:15
Pool / Mon / 07:00 / Sun 14:30
Pool / Wed / 20:00 / Wed 04:00","Gym / Tue / 08:00
Nudge Mon / 15:50","Gym / Tue / 07:00
Booked Mon / 15:15",NO 3 of 4,3 of 4,YES,YES,NO,YES
R-107,"Badminton / Wed / 22:00 / Sun 17:20
Gym / Tue / 21:00 / Tue 06:05
Tennis / Sat / 19:00 / Fri 09:50","Gym / Tue / 20:00
Nudge Tue / 10:00","Gym / Tue / 20:00
Booked Mon / 15:30",NO 3 of 4,3 of 4,YES,YES,YES,NO
R-263,"Gym / Fri / 07:00 / Thu 21:25
Gym / Fri / 08:00 / Fri 03:25
Gym / Mon / 08:00 / Sat 21:15","Gym / Tue / 06:00
Nudge Mon / 15:45","Pool / Tue / 08:00
Booked Mon / 15:55",NO 2 of 4,2 of 4,NO,YES,NO,YES
R-430,"Badminton / Sat / 19:00 / Fri 06:55
Gym / Tue / 20:00 / Sun 20:35
Tennis / Mon / 20:00 / Mon 01:10","Gym / Tue / 21:00
Nudge Tue / 15:10","Gym / Tue / 17:00
Booked Mon / 16:45",NO 2 of 4,2 of 4,YES,YES,NO,NO
R-200,"Badminton / Fri / 12:00 / Fri 01:15
Clubhouse / Thu / 17:00 / Tue 17:55
Pool / Mon / 07:00 / Sun 17:20","Gym / Tue / 19:00
Nudge Tue / 00:40","Clubhouse / Tue / 12:00
Booked Mon / 17:20",NO 1 of 4,1 of 4,NO,YES,NO,NO
R-240,"Gym / Fri / 07:00 / Thu 19:35
Gym / Mon / 06:00 / Sun 20:25
Gym / Tue / 07:00 / Mon 00:25","Gym / Tue / 08:00
Nudge Mon / 17:50","Badminton / Tue / 06:00
Booked Mon / 17:20",NO 2 of 4,2 of 4,NO,YES,NO,YES
R-213,"Pool / Thu / 18:00 / Wed 00:20
Badminton / Mon / 20:00 / Thu 20:20
Badminton / Mon / 19:00 / Sun 22:55","Badminton / Tue / 20:00
Nudge Mon / 19:05","Tennis / Wed / 19:00
Booked Mon / 17:30",NO 0 of 4,0 of 4,NO,NO,NO,NO
R-418,"Gym / Wed / 06:00 / Tue 19:05
Tennis / Thu / 21:00 / Wed 14:55
Gym / Fri / 06:00 / Thu 06:10","Gym / Tue / 06:00
Nudge Mon / 17:40","Pool / Wed / 08:00
Booked Mon / 17:50",NO 0 of 4,0 of 4,NO,NO,NO,NO
R-412,"Pool / Tue / 18:00 / Sun 04:45
Badminton / Tue / 07:00 / Sun 08:20
Gym / Mon / 18:00 / Sun 11:25","Badminton / Tue / 19:00
Nudge Mon / 18:30","Badminton / Wed / 21:00
Booked Mon / 17:55",NO 1 of 4,1 of 4,YES,NO,NO,NO
R-437,"Pool / Wed / 18:00 / Tue 05:05
Gym / Wed / 20:00 / Wed 03:55
Pool / Fri / 19:00 / Fri 00:45","Tennis / Tue / 18:00
Nudge Mon / 17:30","Badminton / Tue / 06:00
Booked Mon / 17:55",NO 2 of 4,2 of 4,NO,YES,NO,YES
R-372,"Gym / Thu / 07:00 / Tue 19:25
Pool / Thu / 08:00 / Thu 00:15
Gym / Mon / 06:00 / Sun 21:20","Gym / Tue / 08:00
Nudge Mon / 18:45","Gym / Wed / 06:00
Booked Mon / 18:10",NO 1 of 4,1 of 4,YES,NO,NO,NO
R-263,"Gym / Fri / 08:00 / Fri 03:25
Gym / Mon / 08:00 / Sat 21:15
Pool / Tue / 08:00 / Mon 15:55","Gym / Tue / 08:00
Nudge Mon / 18:40","Pool / Tue / 06:00
Booked Mon / 18:15",NO 2 of 4,2 of 4,NO,YES,NO,YES
R-435,"Pool / Sat / 17:00 / Thu 03:10
Gym / Sun / 10:00 / Sat 18:35
Pool / Sun / 16:00 / Sun 07:25","Clubhouse / Sun / 11:00
Nudge Sat / 15:00","Pool / Tue / 15:00
Booked Mon / 18:20",NO 0 of 4,0 of 4,NO,NO,NO,NO
R-299,"Gym / Thu / 07:00 / Thu 00:50
Pool / Fri / 07:00 / Thu 14:25
Tennis / Fri / 20:00 / Thu 23:40","Gym / Tue / 06:00
Nudge Mon / 18:55","Tennis / Tue / 08:00
Booked Mon / 18:30",NO 2 of 4,2 of 4,NO,YES,NO,YES
R-438,"Gym / Thu / 07:00 / Wed 17:40
Gym / Tue / 08:00 / Mon 21:20
Gym / Mon / 07:00 / Mon 01:45","Gym / Tue / 06:00
Nudge Mon / 18:30","Pool / Tue / 08:00
Booked Mon / 18:40",NO 2 of 4,2 of 4,NO,YES,NO,YES
R-198,"Gym / Tue / 07:00 / Mon 13:20
Gym / Wed / 07:00 / Mon 19:05
Gym / Thu / 08:00 / Wed 17:45","Gym / Tue / 06:00
Nudge Mon / 18:45","Gym / Tue / 06:00
Booked Mon / 18:45",YES 4 of 4,4 of 4,YES,YES,YES,YES
R-358,"Gym / Thu / 06:00 / Wed 00:10
Gym / Fri / 13:00 / Fri 03:15
Gym / Mon / 08:00 / Sun 11:50","Gym / Tue / 08:00
Nudge Mon / 18:40","Pool / Tue / 07:00
Booked Mon / 18:50",NO 2 of 4,2 of 4,NO,YES,NO,YES
R-219,"Badminton / Fri / 06:00 / Wed 19:00
Badminton / Sat / 18:00 / Sat 00:45
Pool / Mon / 18:00 / Mon 09:00","Badminton / Tue / 18:00
Nudge Mon / 18:50","Badminton / Tue / 18:00
Booked Mon / 19:55",NO 3 of 4,3 of 4,YES,YES,YES,NO
R-212,"Pool / Sun / 18:00 / Sun 12:00
Clubhouse / Wed / 19:00 / Tue 02:35
Gym / Fri / 19:00 / Thu 23:10","Gym / Tue / 08:00
Nudge Mon / 20:05","Pool / Thu / 20:00
Booked Mon / 20:00",NO 0 of 4,0 of 4,NO,NO,NO,NO
R-370,"Gym / Mon / 08:00 / Sun 10:55
Gym / Mon / 06:00 / Sun 13:40
Gym / Mon / 07:00 / Sat 07:30","Gym / Tue / 06:00
Nudge Mon / 20:10","Tennis / Wed / 16:00
Booked Mon / 20:00",NO 0 of 4,0 of 4,NO,NO,NO,NO
R-428,"Gym / Thu / 07:00 / Thu 01:30
Pool / Fri / 08:00 / Fri 03:30
Tennis / Wed / 08:00 / Sun 20:40","Gym / Tue / 06:00
Nudge Mon / 20:35","Gym / Tue / 07:00
Booked Mon / 20:40",NO 3 of 4,3 of 4,YES,YES,NO,YES
R-271,"Gym / Sat / 08:00 / Sat 04:25
Pool / Mon / 06:00 / Mon 00:45
Tennis / Wed / 06:00 / Mon 10:35","Gym / Tue / 08:00
Nudge Mon / 20:55","Gym / Tue / 08:00
Booked Mon / 20:40",YES 4 of 4,4 of 4,YES,YES,YES,YES
R-155,"Gym / Thu / 10:00 / Tue 10:50
Tennis / Mon / 06:00 / Sun 02:45
Tennis / Tue / 14:00 / Mon 12:55","Gym / Tue / 08:00
Nudge Mon / 20:00","Gym / Wed / 07:00
Booked Mon / 20:50",NO 1 of 4,1 of 4,YES,NO,NO,NO
R-334,Tennis / Sun / 12:00 / Thu 20:00,"Gym / Tue / 12:00
Nudge Mon / 22:25","Gym / Wed / 21:00
Booked Mon / 21:00",NO 1 of 4,1 of 4,YES,NO,NO,NO
R-155,"Tennis / Mon / 06:00 / Sun 02:45
Tennis / Tue / 14:00 / Mon 12:55
Gym / Wed / 07:00 / Mon 20:50","Gym / Tue / 07:00
Nudge Mon / 20:55","Pool / Tue / 08:00
Booked Mon / 21:10",NO 2 of 4,2 of 4,NO,YES,NO,YES
R-141,"Hall / Tue / 12:00 / Sat 14:50
Badminton / Mon / 18:00 / Sun 23:30
Tennis / Tue / 08:00 / Sun 23:15","Gym / Tue / 19:00
Nudge Mon / 22:40","Pool / Tue / 12:00
Booked Mon / 21:10",NO 1 of 4,1 of 4,NO,YES,NO,NO
R-179,"Gym / Fri / 07:00 / Thu 20:55
Pool / Fri / 21:00 / Fri 07:05
Badminton / Tue / 20:00 / Tue 10:25","Badminton / Tue / 19:00
Nudge Mon / 21:30","Badminton / Tue / 18:00
Booked Mon / 21:15",NO 3 of 4,3 of 4,YES,YES,NO,YES
R-432,"Gym / Mon / 06:00 / Sun 21:40
Tennis / Fri / 07:00 / Mon 01:40
Tennis / Tue / 06:00 / Mon 13:35","Gym / Tue / 08:00
Nudge Mon / 21:50","Gym / Wed / 07:00
Booked Mon / 21:15",NO 1 of 4,1 of 4,YES,NO,NO,NO
R-142,"Badminton / Sat / 17:00 / Fri 10:45
Badminton / Thu / 20:00 / Wed 17:55
Pool / Sun / 21:00 / Sat 13:30","Gym / Tue / 21:00
Nudge Tue / 00:55","Tennis / Tue / 18:00
Booked Mon / 21:35",NO 1 of 4,1 of 4,NO,YES,NO,NO
R-197,"Clubhouse / Sat / 11:00 / Sat 11:30
Pool / Tue / 11:00 / Sun 15:00
Clubhouse / Sat / 11:00 / Fri 05:35","Pool / Tue / 15:00
Nudge Mon / 21:15","Clubhouse / Sat / 14:00
Booked Mon / 21:35",NO 0 of 4,0 of 4,NO,NO,NO,NO
R-105,"Pool / Mon / 18:00 / Mon 13:30
Tennis / Fri / 06:00 / Wed 08:55
Gym / Mon / 06:00 / Sun 15:55","Gym / Tue / 08:00
Nudge Mon / 22:05","Gym / Tue / 07:00
Booked Mon / 21:45",NO 3 of 4,3 of 4,YES,YES,NO,YES
R-263,"Gym / Mon / 08:00 / Sat 21:15
Pool / Tue / 08:00 / Mon 15:55
Pool / Tue / 06:00 / Mon 18:15","Gym / Tue / 06:00
Nudge Mon / 21:50","Pool / Tue / 07:00
Booked Mon / 21:55",NO 2 of 4,2 of 4,NO,YES,NO,YES
R-329,"Gym / Tue / 06:00 / Mon 13:30
Gym / Fri / 06:00 / Thu 22:35
Gym / Mon / 07:00 / Mon 02:00","Gym / Tue / 08:00
Nudge Mon / 22:30","Gym / Wed / 06:00
Booked Mon / 22:05",NO 1 of 4,1 of 4,YES,NO,NO,NO
R-156,"Pool / Wed / 08:00 / Tue 16:00
Pool / Thu / 07:00 / Wed 16:05
Pool / Mon / 08:00 / Mon 00:45","Gym / Tue / 08:00
Nudge Mon / 23:15","Gym / Tue / 06:00
Booked Mon / 22:10",NO 2 of 4,2 of 4,YES,YES,NO,NO
R-272,"Badminton / Fri / 18:00 / Fri 05:20
Badminton / Tue / 20:00 / Sun 09:45
Gym / Mon / 18:00 / Mon 02:45","Badminton / Tue / 20:00
Nudge Mon / 22:25","Badminton / Tue / 21:00
Booked Mon / 22:25",NO 3 of 4,3 of 4,YES,YES,NO,YES
R-145,"Pool / Mon / 07:00 / Sun 02:10
Gym / Mon / 06:00 / Mon 02:55
Tennis / Tue / 10:00 / Mon 11:15","Gym / Tue / 08:00
Nudge Mon / 23:20","Gym / Tue / 07:00
Booked Mon / 22:30",NO 3 of 4,3 of 4,YES,YES,NO,YES
R-102,"Pool / Tue / 06:00 / Mon 21:30
Gym / Thu / 08:00 / Tue 08:25
Gym / Mon / 06:00 / Sun 13:45","Gym / Tue / 08:00
Nudge Mon / 22:25","Gym / Tue / 06:00
Booked Mon / 22:30",NO 3 of 4,3 of 4,YES,YES,NO,YES
R-142,"Badminton / Thu / 20:00 / Wed 17:55
Pool / Sun / 21:00 / Sat 13:30
Tennis / Tue / 18:00 / Mon 21:35","Gym / Tue / 18:00
Nudge Mon / 22:30","Badminton / Tue / 13:00
Booked Mon / 22:55",NO 2 of 4,2 of 4,NO,YES,NO,YES
R-159,"Gym / Tue / 08:00 / Mon 08:25
Gym / Fri / 08:00 / Wed 14:15
Tennis / Tue / 07:00 / Sun 05:35","Gym / Tue / 06:00
Nudge Mon / 23:20","Tennis / Wed / 06:00
Booked Mon / 23:40",NO 1 of 4,1 of 4,NO,NO,YES,NO
R-304,"Tennis / Fri / 08:00 / Thu 00:20
Pool / Thu / 06:00 / Wed 17:40
Pool / Thu / 07:00 / Wed 14:35","Gym / Tue / 06:00
Nudge Mon / 23:40","Tennis / Tue / 16:00
Booked Mon / 23:45",NO 2 of 4,2 of 4,NO,YES,NO,YES
R-102,"Gym / Thu / 08:00 / Tue 08:25
Gym / Mon / 06:00 / Sun 13:45
Gym / Tue / 06:00 / Mon 22:30","Gym / Tue / 08:00
Nudge Tue / 00:50","Tennis / Tue / 08:00
Booked Tue / 00:00",NO 3 of 4,3 of 4,NO,YES,YES,YES
R-432,"Tennis / Fri / 07:00 / Mon 01:40
Tennis / Tue / 06:00 / Mon 13:35
Gym / Wed / 07:00 / Mon 21:15","Gym / Tue / 08:00
Nudge Tue / 01:00","Pool / Tue / 07:00
Booked Tue / 00:05",NO 2 of 4,2 of 4,NO,YES,NO,YES
R-116,"Gym / Thu / 08:00 / Wed 17:10
Gym / Wed / 13:00 / Wed 00:50
Gym / Fri / 07:00 / Thu 15:30","Gym / Tue / 08:00
Nudge Tue / 01:45","Pool / Tue / 07:00
Booked Tue / 00:15",NO 1 of 4,1 of 4,NO,YES,NO,NO
R-306,"Pool / Tue / 13:00 / Mon 17:25
Gym / Tue / 19:00 / Tue 08:20
Gym / Wed / 19:00 / Wed 03:50","Gym / Tue / 08:00
Nudge Tue / 00:35","Pool / Wed / 19:00
Booked Tue / 00:20",NO 0 of 4,0 of 4,NO,NO,NO,NO
R-162,"Gym / Mon / 06:00 / Sun 23:10
Tennis / Tue / 07:00 / Mon 09:25
Tennis / Thu / 07:00 / Wed 17:05","Gym / Tue / 07:00
Nudge Tue / 01:35","Gym / Tue / 07:00
Booked Tue / 00:20",NO 3 of 4,3 of 4,YES,YES,YES,NO
R-142,"Pool / Sun / 21:00 / Sat 13:30
Tennis / Tue / 18:00 / Mon 21:35
Badminton / Tue / 13:00 / Mon 22:55","Badminton / Tue / 18:00
Nudge Mon / 23:55","Badminton / Thu / 18:00
Booked Tue / 00:25",NO 2 of 4,2 of 4,YES,NO,YES,NO
R-225,"Pool / Wed / 19:00 / Wed 06:20
Gym / Thu / 07:00 / Wed 15:30
Pool / Tue / 19:00 / Mon 08:20","Gym / Tue / 08:00
Nudge Tue / 00:10","Pool / Tue / 08:00
Booked Tue / 00:35",NO 3 of 4,3 of 4,NO,YES,YES,YES
R-286,"Gym / Sat / 19:00 / Fri 21:20
Gym / Sat / 21:00 / Sat 03:25
Tennis / Tue / 18:00 / Mon 01:10","Badminton / Tue / 20:00
Nudge Tue / 00:05","Badminton / Tue / 17:00
Booked Tue / 00:40",NO 3 of 4,3 of 4,YES,YES,NO,YES
R-244,"Badminton / Tue / 18:00 / Sat 22:25
Badminton / Thu / 18:00 / Wed 23:10
Pool / Sat / 20:00 / Fri 23:35","Gym / Tue / 20:00
Nudge Tue / 02:35","Gym / Tue / 20:00
Booked Tue / 01:00",NO 3 of 4,3 of 4,YES,YES,YES,NO
R-281,"Gym / Thu / 19:00 / Thu 12:45
Gym / Sat / 19:00 / Sat 07:25
Badminton / Tue / 13:00 / Sun 22:25","Badminton / Tue / 20:00
Nudge Tue / 01:00","Gym / Tue / 19:00
Booked Tue / 01:10",NO 2 of 4,2 of 4,NO,YES,NO,YES
R-119,"Gym / Tue / 08:00 / Tue 03:45
Gym / Thu / 07:00 / Thu 02:15
Gym / Mon / 08:00 / Sun 14:45","Gym / Tue / 08:00
Nudge Tue / 02:35","Gym / Tue / 06:00
Booked Tue / 01:10",NO 2 of 4,2 of 4,YES,YES,NO,NO
R-122,"Clubhouse / Fri / 18:00 / Fri 18:05
Badminton / Sun / 07:00 / Fri 23:15
Pool / Sat / 19:00 / Sat 12:30","Gym / Tue / 19:00
Nudge Tue / 02:35","Tennis / Wed / 08:00
Booked Tue / 01:25",NO 0 of 4,0 of 4,NO,NO,NO,NO
R-281,"Gym / Sat / 19:00 / Sat 07:25
Badminton / Tue / 13:00 / Sun 22:25
Gym / Tue / 19:00 / Tue 01:10","Gym / Tue / 20:00
Nudge Tue / 01:00","Badminton / Tue / 20:00
Booked Tue / 01:30",NO 3 of 4,3 of 4,NO,YES,YES,YES
R-234,"Pool / Thu / 19:00 / Wed 11:45
Gym / Fri / 19:00 / Fri 10:25
Gym / Mon / 19:00 / Mon 02:25","Gym / Tue / 08:00
Nudge Tue / 02:35","Tennis / Tue / 19:00
Booked Tue / 01:30",NO 1 of 4,1 of 4,NO,YES,NO,NO
R-225,"Gym / Thu / 07:00 / Wed 15:30
Pool / Tue / 19:00 / Mon 08:20
Pool / Tue / 08:00 / Tue 00:35","Pool / Wed / 08:00
Nudge Tue / 21:15","Pool / Thu / 11:00
Booked Tue / 01:35",NO 1 of 4,1 of 4,YES,NO,NO,NO
R-329,"Gym / Fri / 06:00 / Thu 22:35
Gym / Mon / 07:00 / Mon 02:00
Gym / Wed / 06:00 / Mon 22:05","Gym / Tue / 07:00
Nudge Tue / 00:20","Gym / Wed / 08:00
Booked Tue / 01:40",NO 1 of 4,1 of 4,YES,NO,NO,NO
R-278,"Gym / Fri / 18:00 / Thu 15:35
Badminton / Tue / 18:00 / Tue 04:55
Gym / Thu / 19:00 / Thu 14:45","Badminton / Tue / 21:00
Nudge Tue / 03:25","Tennis / Wed / 18:00
Booked Tue / 02:00",NO 0 of 4,0 of 4,NO,NO,NO,NO
R-258,"Pool / Wed / 12:00 / Wed 04:15
Hall / Thu / 12:00 / Thu 22:35
Pool / Mon / 12:00 / Sun 23:00","Gym / Tue / 18:00
Nudge Tue / 02:55","Pool / Tue / 18:00
Booked Tue / 02:20",NO 3 of 4,3 of 4,NO,YES,YES,YES
R-373,"Pool / Fri / 21:00 / Fri 01:15
Badminton / Sat / 21:00 / Fri 22:10
Tennis / Tue / 21:00 / Mon 17:15","Badminton / Tue / 21:00
Nudge Tue / 03:30","Badminton / Tue / 21:00
Booked Tue / 02:30",NO 3 of 4,3 of 4,YES,YES,YES,NO
R-441,"Gym / Sat / 20:00 / Sat 06:35
Badminton / Wed / 09:00 / Mon 20:15
Badminton / Thu / 20:00 / Tue 18:35","Badminton / Tue / 20:00
Nudge Tue / 04:05","Gym / Tue / 10:00
Booked Tue / 03:10",NO 2 of 4,2 of 4,NO,YES,NO,YES
R-153,"Tennis / Mon / 19:00 / Fri 14:30
Pool / Fri / 08:00 / Thu 16:15
Pool / Fri / 19:00 / Thu 16:20","Gym / Tue / 18:00
Nudge Tue / 03:10","Pool / Tue / 08:00
Booked Tue / 03:25",NO 2 of 4,2 of 4,NO,YES,NO,YES
R-240,"Gym / Mon / 06:00 / Sun 20:25
Gym / Tue / 07:00 / Mon 00:25
Badminton / Tue / 06:00 / Mon 17:20","Gym / Tue / 08:00
Nudge Tue / 01:50","Gym / Wed / 07:00
Booked Tue / 03:25",NO 1 of 4,1 of 4,YES,NO,NO,NO
R-404,"Gym / Thu / 07:00 / Wed 10:30
Pool / Sat / 18:00 / Thu 05:45
Gym / Wed / 21:00 / Wed 09:20","Gym / Tue / 18:00
Nudge Tue / 02:30","Badminton / Tue / 21:00
Booked Tue / 03:40",NO 1 of 4,1 of 4,NO,YES,NO,NO
R-260,"Gym / Wed / 19:00 / Wed 03:25
Badminton / Thu / 21:00 / Wed 21:55
Tennis / Fri / 21:00 / Thu 12:20","Badminton / Tue / 20:00
Nudge Tue / 04:00","Badminton / Tue / 13:00
Booked Tue / 03:50",NO 3 of 4,3 of 4,YES,YES,NO,YES
R-361,"Gym / Tue / 07:00 / Mon 16:45
Gym / Wed / 07:00 / Tue 23:25
Gym / Sat / 08:00 / Fri 13:10","Gym / Tue / 08:00
Nudge Tue / 02:50","Gym / Tue / 08:00
Booked Tue / 03:55",NO 3 of 4,3 of 4,YES,YES,YES,NO
R-361,"Gym / Wed / 07:00 / Tue 23:25
Gym / Sat / 08:00 / Fri 13:10
Gym / Tue / 08:00 / Tue 03:55","Gym / Tue / 07:00
Nudge Tue / 02:10","Gym / Tue / 12:00
Booked Tue / 03:55",NO 2 of 4,2 of 4,YES,YES,NO,NO
R-336,"Clubhouse / Sun / 18:00 / Sat 05:20
Pool / Sat / 09:00 / Sat 00:50
Gym / Sun / 11:00 / Sun 06:35","Clubhouse / Tue / 18:00
Nudge Tue / 02:55","Pool / Tue / 18:00
Booked Tue / 04:10",NO 2 of 4,2 of 4,NO,YES,YES,NO
R-448,"Tennis / Tue / 18:00 / Mon 13:25
Gym / Mon / 18:00 / Sun 21:10
Gym / Mon / 19:00 / Mon 14:10","Badminton / Tue / 21:00
Nudge Tue / 05:10","Badminton / Tue / 20:00
Booked Tue / 04:30",NO 3 of 4,3 of 4,YES,YES,NO,YES
R-304,"Pool / Thu / 06:00 / Wed 17:40
Pool / Thu / 07:00 / Wed 14:35
Tennis / Tue / 16:00 / Mon 23:45","Gym / Tue / 08:00
Nudge Tue / 03:55","Tennis / Tue / 11:00
Booked Tue / 04:35",NO 2 of 4,2 of 4,NO,YES,NO,YES
R-418,"Tennis / Thu / 21:00 / Wed 14:55
Gym / Fri / 06:00 / Thu 06:10
Pool / Wed / 08:00 / Mon 17:50","Gym / Tue / 08:00
Nudge Tue / 03:40","Gym / Tue / 15:00
Booked Tue / 04:35",NO 3 of 4,3 of 4,YES,YES,NO,YES
R-254,"Pool / Thu / 19:00 / Thu 14:15
Tennis / Mon / 06:00 / Sun 09:50
Gym / Fri / 13:00 / Fri 04:00","Gym / Tue / 08:00
Nudge Tue / 00:25","Pool / Thu / 07:00
Booked Tue / 04:40",NO 0 of 4,0 of 4,NO,NO,NO,NO
R-210,"Tennis / Thu / 07:00 / Wed 20:55
Pool / Tue / 13:00 / Tue 04:50
Gym / Wed / 08:00 / Tue 22:25","Gym / Tue / 08:00
Nudge Tue / 04:10","Gym / Tue / 08:00
Booked Tue / 04:45",YES 4 of 4,4 of 4,YES,YES,YES,YES
R-223,"Gym / Thu / 07:00 / Thu 00:05
Gym / Sat / 19:00 / Sat 14:25
Gym / Sun / 19:00 / Sun 16:10","Gym / Tue / 19:00
Nudge Tue / 05:10","Gym / Tue / 13:00
Booked Tue / 04:50",NO 3 of 4,3 of 4,YES,YES,NO,YES
R-437,"Gym / Wed / 20:00 / Wed 03:55
Pool / Fri / 19:00 / Fri 00:45
Badminton / Tue / 06:00 / Mon 17:55","Badminton / Tue / 18:00
Nudge Tue / 04:25","Pool / Tue / 21:00
Booked Tue / 04:55",NO 2 of 4,2 of 4,NO,YES,NO,YES
R-385,"Pool / Sat / 18:00 / Sat 09:55
Hall / Sun / 16:00 / Tue 20:20
Hall / Sun / 15:00 / Thu 02:30","Clubhouse / Sat / 18:00
Nudge Sat / 00:25","Hall / Fri / 12:00
Booked Tue / 05:30",NO 0 of 4,0 of 4,NO,NO,NO,NO
R-119,"Gym / Thu / 07:00 / Thu 02:15
Gym / Mon / 08:00 / Sun 14:45
Gym / Tue / 06:00 / Tue 01:10","Gym / Tue / 08:00
Nudge Mon / 12:50","Tennis / Tue / 18:00
Booked Tue / 07:25",NO 1 of 4,1 of 4,NO,YES,NO,NO
R-218,"Gym / Thu / 16:00 / Thu 07:50
Gym / Fri / 10:00 / Thu 14:35
Badminton / Mon / 22:00 / Sun 21:15","Badminton / Tue / 18:00
Nudge Tue / 02:45","Badminton / Thu / 20:00
Booked Tue / 07:30",NO 1 of 4,1 of 4,YES,NO,NO,NO
R-210,"Pool / Tue / 13:00 / Tue 04:50
Gym / Wed / 08:00 / Tue 22:25
Gym / Tue / 08:00 / Tue 04:45","Gym / Wed / 08:00
Nudge Tue / 12:40","Tennis / Wed / 12:00
Booked Tue / 08:15",NO 1 of 4,1 of 4,NO,YES,NO,NO
R-434,"Gym / Mon / 11:00 / Mon 00:15
Tennis / Thu / 06:00 / Mon 08:20
Gym / Wed / 07:00 / Mon 09:55","Pool / Wed / 08:00
Nudge Tue / 12:15","Gym / Tue / 13:00
Booked Tue / 08:45",NO 0 of 4,0 of 4,NO,NO,NO,NO
R-272,"Badminton / Tue / 20:00 / Sun 09:45
Gym / Mon / 18:00 / Mon 02:45
Badminton / Tue / 21:00 / Mon 22:25","Badminton / Wed / 21:00
Nudge Wed / 07:15","Badminton / Wed / 19:00
Booked Tue / 09:35",NO 2 of 4,2 of 4,YES,YES,NO,NO
R-139,"Pool / Mon / 08:00 / Sat 00:40
Pool / Sun / 16:00 / Sat 18:40
Pool / Mon / 17:00 / Sat 22:00","Gym / Wed / 18:00
Nudge Wed / 10:40","Pool / Tue / 19:00
Booked Tue / 10:15",NO 0 of 4,0 of 4,NO,NO,NO,NO
R-128,"Badminton / Fri / 20:00 / Fri 05:30
Tennis / Thu / 18:00 / Wed 11:40
Badminton / Mon / 17:00 / Mon 06:25","Gym / Tue / 18:00
Nudge Tue / 10:55","Badminton / Tue / 21:00
Booked Tue / 10:40",NO 2 of 4,2 of 4,NO,YES,NO,YES
R-423,"Gym / Wed / 06:00 / Wed 00:40
Tennis / Thu / 06:00 / Wed 19:25
Pool / Mon / 06:00 / Sat 11:05","Gym / Wed / 08:00
Nudge Tue / 11:40","Gym / Wed / 07:00
Booked Tue / 10:50",NO 3 of 4,3 of 4,YES,YES,NO,YES
R-167,"Gym / Thu / 08:00 / Wed 12:30
Gym / Sun / 06:00 / Sat 17:50
Badminton / Tue / 08:00 / Mon 04:45","Gym / Wed / 06:00
Nudge Tue / 09:55","Tennis / Thu / 06:00
Booked Tue / 10:55",NO 1 of 4,1 of 4,NO,NO,YES,NO
R-227,"Gym / Sat / 08:00 / Fri 19:35
Badminton / Mon / 21:00 / Sun 03:30
Badminton / Mon / 18:00 / Sun 16:00","Badminton / Tue / 18:00
Nudge Tue / 01:30","Pool / Tue / 19:00
Booked Tue / 11:00",NO 1 of 4,1 of 4,NO,YES,NO,NO
R-167,"Gym / Sun / 06:00 / Sat 17:50
Badminton / Tue / 08:00 / Mon 04:45
Tennis / Thu / 06:00 / Tue 10:55","Gym / Wed / 08:00
Nudge Tue / 12:25","Tennis / Wed / 06:00
Booked Tue / 11:20",NO 1 of 4,1 of 4,NO,YES,NO,NO
R-443,"Pool / Mon / 18:00 / Mon 12:55
Pool / Mon / 20:00 / Mon 13:40
Badminton / Tue / 10:00 / Mon 07:50","Pool / Tue / 18:00
Nudge Tue / 08:05","Gym / Tue / 19:00
Booked Tue / 11:30",NO 1 of 4,1 of 4,NO,YES,NO,NO
R-162,"Tennis / Tue / 07:00 / Mon 09:25
Tennis / Thu / 07:00 / Wed 17:05
Gym / Tue / 07:00 / Tue 00:20","Gym / Wed / 08:00
Nudge Tue / 13:10","Pool / Wed / 08:00
Booked Tue / 11:30",NO 2 of 4,2 of 4,NO,YES,YES,NO
R-448,"Gym / Mon / 18:00 / Sun 21:10
Gym / Mon / 19:00 / Mon 14:10
Badminton / Tue / 20:00 / Tue 04:30","Badminton / Wed / 20:00
Nudge Wed / 05:20","Gym / Tue / 18:00
Booked Tue / 11:45",NO 0 of 4,0 of 4,NO,NO,NO,NO
R-122,"Badminton / Sun / 07:00 / Fri 23:15
Pool / Sat / 19:00 / Sat 12:30
Tennis / Wed / 08:00 / Tue 01:25","Gym / Wed / 19:00
Nudge Wed / 12:25","Pool / Wed / 19:00
Booked Tue / 12:05",NO 2 of 4,2 of 4,NO,YES,YES,NO
R-323,"Badminton / Sat / 13:00 / Fri 14:45
Gym / Wed / 18:00 / Wed 12:55
Badminton / Fri / 21:00 / Fri 11:20","Gym / Tue / 20:00
Nudge Tue / 12:30","Pool / Tue / 18:00
Booked Tue / 12:05",NO 2 of 4,2 of 4,NO,YES,NO,YES
R-232,"Badminton / Fri / 12:00 / Thu 19:50
Badminton / Tue / 08:00 / Mon 18:05
Pool / Thu / 08:00 / Wed 21:20","Gym / Wed / 18:00
Nudge Wed / 12:35","Badminton / Wed / 12:00
Booked Tue / 12:20",NO 1 of 4,1 of 4,NO,YES,NO,NO
R-293,"Pool / Tue / 19:00 / Tue 13:00
Badminton / Mon / 07:00 / Sun 04:40
Gym / Mon / 19:00 / Mon 08:10","Gym / Tue / 20:00
Nudge Tue / 13:30","Gym / Tue / 20:00
Booked Tue / 12:35",YES 4 of 4,4 of 4,YES,YES,YES,YES
R-293,"Badminton / Mon / 07:00 / Sun 04:40
Gym / Mon / 19:00 / Mon 08:10
Gym / Tue / 20:00 / Tue 12:35","Gym / Tue / 20:00
Nudge Tue / 13:25","Gym / Tue / 18:00
Booked Tue / 12:50",NO 3 of 4,3 of 4,YES,YES,NO,YES
R-286,"Gym / Sat / 21:00 / Sat 03:25
Tennis / Tue / 18:00 / Mon 01:10
Badminton / Tue / 17:00 / Tue 00:40","Pool / Wed / 19:00
Nudge Wed / 07:50","Pool / Tue / 20:00
Booked Tue / 12:55",NO 1 of 4,1 of 4,YES,NO,NO,NO
R-362,"Badminton / Fri / 21:00 / Fri 05:05
Badminton / Mon / 18:00 / Mon 10:30
Tennis / Mon / 20:00 / Mon 11:10","Gym / Tue / 20:00
Nudge Tue / 14:15","Gym / Tue / 18:00
Booked Tue / 13:30",NO 3 of 4,3 of 4,YES,YES,NO,YES
R-446,"Gym / Thu / 19:00 / Thu 07:15
Gym / Fri / 07:00 / Thu 15:50
Tennis / Mon / 08:00 / Sun 04:20","Gym / Wed / 06:00
Nudge Tue / 14:00","Tennis / Wed / 07:00
Booked Tue / 13:35",NO 2 of 4,2 of 4,NO,YES,NO,YES
R-434,"Tennis / Thu / 06:00 / Mon 08:20
Gym / Wed / 07:00 / Mon 09:55
Gym / Tue / 13:00 / Tue 08:45","Pool / Wed / 08:00
Nudge Tue / 13:05","Tennis / Wed / 11:00
Booked Tue / 13:40",NO 2 of 4,2 of 4,NO,YES,NO,YES
R-339,"Pool / Fri / 07:00 / Wed 15:10
Gym / Sun / 06:00 / Sat 11:05
Clubhouse / Tue / 21:00 / Mon 15:05","Gym / Wed / 07:00
Nudge Tue / 13:40","Tennis / Fri / 06:00
Booked Tue / 13:40",NO 0 of 4,0 of 4,NO,NO,NO,NO
R-104,"Badminton / Thu / 20:00 / Thu 08:00
Badminton / Fri / 18:00 / Thu 16:10
Tennis / Tue / 18:00 / Mon 10:25","Gym / Wed / 21:00
Nudge Wed / 13:40","Gym / Tue / 21:00
Booked Tue / 13:45",NO 2 of 4,2 of 4,YES,NO,YES,NO
R-225,"Pool / Tue / 19:00 / Mon 08:20
Pool / Tue / 08:00 / Tue 00:35
Pool / Thu / 11:00 / Tue 01:35","Pool / Wed / 07:00
Nudge Tue / 15:35","Pool / Wed / 19:00
Booked Tue / 14:05",NO 2 of 4,2 of 4,YES,YES,NO,NO
R-276,"Pool / Sun / 16:00 / Sat 14:25
Gym / Sat / 14:00 / Fri 13:00
Pool / Sun / 06:00 / Sat 14:50","Clubhouse / Wed / 18:00
Nudge Tue / 16:20","Clubhouse / Sun / 17:00
Booked Tue / 14:25",NO 1 of 4,1 of 4,YES,NO,NO,NO
R-369,"Gym / Mon / 08:00 / Sun 16:40
Gym / Thu / 06:00 / Wed 23:45
Tennis / Sun / 07:00 / Sat 22:30","Gym / Wed / 07:00
Nudge Tue / 14:30","Pool / Wed / 08:00
Booked Tue / 14:25",NO 2 of 4,2 of 4,NO,YES,NO,YES
R-218,"Gym / Fri / 10:00 / Thu 14:35
Badminton / Mon / 22:00 / Sun 21:15
Badminton / Thu / 20:00 / Tue 07:30","Badminton / Wed / 20:00
Nudge Tue / 21:00","Tennis / Wed / 18:00
Booked Tue / 14:30",NO 1 of 4,1 of 4,NO,YES,NO,NO
R-225,"Pool / Tue / 08:00 / Tue 00:35
Pool / Thu / 11:00 / Tue 01:35
Pool / Wed / 19:00 / Tue 14:05","Tennis / Wed / 08:00
Nudge Tue / 13:55","Tennis / Thu / 06:00
Booked Tue / 14:40",NO 1 of 4,1 of 4,YES,NO,NO,NO
R-341,"Pool / Mon / 07:00 / Sun 14:30
Pool / Wed / 20:00 / Wed 04:00
Gym / Tue / 07:00 / Mon 15:15","Gym / Wed / 07:00
Nudge Tue / 14:50","Pool / Tue / 21:00
Booked Tue / 14:55",NO 1 of 4,1 of 4,NO,NO,NO,YES
R-215,"Pool / Thu / 19:00 / Wed 00:15
Badminton / Fri / 19:00 / Wed 07:00
Gym / Thu / 18:00 / Thu 04:40","Gym / Wed / 21:00
Nudge Wed / 15:20","Gym / Tue / 20:00
Booked Tue / 15:40",NO 1 of 4,1 of 4,YES,NO,NO,NO
R-413,"Gym / Mon / 13:00 / Mon 02:35
Tennis / Fri / 06:00 / Wed 11:55
Gym / Thu / 08:00 / Wed 16:55","Gym / Wed / 06:00
Nudge Tue / 16:45","Gym / Thu / 06:00
Booked Tue / 16:30",NO 2 of 4,2 of 4,YES,NO,YES,NO
R-281,"Badminton / Tue / 13:00 / Sun 22:25
Gym / Tue / 19:00 / Tue 01:10
Badminton / Tue / 20:00 / Tue 01:30","Badminton / Wed / 20:00
Nudge Tue / 20:55","Gym / Wed / 09:00
Booked Tue / 17:10",NO 1 of 4,1 of 4,NO,YES,NO,NO
R-198,"Gym / Wed / 07:00 / Mon 19:05
Gym / Thu / 08:00 / Wed 17:45
Gym / Tue / 06:00 / Mon 18:45","Gym / Wed / 08:00
Nudge Tue / 17:40","Gym / Wed / 07:00
Booked Tue / 17:10",NO 3 of 4,3 of 4,YES,YES,NO,YES
R-252,"Gym / Mon / 21:00 / Mon 12:55
Badminton / Mon / 19:00 / Sun 07:30
Badminton / Mon / 18:00 / Sun 22:55","Badminton / Wed / 18:00
Nudge Tue / 18:50","Gym / Wed / 18:00
Booked Tue / 17:25",NO 2 of 4,2 of 4,NO,YES,YES,NO
R-263,"Pool / Tue / 08:00 / Mon 15:55
Pool / Tue / 06:00 / Mon 18:15
Pool / Tue / 07:00 / Mon 21:55","Gym / Wed / 08:00
Nudge Tue / 18:35","Pool / Wed / 07:00
Booked Tue / 18:05",NO 2 of 4,2 of 4,NO,YES,NO,YES
R-177,"Pool / Sun / 19:00 / Sun 08:35
Pool / Wed / 12:00 / Wed 03:45
Gym / Mon / 08:00 / Sun 22:05","Gym / Wed / 18:00
Nudge Tue / 21:00","Clubhouse / Thu / 18:00
Booked Tue / 18:10",NO 1 of 4,1 of 4,NO,NO,YES,NO
R-323,"Gym / Wed / 18:00 / Wed 12:55
Badminton / Fri / 21:00 / Fri 11:20
Pool / Tue / 18:00 / Tue 12:05","Gym / Wed / 18:00
Nudge Tue / 21:35","Badminton / Wed / 15:00
Booked Tue / 18:20",NO 1 of 4,1 of 4,NO,YES,NO,NO
R-243,"Pool / Sat / 20:00 / Thu 19:10
Badminton / Sat / 21:00 / Sat 04:25
Badminton / Mon / 20:00 / Sun 12:00","Pool / Thu / 18:00
Nudge Wed / 21:05","Tennis / Fri / 20:00
Booked Tue / 18:35",NO 0 of 4,0 of 4,NO,NO,NO,NO
R-219,"Badminton / Sat / 18:00 / Sat 00:45
Pool / Mon / 18:00 / Mon 09:00
Badminton / Tue / 18:00 / Mon 19:55","Badminton / Thu / 18:00
Nudge Wed / 17:50","Pool / Thu / 18:00
Booked Tue / 18:45",NO 2 of 4,2 of 4,NO,YES,YES,NO
R-159,"Gym / Fri / 08:00 / Wed 14:15
Tennis / Tue / 07:00 / Sun 05:35
Tennis / Wed / 06:00 / Mon 23:40","Gym / Wed / 08:00
Nudge Tue / 18:25","Tennis / Wed / 08:00
Booked Tue / 18:50",NO 3 of 4,3 of 4,NO,YES,YES,YES
R-248,"Gym / Wed / 07:00 / Tue 05:00
Gym / Wed / 18:00 / Tue 23:30
Badminton / Thu / 21:00 / Thu 02:05","Badminton / Wed / 20:00
Nudge Tue / 20:20","Badminton / Wed / 19:00
Booked Tue / 18:55",NO 2 of 4,2 of 4,YES,YES,NO,NO
R-218,"Badminton / Mon / 22:00 / Sun 21:15
Badminton / Thu / 20:00 / Tue 07:30
Tennis / Wed / 18:00 / Tue 14:30","Badminton / Wed / 21:00
Nudge Tue / 19:25","Gym / Wed / 12:00
Booked Tue / 19:00",NO 2 of 4,2 of 4,NO,YES,NO,YES
R-440,"Gym / Fri / 11:00 / Fri 01:40
Gym / Wed / 08:00 / Tue 19:10
Gym / Thu / 07:00 / Wed 18:40","Gym / Wed / 06:00
Nudge Tue / 19:45","Gym / Wed / 06:00
Booked Tue / 19:05",YES 4 of 4,4 of 4,YES,YES,YES,YES
R-263,"Pool / Tue / 06:00 / Mon 18:15
Pool / Tue / 07:00 / Mon 21:55
Pool / Wed / 07:00 / Tue 18:05","Gym / Wed / 17:00
Nudge Tue / 23:05","Tennis / Thu / 07:00
Booked Tue / 19:20",NO 0 of 4,0 of 4,NO,NO,NO,NO
R-240,"Gym / Tue / 07:00 / Mon 00:25
Badminton / Tue / 06:00 / Mon 17:20
Gym / Wed / 07:00 / Tue 03:25","Gym / Wed / 06:00
Nudge Tue / 19:40","Tennis / Thu / 07:00
Booked Tue / 19:20",NO 0 of 4,0 of 4,NO,NO,NO,NO
R-114,"Pool / Wed / 07:00 / Tue 20:25
Tennis / Thu / 08:00 / Wed 13:40
Tennis / Mon / 07:00 / Sun 16:30","Gym / Wed / 08:00
Nudge Tue / 20:00","Gym / Wed / 08:00
Booked Tue / 19:45",YES 4 of 4,4 of 4,YES,YES,YES,YES
R-308,"Gym / Mon / 19:00 / Mon 05:45
Gym / Tue / 06:00 / Sun 22:50
Gym / Mon / 19:00 / Mon 08:35","Gym / Wed / 20:00
Nudge Tue / 23:20","Badminton / Thu / 15:00
Booked Tue / 20:45",NO 0 of 4,0 of 4,NO,NO,NO,NO
R-291,"Pool / Sat / 18:00 / Fri 08:45
Clubhouse / Sun / 20:00 / Sun 00:00
Pool / Sun / 18:00 / Sun 10:20","Clubhouse / Sat / 10:00
Nudge Fri / 15:30","Clubhouse / Sun / 14:00
Booked Tue / 20:45",NO 1 of 4,1 of 4,YES,NO,NO,NO
R-125,"Gym / Thu / 06:00 / Thu 01:15
Pool / Fri / 07:00 / Thu 03:20
Gym / Thu / 08:00 / Thu 04:05","Gym / Wed / 06:00
Nudge Tue / 20:30","Gym / Wed / 07:00
Booked Tue / 20:55",NO 3 of 4,3 of 4,YES,YES,NO,YES
R-118,"Tennis / Fri / 10:00 / Thu 06:10
Tennis / Thu / 07:00 / Mon 00:45
Gym / Mon / 08:00 / Mon 02:30","Gym / Wed / 08:00
Nudge Tue / 22:05","Gym / Wed / 07:00
Booked Tue / 21:15",NO 3 of 4,3 of 4,YES,YES,NO,YES
R-198,"Gym / Thu / 08:00 / Wed 17:45
Gym / Tue / 06:00 / Mon 18:45
Gym / Wed / 07:00 / Tue 17:10","Gym / Wed / 06:00
Nudge Tue / 21:45","Pool / Thu / 06:00
Booked Tue / 21:20",NO 1 of 4,1 of 4,NO,NO,YES,NO
R-421,"Gym / Mon / 07:00 / Sun 20:30
Gym / Thu / 06:00 / Wed 22:45
Gym / Tue / 06:00 / Mon 08:05","Gym / Wed / 06:00
Nudge Tue / 20:00","Pool / Wed / 12:00
Booked Tue / 21:20",NO 1 of 4,1 of 4,NO,YES,NO,NO
R-139,"Pool / Sun / 16:00 / Sat 18:40
Pool / Mon / 17:00 / Sat 22:00
Pool / Tue / 19:00 / Tue 10:15","Gym / Wed / 18:00
Nudge Tue / 22:45","Pool / Wed / 19:00
Booked Tue / 21:25",NO 1 of 4,1 of 4,NO,YES,NO,NO
R-172,"Gym / Sat / 12:00 / Sat 01:15
Gym / Thu / 10:00 / Thu 03:10
Pool / Mon / 19:00 / Sun 19:40","Gym / Wed / 08:00
Nudge Tue / 21:55","Gym / Wed / 07:00
Booked Tue / 21:35",NO 3 of 4,3 of 4,YES,YES,NO,YES
R-347,"Pool / Mon / 06:00 / Sat 16:35
Gym / Wed / 08:00 / Tue 19:05
Gym / Mon / 08:00 / Sun 17:25","Gym / Wed / 06:00
Nudge Tue / 21:50","Gym / Wed / 08:00
Booked Tue / 21:50",NO 3 of 4,3 of 4,YES,YES,NO,YES
R-432,"Tennis / Tue / 06:00 / Mon 13:35
Gym / Wed / 07:00 / Mon 21:15
Pool / Tue / 07:00 / Tue 00:05","Gym / Wed / 08:00
Nudge Tue / 21:45","Pool / Thu / 08:00
Booked Tue / 21:55",NO 1 of 4,1 of 4,NO,NO,YES,NO
R-145,"Gym / Mon / 06:00 / Mon 02:55
Tennis / Tue / 10:00 / Mon 11:15
Gym / Tue / 07:00 / Mon 22:30","Gym / Wed / 06:00
Nudge Tue / 22:55","Gym / Wed / 07:00
Booked Tue / 22:10",NO 3 of 4,3 of 4,YES,YES,NO,YES
R-133,"Hall / Sat / 19:00 / Sun 15:20
Clubhouse / Sun / 15:00 / Wed 15:40
Pool / Sun / 18:00 / Sun 09:20","Clubhouse / Fri / 11:00
Nudge Thu / 18:25","Hall / Sun / 12:00
Booked Tue / 22:10",NO 0 of 4,0 of 4,NO,NO,NO,NO
R-391,"Gym / Tue / 07:00 / Mon 22:35
Tennis / Wed / 06:00 / Tue 21:20
Gym / Thu / 21:00 / Thu 00:45","Gym / Wed / 07:00
Nudge Tue / 22:55","Gym / Wed / 06:00
Booked Tue / 22:35",NO 3 of 4,3 of 4,YES,YES,NO,YES
R-279,"Pool / Fri / 19:00 / Wed 00:55
Pool / Sat / 19:00 / Thu 01:15
Gym / Sun / 19:00 / Sun 09:40","Gym / Wed / 08:00
Nudge Tue / 22:20","Pool / Thu / 08:00
Booked Tue / 22:35",NO 1 of 4,1 of 4,NO,NO,YES,NO
R-286,"Tennis / Tue / 18:00 / Mon 01:10
Badminton / Tue / 17:00 / Tue 00:40
Pool / Tue / 20:00 / Tue 12:55","Badminton / Wed / 20:00
Nudge Tue / 22:05","Badminton / Wed / 19:00
Booked Tue / 22:55",NO 3 of 4,3 of 4,YES,YES,NO,YES
R-306,"Gym / Tue / 19:00 / Tue 08:20
Gym / Wed / 19:00 / Wed 03:50
Pool / Wed / 19:00 / Tue 00:20","Gym / Wed / 08:00
Nudge Tue / 22:45","Pool / Wed / 09:00
Booked Tue / 22:55",NO 2 of 4,2 of 4,NO,YES,NO,YES
R-281,"Gym / Tue / 19:00 / Tue 01:10
Badminton / Tue / 20:00 / Tue 01:30
Gym / Wed / 09:00 / Tue 17:10","Badminton / Wed / 18:00
Nudge Tue / 23:45","Badminton / Wed / 18:00
Booked Tue / 23:00",YES 4 of 4,4 of 4,YES,YES,YES,YES
R-215,"Badminton / Fri / 19:00 / Wed 07:00
Gym / Thu / 18:00 / Thu 04:40
Gym / Tue / 20:00 / Tue 15:40","Badminton / Wed / 18:00
Nudge Tue / 23:05","Badminton / Wed / 21:00
Booked Tue / 23:30",NO 3 of 4,3 of 4,YES,YES,NO,YES
R-257,"Badminton / Tue / 18:00 / Sun 07:05
Badminton / Tue / 20:00 / Mon 05:20
Gym / Wed / 21:00 / Wed 01:00","Gym / Wed / 18:00
Nudge Wed / 00:05","Pool / Wed / 11:00
Booked Tue / 23:40",NO 1 of 4,1 of 4,NO,YES,NO,NO
R-226,"Hall / Sat / 22:00 / Mon 04:20
Hall / Sun / 12:00 / Thu 03:15
Badminton / Sun / 11:00 / Sat 22:40","Pool / Thu / 11:00
Nudge Wed / 23:40","Hall / Fri / 18:00
Booked Tue / 23:55",NO 0 of 4,0 of 4,NO,NO,NO,NO
R-413,"Tennis / Fri / 06:00 / Wed 11:55
Gym / Thu / 08:00 / Wed 16:55
Gym / Thu / 06:00 / Tue 16:30","Gym / Wed / 08:00
Nudge Wed / 00:20","Gym / Wed / 06:00
Booked Wed / 00:15",NO 3 of 4,3 of 4,YES,YES,NO,YES
R-298,"Pool / Thu / 19:00 / Wed 16:40
Tennis / Tue / 08:00 / Sun 06:15
Pool / Mon / 19:00 / Sun 22:20","Gym / Wed / 08:00
Nudge Wed / 00:55","Pool / Wed / 19:00
Booked Wed / 00:55",NO 2 of 4,2 of 4,NO,YES,NO,YES
R-104,"Badminton / Fri / 18:00 / Thu 16:10
Tennis / Tue / 18:00 / Mon 10:25
Gym / Tue / 21:00 / Tue 13:45","Gym / Wed / 21:00
Nudge Wed / 02:45","Badminton / Wed / 18:00
Booked Wed / 01:20",NO 1 of 4,1 of 4,NO,YES,NO,NO
R-159,"Tennis / Tue / 07:00 / Sun 05:35
Tennis / Wed / 06:00 / Mon 23:40
Tennis / Wed / 08:00 / Tue 18:50","Gym / Wed / 08:00
Nudge Wed / 01:20","Tennis / Fri / 08:00
Booked Wed / 01:25",NO 1 of 4,1 of 4,NO,NO,YES,NO
R-277,"Gym / Thu / 21:00 / Wed 18:20
Badminton / Sat / 21:00 / Fri 10:50
Pool / Sat / 18:00 / Sat 05:35","Badminton / Wed / 21:00
Nudge Wed / 00:35","Tennis / Thu / 21:00
Booked Wed / 01:55",NO 1 of 4,1 of 4,NO,NO,YES,NO
R-403,"Badminton / Sat / 20:00 / Sat 02:45
Badminton / Wed / 13:00 / Tue 18:05
Badminton / Sun / 15:00 / Sun 07:25","Badminton / Wed / 18:00
Nudge Wed / 02:10","Badminton / Wed / 19:00
Booked Wed / 02:10",NO 3 of 4,3 of 4,YES,YES,NO,YES
R-203,"Gym / Mon / 07:00 / Sun 22:50
Pool / Mon / 08:00 / Sun 23:35
Tennis / Wed / 07:00 / Tue 16:25","Gym / Wed / 08:00
Nudge Wed / 03:25","Tennis / Thu / 08:00
Booked Wed / 02:10",NO 1 of 4,1 of 4,NO,NO,YES,NO
R-210,"Gym / Wed / 08:00 / Tue 22:25
Gym / Tue / 08:00 / Tue 04:45
Tennis / Wed / 12:00 / Tue 08:15","Gym / Wed / 08:00
Nudge Wed / 03:45","Gym / Wed / 07:00
Booked Wed / 02:45",NO 2 of 4,2 of 4,YES,YES,NO,NO
R-155,"Tennis / Tue / 14:00 / Mon 12:55
Gym / Wed / 07:00 / Mon 20:50
Pool / Tue / 08:00 / Mon 21:10","Gym / Wed / 08:00
Nudge Wed / 01:35","Gym / Thu / 06:00
Booked Wed / 02:55",NO 1 of 4,1 of 4,YES,NO,NO,NO
R-362,"Badminton / Mon / 18:00 / Mon 10:30
Tennis / Mon / 20:00 / Mon 11:10
Gym / Tue / 18:00 / Tue 13:30","Gym / Wed / 18:00
Nudge Wed / 03:10","Badminton / Wed / 18:00
Booked Wed / 03:00",NO 3 of 4,3 of 4,NO,YES,YES,YES
R-423,"Tennis / Thu / 06:00 / Wed 19:25
Pool / Mon / 06:00 / Sat 11:05
Gym / Wed / 07:00 / Tue 10:50","Gym / Wed / 08:00
Nudge Wed / 01:15","Pool / Thu / 08:00
Booked Wed / 03:35",NO 1 of 4,1 of 4,NO,NO,YES,NO
R-252,"Badminton / Mon / 19:00 / Sun 07:30
Badminton / Mon / 18:00 / Sun 22:55
Gym / Wed / 18:00 / Tue 17:25","Badminton / Wed / 21:00
Nudge Wed / 04:35","Badminton / Wed / 21:00
Booked Wed / 03:50",YES 4 of 4,4 of 4,YES,YES,YES,YES
R-338,"Gym / Sat / 18:00 / Sat 08:50
Badminton / Tue / 19:00 / Sun 21:35
Gym / Mon / 18:00 / Sun 22:05","Badminton / Wed / 21:00
Nudge Wed / 05:10","Gym / Wed / 18:00
Booked Wed / 04:25",NO 2 of 4,2 of 4,NO,YES,NO,YES
R-279,"Pool / Sat / 19:00 / Thu 01:15
Gym / Sun / 19:00 / Sun 09:40
Pool / Thu / 08:00 / Tue 22:35","Pool / Wed / 08:00
Nudge Tue / 19:45","Pool / Wed / 19:00
Booked Wed / 05:00",NO 2 of 4,2 of 4,YES,YES,NO,NO
R-437,"Pool / Fri / 19:00 / Fri 00:45
Badminton / Tue / 06:00 / Mon 17:55
Pool / Tue / 21:00 / Tue 04:55","Badminton / Wed / 18:00
Nudge Wed / 04:55","Gym / Wed / 21:00
Booked Wed / 05:10",NO 2 of 4,2 of 4,NO,YES,NO,YES
R-215,"Gym / Thu / 18:00 / Thu 04:40
Gym / Tue / 20:00 / Tue 15:40
Badminton / Wed / 21:00 / Tue 23:30","Badminton / Wed / 21:00
Nudge Wed / 05:30","Pool / Wed / 18:00
Booked Wed / 05:15",NO 2 of 4,2 of 4,NO,YES,NO,YES
R-213,"Badminton / Mon / 20:00 / Thu 20:20
Badminton / Mon / 19:00 / Sun 22:55
Tennis / Wed / 19:00 / Mon 17:30","Badminton / Wed / 21:00
Nudge Wed / 04:50","Badminton / Thu / 20:00
Booked Wed / 05:30",NO 1 of 4,1 of 4,YES,NO,NO,NO
R-247,"Badminton / Thu / 20:00 / Thu 04:00
Badminton / Sat / 21:00 / Sat 17:35
Gym / Thu / 18:00 / Wed 19:30","Gym / Wed / 18:00
Nudge Wed / 05:50","Badminton / Wed / 21:00
Booked Wed / 05:35",NO 2 of 4,2 of 4,NO,YES,NO,YES
R-139,"Pool / Mon / 17:00 / Sat 22:00
Pool / Tue / 19:00 / Tue 10:15
Pool / Wed / 19:00 / Tue 21:25","Gym / Thu / 18:00
Nudge Thu / 07:05","Tennis / Fri / 19:00
Booked Wed / 06:25",NO 0 of 4,0 of 4,NO,NO,NO,NO
R-280,"Pool / Sat / 17:00 / Fri 12:40
Gym / Mon / 07:00 / Mon 00:00","Gym / Thu / 18:00
Nudge Thu / 06:30","Tennis / Sun / 18:00
Booked Wed / 06:50",NO 1 of 4,1 of 4,NO,NO,YES,NO
R-103,"Pool / Sun / 12:00 / Fri 12:55
Clubhouse / Sat / 10:00 / Wed 11:15
Clubhouse / Sat / 11:00 / Mon 07:30","Clubhouse / Sat / 17:00
Nudge Fri / 21:55","Pool / Sat / 06:00
Booked Wed / 06:50",NO 1 of 4,1 of 4,NO,YES,NO,NO
R-272,"Gym / Mon / 18:00 / Mon 02:45
Badminton / Tue / 21:00 / Mon 22:25
Badminton / Wed / 19:00 / Tue 09:35","Badminton / Thu / 19:00
Nudge Thu / 05:25","Badminton / Fri / 22:00
Booked Wed / 07:15",NO 1 of 4,1 of 4,YES,NO,NO,NO
R-184,"Hall / Fri / 19:00 / Tue 14:55
Hall / Fri / 15:00 / Wed 15:20
Hall / Wed / 19:00 / Mon 19:15","Hall / Thu / 18:00
Nudge Mon / 12:20","Pool / Fri / 16:00
Booked Wed / 07:30",NO 0 of 4,0 of 4,NO,NO,NO,NO
R-238,"Pool / Sat / 10:00 / Fri 16:40
Pool / Sat / 17:00 / Fri 18:15
Pool / Sun / 16:00 / Sun 09:45","Clubhouse / Wed / 17:00
Nudge Tue / 18:55","Pool / Sat / 08:00
Booked Wed / 08:10",NO 0 of 4,0 of 4,NO,NO,NO,NO
R-124,"Gym / Sun / 08:00 / Sun 00:05
Badminton / Wed / 18:00 / Tue 20:50
Badminton / Wed / 21:00 / Wed 14:50","Gym / Wed / 21:00
Nudge Wed / 08:40","Gym / Wed / 12:00
Booked Wed / 08:15",NO 3 of 4,3 of 4,YES,YES,NO,YES
R-353,"Pool / Sat / 18:00 / Fri 12:45
Gym / Fri / 19:00 / Fri 13:05
Tennis / Tue / 21:00 / Sun 03:20","Badminton / Thu / 20:00
Nudge Thu / 04:20","Gym / Wed / 18:00
Booked Wed / 08:30",NO 0 of 4,0 of 4,NO,NO,NO,NO
R-253,"Pool / Fri / 17:00 / Fri 13:40
Pool / Tue / 08:00 / Mon 07:10
Tennis / Wed / 06:00 / Mon 12:05","Gym / Thu / 08:00
Nudge Wed / 11:30","Gym / Thu / 07:00
Booked Wed / 08:45",NO 2 of 4,2 of 4,YES,YES,NO,NO
R-119,"Gym / Mon / 08:00 / Sun 14:45
Gym / Tue / 06:00 / Tue 01:10
Tennis / Tue / 18:00 / Tue 07:25","Gym / Thu / 08:00
Nudge Wed / 12:15","Pool / Thu / 07:00
Booked Wed / 10:10",NO 1 of 4,1 of 4,NO,YES,NO,NO
R-222,"Gym / Mon / 20:00 / Sat 20:45
Tennis / Mon / 19:00 / Sun 19:10
Gym / Sun / 18:00 / Sun 01:25","Gym / Wed / 20:00
Nudge Wed / 10:50","Gym / Wed / 19:00
Booked Wed / 10:50",NO 3 of 4,3 of 4,YES,YES,NO,YES
R-104,"Tennis / Tue / 18:00 / Mon 10:25
Gym / Tue / 21:00 / Tue 13:45
Badminton / Wed / 18:00 / Wed 01:20","Gym / Wed / 21:00
Nudge Wed / 11:25","Gym / Wed / 19:00
Booked Wed / 11:15",NO 3 of 4,3 of 4,YES,YES,NO,YES
R-428,"Pool / Fri / 08:00 / Fri 03:30
Tennis / Wed / 08:00 / Sun 20:40
Gym / Tue / 07:00 / Mon 20:40","Gym / Thu / 08:00
Nudge Wed / 12:35","Gym / Wed / 17:00
Booked Wed / 11:30",NO 1 of 4,1 of 4,YES,NO,NO,NO
R-222,"Tennis / Mon / 19:00 / Sun 19:10
Gym / Sun / 18:00 / Sun 01:25
Gym / Wed / 19:00 / Wed 10:50","Gym / Wed / 20:00
Nudge Wed / 11:50","Tennis / Thu / 18:00
Booked Wed / 11:45",NO 0 of 4,0 of 4,NO,NO,NO,NO
R-307,"Gym / Sat / 18:00 / Sat 09:45
Tennis / Mon / 07:00 / Fri 13:25
Pool / Sun / 19:00 / Fri 19:20","Pool / Thu / 18:00
Nudge Thu / 06:40","Pool / Thu / 07:00
Booked Wed / 12:10",NO 2 of 4,2 of 4,YES,YES,NO,NO
R-346,"Clubhouse / Sat / 19:00 / Fri 12:45
Pool / Fri / 18:00 / Thu 18:55
Clubhouse / Fri / 19:00 / Sat 00:30","Hall / Thu / 18:00
Nudge Mon / 03:45","Hall / Sat / 15:00
Booked Wed / 12:55",NO 1 of 4,1 of 4,YES,NO,NO,NO
R-443,"Pool / Mon / 20:00 / Mon 13:40
Badminton / Tue / 10:00 / Mon 07:50
Gym / Tue / 19:00 / Tue 11:30","Gym / Wed / 20:00
Nudge Wed / 13:10","Gym / Wed / 20:00
Booked Wed / 13:05",YES 4 of 4,4 of 4,YES,YES,YES,YES
R-401,"Gym / Mon / 07:00 / Sun 19:50
Gym / Fri / 07:00 / Thu 17:05
Gym / Mon / 06:00 / Sun 22:10","Gym / Thu / 08:00
Nudge Wed / 13:40","Gym / Thu / 16:00
Booked Wed / 13:45",NO 3 of 4,3 of 4,YES,YES,NO,YES
R-430,"Gym / Tue / 20:00 / Sun 20:35
Tennis / Mon / 20:00 / Mon 01:10
Gym / Tue / 17:00 / Mon 16:45","Gym / Wed / 20:00
Nudge Wed / 13:15","Gym / Wed / 19:00
Booked Wed / 13:45",NO 3 of 4,3 of 4,YES,YES,NO,YES
R-278,"Badminton / Tue / 18:00 / Tue 04:55
Gym / Thu / 19:00 / Thu 14:45
Tennis / Wed / 18:00 / Tue 02:00","Gym / Wed / 21:00
Nudge Wed / 13:45","Gym / Wed / 19:00
Booked Wed / 13:45",NO 3 of 4,3 of 4,YES,YES,NO,YES
R-186,"Pool / Mon / 19:00 / Mon 13:00
Gym / Tue / 17:00 / Tue 12:40
Gym / Sun / 17:00 / Fri 17:20","Gym / Thu / 19:00
Nudge Thu / 09:55","Badminton / Sat / 12:00
Booked Wed / 14:10",NO 0 of 4,0 of 4,NO,NO,NO,NO
R-192,"Pool / Sat / 15:00 / Sat 06:25
Pool / Sat / 14:00 / Sat 07:55
Pool / Sun / 17:00 / Sat 09:15","Clubhouse / Sat / 15:00
Nudge Fri / 12:40","Gym / Thu / 10:00
Booked Wed / 14:30",NO 0 of 4,0 of 4,NO,NO,NO,NO
R-171,"Pool / Tue / 07:00 / Mon 09:40
Pool / Thu / 19:00 / Wed 01:30
Gym / Mon / 06:00 / Sun 07:55","Gym / Thu / 07:00
Nudge Wed / 15:40","Gym / Thu / 19:00
Booked Wed / 15:10",NO 3 of 4,3 of 4,YES,YES,NO,YES
R-309,"Pool / Sat / 17:00 / Wed 17:15
Clubhouse / Sat / 11:00 / Sat 11:25
Clubhouse / Sun / 10:00 / Sun 20:40","Clubhouse / Sat / 15:00
Nudge Fri / 11:05","Pool / Sat / 15:00
Booked Wed / 15:20",NO 2 of 4,2 of 4,NO,YES,YES,NO
R-335,"Badminton / Tue / 18:00 / Mon 23:10
Badminton / Wed / 21:00 / Tue 04:00
Badminton / Mon / 20:00 / Sun 23:40","Tennis / Thu / 21:00
Nudge Wed / 23:55","Gym / Wed / 21:00
Booked Wed / 15:25",NO 1 of 4,1 of 4,NO,NO,YES,NO
R-362,"Tennis / Mon / 20:00 / Mon 11:10
Gym / Tue / 18:00 / Tue 13:30
Badminton / Wed / 18:00 / Wed 03:00","Gym / Thu / 20:00
Nudge Thu / 12:25","Gym / Wed / 21:00
Booked Wed / 15:50",NO 1 of 4,1 of 4,YES,NO,NO,NO
R-388,"Badminton / Thu / 21:00 / Thu 02:05
Badminton / Fri / 21:00 / Fri 01:40
Badminton / Wed / 20:00 / Wed 02:40","Gym / Thu / 20:00
Nudge Thu / 10:15","Gym / Wed / 21:00
Booked Wed / 16:45",NO 1 of 4,1 of 4,YES,NO,NO,NO
R-173,"Badminton / Wed / 19:00 / Tue 22:40
Badminton / Fri / 18:00 / Wed 02:45
Badminton / Sat / 18:00 / Fri 05:40","Badminton / Thu / 20:00
Nudge Wed / 18:50","Tennis / Fri / 10:00
Booked Wed / 17:20",NO 0 of 4,0 of 4,NO,NO,NO,NO
R-228,"Badminton / Mon / 19:00 / Sun 23:00
Gym / Thu / 19:00 / Wed 16:55
Badminton / Fri / 18:00 / Thu 02:40","Badminton / Thu / 20:00
Nudge Wed / 20:20","Tennis / Fri / 19:00
Booked Wed / 18:00",NO 0 of 4,0 of 4,NO,NO,NO,NO
R-401,"Gym / Fri / 07:00 / Thu 17:05
Gym / Mon / 06:00 / Sun 22:10
Gym / Thu / 16:00 / Wed 13:45","Gym / Thu / 08:00
Nudge Wed / 18:45","Gym / Thu / 07:00
Booked Wed / 18:15",NO 3 of 4,3 of 4,YES,YES,NO,YES
R-244,"Badminton / Thu / 18:00 / Wed 23:10
Pool / Sat / 20:00 / Fri 23:35
Gym / Tue / 20:00 / Tue 01:00","Badminton / Thu / 20:00
Nudge Wed / 20:15","Gym / Thu / 20:00
Booked Wed / 18:20",NO 2 of 4,2 of 4,NO,YES,YES,NO
R-104,"Gym / Tue / 21:00 / Tue 13:45
Badminton / Wed / 18:00 / Wed 01:20
Gym / Wed / 19:00 / Wed 11:15","Badminton / Thu / 21:00
Nudge Wed / 20:30","Gym / Thu / 18:00
Booked Wed / 18:35",NO 1 of 4,1 of 4,NO,YES,NO,NO
R-443,"Badminton / Tue / 10:00 / Mon 07:50
Gym / Tue / 19:00 / Tue 11:30
Gym / Wed / 20:00 / Wed 13:05","Pool / Thu / 20:00
Nudge Thu / 00:30","Gym / Fri / 09:00
Booked Wed / 20:00",NO 0 of 4,0 of 4,NO,NO,NO,NO
R-279,"Gym / Sun / 19:00 / Sun 09:40
Pool / Thu / 08:00 / Tue 22:35
Pool / Wed / 19:00 / Wed 05:00","Gym / Thu / 08:00
Nudge Wed / 21:30","Gym / Thu / 19:00
Booked Wed / 21:05",NO 3 of 4,3 of 4,YES,YES,NO,YES
R-156,"Pool / Thu / 07:00 / Wed 16:05
Pool / Mon / 08:00 / Mon 00:45
Gym / Tue / 06:00 / Mon 22:10","Gym / Thu / 08:00
Nudge Wed / 23:15","Gym / Thu / 08:00
Booked Wed / 22:10",NO 3 of 4,3 of 4,YES,YES,YES,NO
R-130,"Pool / Mon / 06:00 / Sun 21:40
Gym / Wed / 08:00 / Tue 10:30
Tennis / Fri / 08:00 / Thu 09:55","Gym / Thu / 08:00
Nudge Wed / 22:30","Gym / Thu / 06:00
Booked Wed / 22:10",NO 3 of 4,3 of 4,YES,YES,NO,YES
R-240,"Badminton / Tue / 06:00 / Mon 17:20
Gym / Wed / 07:00 / Tue 03:25
Tennis / Thu / 07:00 / Tue 19:20","Gym / Thu / 06:00
Nudge Wed / 22:00","Pool / Thu / 06:00
Booked Wed / 22:15",NO 3 of 4,3 of 4,NO,YES,YES,YES
R-424,"Pool / Tue / 08:00 / Tue 02:35
Gym / Fri / 08:00 / Thu 06:15
Pool / Mon / 06:00 / Sun 23:30","Gym / Thu / 08:00
Nudge Wed / 23:25","Tennis / Thu / 07:00
Booked Wed / 22:30",NO 2 of 4,2 of 4,NO,YES,NO,YES
R-215,"Gym / Tue / 20:00 / Tue 15:40
Badminton / Wed / 21:00 / Tue 23:30
Pool / Wed / 18:00 / Wed 05:15","Badminton / Thu / 18:00
Nudge Wed / 22:00","Gym / Thu / 19:00
Booked Wed / 23:55",NO 1 of 4,1 of 4,NO,YES,NO,NO
R-174,"Tennis / Thu / 06:00 / Wed 23:10
Gym / Fri / 08:00 / Fri 05:35
Gym / Mon / 08:00 / Sun 22:25","Gym / Thu / 08:00
Nudge Thu / 01:00","Gym / Thu / 06:00
Booked Thu / 00:00",NO 2 of 4,2 of 4,YES,YES,NO,NO
R-163,"Tennis / Tue / 08:00 / Sun 09:25
Gym / Tue / 07:00 / Tue 01:05
Gym / Thu / 06:00 / Wed 23:00","Gym / Thu / 06:00
Nudge Thu / 00:50","Gym / Thu / 06:00
Booked Thu / 00:05",YES 4 of 4,4 of 4,YES,YES,YES,YES
R-313,"Pool / Mon / 21:00 / Mon 14:35
Gym / Fri / 20:00 / Wed 23:10
Gym / Mon / 21:00 / Mon 06:55","Badminton / Thu / 20:00
Nudge Wed / 23:45","Gym / Fri / 18:00
Booked Thu / 00:20",NO 0 of 4,0 of 4,NO,NO,NO,NO
R-181,"Pool / Wed / 20:00 / Wed 13:30
Pool / Thu / 21:00 / Thu 05:10
Pool / Sat / 18:00 / Sat 14:00","Badminton / Fri / 18:00
Nudge Fri / 00:15","Pool / Thu / 21:00
Booked Thu / 00:25",NO 0 of 4,0 of 4,NO,NO,NO,NO
R-274,"Pool / Fri / 19:00 / Fri 09:10
Badminton / Sat / 21:00 / Sat 06:15
Badminton / Sat / 18:00 / Sat 06:25","Badminton / Thu / 20:00
Nudge Wed / 23:55","Badminton / Fri / 21:00
Booked Thu / 00:25",NO 1 of 4,1 of 4,YES,NO,NO,NO
R-403,"Badminton / Wed / 13:00 / Tue 18:05
Badminton / Sun / 15:00 / Sun 07:25
Badminton / Wed / 19:00 / Wed 02:10","Badminton / Thu / 20:00
Nudge Thu / 00:00","Badminton / Fri / 11:00
Booked Thu / 00:35",NO 1 of 4,1 of 4,YES,NO,NO,NO
R-111,"Badminton / Wed / 17:00 / Wed 05:20
Tennis / Mon / 17:00 / Sat 22:15
Gym / Tue / 12:00 / Mon 17:00","Gym / Thu / 18:00
Nudge Thu / 01:45","Badminton / Thu / 18:00
Booked Thu / 01:00",NO 3 of 4,3 of 4,NO,YES,YES,YES
R-171,"Pool / Thu / 19:00 / Wed 01:30
Gym / Mon / 06:00 / Sun 07:55
Gym / Thu / 19:00 / Wed 15:10","Gym / Thu / 08:00
Nudge Thu / 01:10","Pool / Fri / 06:00
Booked Thu / 01:05",NO 0 of 4,0 of 4,NO,NO,NO,NO
R-383,"Pool / Thu / 21:00 / Wed 17:50
Badminton / Sat / 21:00 / Sat 15:45
Badminton / Sun / 20:00 / Sat 21:20","Badminton / Thu / 20:00
Nudge Thu / 01:25","Badminton / Thu / 20:00
Booked Thu / 01:20",YES 4 of 4,4 of 4,YES,YES,YES,YES
R-124,"Badminton / Wed / 18:00 / Tue 20:50
Badminton / Wed / 21:00 / Wed 14:50
Gym / Wed / 12:00 / Wed 08:15","Gym / Thu / 20:00
Nudge Thu / 02:15","Gym / Thu / 17:00
Booked Thu / 01:35",NO 3 of 4,3 of 4,YES,YES,NO,YES
R-119,"Gym / Tue / 06:00 / Tue 01:10
Tennis / Tue / 18:00 / Tue 07:25
Pool / Thu / 07:00 / Wed 10:10","Gym / Thu / 08:00
Nudge Thu / 02:40","Gym / Thu / 08:00
Booked Thu / 01:55",YES 4 of 4,4 of 4,YES,YES,YES,YES
R-371,"Gym / Tue / 07:00 / Mon 20:15
Pool / Wed / 07:00 / Wed 01:20
Gym / Thu / 06:00 / Wed 13:35","Gym / Thu / 08:00
Nudge Thu / 03:15","Gym / Thu / 08:00
Booked Thu / 02:00",NO 3 of 4,3 of 4,YES,YES,YES,NO
R-243,"Badminton / Sat / 21:00 / Sat 04:25
Badminton / Mon / 20:00 / Sun 12:00
Tennis / Fri / 20:00 / Tue 18:35","Badminton / Thu / 18:00
Nudge Thu / 02:25","Badminton / Thu / 11:00
Booked Thu / 02:20",NO 3 of 4,3 of 4,YES,YES,NO,YES
R-219,"Pool / Mon / 18:00 / Mon 09:00
Badminton / Tue / 18:00 / Mon 19:55
Pool / Thu / 18:00 / Tue 18:45","Badminton / Thu / 18:00
Nudge Thu / 02:05","Badminton / Thu / 20:00
Booked Thu / 02:30",NO 3 of 4,3 of 4,YES,YES,NO,YES
R-172,"Gym / Thu / 10:00 / Thu 03:10
Pool / Mon / 19:00 / Sun 19:40
Gym / Wed / 07:00 / Tue 21:35","Gym / Thu / 08:00
Nudge Thu / 03:20","Pool / Thu / 12:00
Booked Thu / 02:45",NO 2 of 4,2 of 4,NO,YES,NO,YES
R-122,"Pool / Sat / 19:00 / Sat 12:30
Tennis / Wed / 08:00 / Tue 01:25
Pool / Wed / 19:00 / Tue 12:05","Gym / Thu / 18:00
Nudge Thu / 02:30","Pool / Thu / 07:00
Booked Thu / 02:45",NO 2 of 4,2 of 4,NO,YES,NO,YES
R-126,"Badminton / Sat / 18:00 / Sat 02:55
Pool / Sun / 19:00 / Sun 11:05
Badminton / Mon / 19:00 / Mon 03:15","Gym / Thu / 18:00
Nudge Thu / 03:00","Badminton / Thu / 19:00
Booked Thu / 03:20",NO 2 of 4,2 of 4,NO,YES,NO,YES
R-232,"Badminton / Tue / 08:00 / Mon 18:05
Pool / Thu / 08:00 / Wed 21:20
Badminton / Wed / 12:00 / Tue 12:20","Gym / Thu / 07:00
Nudge Thu / 00:45","Clubhouse / Thu / 19:00
Booked Thu / 03:30",NO 1 of 4,1 of 4,NO,YES,NO,NO
R-132,"Pool / Sat / 10:00 / Fri 16:40
Pool / Sat / 10:00 / Fri 10:15
Clubhouse / Tue / 11:00 / Fri 18:05","Clubhouse / Sat / 18:00
Nudge Sat / 00:05","Clubhouse / Sat / 18:00
Booked Thu / 03:40",NO 3 of 4,3 of 4,YES,YES,YES,NO
R-401,"Gym / Mon / 06:00 / Sun 22:10
Gym / Thu / 16:00 / Wed 13:45
Gym / Thu / 07:00 / Wed 18:15","Gym / Thu / 08:00
Nudge Thu / 03:50","Tennis / Fri / 08:00
Booked Thu / 03:45",NO 1 of 4,1 of 4,NO,NO,YES,NO
R-170,"Gym / Wed / 06:00 / Tue 12:35
Pool / Thu / 06:00 / Tue 19:45
Gym / Fri / 17:00 / Fri 10:05","Gym / Thu / 07:00
Nudge Wed / 22:20","Gym / Fri / 07:00
Booked Thu / 04:15",NO 2 of 4,2 of 4,YES,NO,YES,NO
R-391,"Tennis / Wed / 06:00 / Tue 21:20
Gym / Thu / 21:00 / Thu 00:45
Gym / Wed / 06:00 / Tue 22:35","Gym / Thu / 08:00
Nudge Thu / 03:50","Gym / Thu / 21:00
Booked Thu / 04:45",NO 3 of 4,3 of 4,YES,YES,NO,YES
R-366,"Gym / Thu / 07:00 / Wed 09:55
Gym / Mon / 07:00 / Sun 06:20
Gym / Tue / 08:00 / Sun 18:20","Gym / Thu / 08:00
Nudge Wed / 22:45","Gym / Fri / 08:00
Booked Thu / 04:50",NO 2 of 4,2 of 4,YES,NO,YES,NO
R-357,"Gym / Tue / 19:00 / Tue 10:05
Tennis / Sun / 17:00 / Sun 05:50
Badminton / Fri / 17:00 / Fri 00:25","Gym / Thu / 19:00
Nudge Thu / 06:05","Gym / Thu / 20:00
Booked Thu / 05:10",NO 3 of 4,3 of 4,YES,YES,NO,YES
R-110,"Pool / Wed / 19:00 / Wed 05:50
Tennis / Fri / 19:00 / Thu 14:00
Pool / Mon / 21:00 / Mon 03:45","Gym / Thu / 08:00
Nudge Wed / 22:50","Gym / Thu / 19:00
Booked Thu / 05:15",NO 2 of 4,2 of 4,YES,YES,NO,NO
R-274,"Badminton / Sat / 21:00 / Sat 06:15
Badminton / Sat / 18:00 / Sat 06:25
Badminton / Fri / 21:00 / Thu 00:25","Badminton / Thu / 19:00
Nudge Thu / 04:30","Badminton / Fri / 20:00
Booked Thu / 05:25",NO 1 of 4,1 of 4,YES,NO,NO,NO
R-132,"Pool / Sat / 10:00 / Fri 10:15
Clubhouse / Tue / 11:00 / Fri 18:05
Clubhouse / Sat / 18:00 / Thu 03:40","Clubhouse / Sat / 18:00
Nudge Sat / 00:45","Clubhouse / Sat / 15:00
Booked Thu / 05:50",NO 2 of 4,2 of 4,YES,YES,NO,NO
R-441,"Badminton / Wed / 09:00 / Mon 20:15
Badminton / Thu / 20:00 / Tue 18:35
Gym / Tue / 10:00 / Tue 03:10","Badminton / Thu / 20:00
Nudge Thu / 06:50","Badminton / Fri / 19:00
Booked Thu / 06:00",NO 1 of 4,1 of 4,YES,NO,NO,NO
R-404,"Pool / Sat / 18:00 / Thu 05:45
Gym / Wed / 21:00 / Wed 09:20
Badminton / Tue / 21:00 / Tue 03:40","Gym / Thu / 18:00
Nudge Thu / 07:05","Tennis / Sat / 19:00
Booked Thu / 06:05",NO 0 of 4,0 of 4,NO,NO,NO,NO
R-306,"Gym / Wed / 19:00 / Wed 03:50
Pool / Wed / 19:00 / Tue 00:20
Pool / Wed / 09:00 / Tue 22:55","Gym / Thu / 08:00
Nudge Wed / 12:35","Gym / Thu / 19:00
Booked Thu / 06:30",NO 2 of 4,2 of 4,YES,YES,NO,NO
R-301,"Pool / Sat / 21:00 / Fri 01:15
Badminton / Tue / 21:00 / Mon 09:35
Pool / Wed / 18:00 / Wed 10:30","Gym / Thu / 18:00
Nudge Thu / 06:50","Pool / Fri / 18:00
Booked Thu / 06:35",NO 1 of 4,1 of 4,NO,NO,YES,NO
R-277,"Badminton / Sat / 21:00 / Fri 10:50
Pool / Sat / 18:00 / Sat 05:35
Tennis / Thu / 21:00 / Wed 01:55","Badminton / Thu / 21:00
Nudge Thu / 06:00","Badminton / Sat / 21:00
Booked Thu / 07:20",NO 2 of 4,2 of 4,YES,NO,YES,NO
R-160,"Tennis / Wed / 20:00 / Wed 08:10
Tennis / Mon / 18:00 / Sat 05:25
Gym / Sat / 20:00 / Sat 10:55","Gym / Thu / 19:00
Nudge Thu / 07:55","Pool / Thu / 18:00
Booked Thu / 07:20",NO 2 of 4,2 of 4,NO,YES,NO,YES
R-106,"Pool / Mon / 17:00 / Sat 23:35
Gym / Mon / 08:00 / Mon 04:45
Gym / Fri / 08:00 / Thu 17:20","Gym / Fri / 19:00
Nudge Fri / 06:55","Pool / Thu / 17:00
Booked Thu / 07:35",NO 0 of 4,0 of 4,NO,NO,NO,NO
R-102,"Gym / Mon / 06:00 / Sun 13:45
Gym / Tue / 06:00 / Mon 22:30
Tennis / Tue / 08:00 / Tue 00:00","Gym / Thu / 08:00
Nudge Wed / 11:35","Tennis / Fri / 06:00
Booked Thu / 07:55",NO 0 of 4,0 of 4,NO,NO,NO,NO
R-423,"Pool / Mon / 06:00 / Sat 11:05
Gym / Wed / 07:00 / Tue 10:50
Pool / Thu / 08:00 / Wed 03:35","Gym / Fri / 08:00
Nudge Thu / 11:30","Tennis / Tue / 09:00
Booked Thu / 09:05",NO 0 of 4,0 of 4,NO,NO,NO,NO
R-370,"Gym / Mon / 06:00 / Sun 13:40
Gym / Mon / 07:00 / Sat 07:30
Tennis / Wed / 16:00 / Mon 20:00","Gym / Thu / 08:00
Nudge Wed / 11:20","Gym / Fri / 07:00
Booked Thu / 09:05",NO 1 of 4,1 of 4,YES,NO,NO,NO
R-391,"Gym / Thu / 21:00 / Thu 00:45
Gym / Wed / 06:00 / Tue 22:35
Gym / Thu / 21:00 / Thu 04:45","Gym / Fri / 08:00
Nudge Thu / 12:20","Tennis / Fri / 08:00
Booked Thu / 09:35",NO 2 of 4,2 of 4,NO,YES,YES,NO
R-153,"Pool / Fri / 08:00 / Thu 16:15
Pool / Fri / 19:00 / Thu 16:20
Pool / Tue / 08:00 / Tue 03:25","Gym / Thu / 18:00
Nudge Thu / 10:10","Pool / Fri / 07:00
Booked Thu / 10:00",NO 0 of 4,0 of 4,NO,NO,NO,NO
R-126,"Pool / Sun / 19:00 / Sun 11:05
Badminton / Mon / 19:00 / Mon 03:15
Badminton / Thu / 19:00 / Thu 03:20","Gym / Thu / 18:00
Nudge Thu / 10:50","Badminton / Thu / 18:00
Booked Thu / 10:20",NO 3 of 4,3 of 4,NO,YES,YES,YES
R-127,"Badminton / Sun / 16:00 / Sat 13:55
Hall / Sun / 16:00 / Tue 08:05
Clubhouse / Sat / 12:00 / Fri 10:45","Clubhouse / Sat / 16:00
Nudge Fri / 13:50","Clubhouse / Sat / 15:00
Booked Thu / 10:45",NO 2 of 4,2 of 4,YES,YES,NO,NO
R-358,"Gym / Fri / 13:00 / Fri 03:15
Gym / Mon / 08:00 / Sun 11:50
Pool / Tue / 07:00 / Mon 18:50","Gym / Fri / 08:00
Nudge Thu / 12:10","Pool / Fri / 08:00
Booked Thu / 10:55",NO 2 of 4,2 of 4,NO,YES,YES,NO
R-362,"Gym / Tue / 18:00 / Tue 13:30
Badminton / Wed / 18:00 / Wed 03:00
Gym / Wed / 21:00 / Wed 15:50","Gym / Thu / 18:00
Nudge Thu / 12:55","Gym / Thu / 19:00
Booked Thu / 11:00",NO 2 of 4,2 of 4,YES,YES,NO,NO
R-170,"Pool / Thu / 06:00 / Tue 19:45
Gym / Fri / 17:00 / Fri 10:05
Gym / Fri / 07:00 / Thu 04:15","Gym / Fri / 08:00
Nudge Thu / 12:50","Gym / Fri / 08:00
Booked Thu / 12:25",YES 4 of 4,4 of 4,YES,YES,YES,YES
R-362,"Badminton / Wed / 18:00 / Wed 03:00
Gym / Wed / 21:00 / Wed 15:50
Gym / Thu / 19:00 / Thu 11:00","Gym / Thu / 18:00
Nudge Thu / 12:25","Gym / Thu / 20:00
Booked Thu / 13:00",NO 3 of 4,3 of 4,YES,YES,NO,YES
R-137,"Pool / Tue / 17:00 / Tue 08:20
Badminton / Sat / 17:00 / Sat 04:10
Pool / Mon / 19:00 / Sun 09:10","Badminton / Fri / 18:00
Nudge Thu / 23:10","Pool / Thu / 19:00
Booked Thu / 13:25",NO 0 of 4,0 of 4,NO,NO,NO,NO
R-122,"Tennis / Wed / 08:00 / Tue 01:25
Pool / Wed / 19:00 / Tue 12:05
Pool / Thu / 07:00 / Thu 02:45","Gym / Fri / 08:00
Nudge Thu / 16:30","Tennis / Fri / 12:00
Booked Thu / 14:05",NO 1 of 4,1 of 4,NO,YES,NO,NO
R-301,"Badminton / Tue / 21:00 / Mon 09:35
Pool / Wed / 18:00 / Wed 10:30
Pool / Fri / 18:00 / Thu 06:35","Gym / Thu / 18:00
Nudge Thu / 06:05","Gym / Thu / 20:00
Booked Thu / 14:20",NO 2 of 4,2 of 4,YES,YES,NO,NO
R-208,"Gym / Sat / 21:00 / Sat 14:40
Pool / Wed / 19:00 / Wed 00:15
Gym / Fri / 21:00 / Fri 10:35","Badminton / Thu / 20:00
Nudge Wed / 23:00","Badminton / Fri / 18:00
Booked Thu / 14:50",NO 1 of 4,1 of 4,YES,NO,NO,NO
R-435,"Gym / Sun / 10:00 / Sat 18:35
Pool / Sun / 16:00 / Sun 07:25
Pool / Tue / 15:00 / Mon 18:20","Clubhouse / Sat / 14:00
Nudge Fri / 12:50","Clubhouse / Sun / 18:00
Booked Thu / 15:30",NO 1 of 4,1 of 4,YES,NO,NO,NO
R-160,"Tennis / Mon / 18:00 / Sat 05:25
Gym / Sat / 20:00 / Sat 10:55
Pool / Thu / 18:00 / Thu 07:20","Gym / Fri / 19:00
Nudge Fri / 10:50","Gym / Thu / 21:00
Booked Thu / 15:35",NO 1 of 4,1 of 4,YES,NO,NO,NO
R-104,"Badminton / Wed / 18:00 / Wed 01:20
Gym / Wed / 19:00 / Wed 11:15
Gym / Thu / 18:00 / Wed 18:35","Gym / Fri / 21:00
Nudge Fri / 15:00","Badminton / Fri / 18:00
Booked Thu / 15:50",NO 1 of 4,1 of 4,NO,YES,NO,NO
R-134,"Clubhouse / Sun / 12:00 / Fri 20:45
Gym / Fri / 19:00 / Fri 04:00
Hall / Sun / 19:00 / Thu 17:50","Clubhouse / Fri / 18:00
Nudge Thu / 12:50","Gym / Fri / 11:00
Booked Thu / 16:10",NO 1 of 4,1 of 4,NO,YES,NO,NO
R-418,"Gym / Fri / 06:00 / Thu 06:10
Pool / Wed / 08:00 / Mon 17:50
Gym / Tue / 15:00 / Tue 04:35","Gym / Fri / 06:00
Nudge Thu / 16:35","Gym / Fri / 07:00
Booked Thu / 16:15",NO 3 of 4,3 of 4,YES,YES,NO,YES
R-389,"Gym / Thu / 06:00 / Thu 02:10
Pool / Fri / 11:00 / Thu 13:40
Gym / Fri / 08:00 / Thu 21:05","Gym / Fri / 08:00
Nudge Thu / 16:35","Tennis / Fri / 07:00
Booked Thu / 16:35",NO 2 of 4,2 of 4,NO,YES,NO,YES
R-111,"Tennis / Mon / 17:00 / Sat 22:15
Gym / Tue / 12:00 / Mon 17:00
Badminton / Thu / 18:00 / Thu 01:00","Gym / Fri / 18:00
Nudge Thu / 22:35","Pool / Fri / 08:00
Booked Thu / 17:00",NO 1 of 4,1 of 4,NO,YES,NO,NO
R-271,"Pool / Mon / 06:00 / Mon 00:45
Tennis / Wed / 06:00 / Mon 10:35
Gym / Tue / 08:00 / Mon 20:40","Gym / Fri / 06:00
Nudge Thu / 17:40","Pool / Fri / 07:00
Booked Thu / 17:00",NO 2 of 4,2 of 4,NO,YES,NO,YES
R-165,"Clubhouse / Sun / 11:00 / Thu 13:15
Pool / Fri / 12:00 / Fri 01:35
Pool / Sun / 18:00 / Sun 04:45","Clubhouse / Fri / 16:00
Nudge Thu / 14:20","Pool / Sat / 11:00
Booked Thu / 17:15",NO 0 of 4,0 of 4,NO,NO,NO,NO
R-358,"Gym / Mon / 08:00 / Sun 11:50
Pool / Tue / 07:00 / Mon 18:50
Pool / Fri / 08:00 / Thu 10:55","Gym / Fri / 08:00
Nudge Thu / 17:50","Pool / Fri / 06:00
Booked Thu / 17:20",NO 2 of 4,2 of 4,NO,YES,NO,YES
R-448,"Gym / Mon / 19:00 / Mon 14:10
Badminton / Tue / 20:00 / Tue 04:30
Gym / Tue / 18:00 / Tue 11:45","Pool / Fri / 20:00
Nudge Fri / 00:50","Pool / Fri / 16:00
Booked Thu / 17:25",NO 2 of 4,2 of 4,YES,YES,NO,NO
R-432,"Gym / Wed / 07:00 / Mon 21:15
Pool / Tue / 07:00 / Tue 00:05
Pool / Thu / 08:00 / Tue 21:55","Gym / Fri / 08:00
Nudge Thu / 17:40","Gym / Fri / 08:00
Booked Thu / 17:25",YES 4 of 4,4 of 4,YES,YES,YES,YES
R-170,"Gym / Fri / 17:00 / Fri 10:05
Gym / Fri / 07:00 / Thu 04:15
Gym / Fri / 08:00 / Thu 12:25","Gym / Fri / 08:00
Nudge Thu / 18:40","Gym / Fri / 06:00
Booked Thu / 18:20",NO 3 of 4,3 of 4,YES,YES,NO,YES
R-434,"Gym / Wed / 07:00 / Mon 09:55
Gym / Tue / 13:00 / Tue 08:45
Tennis / Wed / 11:00 / Tue 13:40","Pool / Fri / 08:00
Nudge Thu / 16:45","Pool / Fri / 06:00
Booked Thu / 18:50",NO 2 of 4,2 of 4,YES,YES,NO,NO
R-397,"Badminton / Sat / 19:00 / Sat 08:55
Gym / Mon / 19:00 / Mon 09:20
Pool / Mon / 21:00 / Mon 15:10","Tennis / Fri / 18:00
Nudge Thu / 18:45","Badminton / Fri / 20:00
Booked Thu / 19:20",NO 2 of 4,2 of 4,NO,YES,NO,YES
R-218,"Badminton / Thu / 20:00 / Tue 07:30
Tennis / Wed / 18:00 / Tue 14:30
Gym / Wed / 12:00 / Tue 19:00","Badminton / Fri / 21:00
Nudge Thu / 19:10","Gym / Fri / 20:00
Booked Thu / 19:20",NO 2 of 4,2 of 4,NO,YES,NO,YES
R-119,"Tennis / Tue / 18:00 / Tue 07:25
Pool / Thu / 07:00 / Wed 10:10
Gym / Thu / 08:00 / Thu 01:55","Gym / Fri / 08:00
Nudge Thu / 19:50","Tennis / Fri / 06:00
Booked Thu / 19:25",NO 2 of 4,2 of 4,NO,YES,NO,YES
R-155,"Gym / Wed / 07:00 / Mon 20:50
Pool / Tue / 08:00 / Mon 21:10
Gym / Thu / 06:00 / Wed 02:55","Gym / Fri / 08:00
Nudge Thu / 19:05","Gym / Fri / 06:00
Booked Thu / 19:30",NO 3 of 4,3 of 4,YES,YES,NO,YES
R-246,"Gym / Tue / 07:00 / Mon 21:55
Gym / Fri / 08:00 / Thu 23:25
Gym / Thu / 08:00 / Wed 10:30","Gym / Fri / 06:00
Nudge Thu / 19:45","Pool / Fri / 08:00
Booked Thu / 19:35",NO 2 of 4,2 of 4,NO,YES,NO,YES
R-275,"Pool / Sat / 09:00 / Sat 02:45
Clubhouse / Sat / 14:00 / Sat 02:45
Pool / Sun / 16:00 / Sun 06:45","Clubhouse / Sat / 17:00
Nudge Fri / 14:55","Pool / Sat / 11:00
Booked Thu / 20:10",NO 1 of 4,1 of 4,NO,YES,NO,NO
R-373,"Badminton / Sat / 21:00 / Fri 22:10
Tennis / Tue / 21:00 / Mon 17:15
Badminton / Tue / 21:00 / Tue 02:30","Badminton / Fri / 20:00
Nudge Thu / 21:30","Badminton / Sat / 21:00
Booked Thu / 20:15",NO 1 of 4,1 of 4,YES,NO,NO,NO
R-439,"Hall / Sat / 11:00 / Sat 17:45
Pool / Sun / 11:00 / Sun 07:10
Pool / Sat / 11:00 / Sat 06:00","Pool / Sat / 11:00
Nudge Fri / 20:45","Clubhouse / Fri / 19:00
Booked Thu / 20:30",NO 0 of 4,0 of 4,NO,NO,NO,NO
R-448,"Badminton / Tue / 20:00 / Tue 04:30
Gym / Tue / 18:00 / Tue 11:45
Pool / Fri / 16:00 / Thu 17:25","Badminton / Fri / 18:00
Nudge Thu / 21:20","Badminton / Fri / 20:00
Booked Thu / 20:40",NO 3 of 4,3 of 4,YES,YES,NO,YES
R-162,"Tennis / Thu / 07:00 / Wed 17:05
Gym / Tue / 07:00 / Tue 00:20
Pool / Wed / 08:00 / Tue 11:30","Gym / Fri / 06:00
Nudge Thu / 21:50","Gym / Fri / 06:00
Booked Thu / 21:10",YES 4 of 4,4 of 4,YES,YES,YES,YES
R-107,"Gym / Tue / 21:00 / Tue 06:05
Tennis / Sat / 19:00 / Fri 09:50
Gym / Tue / 20:00 / Mon 15:30","Badminton / Fri / 20:00
Nudge Thu / 20:20","Badminton / Sun / 20:00
Booked Thu / 21:10",NO 2 of 4,2 of 4,YES,NO,YES,NO
R-444,"Gym / Thu / 06:00 / Thu 01:00
Gym / Fri / 08:00 / Fri 00:15
Gym / Mon / 06:00 / Sun 23:30","Gym / Fri / 08:00
Nudge Thu / 22:00","Gym / Fri / 07:00
Booked Thu / 21:15",NO 3 of 4,3 of 4,YES,YES,NO,YES
R-446,"Gym / Fri / 07:00 / Thu 15:50
Tennis / Mon / 08:00 / Sun 04:20
Tennis / Wed / 07:00 / Tue 13:35","Gym / Fri / 08:00
Nudge Thu / 22:10","Tennis / Fri / 06:00
Booked Thu / 21:30",NO 2 of 4,2 of 4,NO,YES,NO,YES
R-423,"Gym / Wed / 07:00 / Tue 10:50
Pool / Thu / 08:00 / Wed 03:35
Tennis / Tue / 09:00 / Thu 09:05","Gym / Fri / 08:00
Nudge Thu / 20:40","Gym / Fri / 07:00
Booked Thu / 21:40",NO 3 of 4,3 of 4,YES,YES,NO,YES
R-263,"Pool / Tue / 07:00 / Mon 21:55
Pool / Wed / 07:00 / Tue 18:05
Tennis / Thu / 07:00 / Tue 19:20","Gym / Fri / 08:00
Nudge Thu / 21:55","Gym / Fri / 06:00
Booked Thu / 21:40",NO 3 of 4,3 of 4,YES,YES,NO,YES
R-145,"Tennis / Tue / 10:00 / Mon 11:15
Gym / Tue / 07:00 / Mon 22:30
Gym / Wed / 07:00 / Tue 22:10","Gym / Fri / 08:00
Nudge Thu / 23:15","Gym / Fri / 07:00
Booked Thu / 22:25",NO 3 of 4,3 of 4,YES,YES,NO,YES
R-122,"Pool / Wed / 19:00 / Tue 12:05
Pool / Thu / 07:00 / Thu 02:45
Tennis / Fri / 12:00 / Thu 14:05","Gym / Fri / 08:00
Nudge Thu / 22:00","Pool / Fri / 08:00
Booked Thu / 22:50",NO 3 of 4,3 of 4,NO,YES,YES,YES
R-150,"Pool / Fri / 07:00 / Wed 22:00
Gym / Fri / 06:00 / Thu 16:00
Pool / Mon / 06:00 / Fri 22:55","Gym / Fri / 08:00
Nudge Thu / 23:15","Gym / Fri / 06:00
Booked Thu / 23:05",NO 3 of 4,3 of 4,YES,YES,NO,YES
R-366,"Gym / Mon / 07:00 / Sun 06:20
Gym / Tue / 08:00 / Sun 18:20
Gym / Fri / 08:00 / Thu 04:50","Gym / Fri / 08:00
Nudge Thu / 22:50","Gym / Fri / 09:00
Booked Thu / 23:25",NO 3 of 4,3 of 4,YES,YES,NO,YES
R-277,"Pool / Sat / 18:00 / Sat 05:35
Tennis / Thu / 21:00 / Wed 01:55
Badminton / Sat / 21:00 / Thu 07:20","Badminton / Fri / 21:00
Nudge Thu / 23:10","Badminton / Fri / 20:00
Booked Thu / 23:25",NO 3 of 4,3 of 4,YES,YES,NO,YES
R-139,"Pool / Tue / 19:00 / Tue 10:15
Pool / Wed / 19:00 / Tue 21:25
Tennis / Fri / 19:00 / Wed 06:25","Gym / Fri / 18:00
Nudge Fri / 00:15","Pool / Fri / 08:00
Booked Thu / 23:30",NO 1 of 4,1 of 4,NO,YES,NO,NO
R-142,"Tennis / Tue / 18:00 / Mon 21:35
Badminton / Tue / 13:00 / Mon 22:55
Badminton / Thu / 18:00 / Tue 00:25","Badminton / Fri / 20:00
Nudge Thu / 23:40","Badminton / Fri / 21:00
Booked Thu / 23:35",NO 3 of 4,3 of 4,YES,YES,NO,YES
R-304,"Pool / Thu / 07:00 / Wed 14:35
Tennis / Tue / 16:00 / Mon 23:45
Tennis / Tue / 11:00 / Tue 04:35","Gym / Fri / 08:00
Nudge Fri / 00:35","Gym / Fri / 07:00
Booked Thu / 23:50",NO 2 of 4,2 of 4,YES,YES,NO,NO
R-404,"Gym / Wed / 21:00 / Wed 09:20
Badminton / Tue / 21:00 / Tue 03:40
Tennis / Sat / 19:00 / Thu 06:05","Gym / Fri / 20:00
Nudge Fri / 02:30","Gym / Fri / 21:00
Booked Fri / 00:40",NO 2 of 4,2 of 4,YES,YES,NO,NO
R-296,"Badminton / Fri / 18:00 / Thu 12:50
Badminton / Tue / 16:00 / Mon 23:20
Badminton / Thu / 20:00 / Wed 14:10","Badminton / Fri / 19:00
Nudge Fri / 00:10","Badminton / Fri / 19:00
Booked Fri / 00:45",YES 4 of 4,4 of 4,YES,YES,YES,YES
R-102,"Gym / Tue / 06:00 / Mon 22:30
Tennis / Tue / 08:00 / Tue 00:00
Tennis / Fri / 06:00 / Thu 07:55","Gym / Fri / 08:00
Nudge Fri / 01:15","Gym / Fri / 08:00
Booked Fri / 01:00",YES 4 of 4,4 of 4,YES,YES,YES,YES
R-238,"Pool / Sat / 17:00 / Fri 18:15
Pool / Sun / 16:00 / Sun 09:45
Pool / Sat / 08:00 / Wed 08:10","Pool / Sat / 18:00
Nudge Sat / 01:00","Clubhouse / Sat / 23:00
Booked Fri / 01:30",NO 1 of 4,1 of 4,NO,YES,NO,NO
R-312,"Pool / Sat / 15:00 / Thu 15:15
Pool / Sat / 16:00 / Fri 20:35
Clubhouse / Sat / 11:00 / Sun 22:50","Pool / Sat / 11:00
Nudge Fri / 22:55","Pool / Sat / 17:00
Booked Fri / 01:50",NO 2 of 4,2 of 4,YES,YES,NO,NO
R-397,"Gym / Mon / 19:00 / Mon 09:20
Pool / Mon / 21:00 / Mon 15:10
Badminton / Fri / 20:00 / Thu 19:20","Gym / Fri / 19:00
Nudge Fri / 02:10","Pool / Fri / 18:00
Booked Fri / 01:55",NO 2 of 4,2 of 4,NO,YES,NO,YES
R-428,"Tennis / Wed / 08:00 / Sun 20:40
Gym / Tue / 07:00 / Mon 20:40
Gym / Wed / 17:00 / Wed 11:30","Gym / Fri / 08:00
Nudge Fri / 02:20","Gym / Fri / 07:00
Booked Fri / 01:55",NO 3 of 4,3 of 4,YES,YES,NO,YES
R-107,"Tennis / Sat / 19:00 / Fri 09:50
Gym / Tue / 20:00 / Mon 15:30
Badminton / Sun / 20:00 / Thu 21:10","Badminton / Fri / 20:00
Nudge Fri / 02:35","Badminton / Fri / 18:00
Booked Fri / 02:05",NO 3 of 4,3 of 4,YES,YES,NO,YES
R-286,"Badminton / Tue / 17:00 / Tue 00:40
Pool / Tue / 20:00 / Tue 12:55
Badminton / Wed / 19:00 / Tue 22:55","Badminton / Fri / 20:00
Nudge Fri / 02:40","Badminton / Fri / 21:00
Booked Fri / 02:15",NO 3 of 4,3 of 4,YES,YES,NO,YES
R-396,"Badminton / Mon / 12:00 / Sat 08:25
Pool / Sat / 12:00 / Sat 04:10
Badminton / Mon / 16:00 / Mon 08:00","Gym / Fri / 19:00
Nudge Fri / 03:20","Pool / Fri / 12:00
Booked Fri / 02:40",NO 2 of 4,2 of 4,NO,YES,NO,YES
R-154,"Pool / Sun / 18:00 / Sun 08:35
Pool / Tue / 19:00 / Mon 11:35
Badminton / Fri / 19:00 / Fri 11:05","Gym / Fri / 18:00
Nudge Fri / 02:15","Badminton / Fri / 18:00
Booked Fri / 02:45",NO 3 of 4,3 of 4,NO,YES,YES,YES
R-225,"Pool / Thu / 11:00 / Tue 01:35
Pool / Wed / 19:00 / Tue 14:05
Tennis / Thu / 06:00 / Tue 14:40","Gym / Fri / 08:00
Nudge Fri / 01:35","Pool / Fri / 07:00
Booked Fri / 03:45",NO 1 of 4,1 of 4,NO,YES,NO,NO
R-329,"Gym / Mon / 07:00 / Mon 02:00
Gym / Wed / 06:00 / Mon 22:05
Gym / Wed / 08:00 / Tue 01:40","Gym / Fri / 08:00
Nudge Fri / 01:55","Gym / Fri / 13:00
Booked Fri / 03:45",NO 2 of 4,2 of 4,YES,YES,NO,NO
R-192,"Pool / Sat / 14:00 / Sat 07:55
Pool / Sun / 17:00 / Sat 09:15
Gym / Thu / 10:00 / Wed 14:30","Clubhouse / Sat / 18:00
Nudge Sat / 03:05","Clubhouse / Sat / 17:00
Booked Fri / 04:15",NO 2 of 4,2 of 4,YES,YES,NO,NO
R-219,"Badminton / Tue / 18:00 / Mon 19:55
Pool / Thu / 18:00 / Tue 18:45
Badminton / Thu / 20:00 / Thu 02:30","Badminton / Fri / 18:00
Nudge Fri / 03:40","Pool / Sat / 18:00
Booked Fri / 04:45",NO 1 of 4,1 of 4,NO,NO,YES,NO
R-386,"Pool / Sat / 11:00 / Fri 19:40
Pool / Sat / 14:00 / Sat 04:50
Pool / Sun / 18:00 / Sun 02:50","Clubhouse / Sat / 14:00
Nudge Fri / 22:55","Pool / Fri / 20:00
Booked Fri / 05:10",NO 0 of 4,0 of 4,NO,NO,NO,NO
R-270,"Pool / Sat / 16:00 / Fri 17:10
Pool / Sat / 17:00 / Fri 17:15
Pool / Sat / 14:00 / Sat 03:30","Pool / Sat / 14:00
Nudge Sat / 03:30","Clubhouse / Sat / 18:00
Booked Fri / 05:30",NO 1 of 4,1 of 4,NO,YES,NO,NO
R-322,"Pool / Sat / 15:00 / Sat 11:40
Pool / Sat / 16:00 / Fri 20:45","Pool / Sat / 15:00
Nudge Sat / 03:30","Clubhouse / Sat / 16:00
Booked Fri / 05:45",NO 1 of 4,1 of 4,NO,YES,NO,NO
R-409,"Tennis / Mon / 06:00 / Sat 14:35
Gym / Fri / 08:00 / Thu 21:45
Pool / Mon / 08:00 / Sun 14:40","Gym / Fri / 07:00
Nudge Thu / 19:50","Gym / Fri / 08:00
Booked Fri / 05:50",NO 2 of 4,2 of 4,YES,YES,NO,NO
R-300,"Gym / Sun / 18:00 / Sat 21:45
Pool / Sun / 15:00 / Sun 07:45
Pool / Tue / 18:00 / Mon 11:30","Clubhouse / Sat / 18:00
Nudge Sat / 01:00","Badminton / Sat / 15:00
Booked Fri / 06:25",NO 1 of 4,1 of 4,NO,YES,NO,NO
R-353,"Gym / Fri / 19:00 / Fri 13:05
Tennis / Tue / 21:00 / Sun 03:20
Gym / Wed / 18:00 / Wed 08:30","Badminton / Fri / 18:00
Nudge Fri / 03:15","Gym / Fri / 19:00
Booked Fri / 06:30",NO 1 of 4,1 of 4,NO,YES,NO,NO
R-186,"Gym / Tue / 17:00 / Tue 12:40
Gym / Sun / 17:00 / Fri 17:20
Badminton / Sat / 12:00 / Wed 14:10","Pool / Sat / 19:00
Nudge Sat / 06:10","Gym / Sat / 08:00
Booked Fri / 07:05",NO 1 of 4,1 of 4,NO,YES,NO,NO
R-192,"Pool / Sun / 17:00 / Sat 09:15
Gym / Thu / 10:00 / Wed 14:30
Clubhouse / Sat / 17:00 / Fri 04:15","Clubhouse / Sat / 18:00
Nudge Sat / 02:35","Pool / Sun / 15:00
Booked Fri / 07:25",NO 0 of 4,0 of 4,NO,NO,NO,NO
R-135,"Hall / Thu / 13:00 / Sun 17:50
Pool / Sun / 11:00 / Sat 20:30
Hall / Sat / 12:00 / Tue 12:20","Pool / Sat / 19:00
Nudge Sat / 03:30","Hall / Sun / 11:00
Booked Fri / 07:35",NO 0 of 4,0 of 4,NO,NO,NO,NO
R-106,"Gym / Mon / 08:00 / Mon 04:45
Gym / Fri / 08:00 / Thu 17:20
Pool / Thu / 17:00 / Thu 07:35","Gym / Fri / 18:00
Nudge Fri / 07:25","Pool / Fri / 19:00
Booked Fri / 07:55",NO 2 of 4,2 of 4,NO,YES,NO,YES
R-256,"Pool / Fri / 06:00 / Tue 06:25
Tennis / Mon / 14:00 / Sat 11:05
Gym / Thu / 08:00 / Tue 20:15","Gym / Fri / 08:00
Nudge Thu / 11:35","Tennis / Wed / 08:00
Booked Fri / 08:05",NO 1 of 4,1 of 4,NO,NO,YES,NO
R-225,"Pool / Wed / 19:00 / Tue 14:05
Tennis / Thu / 06:00 / Tue 14:40
Pool / Fri / 07:00 / Fri 03:45","Gym / Fri / 08:00
Nudge Thu / 12:05","Tennis / Wed / 08:00
Booked Fri / 08:15",NO 1 of 4,1 of 4,NO,NO,YES,NO
R-142,"Badminton / Tue / 13:00 / Mon 22:55
Badminton / Thu / 18:00 / Tue 00:25
Badminton / Fri / 21:00 / Thu 23:35","Gym / Fri / 18:00
Nudge Fri / 08:50","Gym / Fri / 19:00
Booked Fri / 08:20",NO 3 of 4,3 of 4,YES,YES,NO,YES
R-118,"Tennis / Thu / 07:00 / Mon 00:45
Gym / Mon / 08:00 / Mon 02:30
Gym / Wed / 07:00 / Tue 21:15","Gym / Fri / 08:00
Nudge Thu / 12:30","Gym / Fri / 19:00
Booked Fri / 08:25",NO 2 of 4,2 of 4,YES,YES,NO,NO
R-228,"Gym / Thu / 19:00 / Wed 16:55
Badminton / Fri / 18:00 / Thu 02:40
Tennis / Fri / 19:00 / Wed 18:00","Badminton / Fri / 21:00
Nudge Fri / 08:25","Badminton / Fri / 21:00
Booked Fri / 08:30",YES 4 of 4,4 of 4,YES,YES,YES,YES
R-356,"Pool / Thu / 11:00 / Wed 18:20
Pool / Sat / 18:00 / Thu 05:00
Pool / Sat / 11:00 / Fri 07:15","Clubhouse / Sat / 11:00
Nudge Fri / 09:40","Pool / Sat / 16:00
Booked Fri / 09:10",NO 2 of 4,2 of 4,NO,YES,NO,YES
R-107,"Gym / Tue / 20:00 / Mon 15:30
Badminton / Sun / 20:00 / Thu 21:10
Badminton / Fri / 18:00 / Fri 02:05","Gym / Fri / 20:00
Nudge Fri / 08:50","Gym / Fri / 20:00
Booked Fri / 09:15",YES 4 of 4,4 of 4,YES,YES,YES,YES
R-404,"Badminton / Tue / 21:00 / Tue 03:40
Tennis / Sat / 19:00 / Thu 06:05
Gym / Fri / 21:00 / Fri 00:40","Gym / Fri / 18:00
Nudge Fri / 11:00","Gym / Fri / 19:00
Booked Fri / 10:05",NO 3 of 4,3 of 4,YES,YES,NO,YES
R-228,"Badminton / Fri / 18:00 / Thu 02:40
Tennis / Fri / 19:00 / Wed 18:00
Badminton / Fri / 21:00 / Fri 08:30","Badminton / Fri / 19:00
Nudge Fri / 03:55","Gym / Sat / 06:00
Booked Fri / 10:10",NO 0 of 4,0 of 4,NO,NO,NO,NO
R-197,"Pool / Tue / 11:00 / Sun 15:00
Clubhouse / Sat / 11:00 / Fri 05:35
Clubhouse / Sat / 14:00 / Mon 21:35","Pool / Sat / 18:00
Nudge Sat / 03:25","Pool / Sat / 10:00
Booked Fri / 10:20",NO 2 of 4,2 of 4,YES,YES,NO,NO
R-110,"Tennis / Fri / 19:00 / Thu 14:00
Pool / Mon / 21:00 / Mon 03:45
Gym / Thu / 19:00 / Thu 05:15","Gym / Sat / 07:00
Nudge Fri / 12:15","Pool / Fri / 19:00
Booked Fri / 10:30",NO 0 of 4,0 of 4,NO,NO,NO,NO
R-100,"Pool / Sun / 14:00 / Sat 22:40
Pool / Sun / 16:00 / Sun 05:50
Pool / Sun / 16:00 / Fri 08:10","Pool / Sat / 10:00
Nudge Fri / 15:35","Pool / Sat / 16:00
Booked Fri / 10:35",NO 2 of 4,2 of 4,YES,YES,NO,NO
R-137,"Badminton / Sat / 17:00 / Sat 04:10
Pool / Mon / 19:00 / Sun 09:10
Pool / Thu / 19:00 / Thu 13:25","Gym / Fri / 18:00
Nudge Fri / 11:40","Pool / Sat / 17:00
Booked Fri / 10:45",NO 0 of 4,0 of 4,NO,NO,NO,NO
R-126,"Badminton / Mon / 19:00 / Mon 03:15
Badminton / Thu / 19:00 / Thu 03:20
Badminton / Thu / 18:00 / Thu 10:20","Gym / Fri / 18:00
Nudge Fri / 11:00","Pool / Fri / 21:00
Booked Fri / 10:50",NO 2 of 4,2 of 4,NO,YES,NO,YES
R-441,"Badminton / Thu / 20:00 / Tue 18:35
Gym / Tue / 10:00 / Tue 03:10
Badminton / Fri / 19:00 / Thu 06:00","Badminton / Fri / 20:00
Nudge Fri / 04:35","Pool / Sat / 10:00
Booked Fri / 11:30",NO 0 of 4,0 of 4,NO,NO,NO,NO
R-315,"Pool / Sat / 10:00 / Fri 14:30
Clubhouse / Sun / 14:00 / Sun 14:20
Pool / Sat / 18:00 / Thu 18:30","Pool / Sat / 11:00
Nudge Fri / 16:45","Pool / Sun / 16:00
Booked Fri / 11:50",NO 1 of 4,1 of 4,YES,NO,NO,NO
R-151,"Gym / Fri / 18:00 / Fri 07:45
Badminton / Wed / 21:00 / Wed 03:50
Badminton / Thu / 19:00 / Thu 06:05","Gym / Fri / 20:00
Nudge Fri / 12:20","Badminton / Sat / 20:00
Booked Fri / 12:05",NO 1 of 4,1 of 4,NO,NO,YES,NO
R-305,"Pool / Thu / 16:00 / Wed 15:20
Gym / Thu / 06:00 / Wed 23:40
Pool / Fri / 08:00 / Fri 02:15","Gym / Sat / 06:00
Nudge Fri / 13:25","Pool / Sat / 08:00
Booked Fri / 12:15",NO 1 of 4,1 of 4,NO,YES,NO,NO
R-272,"Badminton / Tue / 21:00 / Mon 22:25
Badminton / Wed / 19:00 / Tue 09:35
Badminton / Fri / 22:00 / Wed 07:15","Badminton / Fri / 18:00
Nudge Thu / 23:45","Badminton / Sat / 13:00
Booked Fri / 12:55",NO 1 of 4,1 of 4,YES,NO,NO,NO
R-286,"Pool / Tue / 20:00 / Tue 12:55
Badminton / Wed / 19:00 / Tue 22:55
Badminton / Fri / 21:00 / Fri 02:15","Badminton / Fri / 20:00
Nudge Thu / 23:40","Gym / Fri / 20:00
Booked Fri / 13:10",NO 2 of 4,2 of 4,NO,YES,YES,NO
R-449,"Pool / Thu / 07:00 / Wed 13:10
Pool / Fri / 07:00 / Wed 18:30
Badminton / Fri / 19:00 / Thu 19:10","Badminton / Sat / 18:00
Nudge Fri / 22:35","Pool / Sun / 12:00
Booked Fri / 13:10",NO 0 of 4,0 of 4,NO,NO,NO,NO
R-428,"Gym / Tue / 07:00 / Mon 20:40
Gym / Wed / 17:00 / Wed 11:30
Gym / Fri / 07:00 / Fri 01:55","Gym / Sat / 06:00
Nudge Fri / 14:00","Pool / Sat / 07:00
Booked Fri / 13:40",NO 2 of 4,2 of 4,NO,YES,NO,YES
R-274,"Badminton / Sat / 18:00 / Sat 06:25
Badminton / Fri / 21:00 / Thu 00:25
Badminton / Fri / 20:00 / Thu 05:25","Badminton / Sat / 19:00
Nudge Fri / 19:30","Badminton / Sat / 18:00
Booked Fri / 13:50",NO 2 of 4,2 of 4,YES,YES,NO,NO
R-179,"Pool / Fri / 21:00 / Fri 07:05
Badminton / Tue / 20:00 / Tue 10:25
Badminton / Tue / 18:00 / Mon 21:15","Gym / Fri / 20:00
Nudge Fri / 12:50","Gym / Fri / 20:00
Booked Fri / 14:15",NO 3 of 4,3 of 4,YES,YES,YES,NO
R-248,"Gym / Wed / 18:00 / Tue 23:30
Badminton / Thu / 21:00 / Thu 02:05
Badminton / Wed / 19:00 / Tue 18:55","Badminton / Fri / 20:00
Nudge Thu / 23:20","Gym / Sat / 18:00
Booked Fri / 14:55",NO 0 of 4,0 of 4,NO,NO,NO,NO
R-177,"Pool / Wed / 12:00 / Wed 03:45
Gym / Mon / 08:00 / Sun 22:05
Clubhouse / Thu / 18:00 / Tue 18:10","Gym / Sat / 18:00
Nudge Sat / 07:30","Gym / Fri / 19:00
Booked Fri / 15:10",NO 1 of 4,1 of 4,YES,NO,NO,NO
R-341,"Pool / Wed / 20:00 / Wed 04:00
Gym / Tue / 07:00 / Mon 15:15
Pool / Tue / 21:00 / Tue 14:55","Gym / Sat / 08:00
Nudge Fri / 15:50","Pool / Mon / 08:00
Booked Fri / 15:25",NO 1 of 4,1 of 4,NO,NO,YES,NO
R-192,"Gym / Thu / 10:00 / Wed 14:30
Clubhouse / Sat / 17:00 / Fri 04:15
Pool / Sun / 15:00 / Fri 07:25","Clubhouse / Sat / 16:00
Nudge Fri / 15:50","Pool / Sat / 07:00
Booked Fri / 16:20",NO 2 of 4,2 of 4,NO,YES,NO,YES
R-199,"Tennis / Fri / 08:00 / Thu 08:15
Pool / Sat / 17:00 / Sat 09:05
Clubhouse / Sun / 17:00 / Mon 19:20","Pool / Sat / 17:00
Nudge Fri / 19:25","Gym / Sat / 18:00
Booked Fri / 16:45",NO 1 of 4,1 of 4,NO,YES,NO,NO
R-335,"Badminton / Wed / 21:00 / Tue 04:00
Badminton / Mon / 20:00 / Sun 23:40
Gym / Wed / 21:00 / Wed 15:25","Gym / Sat / 21:00
Nudge Sat / 16:05","Badminton / Sat / 18:00
Booked Fri / 16:50",NO 1 of 4,1 of 4,NO,YES,NO,NO
R-211,"Clubhouse / Sat / 18:00 / Wed 16:30
Pool / Sat / 15:00 / Fri 16:35
Pool / Sat / 16:00 / Sat 03:35","Clubhouse / Sat / 15:00
Nudge Fri / 14:25","Pool / Sat / 21:00
Booked Fri / 16:55",NO 1 of 4,1 of 4,NO,YES,NO,NO
R-277,"Tennis / Thu / 21:00 / Wed 01:55
Badminton / Sat / 21:00 / Thu 07:20
Badminton / Fri / 20:00 / Thu 23:25","Badminton / Sat / 21:00
Nudge Fri / 20:25","Badminton / Sat / 20:00
Booked Fri / 17:15",NO 2 of 4,2 of 4,YES,YES,NO,NO
R-334,"Tennis / Sun / 12:00 / Thu 20:00
Gym / Wed / 21:00 / Mon 21:00","Gym / Sat / 19:00
Nudge Fri / 23:05","Gym / Sat / 19:00
Booked Fri / 17:15",NO 3 of 4,3 of 4,YES,YES,YES,NO
R-140,"Badminton / Sat / 20:00 / Fri 20:35
Pool / Fri / 16:00 / Thu 17:15
Badminton / Tue / 09:00 / Sun 06:55","Gym / Sat / 18:00
Nudge Fri / 22:00","Badminton / Sat / 06:00
Booked Fri / 17:35",NO 1 of 4,1 of 4,NO,YES,NO,NO
R-219,"Pool / Thu / 18:00 / Tue 18:45
Badminton / Thu / 20:00 / Thu 02:30
Pool / Sat / 18:00 / Fri 04:45","Pool / Sat / 19:00
Nudge Fri / 22:20","Pool / Sat / 21:00
Booked Fri / 17:35",NO 2 of 4,2 of 4,YES,YES,NO,NO
R-437,"Badminton / Tue / 06:00 / Mon 17:55
Pool / Tue / 21:00 / Tue 04:55
Gym / Wed / 21:00 / Wed 05:10","Gym / Sat / 18:00
Nudge Fri / 21:45","Pool / Sat / 18:00
Booked Fri / 18:10",NO 2 of 4,2 of 4,NO,YES,YES,NO
R-300,"Pool / Sun / 15:00 / Sun 07:45
Pool / Tue / 18:00 / Mon 11:30
Badminton / Sat / 15:00 / Fri 06:25","Pool / Sat / 15:00
Nudge Fri / 21:10","Pool / Sat / 16:00
Booked Fri / 20:10",NO 2 of 4,2 of 4,YES,YES,NO,NO
R-430,"Tennis / Mon / 20:00 / Mon 01:10
Gym / Tue / 17:00 / Mon 16:45
Gym / Wed / 19:00 / Wed 13:45","Gym / Sat / 20:00
Nudge Fri / 23:30","Gym / Sat / 18:00
Booked Fri / 20:25",NO 2 of 4,2 of 4,YES,YES,NO,NO
R-193,"Gym / Tue / 19:00 / Mon 09:50
Tennis / Tue / 18:00 / Mon 22:50
Tennis / Fri / 08:00 / Mon 13:20","Gym / Sat / 08:00
Nudge Fri / 22:05","Badminton / Mon / 19:00
Booked Fri / 21:50",NO 0 of 4,0 of 4,NO,NO,NO,NO
R-429,No prior history (Cold-start),"Gym / Sat / 07:00
Nudge Fri / 22:50","Hall / Fri / 11:00
Booked Fri / 22:00",NO 0 of 4,0 of 4,NO,NO,NO,NO
R-170,"Gym / Fri / 07:00 / Thu 04:15
Gym / Fri / 08:00 / Thu 12:25
Gym / Fri / 06:00 / Thu 18:20","Gym / Sat / 08:00
Nudge Fri / 23:10","Gym / Sat / 08:00
Booked Fri / 22:20",YES 4 of 4,4 of 4,YES,YES,YES,YES
R-447,"Pool / Wed / 21:00 / Wed 12:50
Pool / Sat / 18:00 / Sat 15:05
Badminton / Sun / 19:00 / Sun 02:35","Badminton / Sat / 19:00
Nudge Fri / 22:35","Badminton / Sat / 20:00
Booked Fri / 22:50",NO 3 of 4,3 of 4,YES,YES,NO,YES
R-352,"Badminton / Tue / 19:00 / Mon 15:05
Badminton / Sun / 21:00 / Sat 19:40
Badminton / Mon / 21:00 / Sun 13:45","Gym / Sat / 18:00
Nudge Sat / 00:05","Badminton / Sat / 19:00
Booked Fri / 23:00",NO 1 of 4,1 of 4,NO,YES,NO,NO
R-227,"Badminton / Mon / 21:00 / Sun 03:30
Badminton / Mon / 18:00 / Sun 16:00
Pool / Tue / 19:00 / Tue 11:00","Badminton / Sat / 18:00
Nudge Fri / 23:45","Pool / Sat / 21:00
Booked Fri / 23:35",NO 2 of 4,2 of 4,NO,YES,NO,YES
R-395,"Gym / Fri / 18:00 / Thu 11:25
Pool / Sun / 12:00 / Sun 00:45
Pool / Sun / 11:00 / Sun 03:05","Pool / Sat / 10:00
Nudge Fri / 21:45","Pool / Sat / 10:00
Booked Fri / 23:45",NO 3 of 4,3 of 4,YES,YES,YES,NO
R-260,"Badminton / Thu / 21:00 / Wed 21:55
Tennis / Fri / 21:00 / Thu 12:20
Badminton / Tue / 13:00 / Tue 03:50","Badminton / Sat / 20:00
Nudge Fri / 23:45","Tennis / Sat / 20:00
Booked Fri / 23:55",NO 3 of 4,3 of 4,NO,YES,YES,YES
R-252,"Badminton / Mon / 18:00 / Sun 22:55
Gym / Wed / 18:00 / Tue 17:25
Badminton / Wed / 21:00 / Wed 03:50","Badminton / Sat / 21:00
Nudge Sat / 00:10","Tennis / Sat / 19:00
Booked Fri / 23:55",NO 1 of 4,1 of 4,NO,YES,NO,NO
R-130,"Gym / Wed / 08:00 / Tue 10:30
Tennis / Fri / 08:00 / Thu 09:55
Gym / Thu / 06:00 / Wed 22:10","Gym / Sun / 06:00
Nudge Sun / 00:20","Pool / Mon / 07:00
Booked Sat / 00:00",NO 0 of 4,0 of 4,NO,NO,NO,NO
R-385,"Hall / Sun / 16:00 / Tue 20:20
Hall / Sun / 15:00 / Thu 02:30
Hall / Fri / 12:00 / Tue 05:30","Pool / Sat / 15:00
Nudge Sat / 02:05","Pool / Sat / 18:00
Booked Sat / 00:10",NO 2 of 4,2 of 4,YES,YES,NO,NO
R-405,"Pool / Sat / 18:00 / Fri 21:30
Pool / Sat / 15:00 / Fri 22:35
Pool / Sat / 14:00 / Fri 07:45","Pool / Sat / 16:00
Nudge Sat / 02:45","Pool / Sat / 11:00
Booked Sat / 00:20",NO 2 of 4,2 of 4,YES,YES,NO,NO
R-286,"Badminton / Wed / 19:00 / Tue 22:55
Badminton / Fri / 21:00 / Fri 02:15
Gym / Fri / 20:00 / Fri 13:10","Badminton / Sat / 20:00
Nudge Fri / 23:50","Pool / Sat / 15:00
Booked Sat / 00:45",NO 1 of 4,1 of 4,NO,YES,NO,NO
R-120,"Gym / Wed / 18:00 / Tue 21:10
Badminton / Mon / 18:00 / Sat 01:30
Gym / Fri / 19:00 / Fri 10:10","Gym / Sat / 19:00
Nudge Sat / 02:35","Pool / Sat / 12:00
Booked Sat / 00:55",NO 1 of 4,1 of 4,NO,YES,NO,NO
R-285,"Hall / Sun / 10:00 / Thu 18:50
Gym / Sun / 15:00 / Sun 04:55
Pool / Sat / 17:00 / Fri 23:05","Pool / Sat / 15:00
Nudge Sat / 02:05","Clubhouse / Sat / 14:00
Booked Sat / 01:55",NO 2 of 4,2 of 4,NO,YES,NO,YES
R-367,"Pool / Thu / 08:00 / Wed 21:35
Clubhouse / Mon / 19:00 / Sat 12:35
Gym / Tue / 08:00 / Mon 06:25","Gym / Sat / 07:00
Nudge Sat / 00:45","Pool / Sat / 07:00
Booked Sat / 02:10",NO 2 of 4,2 of 4,NO,YES,YES,NO
R-124,"Badminton / Wed / 21:00 / Wed 14:50
Gym / Wed / 12:00 / Wed 08:15
Gym / Thu / 17:00 / Thu 01:35","Gym / Sat / 20:00
Nudge Sat / 02:35","Tennis / Sat / 20:00
Booked Sat / 02:15",NO 3 of 4,3 of 4,NO,YES,YES,YES
R-431,"Clubhouse / Sun / 17:00 / Fri 13:10
Pool / Sat / 11:00 / Sat 01:55
Pool / Tue / 14:00 / Sun 22:40","Pool / Sat / 18:00
Nudge Sat / 04:30","Pool / Sat / 16:00
Booked Sat / 02:30",NO 2 of 4,2 of 4,YES,YES,NO,NO
R-145,"Gym / Tue / 07:00 / Mon 22:30
Gym / Wed / 07:00 / Tue 22:10
Gym / Fri / 07:00 / Thu 22:25","Gym / Sat / 08:00
Nudge Sat / 02:40","Gym / Sat / 06:00
Booked Sat / 02:50",NO 3 of 4,3 of 4,YES,YES,NO,YES
R-134,"Gym / Fri / 19:00 / Fri 04:00
Hall / Sun / 19:00 / Thu 17:50
Gym / Fri / 11:00 / Thu 16:10","Clubhouse / Sat / 18:00
Nudge Fri / 23:50","Hall / Sun / 19:00
Booked Sat / 02:55",NO 0 of 4,0 of 4,NO,NO,NO,NO
R-388,"Badminton / Fri / 21:00 / Fri 01:40
Badminton / Wed / 20:00 / Wed 02:40
Gym / Wed / 21:00 / Wed 16:45","Gym / Sat / 18:00
Nudge Sat / 02:25","Pool / Sat / 13:00
Booked Sat / 03:00",NO 2 of 4,2 of 4,NO,YES,NO,YES
R-311,"Clubhouse / Sun / 10:00 / Sat 01:10
Pool / Sat / 18:00 / Sat 12:00
Pool / Sun / 14:00 / Sat 20:25","Pool / Sat / 10:00
Nudge Sat / 02:15","Pool / Sat / 15:00
Booked Sat / 03:15",NO 3 of 4,3 of 4,YES,YES,NO,YES
R-270,"Pool / Sat / 17:00 / Fri 17:15
Pool / Sat / 14:00 / Sat 03:30
Clubhouse / Sat / 18:00 / Fri 05:30","Pool / Sat / 15:00
Nudge Sat / 03:00","Clubhouse / Sun / 10:00
Booked Sat / 03:30",NO 0 of 4,0 of 4,NO,NO,NO,NO
R-336,"Pool / Sat / 09:00 / Sat 00:50
Gym / Sun / 11:00 / Sun 06:35
Pool / Tue / 18:00 / Tue 04:10","Pool / Sat / 18:00
Nudge Sat / 06:10","Pool / Sat / 11:00
Booked Sat / 03:45",NO 2 of 4,2 of 4,YES,YES,NO,NO
R-169,"Badminton / Tue / 21:00 / Tue 04:45
Pool / Wed / 20:00 / Wed 13:40
Badminton / Tue / 18:00 / Mon 07:20","Gym / Sat / 20:00
Nudge Sat / 03:45","Badminton / Sat / 18:00
Booked Sat / 03:50",NO 2 of 4,2 of 4,NO,YES,NO,YES
R-219,"Badminton / Thu / 20:00 / Thu 02:30
Pool / Sat / 18:00 / Fri 04:45
Pool / Sat / 21:00 / Fri 17:35","Badminton / Sat / 18:00
Nudge Sat / 02:40","Pool / Sat / 19:00
Booked Sat / 03:55",NO 1 of 4,1 of 4,NO,YES,NO,NO
R-403,"Badminton / Sun / 15:00 / Sun 07:25
Badminton / Wed / 19:00 / Wed 02:10
Badminton / Fri / 11:00 / Thu 00:35","Badminton / Sat / 21:00
Nudge Sat / 04:25","Badminton / Sun / 20:00
Booked Sat / 04:10",NO 1 of 4,1 of 4,YES,NO,NO,NO
R-429,Hall / Fri / 11:00 / Fri 22:00,"Clubhouse / Sat / 12:00
Nudge Fri / 19:55","Pool / Sat / 19:00
Booked Sat / 04:15",NO 1 of 4,1 of 4,NO,YES,NO,NO
R-441,"Gym / Tue / 10:00 / Tue 03:10
Badminton / Fri / 19:00 / Thu 06:00
Pool / Sat / 10:00 / Fri 11:30","Badminton / Sat / 20:00
Nudge Sat / 04:55","Badminton / Sat / 20:00
Booked Sat / 04:20",YES 4 of 4,4 of 4,YES,YES,YES,YES
R-281,"Badminton / Tue / 20:00 / Tue 01:30
Gym / Wed / 09:00 / Tue 17:10
Badminton / Wed / 18:00 / Tue 23:00","Badminton / Sat / 20:00
Nudge Sat / 04:45","Gym / Sat / 20:00
Booked Sat / 04:20",NO 3 of 4,3 of 4,NO,YES,YES,YES
R-431,"Pool / Sat / 11:00 / Sat 01:55
Pool / Tue / 14:00 / Sun 22:40
Pool / Sat / 16:00 / Sat 02:30","Pool / Sat / 18:00
Nudge Sat / 05:40","Clubhouse / Sun / 17:00
Booked Sat / 04:30",NO 0 of 4,0 of 4,NO,NO,NO,NO
R-142,"Badminton / Thu / 18:00 / Tue 00:25
Badminton / Fri / 21:00 / Thu 23:35
Gym / Fri / 19:00 / Fri 08:20","Gym / Sat / 18:00
Nudge Sat / 04:25","Gym / Sat / 19:00
Booked Sat / 04:40",NO 3 of 4,3 of 4,YES,YES,NO,YES
R-123,"Pool / Sun / 14:00 / Sat 22:45
Pool / Sun / 15:00 / Sat 09:20
Pool / Mon / 21:00 / Mon 18:00","Pool / Sat / 16:00
Nudge Sat / 05:25","Pool / Sat / 16:00
Booked Sat / 04:45",YES 4 of 4,4 of 4,YES,YES,YES,YES
R-100,"Pool / Sun / 16:00 / Sun 05:50
Pool / Sun / 16:00 / Fri 08:10
Pool / Sat / 16:00 / Fri 10:35","Pool / Sat / 11:00
Nudge Sat / 03:05","Pool / Sun / 17:00
Booked Sat / 04:55",NO 1 of 4,1 of 4,YES,NO,NO,NO
R-162,"Gym / Tue / 07:00 / Tue 00:20
Pool / Wed / 08:00 / Tue 11:30
Gym / Fri / 06:00 / Thu 21:10","Gym / Sat / 06:00
Nudge Fri / 14:35","Pool / Mon / 07:00
Booked Sat / 04:55",NO 0 of 4,0 of 4,NO,NO,NO,NO
R-392,"Clubhouse / Fri / 14:00 / Wed 10:50
Pool / Sat / 10:00 / Sat 06:15
Clubhouse / Tue / 15:00 / Mon 09:50","Pool / Sat / 18:00
Nudge Sat / 06:35","Gym / Sat / 10:00
Booked Sat / 05:10",NO 1 of 4,1 of 4,NO,YES,NO,NO
R-395,"Pool / Sun / 12:00 / Sun 00:45
Pool / Sun / 11:00 / Sun 03:05
Pool / Sat / 10:00 / Fri 23:45","Pool / Sat / 17:00
Nudge Sat / 06:30","Pool / Sat / 18:00
Booked Sat / 05:40",NO 3 of 4,3 of 4,YES,YES,NO,YES
R-317,"Pool / Mon / 12:00 / Sun 10:50
Pool / Sun / 10:00 / Sat 23:05","Gym / Sat / 18:00
Nudge Sat / 06:35","Pool / Sat / 15:00
Booked Sat / 05:40",NO 2 of 4,2 of 4,NO,YES,NO,YES
R-392,"Pool / Sat / 10:00 / Sat 06:15
Clubhouse / Tue / 15:00 / Mon 09:50
Gym / Sat / 10:00 / Sat 05:10","Pool / Sat / 18:00
Nudge Sat / 08:50","Pool / Sun / 11:00
Booked Sat / 06:05",NO 1 of 4,1 of 4,YES,NO,NO,NO
R-145,"Gym / Wed / 07:00 / Tue 22:10
Gym / Fri / 07:00 / Thu 22:25
Gym / Sat / 06:00 / Sat 02:50","Gym / Mon / 08:00
Nudge Sun / 12:30","Gym / Sun / 06:00
Booked Sat / 07:05",NO 1 of 4,1 of 4,YES,NO,NO,NO
R-338,"Badminton / Tue / 19:00 / Sun 21:35
Gym / Mon / 18:00 / Sun 22:05
Gym / Wed / 18:00 / Wed 04:25","Gym / Sat / 18:00
Nudge Sat / 08:20","Badminton / Sat / 17:00
Booked Sat / 07:15",NO 1 of 4,1 of 4,NO,YES,NO,NO
R-149,"Badminton / Fri / 18:00 / Thu 04:55
Pool / Sat / 18:00 / Sat 09:50
Badminton / Sun / 21:00 / Sat 21:35","Gym / Sat / 18:00
Nudge Sat / 08:05","Badminton / Sat / 21:00
Booked Sat / 07:20",NO 2 of 4,2 of 4,NO,YES,NO,YES
R-363,"Clubhouse / Sat / 16:00 / Tue 14:00
Pool / Sat / 17:00 / Sat 06:25
Pool / Sat / 10:00 / Fri 21:45","Pool / Sat / 14:00
Nudge Sat / 07:10","Pool / Sat / 17:00
Booked Sat / 07:45",NO 3 of 4,3 of 4,YES,YES,NO,YES
R-418,"Pool / Wed / 08:00 / Mon 17:50
Gym / Tue / 15:00 / Tue 04:35
Gym / Fri / 07:00 / Thu 16:15","Gym / Mon / 06:00
Nudge Sun / 08:40","Gym / Mon / 08:00
Booked Sat / 08:00",NO 2 of 4,2 of 4,YES,YES,NO,NO
R-397,"Pool / Mon / 21:00 / Mon 15:10
Badminton / Fri / 20:00 / Thu 19:20
Pool / Fri / 18:00 / Fri 01:55","Gym / Sat / 18:00
Nudge Sat / 09:50","Badminton / Sun / 21:00
Booked Sat / 08:05",NO 0 of 4,0 of 4,NO,NO,NO,NO
R-292,"Pool / Sun / 11:00 / Sat 22:20
Clubhouse / Fri / 19:00 / Wed 10:20
Clubhouse / Sun / 12:00 / Sat 21:20","Pool / Sat / 16:00
Nudge Sat / 08:30","Pool / Sun / 17:00
Booked Sat / 08:15",NO 1 of 4,1 of 4,YES,NO,NO,NO
R-317,"Pool / Mon / 12:00 / Sun 10:50
Pool / Sun / 10:00 / Sat 23:05
Pool / Sat / 15:00 / Sat 05:40","Pool / Sat / 15:00
Nudge Sat / 08:40","Pool / Sun / 16:00
Booked Sat / 08:40",NO 1 of 4,1 of 4,YES,NO,NO,NO
R-105,"Tennis / Fri / 06:00 / Wed 08:55
Gym / Mon / 06:00 / Sun 15:55
Gym / Tue / 07:00 / Mon 21:45","Gym / Sun / 07:00
Nudge Sat / 10:45","Pool / Tue / 08:00
Booked Sat / 08:40",NO 0 of 4,0 of 4,NO,NO,NO,NO
R-197,"Clubhouse / Sat / 11:00 / Fri 05:35
Clubhouse / Sat / 14:00 / Mon 21:35
Pool / Sat / 10:00 / Fri 10:20","Pool / Sat / 15:00
Nudge Sat / 06:00","Pool / Sun / 09:00
Booked Sat / 09:05",NO 1 of 4,1 of 4,YES,NO,NO,NO
R-161,"Pool / Sat / 15:00 / Sat 02:20
Clubhouse / Sat / 11:00 / Fri 18:40
Clubhouse / Sat / 18:00 / Sat 03:25","Pool / Sat / 11:00
Nudge Fri / 19:00","Clubhouse / Sun / 14:00
Booked Sat / 09:15",NO 0 of 4,0 of 4,NO,NO,NO,NO
R-284,"Clubhouse / Sat / 16:00 / Fri 02:50
Clubhouse / Sun / 11:00 / Fri 15:55
Clubhouse / Sun / 15:00 / Sat 22:15","Pool / Sat / 10:00
Nudge Fri / 19:35","Clubhouse / Sun / 14:00
Booked Sat / 09:15",NO 0 of 4,0 of 4,NO,NO,NO,NO
R-366,"Gym / Tue / 08:00 / Sun 18:20
Gym / Fri / 08:00 / Thu 04:50
Gym / Fri / 09:00 / Thu 23:25","Tennis / Tue / 08:00
Nudge Mon / 05:40","Pool / Tue / 06:00
Booked Sat / 09:20",NO 1 of 4,1 of 4,NO,YES,NO,NO
R-272,"Badminton / Wed / 19:00 / Tue 09:35
Badminton / Fri / 22:00 / Wed 07:15
Badminton / Sat / 13:00 / Fri 12:55","Badminton / Sat / 20:00
Nudge Sat / 06:15","Gym / Sat / 18:00
Booked Sat / 09:50",NO 1 of 4,1 of 4,NO,YES,NO,NO
R-113,"Pool / Sun / 16:00 / Sun 07:55
Gym / Sat / 18:00 / Sat 10:15
Badminton / Sun / 10:00 / Sat 19:50","Pool / Sun / 15:00
Nudge Sun / 07:20","Pool / Sat / 16:00
Booked Sat / 10:50",NO 1 of 4,1 of 4,YES,NO,NO,NO
R-236,"Clubhouse / Sat / 10:00 / Sat 10:55
Gym / Sat / 18:00 / Sat 12:50
Tennis / Sun / 14:00 / Thu 09:20","Pool / Sat / 18:00
Nudge Sat / 10:50","Pool / Sat / 17:00
Booked Sat / 10:50",NO 3 of 4,3 of 4,YES,YES,NO,YES
R-315,"Clubhouse / Sun / 14:00 / Sun 14:20
Pool / Sat / 18:00 / Thu 18:30
Pool / Sun / 16:00 / Fri 11:50","Pool / Sat / 18:00
Nudge Sat / 10:10","Pool / Sun / 10:00
Booked Sat / 11:00",NO 1 of 4,1 of 4,YES,NO,NO,NO
R-443,"Gym / Tue / 19:00 / Tue 11:30
Gym / Wed / 20:00 / Wed 13:05
Gym / Fri / 09:00 / Wed 20:00","Gym / Sat / 20:00
Nudge Sat / 12:30","Gym / Sat / 21:00
Booked Sat / 11:30",NO 2 of 4,2 of 4,YES,YES,NO,NO
R-383,"Badminton / Sat / 21:00 / Sat 15:45
Badminton / Sun / 20:00 / Sat 21:20
Badminton / Thu / 20:00 / Thu 01:20","Badminton / Sat / 20:00
Nudge Sat / 04:20","Gym / Sat / 18:00
Booked Sat / 11:45",NO 1 of 4,1 of 4,NO,YES,NO,NO
R-146,"Gym / Tue / 20:00 / Tue 03:15
Pool / Mon / 21:00 / Mon 04:25
Badminton / Tue / 22:00 / Tue 13:00","Gym / Sat / 20:00
Nudge Sat / 12:05","Pool / Sat / 21:00
Booked Sat / 12:25",NO 2 of 4,2 of 4,NO,YES,NO,YES
R-217,"Pool / Sat / 11:00 / Sat 07:15
Pool / Wed / 13:00 / Wed 02:55
Clubhouse / Mon / 10:00 / Sun 03:20","Pool / Sun / 18:00
Nudge Sun / 06:25","Clubhouse / Sun / 14:00
Booked Sat / 12:55",NO 1 of 4,1 of 4,NO,YES,NO,NO
R-299,"Pool / Fri / 07:00 / Thu 14:25
Tennis / Fri / 20:00 / Thu 23:40
Tennis / Tue / 08:00 / Mon 18:30","Gym / Sun / 06:00
Nudge Sat / 14:15","Tennis / Tue / 06:00
Booked Sat / 13:40",NO 1 of 4,1 of 4,NO,NO,YES,NO
R-137,"Pool / Mon / 19:00 / Sun 09:10
Pool / Thu / 19:00 / Thu 13:25
Pool / Sat / 17:00 / Fri 10:45","Gym / Sun / 18:00
Nudge Sun / 10:15","Pool / Sat / 19:00
Booked Sat / 13:55",NO 0 of 4,0 of 4,NO,NO,NO,NO
R-279,"Pool / Thu / 08:00 / Tue 22:35
Pool / Wed / 19:00 / Wed 05:00
Gym / Thu / 19:00 / Wed 21:05","Gym / Sat / 08:00
Nudge Fri / 15:40","Gym / Mon / 06:00
Booked Sat / 14:00",NO 1 of 4,1 of 4,YES,NO,NO,NO
R-353,"Tennis / Tue / 21:00 / Sun 03:20
Gym / Wed / 18:00 / Wed 08:30
Gym / Fri / 19:00 / Fri 06:30","Badminton / Sat / 20:00
Nudge Fri / 21:15","Gym / Sat / 21:00
Booked Sat / 14:05",NO 1 of 4,1 of 4,NO,YES,NO,NO
R-430,"Gym / Tue / 17:00 / Mon 16:45
Gym / Wed / 19:00 / Wed 13:45
Gym / Sat / 18:00 / Fri 20:25","Gym / Sat / 18:00
Nudge Sat / 05:40","Pool / Sat / 21:00
Booked Sat / 14:20",NO 1 of 4,1 of 4,NO,YES,NO,NO
R-179,"Badminton / Tue / 20:00 / Tue 10:25
Badminton / Tue / 18:00 / Mon 21:15
Gym / Fri / 20:00 / Fri 14:15","Gym / Sat / 21:00
Nudge Sat / 16:10","Gym / Sat / 19:00
Booked Sat / 14:50",NO 2 of 4,2 of 4,YES,YES,NO,NO
R-309,"Clubhouse / Sat / 11:00 / Sat 11:25
Clubhouse / Sun / 10:00 / Sun 20:40
Pool / Sat / 15:00 / Wed 15:20","Pool / Sat / 10:00
Nudge Fri / 17:00","Clubhouse / Sat / 15:00
Booked Sat / 15:00",NO 1 of 4,1 of 4,NO,YES,NO,NO
R-102,"Tennis / Tue / 08:00 / Tue 00:00
Tennis / Fri / 06:00 / Thu 07:55
Gym / Fri / 08:00 / Fri 01:00","Gym / Sun / 07:00
Nudge Sat / 16:25","Tennis / Tue / 06:00
Booked Sat / 16:15",NO 0 of 4,0 of 4,NO,NO,NO,NO
R-312,"Pool / Sat / 16:00 / Fri 20:35
Clubhouse / Sat / 11:00 / Sun 22:50
Pool / Sat / 17:00 / Fri 01:50","Gym / Sun / 18:00
Nudge Sun / 02:05","Pool / Sun / 15:00
Booked Sat / 16:40",NO 1 of 4,1 of 4,NO,YES,NO,NO
R-168,"Pool / Sat / 10:00 / Fri 16:00
Clubhouse / Sat / 14:00 / Sun 17:10
Pool / Sun / 15:00 / Sun 07:05","Pool / Sun / 14:00
Nudge Sat / 18:40","Pool / Sun / 15:00
Booked Sat / 16:40",NO 2 of 4,2 of 4,YES,YES,NO,NO
R-132,"Clubhouse / Tue / 11:00 / Fri 18:05
Clubhouse / Sat / 18:00 / Thu 03:40
Clubhouse / Sat / 15:00 / Thu 05:50","Pool / Sun / 18:00
Nudge Sat / 20:35","Pool / Sun / 11:00
Booked Sat / 17:05",NO 2 of 4,2 of 4,YES,YES,NO,NO
R-395,"Pool / Sun / 11:00 / Sun 03:05
Pool / Sat / 10:00 / Fri 23:45
Pool / Sat / 18:00 / Sat 05:40","Pool / Sun / 15:00
Nudge Sat / 19:05","Pool / Sun / 11:00
Booked Sat / 17:15",NO 2 of 4,2 of 4,YES,YES,NO,NO
R-395,"Pool / Sat / 10:00 / Fri 23:45
Pool / Sat / 18:00 / Sat 05:40
Pool / Sun / 11:00 / Sat 17:15","Pool / Sun / 15:00
Nudge Sat / 19:15","Pool / Sun / 12:00
Booked Sat / 17:25",NO 2 of 4,2 of 4,YES,YES,NO,NO
R-312,"Clubhouse / Sat / 11:00 / Sun 22:50
Pool / Sat / 17:00 / Fri 01:50
Pool / Sun / 15:00 / Sat 16:40","Pool / Sun / 15:00
Nudge Sat / 18:50","Gym / Sun / 17:00
Booked Sat / 18:20",NO 2 of 4,2 of 4,NO,YES,NO,YES
R-100,"Pool / Sun / 16:00 / Fri 08:10
Pool / Sat / 16:00 / Fri 10:35
Pool / Sun / 17:00 / Sat 04:55","Pool / Sun / 18:00
Nudge Sat / 20:45","Pool / Sun / 10:00
Booked Sat / 18:25",NO 2 of 4,2 of 4,YES,YES,NO,NO
R-146,"Pool / Mon / 21:00 / Mon 04:25
Badminton / Tue / 22:00 / Tue 13:00
Pool / Sat / 21:00 / Sat 12:25","Badminton / Sun / 20:00
Nudge Sat / 20:25","Badminton / Sun / 18:00
Booked Sat / 20:05",NO 3 of 4,3 of 4,YES,YES,NO,YES
R-238,"Pool / Sun / 16:00 / Sun 09:45
Pool / Sat / 08:00 / Wed 08:10
Clubhouse / Sat / 23:00 / Fri 01:30","Pool / Sun / 18:00
Nudge Sat / 21:30","Pool / Sun / 18:00
Booked Sat / 20:15",NO 3 of 4,3 of 4,YES,YES,YES,NO
R-415,"Pool / Thu / 08:00 / Wed 16:20
Pool / Wed / 17:00 / Wed 08:10","Gym / Sun / 07:00
Nudge Sat / 20:45","Pool / Sun / 19:00
Booked Sat / 20:40",NO 2 of 4,2 of 4,NO,YES,NO,YES
R-253,"Pool / Tue / 08:00 / Mon 07:10
Tennis / Wed / 06:00 / Mon 12:05
Gym / Thu / 07:00 / Wed 08:45","Gym / Sun / 08:00
Nudge Sat / 20:10","Gym / Mon / 06:00
Booked Sat / 20:50",NO 1 of 4,1 of 4,YES,NO,NO,NO
R-215,"Badminton / Wed / 21:00 / Tue 23:30
Pool / Wed / 18:00 / Wed 05:15
Gym / Thu / 19:00 / Wed 23:55","Badminton / Tue / 18:00
Nudge Mon / 17:00","Gym / Mon / 21:00
Booked Sat / 21:00",NO 0 of 4,0 of 4,NO,NO,NO,NO
R-311,"Pool / Sat / 18:00 / Sat 12:00
Pool / Sun / 14:00 / Sat 20:25
Pool / Sat / 15:00 / Sat 03:15","Pool / Sun / 10:00
Nudge Sat / 20:35","Pool / Sun / 10:00
Booked Sat / 21:25",YES 4 of 4,4 of 4,YES,YES,YES,YES
R-248,"Badminton / Thu / 21:00 / Thu 02:05
Badminton / Wed / 19:00 / Tue 18:55
Gym / Sat / 18:00 / Fri 14:55","Badminton / Sat / 18:00
Nudge Fri / 21:20","Tennis / Mon / 20:00
Booked Sat / 21:30",NO 0 of 4,0 of 4,NO,NO,NO,NO
R-210,"Gym / Tue / 08:00 / Tue 04:45
Tennis / Wed / 12:00 / Tue 08:15
Gym / Wed / 07:00 / Wed 02:45","Gym / Sun / 07:00
Nudge Sat / 22:55","Clubhouse / Mon / 19:00
Booked Sat / 22:35",NO 0 of 4,0 of 4,NO,NO,NO,NO
R-391,"Gym / Wed / 06:00 / Tue 22:35
Gym / Thu / 21:00 / Thu 04:45
Tennis / Fri / 08:00 / Thu 09:35","Gym / Sun / 07:00
Nudge Sat / 22:45","Gym / Mon / 08:00
Booked Sat / 22:50",NO 1 of 4,1 of 4,YES,NO,NO,NO
R-306,"Pool / Wed / 19:00 / Tue 00:20
Pool / Wed / 09:00 / Tue 22:55
Gym / Thu / 19:00 / Thu 06:30","Gym / Sun / 08:00
Nudge Sat / 23:20","Gym / Sun / 14:00
Booked Sat / 23:00",NO 3 of 4,3 of 4,YES,YES,NO,YES
R-196,"Gym / Sat / 17:00 / Fri 23:55
Pool / Sun / 18:00 / Sat 16:10
Pool / Sun / 15:00 / Sun 01:40","Pool / Sun / 10:00
Nudge Sat / 23:15","Gym / Sun / 14:00
Booked Sat / 23:40",NO 2 of 4,2 of 4,NO,YES,NO,YES
R-199,"Pool / Sat / 17:00 / Sat 09:05
Clubhouse / Sun / 17:00 / Mon 19:20
Gym / Sat / 18:00 / Fri 16:45","Gym / Sun / 18:00
Nudge Sat / 23:25","Gym / Mon / 12:00
Booked Sat / 23:50",NO 1 of 4,1 of 4,YES,NO,NO,NO
R-132,"Clubhouse / Sat / 18:00 / Thu 03:40
Clubhouse / Sat / 15:00 / Thu 05:50
Pool / Sun / 11:00 / Sat 17:05","Pool / Sun / 11:00
Nudge Sun / 00:45","Pool / Sun / 16:00
Booked Sun / 00:20",NO 3 of 4,3 of 4,YES,YES,NO,YES
R-392,"Clubhouse / Tue / 15:00 / Mon 09:50
Gym / Sat / 10:00 / Sat 05:10
Pool / Sun / 11:00 / Sat 06:05","Pool / Sun / 10:00
Nudge Sun / 01:45","Pool / Sun / 16:00
Booked Sun / 01:05",NO 3 of 4,3 of 4,YES,YES,NO,YES
R-446,"Tennis / Mon / 08:00 / Sun 04:20
Tennis / Wed / 07:00 / Tue 13:35
Tennis / Fri / 06:00 / Thu 21:30","Gym / Mon / 08:00
Nudge Mon / 00:30","Gym / Sun / 06:00
Booked Sun / 02:55",NO 1 of 4,1 of 4,YES,NO,NO,NO
R-273,"Pool / Sun / 17:00 / Sun 02:25
Clubhouse / Sat / 10:00 / Tue 14:35
Pool / Sun / 11:00 / Sun 04:00","Pool / Sun / 18:00
Nudge Sun / 05:30","Pool / Sun / 16:00
Booked Sun / 02:55",NO 2 of 4,2 of 4,YES,YES,NO,NO
R-434,"Gym / Tue / 13:00 / Tue 08:45
Tennis / Wed / 11:00 / Tue 13:40
Pool / Fri / 06:00 / Thu 18:50","Pool / Tue / 08:00
Nudge Mon / 17:20","Gym / Mon / 07:00
Booked Sun / 03:00",NO 0 of 4,0 of 4,NO,NO,NO,NO
R-151,"Badminton / Wed / 21:00 / Wed 03:50
Badminton / Thu / 19:00 / Thu 06:05
Badminton / Sat / 20:00 / Fri 12:05","Badminton / Mon / 20:00
Nudge Mon / 02:55","Pool / Mon / 21:00
Booked Sun / 03:10",NO 1 of 4,1 of 4,NO,YES,NO,NO
R-150,"Gym / Fri / 06:00 / Thu 16:00
Pool / Mon / 06:00 / Fri 22:55
Gym / Fri / 06:00 / Thu 23:05","Gym / Tue / 06:00
Nudge Mon / 11:45","Pool / Mon / 07:00
Booked Sun / 04:00",NO 0 of 4,0 of 4,NO,NO,NO,NO
R-366,"Gym / Fri / 08:00 / Thu 04:50
Gym / Fri / 09:00 / Thu 23:25
Pool / Tue / 06:00 / Sat 09:20","Gym / Mon / 08:00
Nudge Sun / 21:35","Gym / Mon / 07:00
Booked Sun / 04:10",NO 2 of 4,2 of 4,YES,YES,NO,NO
R-301,"Pool / Wed / 18:00 / Wed 10:30
Pool / Fri / 18:00 / Thu 06:35
Gym / Thu / 20:00 / Thu 14:20","Badminton / Mon / 18:00
Nudge Mon / 03:15","Badminton / Tue / 21:00
Booked Sun / 04:15",NO 1 of 4,1 of 4,YES,NO,NO,NO
R-449,"Pool / Fri / 07:00 / Wed 18:30
Badminton / Fri / 19:00 / Thu 19:10
Pool / Sun / 12:00 / Fri 13:10","Gym / Sun / 19:00
Nudge Sun / 05:45","Clubhouse / Wed / 11:00
Booked Sun / 04:45",NO 0 of 4,0 of 4,NO,NO,NO,NO
R-404,"Tennis / Sat / 19:00 / Thu 06:05
Gym / Fri / 21:00 / Fri 00:40
Gym / Fri / 19:00 / Fri 10:05","Badminton / Mon / 18:00
Nudge Mon / 03:25","Tennis / Mon / 19:00
Booked Sun / 04:50",NO 1 of 4,1 of 4,NO,YES,NO,NO
R-211,"Pool / Sat / 15:00 / Fri 16:35
Pool / Sat / 16:00 / Sat 03:35
Pool / Sat / 21:00 / Fri 16:55","Pool / Sun / 11:00
Nudge Sun / 02:35","Pool / Sun / 15:00
Booked Sun / 05:00",NO 2 of 4,2 of 4,YES,YES,NO,NO
R-359,"Gym / Sat / 20:00 / Sat 16:05
Gym / Thu / 21:00 / Thu 07:30
Gym / Fri / 15:00 / Fri 05:40","Badminton / Tue / 18:00
Nudge Tue / 03:40","Badminton / Sun / 20:00
Booked Sun / 05:45",NO 1 of 4,1 of 4,YES,NO,NO,NO
R-285,"Gym / Sun / 15:00 / Sun 04:55
Pool / Sat / 17:00 / Fri 23:05
Clubhouse / Sat / 14:00 / Sat 01:55","Pool / Sun / 18:00
Nudge Sun / 06:05","Pool / Sun / 16:00
Booked Sun / 05:50",NO 3 of 4,3 of 4,YES,YES,NO,YES
R-182,"Gym / Sat / 06:00 / Fri 16:20
Badminton / Tue / 20:00 / Mon 04:30
Pool / Thu / 10:00 / Wed 20:25","Gym / Mon / 18:00
Nudge Mon / 04:35","Gym / Sun / 20:00
Booked Sun / 06:25",NO 1 of 4,1 of 4,YES,NO,NO,NO
R-375,"Pool / Wed / 07:00 / Sun 07:05
Gym / Thu / 08:00 / Wed 20:45
Gym / Mon / 08:00 / Sun 18:40","Gym / Mon / 06:00
Nudge Sun / 07:05","Pool / Mon / 06:00
Booked Sun / 06:30",NO 3 of 4,3 of 4,NO,YES,YES,YES
R-155,"Pool / Tue / 08:00 / Mon 21:10
Gym / Thu / 06:00 / Wed 02:55
Gym / Fri / 06:00 / Thu 19:30","Gym / Tue / 06:00
Nudge Mon / 05:55","Gym / Mon / 10:00
Booked Sun / 06:40",NO 1 of 4,1 of 4,YES,NO,NO,NO
R-245,"Badminton / Wed / 21:00 / Tue 01:25
Badminton / Thu / 20:00 / Wed 08:20
Badminton / Fri / 19:00 / Thu 13:20","Badminton / Tue / 21:00
Nudge Tue / 02:30","Badminton / Mon / 19:00
Booked Sun / 06:40",NO 1 of 4,1 of 4,YES,NO,NO,NO
R-412,"Badminton / Tue / 07:00 / Sun 08:20
Gym / Mon / 18:00 / Sun 11:25
Badminton / Wed / 21:00 / Mon 17:55","Badminton / Mon / 21:00
Nudge Mon / 02:00","Gym / Mon / 20:00
Booked Sun / 06:45",NO 1 of 4,1 of 4,NO,YES,NO,NO
R-188,"Gym / Mon / 08:00 / Mon 03:05
Tennis / Thu / 08:00 / Wed 04:10
Pool / Wed / 19:00 / Wed 09:45","Gym / Mon / 06:00
Nudge Sun / 07:05","Gym / Tue / 06:00
Booked Sun / 06:45",NO 2 of 4,2 of 4,YES,NO,YES,NO
R-215,"Pool / Wed / 18:00 / Wed 05:15
Gym / Thu / 19:00 / Wed 23:55
Gym / Mon / 21:00 / Sat 21:00","Badminton / Tue / 18:00
Nudge Tue / 01:10","Badminton / Mon / 19:00
Booked Sun / 06:50",NO 1 of 4,1 of 4,YES,NO,NO,NO
R-306,"Pool / Wed / 09:00 / Tue 22:55
Gym / Thu / 19:00 / Thu 06:30
Gym / Sun / 14:00 / Sat 23:00","Pool / Mon / 06:00
Nudge Sun / 09:30","Tennis / Mon / 19:00
Booked Sun / 06:55",NO 1 of 4,1 of 4,NO,YES,NO,NO
R-372,"Pool / Thu / 08:00 / Thu 00:15
Gym / Mon / 06:00 / Sun 21:20
Gym / Wed / 06:00 / Mon 18:10","Gym / Mon / 07:00
Nudge Sun / 08:30","Gym / Mon / 07:00
Booked Sun / 07:50",YES 4 of 4,4 of 4,YES,YES,YES,YES
R-400,"Pool / Sat / 15:00 / Sat 11:20
Clubhouse / Sat / 14:00 / Fri 19:40
Pool / Sun / 16:00 / Sun 09:35","Pool / Sun / 18:00
Nudge Sun / 10:15","Gym / Sun / 15:00
Booked Sun / 08:00",NO 1 of 4,1 of 4,NO,YES,NO,NO
R-336,"Gym / Sun / 11:00 / Sun 06:35
Pool / Tue / 18:00 / Tue 04:10
Pool / Sat / 11:00 / Sat 03:45","Pool / Sun / 17:00
Nudge Sun / 10:20","Pool / Sun / 17:00
Booked Sun / 08:05",NO 3 of 4,3 of 4,YES,YES,YES,NO
R-389,"Pool / Fri / 11:00 / Thu 13:40
Gym / Fri / 08:00 / Thu 21:05
Tennis / Fri / 07:00 / Thu 16:35","Gym / Mon / 08:00
Nudge Sun / 11:45","Pool / Wed / 08:00
Booked Sun / 08:25",NO 1 of 4,1 of 4,NO,NO,YES,NO
R-414,"Pool / Mon / 14:00 / Sun 19:10
Gym / Tue / 19:00 / Mon 07:15
Gym / Fri / 19:00 / Thu 16:55","Pool / Mon / 07:00
Nudge Sun / 11:55","Gym / Mon / 08:00
Booked Sun / 09:00",NO 1 of 4,1 of 4,NO,YES,NO,NO
R-436,"Gym / Sat / 15:00 / Sat 00:55
Clubhouse / Thu / 18:00 / Wed 00:20
Clubhouse / Sun / 16:00 / Fri 10:50","Clubhouse / Sun / 16:00
Nudge Sat / 15:40","Pool / Sun / 15:00
Booked Sun / 09:10",NO 1 of 4,1 of 4,NO,YES,NO,NO
R-102,"Tennis / Fri / 06:00 / Thu 07:55
Gym / Fri / 08:00 / Fri 01:00
Tennis / Tue / 06:00 / Sat 16:15","Gym / Mon / 08:00
Nudge Sun / 12:20","Gym / Mon / 16:00
Booked Sun / 09:10",NO 2 of 4,2 of 4,YES,YES,NO,NO
R-381,"Badminton / Fri / 12:00 / Thu 04:25
Pool / Wed / 08:00 / Tue 09:25
Gym / Sat / 17:00 / Sat 09:00","Gym / Mon / 19:00
Nudge Mon / 06:50","Tennis / Tue / 18:00
Booked Sun / 10:45",NO 0 of 4,0 of 4,NO,NO,NO,NO
R-170,"Gym / Fri / 08:00 / Thu 12:25
Gym / Fri / 06:00 / Thu 18:20
Gym / Sat / 08:00 / Fri 22:20","Gym / Mon / 08:00
Nudge Sun / 12:30","Gym / Mon / 13:00
Booked Sun / 11:45",NO 3 of 4,3 of 4,YES,YES,NO,YES
R-430,"Gym / Wed / 19:00 / Wed 13:45
Gym / Sat / 18:00 / Fri 20:25
Pool / Sat / 21:00 / Sat 14:20","Badminton / Mon / 18:00
Nudge Sun / 20:10","Gym / Sun / 19:00
Booked Sun / 11:50",NO 0 of 4,0 of 4,NO,NO,NO,NO
R-235,"Badminton / Sat / 21:00 / Thu 15:00
Gym / Thu / 21:00 / Wed 22:35
Badminton / Mon / 19:00 / Sun 09:35","Badminton / Mon / 20:00
Nudge Sun / 21:35","Pool / Mon / 19:00
Booked Sun / 11:55",NO 1 of 4,1 of 4,NO,YES,NO,NO
R-123,"Pool / Sun / 15:00 / Sat 09:20
Pool / Mon / 21:00 / Mon 18:00
Pool / Sat / 16:00 / Sat 04:45","Pool / Sun / 15:00
Nudge Sun / 08:15","Pool / Sun / 17:00
Booked Sun / 12:00",NO 2 of 4,2 of 4,YES,YES,NO,NO
R-215,"Gym / Thu / 19:00 / Wed 23:55
Gym / Mon / 21:00 / Sat 21:00
Badminton / Mon / 19:00 / Sun 06:50","Badminton / Mon / 20:00
Nudge Sun / 22:10","Badminton / Mon / 17:00
Booked Sun / 12:05",NO 2 of 4,2 of 4,YES,YES,NO,NO
R-240,"Gym / Wed / 07:00 / Tue 03:25
Tennis / Thu / 07:00 / Tue 19:20
Pool / Thu / 06:00 / Wed 22:15","Gym / Mon / 06:00
Nudge Sun / 13:25","Tennis / Mon / 08:00
Booked Sun / 12:35",NO 2 of 4,2 of 4,NO,YES,NO,YES
R-132,"Clubhouse / Sat / 15:00 / Thu 05:50
Pool / Sun / 11:00 / Sat 17:05
Pool / Sun / 16:00 / Sun 00:20","Pool / Sun / 15:00
Nudge Sun / 03:40","Clubhouse / Sun / 11:00
Booked Sun / 13:30",NO 1 of 4,1 of 4,NO,YES,NO,NO
R-144,"Gym / Wed / 22:00 / Wed 14:15
Tennis / Thu / 08:00 / Wed 21:20
Tennis / Fri / 07:00 / Thu 03:45","Gym / Mon / 07:00
Nudge Sun / 13:25","Gym / Mon / 07:00
Booked Sun / 13:40",YES 4 of 4,4 of 4,YES,YES,YES,YES
R-263,"Pool / Wed / 07:00 / Tue 18:05
Tennis / Thu / 07:00 / Tue 19:20
Gym / Fri / 06:00 / Thu 21:40","Gym / Mon / 07:00
Nudge Sun / 14:55","Badminton / Tue / 07:00
Booked Sun / 14:15",NO 1 of 4,1 of 4,NO,NO,YES,NO
R-191,"Pool / Sat / 11:00 / Sat 02:00
Pool / Sun / 10:00 / Sun 00:15
Pool / Sun / 16:00 / Sun 01:50","Pool / Sun / 14:00
Nudge Sat / 18:30","Clubhouse / Sun / 14:00
Booked Sun / 14:25",NO 2 of 4,2 of 4,NO,YES,YES,NO
R-353,"Gym / Wed / 18:00 / Wed 08:30
Gym / Fri / 19:00 / Fri 06:30
Gym / Sat / 21:00 / Sat 14:05","Badminton / Tue / 20:00
Nudge Mon / 16:35","Pool / Tue / 19:00
Booked Sun / 15:00",NO 1 of 4,1 of 4,NO,YES,NO,NO
R-351,"Gym / Tue / 07:00 / Mon 21:35
Gym / Wed / 08:00 / Tue 18:25
Gym / Wed / 21:00 / Tue 23:05","Gym / Mon / 07:00
Nudge Sun / 15:15","Tennis / Mon / 08:00
Booked Sun / 15:50",NO 2 of 4,2 of 4,NO,YES,NO,YES
R-397,"Badminton / Fri / 20:00 / Thu 19:20
Pool / Fri / 18:00 / Fri 01:55
Badminton / Sun / 21:00 / Sat 08:05","Badminton / Mon / 18:00
Nudge Sun / 17:45","Pool / Mon / 18:00
Booked Sun / 16:00",NO 2 of 4,2 of 4,NO,YES,YES,NO
R-414,"Gym / Tue / 19:00 / Mon 07:15
Gym / Fri / 19:00 / Thu 16:55
Gym / Mon / 08:00 / Sun 09:00","Gym / Mon / 06:00
Nudge Sun / 17:05","Pool / Mon / 19:00
Booked Sun / 16:00",NO 1 of 4,1 of 4,NO,YES,NO,NO
R-388,"Badminton / Wed / 20:00 / Wed 02:40
Gym / Wed / 21:00 / Wed 16:45
Pool / Sat / 13:00 / Sat 03:00","Badminton / Mon / 20:00
Nudge Sun / 20:25","Pool / Mon / 20:00
Booked Sun / 17:00",NO 2 of 4,2 of 4,NO,YES,YES,NO
R-327,"Gym / Sat / 17:00 / Sat 11:15
Gym / Wed / 18:00 / Wed 05:50
Gym / Tue / 18:00 / Tue 07:55","Gym / Mon / 19:00
Nudge Mon / 00:05","Pool / Mon / 13:00
Booked Sun / 17:15",NO 1 of 4,1 of 4,NO,YES,NO,NO
R-412,"Gym / Mon / 18:00 / Sun 11:25
Badminton / Wed / 21:00 / Mon 17:55
Gym / Mon / 20:00 / Sun 06:45","Badminton / Mon / 20:00
Nudge Sun / 18:25","Badminton / Mon / 21:00
Booked Sun / 17:40",NO 3 of 4,3 of 4,YES,YES,NO,YES
R-207,"Tennis / Sun / 15:00 / Sat 20:20
Gym / Wed / 08:00 / Tue 08:20
Tennis / Mon / 17:00 / Mon 00:15","Gym / Mon / 08:00
Nudge Sun / 17:30","Pool / Mon / 07:00
Booked Sun / 17:40",NO 2 of 4,2 of 4,NO,YES,NO,YES
R-274,"Badminton / Fri / 21:00 / Thu 00:25
Badminton / Fri / 20:00 / Thu 05:25
Badminton / Sat / 18:00 / Fri 13:50","Badminton / Mon / 18:00
Nudge Sun / 17:55","Badminton / Mon / 19:00
Booked Sun / 18:35",NO 3 of 4,3 of 4,YES,YES,NO,YES
R-370,"Gym / Mon / 07:00 / Sat 07:30
Tennis / Wed / 16:00 / Mon 20:00
Gym / Fri / 07:00 / Thu 09:05","Gym / Mon / 08:00
Nudge Sun / 18:00","Badminton / Mon / 08:00
Booked Sun / 18:35",NO 3 of 4,3 of 4,NO,YES,YES,YES
R-358,"Pool / Tue / 07:00 / Mon 18:50
Pool / Fri / 08:00 / Thu 10:55
Pool / Fri / 06:00 / Thu 17:20","Gym / Mon / 08:00
Nudge Sun / 18:45","Pool / Mon / 06:00
Booked Sun / 18:45",NO 2 of 4,2 of 4,NO,YES,NO,YES
R-254,"Tennis / Mon / 06:00 / Sun 09:50
Gym / Fri / 13:00 / Fri 04:00
Pool / Thu / 07:00 / Tue 04:40","Gym / Mon / 08:00
Nudge Sun / 19:20","Gym / Mon / 06:00
Booked Sun / 19:05",NO 3 of 4,3 of 4,YES,YES,NO,YES
R-130,"Tennis / Fri / 08:00 / Thu 09:55
Gym / Thu / 06:00 / Wed 22:10
Pool / Mon / 07:00 / Sat 00:00","Gym / Mon / 07:00
Nudge Sun / 20:00","Pool / Mon / 08:00
Booked Sun / 19:25",NO 2 of 4,2 of 4,NO,YES,NO,YES
R-314,"Badminton / Sat / 18:00 / Sat 07:30
Tennis / Fri / 18:00 / Thu 11:30
Badminton / Fri / 20:00 / Thu 15:45","Badminton / Mon / 20:00
Nudge Sun / 20:45","Badminton / Mon / 20:00
Booked Sun / 19:45",NO 3 of 4,3 of 4,YES,YES,YES,NO
R-434,"Tennis / Wed / 11:00 / Tue 13:40
Pool / Fri / 06:00 / Thu 18:50
Gym / Mon / 07:00 / Sun 03:00","Pool / Tue / 08:00
Nudge Mon / 18:00","Tennis / Tue / 08:00
Booked Sun / 20:05",NO 2 of 4,2 of 4,NO,YES,YES,NO
R-119,"Pool / Thu / 07:00 / Wed 10:10
Gym / Thu / 08:00 / Thu 01:55
Tennis / Fri / 06:00 / Thu 19:25","Gym / Mon / 08:00
Nudge Sun / 20:50","Gym / Mon / 07:00
Booked Sun / 20:10",NO 3 of 4,3 of 4,YES,YES,NO,YES
R-401,"Gym / Thu / 16:00 / Wed 13:45
Gym / Thu / 07:00 / Wed 18:15
Tennis / Fri / 08:00 / Thu 03:45","Gym / Mon / 08:00
Nudge Sun / 20:45","Gym / Mon / 13:00
Booked Sun / 20:10",NO 3 of 4,3 of 4,YES,YES,NO,YES
R-219,"Pool / Sat / 18:00 / Fri 04:45
Pool / Sat / 21:00 / Fri 17:35
Pool / Sat / 19:00 / Sat 03:55","Badminton / Mon / 18:00
Nudge Sun / 19:40","Badminton / Mon / 17:00
Booked Sun / 20:30",NO 3 of 4,3 of 4,YES,YES,NO,YES
R-366,"Gym / Fri / 09:00 / Thu 23:25
Pool / Tue / 06:00 / Sat 09:20
Gym / Mon / 07:00 / Sun 04:10","Gym / Tue / 08:00
Nudge Mon / 20:10","Gym / Mon / 08:00
Booked Sun / 20:40",NO 2 of 4,2 of 4,YES,NO,YES,NO
R-227,"Badminton / Mon / 18:00 / Sun 16:00
Pool / Tue / 19:00 / Tue 11:00
Pool / Sat / 21:00 / Fri 23:35","Badminton / Mon / 18:00
Nudge Sun / 20:35","Badminton / Mon / 18:00
Booked Sun / 20:45",YES 4 of 4,4 of 4,YES,YES,YES,YES
R-265,"Clubhouse / Thu / 17:00 / Mon 07:15
Pool / Thu / 09:00 / Wed 07:20
Badminton / Wed / 08:00 / Tue 14:20","Pool / Sun / 07:00
Nudge Sat / 20:15","Gym / Mon / 19:00
Booked Sun / 21:10",NO 0 of 4,0 of 4,NO,NO,NO,NO
R-448,"Gym / Tue / 18:00 / Tue 11:45
Pool / Fri / 16:00 / Thu 17:25
Badminton / Fri / 20:00 / Thu 20:40","Badminton / Mon / 20:00
Nudge Sun / 21:45","Badminton / Mon / 18:00
Booked Sun / 21:40",NO 3 of 4,3 of 4,YES,YES,NO,YES
R-432,"Pool / Tue / 07:00 / Tue 00:05
Pool / Thu / 08:00 / Tue 21:55
Gym / Fri / 08:00 / Thu 17:25","Gym / Mon / 08:00
Nudge Sun / 21:20","Gym / Mon / 06:00
Booked Sun / 21:40",NO 3 of 4,3 of 4,YES,YES,NO,YES
R-431,"Pool / Tue / 14:00 / Sun 22:40
Pool / Sat / 16:00 / Sat 02:30
Clubhouse / Sun / 17:00 / Sat 04:30","Pool / Sun / 18:00
Nudge Sat / 23:25","Clubhouse / Sat / 15:00
Booked Sun / 21:45",NO 0 of 4,0 of 4,NO,NO,NO,NO
R-437,"Pool / Tue / 21:00 / Tue 04:55
Gym / Wed / 21:00 / Wed 05:10
Pool / Sat / 18:00 / Fri 18:10","Gym / Mon / 18:00
Nudge Sun / 22:30","Badminton / Mon / 21:00
Booked Sun / 22:15",NO 2 of 4,2 of 4,NO,YES,NO,YES
R-150,"Pool / Mon / 06:00 / Fri 22:55
Gym / Fri / 06:00 / Thu 23:05
Pool / Mon / 07:00 / Sun 04:00","Gym / Mon / 07:00
Nudge Sun / 22:25","Gym / Tue / 06:00
Booked Sun / 22:20",NO 1 of 4,1 of 4,YES,NO,NO,NO
R-272,"Badminton / Fri / 22:00 / Wed 07:15
Badminton / Sat / 13:00 / Fri 12:55
Gym / Sat / 18:00 / Sat 09:50","Badminton / Mon / 20:00
Nudge Sun / 22:10","Gym / Mon / 18:00
Booked Sun / 22:20",NO 2 of 4,2 of 4,NO,YES,NO,YES
R-301,"Pool / Fri / 18:00 / Thu 06:35
Gym / Thu / 20:00 / Thu 14:20
Badminton / Tue / 21:00 / Sun 04:15","Gym / Mon / 18:00
Nudge Sun / 22:50","Gym / Mon / 19:00
Booked Sun / 22:25",NO 3 of 4,3 of 4,YES,YES,NO,YES
R-112,"Gym / Tue / 07:00 / Mon 11:00
Tennis / Fri / 08:00 / Thu 07:55
Gym / Thu / 07:00 / Wed 23:30","Gym / Mon / 07:00
Nudge Sun / 22:20","Pool / Mon / 08:00
Booked Sun / 22:50",NO 2 of 4,2 of 4,NO,YES,NO,YES
R-210,"Tennis / Wed / 12:00 / Tue 08:15
Gym / Wed / 07:00 / Wed 02:45
Clubhouse / Mon / 19:00 / Sat 22:35","Gym / Mon / 06:00
Nudge Sun / 22:10","Tennis / Mon / 08:00
Booked Sun / 22:55",NO 2 of 4,2 of 4,NO,YES,NO,YES
R-163,"Gym / Tue / 07:00 / Tue 01:05
Gym / Thu / 06:00 / Wed 23:00
Gym / Thu / 06:00 / Thu 00:05","Gym / Mon / 06:00
Nudge Sun / 22:30","Gym / Mon / 08:00
Booked Sun / 22:55",NO 3 of 4,3 of 4,YES,YES,NO,YES
R-370,"Tennis / Wed / 16:00 / Mon 20:00
Gym / Fri / 07:00 / Thu 09:05
Badminton / Mon / 08:00 / Sun 18:35","Gym / Mon / 08:00
Nudge Sun / 22:05","Gym / Tue / 07:00
Booked Sun / 23:15",NO 1 of 4,1 of 4,YES,NO,NO,NO
R-432,"Pool / Thu / 08:00 / Tue 21:55
Gym / Fri / 08:00 / Thu 17:25
Gym / Mon / 06:00 / Sun 21:40","Gym / Mon / 08:00
Nudge Sun / 23:15","Pool / Tue / 06:00
Booked Sun / 23:35",NO 0 of 4,0 of 4,NO,NO,NO,NO
R-263,"Tennis / Thu / 07:00 / Tue 19:20
Gym / Fri / 06:00 / Thu 21:40
Badminton / Tue / 07:00 / Sun 14:15","Gym / Mon / 07:00
Nudge Sun / 22:35","Gym / Mon / 06:00
Booked Sun / 23:35",NO 3 of 4,3 of 4,YES,YES,NO,YES
R-240,"Tennis / Thu / 07:00 / Tue 19:20
Pool / Thu / 06:00 / Wed 22:15
Tennis / Mon / 08:00 / Sun 12:35","Gym / Mon / 06:00
Nudge Sun / 22:55","Pool / Mon / 06:00
Booked Sun / 23:40",NO 3 of 4,3 of 4,NO,YES,YES,YES
R-103,"Clubhouse / Sat / 10:00 / Wed 11:15
Clubhouse / Sat / 11:00 / Mon 07:30
Pool / Sat / 06:00 / Wed 06:50","Clubhouse / Tue / 18:00
Nudge Mon / 20:30","Pool / Mon / 10:00
Booked Mon / 00:00",NO 0 of 4,0 of 4,NO,NO,NO,NO
R-438,"Gym / Tue / 08:00 / Mon 21:20
Gym / Mon / 07:00 / Mon 01:45
Pool / Tue / 08:00 / Mon 18:40","Gym / Mon / 06:00
Nudge Sun / 23:25","Pool / Mon / 08:00
Booked Mon / 00:00",NO 1 of 4,1 of 4,NO,YES,NO,NO
R-150,"Gym / Fri / 06:00 / Thu 23:05
Pool / Mon / 07:00 / Sun 04:00
Gym / Tue / 06:00 / Sun 22:20","Gym / Mon / 06:00
Nudge Sun / 23:35","Gym / Mon / 08:00
Booked Mon / 00:00",NO 2 of 4,2 of 4,YES,YES,NO,NO
R-359,"Gym / Thu / 21:00 / Thu 07:30
Gym / Fri / 15:00 / Fri 05:40
Badminton / Sun / 20:00 / Sun 05:45","Badminton / Tue / 20:00
Nudge Tue / 00:20","Badminton / Tue / 19:00
Booked Mon / 00:10",NO 2 of 4,2 of 4,YES,YES,NO,NO
R-170,"Gym / Fri / 06:00 / Thu 18:20
Gym / Sat / 08:00 / Fri 22:20
Gym / Mon / 13:00 / Sun 11:45","Gym / Mon / 08:00
Nudge Mon / 01:45","Gym / Mon / 06:00
Booked Mon / 00:25",NO 2 of 4,2 of 4,YES,YES,NO,NO
R-228,"Tennis / Fri / 19:00 / Wed 18:00
Badminton / Fri / 21:00 / Fri 08:30
Gym / Sat / 06:00 / Fri 10:10","Gym / Mon / 18:00
Nudge Mon / 01:05","Badminton / Mon / 20:00
Booked Mon / 00:35",NO 2 of 4,2 of 4,NO,YES,NO,YES
R-251,"Gym / Sat / 07:00 / Sat 01:55
Gym / Mon / 07:00 / Sun 15:00
Gym / Sun / 12:00 / Sun 03:20","Gym / Mon / 06:00
Nudge Sun / 23:25","Pool / Mon / 17:00
Booked Mon / 00:40",NO 1 of 4,1 of 4,NO,YES,NO,NO
R-159,"Tennis / Wed / 06:00 / Mon 23:40
Tennis / Wed / 08:00 / Tue 18:50
Tennis / Fri / 08:00 / Wed 01:25","Gym / Mon / 08:00
Nudge Mon / 00:40","Gym / Mon / 06:00
Booked Mon / 00:40",NO 3 of 4,3 of 4,YES,YES,NO,YES
R-174,"Gym / Fri / 08:00 / Fri 05:35
Gym / Mon / 08:00 / Sun 22:25
Gym / Thu / 06:00 / Thu 00:00","Gym / Tue / 08:00
Nudge Tue / 02:25","Pool / Mon / 08:00
Booked Mon / 01:40",NO 1 of 4,1 of 4,NO,NO,YES,NO
R-369,"Gym / Thu / 06:00 / Wed 23:45
Tennis / Sun / 07:00 / Sat 22:30
Pool / Wed / 08:00 / Tue 14:25","Gym / Mon / 08:00
Nudge Mon / 02:25","Tennis / Tue / 08:00
Booked Mon / 01:40",NO 1 of 4,1 of 4,NO,NO,YES,NO
R-329,"Gym / Wed / 06:00 / Mon 22:05
Gym / Wed / 08:00 / Tue 01:40
Gym / Fri / 13:00 / Fri 03:45","Gym / Mon / 08:00
Nudge Mon / 01:40","Gym / Tue / 06:00
Booked Mon / 02:05",NO 1 of 4,1 of 4,YES,NO,NO,NO
R-162,"Pool / Wed / 08:00 / Tue 11:30
Gym / Fri / 06:00 / Thu 21:10
Pool / Mon / 07:00 / Sat 04:55","Gym / Mon / 07:00
Nudge Mon / 02:55","Pool / Tue / 06:00
Booked Mon / 02:15",NO 0 of 4,0 of 4,NO,NO,NO,NO
R-373,"Tennis / Tue / 21:00 / Mon 17:15
Badminton / Tue / 21:00 / Tue 02:30
Badminton / Sat / 21:00 / Thu 20:15","Badminton / Tue / 20:00
Nudge Tue / 04:35","Tennis / Tue / 21:00
Booked Mon / 04:15",NO 1 of 4,1 of 4,NO,YES,NO,NO
R-286,"Badminton / Fri / 21:00 / Fri 02:15
Gym / Fri / 20:00 / Fri 13:10
Pool / Sat / 15:00 / Sat 00:45","Badminton / Tue / 20:00
Nudge Tue / 03:50","Badminton / Tue / 21:00
Booked Mon / 04:25",NO 2 of 4,2 of 4,YES,YES,NO,NO
R-324,"Gym / Thu / 20:00 / Thu 09:10
Pool / Fri / 17:00 / Thu 20:10
Tennis / Fri / 12:00 / Thu 02:40","Badminton / Tue / 21:00
Nudge Tue / 05:10","Badminton / Mon / 20:00
Booked Mon / 04:50",NO 1 of 4,1 of 4,YES,NO,NO,NO
R-361,"Gym / Sat / 08:00 / Fri 13:10
Gym / Tue / 08:00 / Tue 03:55
Gym / Tue / 12:00 / Tue 03:55","Gym / Tue / 08:00
Nudge Tue / 00:25","Pool / Wed / 08:00
Booked Mon / 05:10",NO 1 of 4,1 of 4,NO,NO,YES,NO
R-221,"Gym / Thu / 08:00 / Wed 11:25
Gym / Thu / 07:00 / Thu 01:55
Pool / Mon / 07:00 / Sun 21:15","Gym / Tue / 07:00
Nudge Mon / 19:50","Pool / Tue / 07:00
Booked Mon / 05:55",NO 2 of 4,2 of 4,NO,YES,YES,NO
R-200,"Clubhouse / Thu / 17:00 / Tue 17:55
Pool / Mon / 07:00 / Sun 17:20
Clubhouse / Tue / 12:00 / Mon 17:20","Gym / Mon / 19:00
Nudge Mon / 07:25","Pool / Mon / 17:00
Booked Mon / 06:00",NO 1 of 4,1 of 4,NO,YES,NO,NO
R-213,"Badminton / Mon / 19:00 / Sun 22:55
Tennis / Wed / 19:00 / Mon 17:30
Badminton / Thu / 20:00 / Wed 05:30","Badminton / Tue / 20:00
Nudge Tue / 04:15","Badminton / Wed / 20:00
Booked Mon / 06:30",NO 2 of 4,2 of 4,YES,NO,YES,NO
R-182,"Badminton / Tue / 20:00 / Mon 04:30
Pool / Thu / 10:00 / Wed 20:25
Gym / Sun / 20:00 / Sun 06:25","Gym / Tue / 19:00
Nudge Tue / 08:20","Gym / Mon / 19:00
Booked Mon / 07:15",NO 2 of 4,2 of 4,YES,NO,YES,NO
R-277,"Badminton / Sat / 21:00 / Thu 07:20
Badminton / Fri / 20:00 / Thu 23:25
Badminton / Sat / 20:00 / Fri 17:15","Badminton / Tue / 21:00
Nudge Tue / 05:35","Badminton / Tue / 19:00
Booked Mon / 07:40",NO 2 of 4,2 of 4,YES,YES,NO,NO
R-369,"Tennis / Sun / 07:00 / Sat 22:30
Pool / Wed / 08:00 / Tue 14:25
Tennis / Tue / 08:00 / Mon 01:40","Gym / Tue / 08:00
Nudge Mon / 12:10","Gym / Mon / 16:00
Booked Mon / 07:55",NO 1 of 4,1 of 4,YES,NO,NO,NO
R-277,"Badminton / Fri / 20:00 / Thu 23:25
Badminton / Sat / 20:00 / Fri 17:15
Badminton / Tue / 19:00 / Mon 07:40","Badminton / Tue / 18:00
Nudge Tue / 00:05","Badminton / Tue / 21:00
Booked Mon / 08:30",NO 2 of 4,2 of 4,YES,YES,NO,NO
R-366,"Pool / Tue / 06:00 / Sat 09:20
Gym / Mon / 07:00 / Sun 04:10
Gym / Mon / 08:00 / Sun 20:40","Gym / Tue / 08:00
Nudge Mon / 10:00","Gym / Wed / 08:00
Booked Mon / 08:45",NO 2 of 4,2 of 4,YES,NO,YES,NO
R-221,"Gym / Thu / 07:00 / Thu 01:55
Pool / Mon / 07:00 / Sun 21:15
Pool / Tue / 07:00 / Mon 05:55","Gym / Tue / 08:00
Nudge Mon / 12:30","Gym / Mon / 12:00
Booked Mon / 08:50",NO 1 of 4,1 of 4,YES,NO,NO,NO
R-155,"Gym / Thu / 06:00 / Wed 02:55
Gym / Fri / 06:00 / Thu 19:30
Gym / Mon / 10:00 / Sun 06:40","Gym / Tue / 07:00
Nudge Mon / 08:45","Tennis / Tue / 08:00
Booked Mon / 08:50",NO 2 of 4,2 of 4,NO,YES,NO,YES
R-381,"Pool / Wed / 08:00 / Tue 09:25
Gym / Sat / 17:00 / Sat 09:00
Tennis / Tue / 18:00 / Sun 10:45","Gym / Tue / 19:00
Nudge Tue / 10:30","Tennis / Fri / 08:00
Booked Mon / 10:10",NO 0 of 4,0 of 4,NO,NO,NO,NO
R-132,"Pool / Sun / 11:00 / Sat 17:05
Pool / Sun / 16:00 / Sun 00:20
Clubhouse / Sun / 11:00 / Sun 13:30","Clubhouse / Sun / 18:00
Nudge Sat / 18:20","Pool / Tue / 11:00
Booked Mon / 10:30",NO 0 of 4,0 of 4,NO,NO,NO,NO
R-151,"Badminton / Thu / 19:00 / Thu 06:05
Badminton / Sat / 20:00 / Fri 12:05
Pool / Mon / 21:00 / Sun 03:10","Gym / Mon / 20:00
Nudge Mon / 11:15","Badminton / Mon / 20:00
Booked Mon / 10:50",NO 3 of 4,3 of 4,NO,YES,YES,YES
R-300,"Pool / Tue / 18:00 / Mon 11:30
Badminton / Sat / 15:00 / Fri 06:25
Pool / Sat / 16:00 / Fri 20:10","Clubhouse / Tue / 14:00
Nudge Mon / 13:00","Clubhouse / Sun / 11:00
Booked Mon / 11:15",NO 1 of 4,1 of 4,YES,NO,NO,NO
R-423,"Pool / Thu / 08:00 / Wed 03:35
Tennis / Tue / 09:00 / Thu 09:05
Gym / Fri / 07:00 / Thu 21:40","Gym / Tue / 07:00
Nudge Mon / 11:50","Pool / Tue / 12:00
Booked Mon / 11:20",NO 2 of 4,2 of 4,NO,YES,NO,YES
R-146,"Badminton / Tue / 22:00 / Tue 13:00
Pool / Sat / 21:00 / Sat 12:25
Badminton / Sun / 18:00 / Sat 20:05","Gym / Mon / 20:00
Nudge Mon / 11:05","Gym / Mon / 20:00
Booked Mon / 11:30",YES 4 of 4,4 of 4,YES,YES,YES,YES
R-174,"Gym / Mon / 08:00 / Sun 22:25
Gym / Thu / 06:00 / Thu 00:00
Pool / Mon / 08:00 / Mon 01:40","Gym / Tue / 08:00
Nudge Mon / 13:05","Gym / Tue / 06:00
Booked Mon / 11:35",NO 2 of 4,2 of 4,YES,YES,NO,NO
R-253,"Tennis / Wed / 06:00 / Mon 12:05
Gym / Thu / 07:00 / Wed 08:45
Gym / Mon / 06:00 / Sat 20:50","Gym / Tue / 08:00
Nudge Mon / 12:35","Tennis / Wed / 07:00
Booked Mon / 11:35",NO 0 of 4,0 of 4,NO,NO,NO,NO
R-150,"Pool / Mon / 07:00 / Sun 04:00
Gym / Tue / 06:00 / Sun 22:20
Gym / Mon / 08:00 / Mon 00:00","Gym / Tue / 08:00
Nudge Mon / 12:00","Gym / Tue / 07:00
Booked Mon / 11:40",NO 3 of 4,3 of 4,YES,YES,NO,YES
R-402,"Gym / Wed / 07:00 / Tue 18:55
Gym / Fri / 08:00 / Thu 20:05
Tennis / Sun / 12:00 / Fri 12:40","Gym / Tue / 19:00
Nudge Tue / 11:40","Pool / Tue / 08:00
Booked Mon / 11:40",NO 1 of 4,1 of 4,NO,YES,NO,NO
R-146,"Pool / Sat / 21:00 / Sat 12:25
Badminton / Sun / 18:00 / Sat 20:05
Gym / Mon / 20:00 / Mon 11:30","Gym / Mon / 20:00
Nudge Mon / 12:50","Badminton / Mon / 21:00
Booked Mon / 12:25",NO 2 of 4,2 of 4,NO,YES,NO,YES
R-162,"Gym / Fri / 06:00 / Thu 21:10
Pool / Mon / 07:00 / Sat 04:55
Pool / Tue / 06:00 / Mon 02:15","Gym / Tue / 08:00
Nudge Mon / 14:00","Tennis / Wed / 07:00
Booked Mon / 13:45",NO 0 of 4,0 of 4,NO,NO,NO,NO
R-446,"Tennis / Wed / 07:00 / Tue 13:35
Tennis / Fri / 06:00 / Thu 21:30
Gym / Sun / 06:00 / Sun 02:55","Gym / Tue / 06:00
Nudge Mon / 14:25","Gym / Tue / 06:00
Booked Mon / 14:00",YES 4 of 4,4 of 4,YES,YES,YES,YES
R-436,"Clubhouse / Thu / 18:00 / Wed 00:20
Clubhouse / Sun / 16:00 / Fri 10:50
Pool / Sun / 15:00 / Sun 09:10","Clubhouse / Sat / 14:00
Nudge Fri / 09:30","Clubhouse / Sat / 11:00
Booked Mon / 14:15",NO 2 of 4,2 of 4,YES,YES,NO,NO
R-391,"Gym / Thu / 21:00 / Thu 04:45
Tennis / Fri / 08:00 / Thu 09:35
Gym / Mon / 08:00 / Sat 22:50","Gym / Tue / 06:00
Nudge Mon / 14:25","Gym / Tue / 06:00
Booked Mon / 14:45",YES 4 of 4,4 of 4,YES,YES,YES,YES
R-128,"Tennis / Thu / 18:00 / Wed 11:40
Badminton / Mon / 17:00 / Mon 06:25
Badminton / Tue / 21:00 / Tue 10:40","Gym / Tue / 21:00
Nudge Tue / 15:20","Badminton / Tue / 18:00
Booked Mon / 15:15",NO 1 of 4,1 of 4,NO,YES,NO,NO
R-146,"Badminton / Sun / 18:00 / Sat 20:05
Gym / Mon / 20:00 / Mon 11:30
Badminton / Mon / 21:00 / Mon 12:25","Badminton / Tue / 18:00
Nudge Mon / 19:25","Gym / Mon / 19:00
Booked Mon / 15:15",NO 0 of 4,0 of 4,NO,NO,NO,NO
R-423,"Tennis / Tue / 09:00 / Thu 09:05
Gym / Fri / 07:00 / Thu 21:40
Pool / Tue / 12:00 / Mon 11:20","Gym / Tue / 08:00
Nudge Mon / 15:10","Tennis / Wed / 07:00
Booked Mon / 15:15",NO 0 of 4,0 of 4,NO,NO,NO,NO
R-447,"Pool / Sat / 18:00 / Sat 15:05
Badminton / Sun / 19:00 / Sun 02:35
Badminton / Sat / 20:00 / Fri 22:50","Badminton / Tue / 20:00
Nudge Tue / 00:05","Badminton / Tue / 10:00
Booked Mon / 16:05",NO 2 of 4,2 of 4,YES,YES,NO,NO
R-448,"Pool / Fri / 16:00 / Thu 17:25
Badminton / Fri / 20:00 / Thu 20:40
Badminton / Mon / 18:00 / Sun 21:40","Badminton / Tue / 20:00
Nudge Tue / 00:05","Tennis / Tue / 20:00
Booked Mon / 16:20",NO 2 of 4,2 of 4,NO,YES,YES,NO
R-430,"Gym / Sat / 18:00 / Fri 20:25
Pool / Sat / 21:00 / Sat 14:20
Gym / Sun / 19:00 / Sun 11:50","Gym / Tue / 18:00
Nudge Tue / 04:25","Pool / Tue / 20:00
Booked Mon / 16:20",NO 1 of 4,1 of 4,NO,YES,NO,NO
R-116,"Gym / Wed / 13:00 / Wed 00:50
Gym / Fri / 07:00 / Thu 15:30
Pool / Tue / 07:00 / Tue 00:15","Gym / Tue / 08:00
Nudge Mon / 17:45","Gym / Mon / 22:00
Booked Mon / 17:05",NO 2 of 4,2 of 4,YES,NO,NO,YES
R-257,"Badminton / Tue / 20:00 / Mon 05:20
Gym / Wed / 21:00 / Wed 01:00
Pool / Wed / 11:00 / Tue 23:40","Badminton / Tue / 18:00
Nudge Mon / 18:05","Badminton / Tue / 19:00
Booked Mon / 17:15",NO 3 of 4,3 of 4,YES,YES,NO,YES
R-261,"Tennis / Sat / 18:00 / Fri 13:50
Gym / Tue / 16:00 / Tue 12:40
Badminton / Fri / 09:00 / Wed 18:25","Badminton / Tue / 19:00
Nudge Mon / 18:25","Badminton / Wed / 18:00
Booked Mon / 17:50",NO 1 of 4,1 of 4,YES,NO,NO,NO
R-271,"Tennis / Wed / 06:00 / Mon 10:35
Gym / Tue / 08:00 / Mon 20:40
Pool / Fri / 07:00 / Thu 17:00","Gym / Tue / 08:00
Nudge Mon / 17:50","Gym / Tue / 06:00
Booked Mon / 17:55",NO 3 of 4,3 of 4,YES,YES,NO,YES
R-155,"Gym / Fri / 06:00 / Thu 19:30
Gym / Mon / 10:00 / Sun 06:40
Tennis / Tue / 08:00 / Mon 08:50","Gym / Tue / 08:00
Nudge Mon / 18:20","Gym / Wed / 06:00
Booked Mon / 18:50",NO 1 of 4,1 of 4,YES,NO,NO,NO
R-110,"Pool / Mon / 21:00 / Mon 03:45
Gym / Thu / 19:00 / Thu 05:15
Pool / Fri / 19:00 / Fri 10:30","Gym / Tue / 08:00
Nudge Mon / 18:15","Tennis / Tue / 19:00
Booked Mon / 18:50",NO 2 of 4,2 of 4,NO,YES,NO,YES
R-246,"Gym / Fri / 08:00 / Thu 23:25
Gym / Thu / 08:00 / Wed 10:30
Pool / Fri / 08:00 / Thu 19:35","Gym / Tue / 08:00
Nudge Mon / 19:55","Pool / Tue / 07:00
Booked Mon / 19:00",NO 2 of 4,2 of 4,NO,YES,NO,YES
R-222,"Gym / Sun / 18:00 / Sun 01:25
Gym / Wed / 19:00 / Wed 10:50
Tennis / Thu / 18:00 / Wed 11:45","Gym / Tue / 20:00
Nudge Mon / 23:15","Pool / Tue / 20:00
Booked Mon / 19:10",NO 2 of 4,2 of 4,NO,YES,YES,NO
R-279,"Pool / Wed / 19:00 / Wed 05:00
Gym / Thu / 19:00 / Wed 21:05
Gym / Mon / 06:00 / Sat 14:00","Gym / Tue / 08:00
Nudge Mon / 18:40","Gym / Tue / 19:00
Booked Mon / 19:35",NO 3 of 4,3 of 4,YES,YES,NO,YES
R-271,"Gym / Tue / 08:00 / Mon 20:40
Pool / Fri / 07:00 / Thu 17:00
Gym / Tue / 06:00 / Mon 17:55","Gym / Tue / 08:00
Nudge Mon / 19:45","Tennis / Wed / 06:00
Booked Mon / 19:55",NO 0 of 4,0 of 4,NO,NO,NO,NO
R-171,"Gym / Mon / 06:00 / Sun 07:55
Gym / Thu / 19:00 / Wed 15:10
Pool / Fri / 06:00 / Thu 01:05","Gym / Tue / 08:00
Nudge Mon / 20:15","Pool / Tue / 19:00
Booked Mon / 20:00",NO 2 of 4,2 of 4,NO,YES,NO,YES
R-430,"Pool / Sat / 21:00 / Sat 14:20
Gym / Sun / 19:00 / Sun 11:50
Pool / Tue / 20:00 / Mon 16:20","Gym / Tue / 18:00
Nudge Mon / 21:55","Badminton / Tue / 19:00
Booked Mon / 20:20",NO 1 of 4,1 of 4,NO,YES,NO,NO
R-383,"Badminton / Sun / 20:00 / Sat 21:20
Badminton / Thu / 20:00 / Thu 01:20
Gym / Sat / 18:00 / Sat 11:45","Badminton / Tue / 20:00
Nudge Mon / 21:35","Gym / Tue / 21:00
Booked Mon / 20:50",NO 2 of 4,2 of 4,NO,YES,NO,YES
R-228,"Badminton / Fri / 21:00 / Fri 08:30
Gym / Sat / 06:00 / Fri 10:10
Badminton / Mon / 20:00 / Mon 00:35","Badminton / Tue / 18:00
Nudge Mon / 21:25","Badminton / Tue / 18:00
Booked Mon / 21:05",YES 4 of 4,4 of 4,YES,YES,YES,YES
R-272,"Badminton / Sat / 13:00 / Fri 12:55
Gym / Sat / 18:00 / Sat 09:50
Gym / Mon / 18:00 / Sun 22:20","Badminton / Tue / 18:00
Nudge Mon / 21:25","Gym / Tue / 20:00
Booked Mon / 21:20",NO 2 of 4,2 of 4,NO,YES,NO,YES
R-279,"Gym / Thu / 19:00 / Wed 21:05
Gym / Mon / 06:00 / Sat 14:00
Gym / Tue / 19:00 / Mon 19:35","Gym / Wed / 08:00
Nudge Tue / 21:15","Tennis / Wed / 19:00
Booked Mon / 21:30",NO 1 of 4,1 of 4,NO,YES,NO,NO
R-125,"Pool / Fri / 07:00 / Thu 03:20
Gym / Thu / 08:00 / Thu 04:05
Gym / Wed / 07:00 / Tue 20:55","Gym / Tue / 08:00
Nudge Mon / 22:40","Pool / Tue / 20:00
Booked Mon / 22:05",NO 2 of 4,2 of 4,NO,YES,NO,YES
R-118,"Gym / Mon / 08:00 / Mon 02:30
Gym / Wed / 07:00 / Tue 21:15
Gym / Fri / 19:00 / Fri 08:25","Gym / Tue / 06:00
Nudge Mon / 22:55","Pool / Tue / 06:00
Booked Mon / 22:15",NO 3 of 4,3 of 4,NO,YES,YES,YES
R-339,"Gym / Sun / 06:00 / Sat 11:05
Clubhouse / Tue / 21:00 / Mon 15:05
Tennis / Fri / 06:00 / Tue 13:40","Gym / Tue / 08:00
Nudge Mon / 22:30","Tennis / Fri / 06:00
Booked Mon / 22:30",NO 0 of 4,0 of 4,NO,NO,NO,NO
R-423,"Gym / Fri / 07:00 / Thu 21:40
Pool / Tue / 12:00 / Mon 11:20
Tennis / Wed / 07:00 / Mon 15:15","Gym / Tue / 08:00
Nudge Mon / 22:20","Gym / Tue / 08:00
Booked Mon / 22:30",YES 4 of 4,4 of 4,YES,YES,YES,YES
R-353,"Gym / Fri / 19:00 / Fri 06:30
Gym / Sat / 21:00 / Sat 14:05
Pool / Tue / 19:00 / Sun 15:00","Badminton / Tue / 20:00
Nudge Mon / 21:15","Tennis / Thu / 19:00
Booked Mon / 22:40",NO 0 of 4,0 of 4,NO,NO,NO,NO
R-281,"Gym / Wed / 09:00 / Tue 17:10
Badminton / Wed / 18:00 / Tue 23:00
Gym / Sat / 20:00 / Sat 04:20","Badminton / Tue / 20:00
Nudge Mon / 22:35","Tennis / Tue / 19:00
Booked Mon / 22:40",NO 2 of 4,2 of 4,NO,YES,NO,YES
R-225,"Tennis / Thu / 06:00 / Tue 14:40
Pool / Fri / 07:00 / Fri 03:45
Tennis / Wed / 08:00 / Fri 08:15","Gym / Tue / 06:00
Nudge Mon / 21:55","Gym / Tue / 19:00
Booked Mon / 22:55",NO 3 of 4,3 of 4,YES,YES,NO,YES
R-167,"Badminton / Tue / 08:00 / Mon 04:45
Tennis / Thu / 06:00 / Tue 10:55
Tennis / Wed / 06:00 / Tue 11:20","Gym / Tue / 08:00
Nudge Mon / 23:15","Gym / Tue / 08:00
Booked Mon / 23:05",YES 4 of 4,4 of 4,YES,YES,YES,YES
R-334,"Tennis / Sun / 12:00 / Thu 20:00
Gym / Wed / 21:00 / Mon 21:00
Gym / Sat / 19:00 / Fri 17:15","Gym / Tue / 18:00
Nudge Mon / 23:05","Gym / Tue / 19:00
Booked Mon / 23:35",NO 3 of 4,3 of 4,YES,YES,NO,YES
R-225,"Pool / Fri / 07:00 / Fri 03:45
Tennis / Wed / 08:00 / Fri 08:15
Gym / Tue / 19:00 / Mon 22:55","Gym / Tue / 06:00
Nudge Mon / 22:25","Tennis / Wed / 13:00
Booked Mon / 23:50",NO 0 of 4,0 of 4,NO,NO,NO,NO
R-119,"Gym / Thu / 08:00 / Thu 01:55
Tennis / Fri / 06:00 / Thu 19:25
Gym / Mon / 07:00 / Sun 20:10","Gym / Tue / 06:00
Nudge Tue / 00:50","Tennis / Tue / 08:00
Booked Tue / 00:15",NO 2 of 4,2 of 4,NO,YES,NO,YES
R-424,"Gym / Fri / 08:00 / Thu 06:15
Pool / Mon / 06:00 / Sun 23:30
Tennis / Thu / 07:00 / Wed 22:30","Gym / Tue / 08:00
Nudge Tue / 01:55","Gym / Tue / 07:00
Booked Tue / 00:20",NO 2 of 4,2 of 4,YES,YES,NO,NO
R-107,"Badminton / Sun / 20:00 / Thu 21:10
Badminton / Fri / 18:00 / Fri 02:05
Gym / Fri / 20:00 / Fri 09:15","Gym / Tue / 20:00
Nudge Tue / 02:10","Badminton / Wed / 18:00
Booked Tue / 00:40",NO 0 of 4,0 of 4,NO,NO,NO,NO
R-154,"Pool / Tue / 19:00 / Mon 11:35
Badminton / Fri / 19:00 / Fri 11:05
Badminton / Fri / 18:00 / Fri 02:45","Gym / Tue / 18:00
Nudge Tue / 01:35","Pool / Wed / 19:00
Booked Tue / 01:00",NO 0 of 4,0 of 4,NO,NO,NO,NO
R-114,"Tennis / Thu / 08:00 / Wed 13:40
Tennis / Mon / 07:00 / Sun 16:30
Gym / Wed / 08:00 / Tue 19:45","Gym / Tue / 08:00
Nudge Tue / 02:35","Tennis / Wed / 08:00
Booked Tue / 01:05",NO 1 of 4,1 of 4,NO,NO,YES,NO
R-139,"Pool / Wed / 19:00 / Tue 21:25
Tennis / Fri / 19:00 / Wed 06:25
Pool / Fri / 08:00 / Thu 23:30","Gym / Tue / 18:00
Nudge Tue / 01:55","Pool / Tue / 19:00
Booked Tue / 01:05",NO 2 of 4,2 of 4,NO,YES,NO,YES
R-335,"Badminton / Mon / 20:00 / Sun 23:40
Gym / Wed / 21:00 / Wed 15:25
Badminton / Sat / 18:00 / Fri 16:50","Badminton / Tue / 18:00
Nudge Tue / 00:45","Badminton / Wed / 19:00
Booked Tue / 01:30",NO 1 of 4,1 of 4,YES,NO,NO,NO
R-112,"Tennis / Fri / 08:00 / Thu 07:55
Gym / Thu / 07:00 / Wed 23:30
Pool / Mon / 08:00 / Sun 22:50","Gym / Tue / 07:00
Nudge Tue / 00:30","Tennis / Fri / 06:00
Booked Tue / 01:50",NO 0 of 4,0 of 4,NO,NO,NO,NO
R-143,"Gym / Sat / 18:00 / Thu 21:00
Badminton / Tue / 20:00 / Mon 06:30
Gym / Wed / 21:00 / Tue 23:40","Gym / Tue / 19:00
Nudge Tue / 02:40","Badminton / Tue / 18:00
Booked Tue / 02:25",NO 2 of 4,2 of 4,NO,YES,NO,YES
R-404,"Gym / Fri / 21:00 / Fri 00:40
Gym / Fri / 19:00 / Fri 10:05
Tennis / Mon / 19:00 / Sun 04:50","Gym / Tue / 18:00
Nudge Tue / 01:55","Badminton / Wed / 19:00
Booked Tue / 02:40",NO 0 of 4,0 of 4,NO,NO,NO,NO
R-265,"Pool / Thu / 09:00 / Wed 07:20
Badminton / Wed / 08:00 / Tue 14:20
Gym / Mon / 19:00 / Sun 21:10","Gym / Tue / 08:00
Nudge Tue / 01:05","Gym / Tue / 18:00
Booked Tue / 02:45",NO 2 of 4,2 of 4,YES,YES,NO,NO
R-247,"Badminton / Sat / 21:00 / Sat 17:35
Gym / Thu / 18:00 / Wed 19:30
Badminton / Wed / 21:00 / Wed 05:35","Gym / Tue / 20:00
Nudge Tue / 02:30","Badminton / Tue / 20:00
Booked Tue / 02:50",NO 3 of 4,3 of 4,NO,YES,YES,YES
R-257,"Gym / Wed / 21:00 / Wed 01:00
Pool / Wed / 11:00 / Tue 23:40
Badminton / Tue / 19:00 / Mon 17:15","Gym / Tue / 21:00
Nudge Tue / 04:10","Gym / Tue / 20:00
Booked Tue / 03:15",NO 3 of 4,3 of 4,YES,YES,NO,YES
R-145,"Gym / Fri / 07:00 / Thu 22:25
Gym / Sat / 06:00 / Sat 02:50
Gym / Sun / 06:00 / Sat 07:05","Gym / Tue / 08:00
Nudge Tue / 03:55","Gym / Wed / 07:00
Booked Tue / 03:20",NO 1 of 4,1 of 4,YES,NO,NO,NO
R-391,"Tennis / Fri / 08:00 / Thu 09:35
Gym / Mon / 08:00 / Sat 22:50
Gym / Tue / 06:00 / Mon 14:45","Gym / Tue / 08:00
Nudge Tue / 03:50","Tennis / Wed / 06:00
Booked Tue / 04:00",NO 0 of 4,0 of 4,NO,NO,NO,NO
R-443,"Gym / Wed / 20:00 / Wed 13:05
Gym / Fri / 09:00 / Wed 20:00
Gym / Sat / 21:00 / Sat 11:30","Badminton / Tue / 20:00
Nudge Tue / 04:30","Gym / Tue / 18:00
Booked Tue / 04:15",NO 2 of 4,2 of 4,NO,YES,NO,YES
R-130,"Gym / Thu / 06:00 / Wed 22:10
Pool / Mon / 07:00 / Sat 00:00
Pool / Mon / 08:00 / Sun 19:25","Gym / Tue / 07:00
Nudge Mon / 20:00","Gym / Wed / 08:00
Booked Tue / 04:20",NO 1 of 4,1 of 4,YES,NO,NO,NO
R-279,"Gym / Mon / 06:00 / Sat 14:00
Gym / Tue / 19:00 / Mon 19:35
Tennis / Wed / 19:00 / Mon 21:30","Gym / Wed / 08:00
Nudge Tue / 23:45","Gym / Wed / 06:00
Booked Tue / 04:35",NO 2 of 4,2 of 4,YES,YES,NO,NO
R-428,"Gym / Wed / 17:00 / Wed 11:30
Gym / Fri / 07:00 / Fri 01:55
Pool / Sat / 07:00 / Fri 13:40","Gym / Wed / 08:00
Nudge Wed / 01:25","Pool / Wed / 08:00
Booked Tue / 05:00",NO 2 of 4,2 of 4,NO,YES,YES,NO
R-443,"Gym / Fri / 09:00 / Wed 20:00
Gym / Sat / 21:00 / Sat 11:30
Gym / Tue / 18:00 / Tue 04:15","Badminton / Tue / 18:00
Nudge Tue / 05:20","Gym / Tue / 20:00
Booked Tue / 06:00",NO 2 of 4,2 of 4,NO,YES,NO,YES
R-361,"Gym / Tue / 08:00 / Tue 03:55
Gym / Tue / 12:00 / Tue 03:55
Pool / Wed / 08:00 / Mon 05:10","Gym / Wed / 08:00
Nudge Tue / 11:50","Pool / Tue / 15:00
Booked Tue / 06:15",NO 0 of 4,0 of 4,NO,NO,NO,NO
R-272,"Gym / Sat / 18:00 / Sat 09:50
Gym / Mon / 18:00 / Sun 22:20
Gym / Tue / 20:00 / Mon 21:20","Badminton / Tue / 18:00
Nudge Tue / 06:00","Badminton / Tue / 18:00
Booked Tue / 06:45",YES 4 of 4,4 of 4,YES,YES,YES,YES
R-313,"Gym / Fri / 20:00 / Wed 23:10
Gym / Mon / 21:00 / Mon 06:55
Gym / Fri / 18:00 / Thu 00:20","Badminton / Tue / 21:00
Nudge Tue / 06:55","Badminton / Tue / 21:00
Booked Tue / 06:55",YES 4 of 4,4 of 4,YES,YES,YES,YES
R-279,"Gym / Tue / 19:00 / Mon 19:35
Tennis / Wed / 19:00 / Mon 21:30
Gym / Wed / 06:00 / Tue 04:35","Gym / Wed / 08:00
Nudge Tue / 10:50","Pool / Fri / 07:00
Booked Tue / 07:30",NO 0 of 4,0 of 4,NO,NO,NO,NO
R-144,"Tennis / Thu / 08:00 / Wed 21:20
Tennis / Fri / 07:00 / Thu 03:45
Gym / Mon / 07:00 / Sun 13:40","Gym / Wed / 08:00
Nudge Tue / 12:40","Pool / Wed / 08:00
Booked Tue / 08:05",NO 2 of 4,2 of 4,NO,YES,YES,NO
R-434,"Pool / Fri / 06:00 / Thu 18:50
Gym / Mon / 07:00 / Sun 03:00
Tennis / Tue / 08:00 / Sun 20:05","Pool / Wed / 08:00
Nudge Tue / 12:15","Tennis / Thu / 08:00
Booked Tue / 08:05",NO 1 of 4,1 of 4,NO,NO,YES,NO
R-306,"Gym / Thu / 19:00 / Thu 06:30
Gym / Sun / 14:00 / Sat 23:00
Tennis / Mon / 19:00 / Sun 06:55","Gym / Wed / 08:00
Nudge Tue / 12:30","Pool / Wed / 19:00
Booked Tue / 08:15",NO 1 of 4,1 of 4,NO,YES,NO,NO
R-106,"Gym / Fri / 08:00 / Thu 17:20
Pool / Thu / 17:00 / Thu 07:35
Pool / Fri / 19:00 / Fri 07:55","Gym / Tue / 18:00
Nudge Tue / 08:40","Pool / Wed / 08:00
Booked Tue / 08:15",NO 0 of 4,0 of 4,NO,NO,NO,NO
R-117,"Gym / Wed / 06:00 / Tue 18:30
Gym / Thu / 22:00 / Wed 22:50
Pool / Mon / 08:00 / Sun 10:55","Gym / Tue / 08:00
Nudge Mon / 12:30","Gym / Wed / 07:00
Booked Tue / 08:40",NO 1 of 4,1 of 4,YES,NO,NO,NO
R-169,"Pool / Wed / 20:00 / Wed 13:40
Badminton / Tue / 18:00 / Mon 07:20
Badminton / Sat / 18:00 / Sat 03:50","Gym / Tue / 20:00
Nudge Tue / 08:50","Clubhouse / Tue / 20:00
Booked Tue / 08:50",NO 3 of 4,3 of 4,NO,YES,YES,YES
R-437,"Gym / Wed / 21:00 / Wed 05:10
Pool / Sat / 18:00 / Fri 18:10
Badminton / Mon / 21:00 / Sun 22:15","Badminton / Wed / 18:00
Nudge Wed / 03:30","Gym / Tue / 19:00
Booked Tue / 08:55",NO 0 of 4,0 of 4,NO,NO,NO,NO
R-162,"Pool / Mon / 07:00 / Sat 04:55
Pool / Tue / 06:00 / Mon 02:15
Tennis / Wed / 07:00 / Mon 13:45","Gym / Wed / 08:00
Nudge Tue / 12:35","Gym / Wed / 06:00
Booked Tue / 09:35",NO 2 of 4,2 of 4,YES,YES,NO,NO
R-119,"Tennis / Fri / 06:00 / Thu 19:25
Gym / Mon / 07:00 / Sun 20:10
Tennis / Tue / 08:00 / Tue 00:15","Tennis / Wed / 08:00
Nudge Tue / 11:00","Gym / Wed / 06:00
Booked Tue / 09:45",NO 1 of 4,1 of 4,NO,YES,NO,NO
R-353,"Gym / Sat / 21:00 / Sat 14:05
Pool / Tue / 19:00 / Sun 15:00
Tennis / Thu / 19:00 / Mon 22:40","Badminton / Wed / 20:00
Nudge Wed / 04:20","Badminton / Wed / 21:00
Booked Tue / 09:50",NO 2 of 4,2 of 4,YES,YES,NO,NO
R-194,"Tennis / Tue / 07:00 / Mon 13:05
Gym / Sat / 18:00 / Sat 04:15
Pool / Sun / 17:00 / Sun 06:50","Gym / Wed / 19:00
Nudge Wed / 10:20","Pool / Wed / 17:00
Booked Tue / 10:25",NO 1 of 4,1 of 4,NO,YES,NO,NO
R-299,"Tennis / Fri / 20:00 / Thu 23:40
Tennis / Tue / 08:00 / Mon 18:30
Tennis / Tue / 06:00 / Sat 13:40","Gym / Wed / 08:00
Nudge Tue / 12:00","Gym / Tue / 16:00
Booked Tue / 11:00",NO 1 of 4,1 of 4,YES,NO,NO,NO
R-149,"Pool / Sat / 18:00 / Sat 09:50
Badminton / Sun / 21:00 / Sat 21:35
Badminton / Sat / 21:00 / Sat 07:20","Gym / Tue / 18:00
Nudge Tue / 11:50","Tennis / Tue / 19:00
Booked Tue / 11:40",NO 2 of 4,2 of 4,NO,YES,NO,YES
R-361,"Gym / Tue / 12:00 / Tue 03:55
Pool / Wed / 08:00 / Mon 05:10
Pool / Tue / 15:00 / Tue 06:15","Gym / Wed / 06:00
Nudge Tue / 13:15","Gym / Wed / 09:00
Booked Tue / 12:00",NO 2 of 4,2 of 4,YES,YES,NO,NO
R-177,"Gym / Mon / 08:00 / Sun 22:05
Clubhouse / Thu / 18:00 / Tue 18:10
Gym / Fri / 19:00 / Fri 15:10","Gym / Tue / 18:00
Nudge Tue / 12:55","Pool / Wed / 12:00
Booked Tue / 12:10",NO 0 of 4,0 of 4,NO,NO,NO,NO
R-401,"Gym / Thu / 07:00 / Wed 18:15
Tennis / Fri / 08:00 / Thu 03:45
Gym / Mon / 13:00 / Sun 20:10","Gym / Wed / 08:00
Nudge Tue / 12:50","Gym / Wed / 06:00
Booked Tue / 12:25",NO 3 of 4,3 of 4,YES,YES,NO,YES
R-329,"Gym / Wed / 08:00 / Tue 01:40
Gym / Fri / 13:00 / Fri 03:45
Gym / Tue / 06:00 / Mon 02:05","Gym / Wed / 07:00
Nudge Tue / 12:05","Gym / Wed / 08:00
Booked Tue / 12:30",NO 3 of 4,3 of 4,YES,YES,NO,YES
R-256,"Tennis / Mon / 14:00 / Sat 11:05
Gym / Thu / 08:00 / Tue 20:15
Tennis / Wed / 08:00 / Fri 08:05","Gym / Wed / 07:00
Nudge Tue / 12:45","Gym / Wed / 06:00
Booked Tue / 12:30",NO 3 of 4,3 of 4,YES,YES,NO,YES
R-144,"Tennis / Fri / 07:00 / Thu 03:45
Gym / Mon / 07:00 / Sun 13:40
Pool / Wed / 08:00 / Tue 08:05","Gym / Wed / 07:00
Nudge Tue / 12:40","Gym / Wed / 06:00
Booked Tue / 12:45",NO 3 of 4,3 of 4,YES,YES,NO,YES
R-253,"Gym / Thu / 07:00 / Wed 08:45
Gym / Mon / 06:00 / Sat 20:50
Tennis / Wed / 07:00 / Mon 11:35","Gym / Wed / 08:00
Nudge Tue / 13:50","Tennis / Wed / 06:00
Booked Tue / 13:10",NO 2 of 4,2 of 4,NO,YES,NO,YES
R-210,"Gym / Wed / 07:00 / Wed 02:45
Clubhouse / Mon / 19:00 / Sat 22:35
Tennis / Mon / 08:00 / Sun 22:55","Gym / Wed / 06:00
Nudge Tue / 14:00","Gym / Tue / 19:00
Booked Tue / 13:45",NO 2 of 4,2 of 4,YES,NO,NO,YES
R-438,"Gym / Mon / 07:00 / Mon 01:45
Pool / Tue / 08:00 / Mon 18:40
Pool / Mon / 08:00 / Mon 00:00","Gym / Wed / 08:00
Nudge Tue / 13:40","Tennis / Wed / 07:00
Booked Tue / 13:55",NO 2 of 4,2 of 4,NO,YES,NO,YES
R-448,"Badminton / Fri / 20:00 / Thu 20:40
Badminton / Mon / 18:00 / Sun 21:40
Tennis / Tue / 20:00 / Mon 16:20","Gym / Tue / 21:00
Nudge Tue / 15:55","Gym / Wed / 19:00
Booked Tue / 14:35",NO 1 of 4,1 of 4,YES,NO,NO,NO
R-367,"Clubhouse / Mon / 19:00 / Sat 12:35
Gym / Tue / 08:00 / Mon 06:25
Pool / Sat / 07:00 / Sat 02:10","Gym / Wed / 08:00
Nudge Tue / 16:10","Tennis / Wed / 12:00
Booked Tue / 15:50",NO 2 of 4,2 of 4,NO,YES,NO,YES
R-306,"Gym / Sun / 14:00 / Sat 23:00
Tennis / Mon / 19:00 / Sun 06:55
Pool / Wed / 19:00 / Tue 08:15","Gym / Wed / 06:00
Nudge Tue / 17:10","Tennis / Thu / 06:00
Booked Tue / 16:30",NO 1 of 4,1 of 4,NO,NO,YES,NO
R-169,"Badminton / Tue / 18:00 / Mon 07:20
Badminton / Sat / 18:00 / Sat 03:50
Clubhouse / Tue / 20:00 / Tue 08:50","Badminton / Wed / 18:00
Nudge Tue / 20:50","Tennis / Wed / 21:00
Booked Tue / 16:55",NO 1 of 4,1 of 4,NO,YES,NO,NO
R-404,"Gym / Fri / 19:00 / Fri 10:05
Tennis / Mon / 19:00 / Sun 04:50
Badminton / Wed / 19:00 / Tue 02:40","Gym / Wed / 18:00
Nudge Wed / 05:25","Gym / Tue / 19:00
Booked Tue / 16:55",NO 1 of 4,1 of 4,YES,NO,NO,NO
R-118,"Gym / Wed / 07:00 / Tue 21:15
Gym / Fri / 19:00 / Fri 08:25
Pool / Tue / 06:00 / Mon 22:15","Gym / Wed / 06:00
Nudge Tue / 17:40","Gym / Wed / 07:00
Booked Tue / 17:00",NO 3 of 4,3 of 4,YES,YES,NO,YES
R-295,"Badminton / Sat / 20:00 / Fri 09:05
Badminton / Wed / 18:00 / Wed 10:55
Gym / Sat / 18:00 / Sat 05:30","Badminton / Wed / 19:00
Nudge Tue / 19:45","Badminton / Wed / 21:00
Booked Tue / 17:25",NO 2 of 4,2 of 4,YES,YES,NO,NO
R-167,"Tennis / Thu / 06:00 / Tue 10:55
Tennis / Wed / 06:00 / Tue 11:20
Gym / Tue / 08:00 / Mon 23:05","Gym / Wed / 08:00
Nudge Tue / 17:35","Gym / Wed / 07:00
Booked Tue / 17:25",NO 3 of 4,3 of 4,YES,YES,NO,YES
R-122,"Pool / Thu / 07:00 / Thu 02:45
Tennis / Fri / 12:00 / Thu 14:05
Pool / Fri / 08:00 / Thu 22:50","Gym / Wed / 08:00
Nudge Tue / 17:20","Badminton / Wed / 11:00
Booked Tue / 17:30",NO 2 of 4,2 of 4,NO,YES,NO,YES
R-190,"Pool / Sun / 17:00 / Sat 18:25
Gym / Sun / 11:00 / Sat 22:05
Pool / Sat / 18:00 / Sat 13:15","Pool / Wed / 15:00
Nudge Tue / 20:20","Clubhouse / Sat / 11:00
Booked Tue / 17:55",NO 0 of 4,0 of 4,NO,NO,NO,NO
R-305,"Gym / Thu / 06:00 / Wed 23:40
Pool / Fri / 08:00 / Fri 02:15
Pool / Sat / 08:00 / Fri 12:15","Gym / Wed / 08:00
Nudge Tue / 17:40","Pool / Wed / 06:00
Booked Tue / 17:55",NO 2 of 4,2 of 4,NO,YES,NO,YES
R-369,"Pool / Wed / 08:00 / Tue 14:25
Tennis / Tue / 08:00 / Mon 01:40
Gym / Mon / 16:00 / Mon 07:55","Gym / Wed / 08:00
Nudge Tue / 18:45","Gym / Wed / 07:00
Booked Tue / 18:00",NO 3 of 4,3 of 4,YES,YES,NO,YES
R-432,"Gym / Fri / 08:00 / Thu 17:25
Gym / Mon / 06:00 / Sun 21:40
Pool / Tue / 06:00 / Sun 23:35","Gym / Wed / 08:00
Nudge Tue / 18:05","Gym / Wed / 08:00
Booked Tue / 18:35",YES 4 of 4,4 of 4,YES,YES,YES,YES
R-139,"Tennis / Fri / 19:00 / Wed 06:25
Pool / Fri / 08:00 / Thu 23:30
Pool / Tue / 19:00 / Tue 01:05","Gym / Wed / 18:00
Nudge Tue / 21:20","Gym / Wed / 19:00
Booked Tue / 18:45",NO 2 of 4,2 of 4,YES,YES,NO,NO
R-105,"Gym / Mon / 06:00 / Sun 15:55
Gym / Tue / 07:00 / Mon 21:45
Pool / Tue / 08:00 / Sat 08:40","Gym / Wed / 08:00
Nudge Tue / 18:50","Gym / Wed / 06:00
Booked Tue / 18:50",NO 3 of 4,3 of 4,YES,YES,NO,YES
R-254,"Gym / Fri / 13:00 / Fri 04:00
Pool / Thu / 07:00 / Tue 04:40
Gym / Mon / 06:00 / Sun 19:05","Gym / Wed / 08:00
Nudge Tue / 18:10","Pool / Thu / 06:00
Booked Tue / 18:55",NO 0 of 4,0 of 4,NO,NO,NO,NO
R-437,"Pool / Sat / 18:00 / Fri 18:10
Badminton / Mon / 21:00 / Sun 22:15
Gym / Tue / 19:00 / Tue 08:55","Gym / Wed / 18:00
Nudge Tue / 21:20","Badminton / Wed / 20:00
Booked Tue / 19:10",NO 1 of 4,1 of 4,NO,YES,NO,NO
R-253,"Gym / Mon / 06:00 / Sat 20:50
Tennis / Wed / 07:00 / Mon 11:35
Tennis / Wed / 06:00 / Tue 13:10","Gym / Wed / 08:00
Nudge Tue / 19:40","Gym / Wed / 09:00
Booked Tue / 19:15",NO 3 of 4,3 of 4,YES,YES,NO,YES
R-165,"Pool / Fri / 12:00 / Fri 01:35
Pool / Sun / 18:00 / Sun 04:45
Pool / Sat / 11:00 / Thu 17:15","Clubhouse / Sat / 16:00
Nudge Fri / 14:05","Pool / Fri / 19:00
Booked Tue / 19:35",NO 0 of 4,0 of 4,NO,NO,NO,NO
R-375,"Gym / Thu / 08:00 / Wed 20:45
Gym / Mon / 08:00 / Sun 18:40
Pool / Mon / 06:00 / Sun 06:30","Gym / Wed / 06:00
Nudge Tue / 20:45","Gym / Wed / 06:00
Booked Tue / 20:10",YES 4 of 4,4 of 4,YES,YES,YES,YES
R-222,"Gym / Wed / 19:00 / Wed 10:50
Tennis / Thu / 18:00 / Wed 11:45
Pool / Tue / 20:00 / Mon 19:10","Gym / Wed / 18:00
Nudge Tue / 21:30","Badminton / Thu / 20:00
Booked Tue / 20:20",NO 0 of 4,0 of 4,NO,NO,NO,NO
R-371,"Pool / Wed / 07:00 / Wed 01:20
Gym / Thu / 06:00 / Wed 13:35
Gym / Thu / 08:00 / Thu 02:00","Gym / Wed / 08:00
Nudge Tue / 20:45","Pool / Wed / 07:00
Booked Tue / 20:30",NO 2 of 4,2 of 4,NO,YES,NO,YES
R-105,"Gym / Tue / 07:00 / Mon 21:45
Pool / Tue / 08:00 / Sat 08:40
Gym / Wed / 06:00 / Tue 18:50","Gym / Wed / 06:00
Nudge Tue / 20:45","Pool / Wed / 08:00
Booked Tue / 20:40",NO 2 of 4,2 of 4,NO,YES,NO,YES
R-391,"Gym / Mon / 08:00 / Sat 22:50
Gym / Tue / 06:00 / Mon 14:45
Tennis / Wed / 06:00 / Tue 04:00","Gym / Wed / 07:00
Nudge Tue / 20:40","Gym / Wed / 22:00
Booked Tue / 20:50",NO 3 of 4,3 of 4,YES,YES,NO,YES
R-232,"Pool / Thu / 08:00 / Wed 21:20
Badminton / Wed / 12:00 / Tue 12:20
Clubhouse / Thu / 19:00 / Thu 03:30","Gym / Wed / 08:00
Nudge Tue / 21:25","Badminton / Wed / 17:00
Booked Tue / 21:10",NO 2 of 4,2 of 4,NO,YES,NO,YES
R-122,"Tennis / Fri / 12:00 / Thu 14:05
Pool / Fri / 08:00 / Thu 22:50
Badminton / Wed / 11:00 / Tue 17:30","Tennis / Thu / 08:00
Nudge Wed / 13:40","Pool / Thu / 19:00
Booked Tue / 21:25",NO 1 of 4,1 of 4,NO,YES,NO,NO
R-301,"Gym / Thu / 20:00 / Thu 14:20
Badminton / Tue / 21:00 / Sun 04:15
Gym / Mon / 19:00 / Sun 22:25","Gym / Wed / 18:00
Nudge Tue / 22:40","Gym / Wed / 18:00
Booked Tue / 21:25",NO 3 of 4,3 of 4,YES,YES,YES,NO
R-248,"Badminton / Wed / 19:00 / Tue 18:55
Gym / Sat / 18:00 / Fri 14:55
Tennis / Mon / 20:00 / Sat 21:30","Badminton / Wed / 20:00
Nudge Tue / 21:35","Gym / Wed / 18:00
Booked Tue / 21:30",NO 2 of 4,2 of 4,NO,YES,NO,YES
R-286,"Gym / Fri / 20:00 / Fri 13:10
Pool / Sat / 15:00 / Sat 00:45
Badminton / Tue / 21:00 / Mon 04:25","Badminton / Thu / 20:00
Nudge Wed / 21:05","Badminton / Wed / 18:00
Booked Tue / 21:55",NO 1 of 4,1 of 4,YES,NO,NO,NO
R-224,"Pool / Thu / 18:00 / Thu 05:00
Gym / Fri / 07:00 / Thu 22:00
Pool / Sun / 12:00 / Sun 03:50","Pool / Wed / 16:00
Nudge Tue / 22:30","Tennis / Wed / 19:00
Booked Tue / 22:00",NO 2 of 4,2 of 4,NO,YES,NO,YES
R-286,"Pool / Sat / 15:00 / Sat 00:45
Badminton / Tue / 21:00 / Mon 04:25
Badminton / Wed / 18:00 / Tue 21:55","Badminton / Wed / 20:00
Nudge Tue / 22:10","Gym / Thu / 20:00
Booked Tue / 22:15",NO 1 of 4,1 of 4,NO,NO,YES,NO
R-188,"Tennis / Thu / 08:00 / Wed 04:10
Pool / Wed / 19:00 / Wed 09:45
Gym / Tue / 06:00 / Sun 06:45","Gym / Wed / 08:00
Nudge Tue / 23:20","Gym / Thu / 06:00
Booked Tue / 22:55",NO 1 of 4,1 of 4,YES,NO,NO,NO
R-444,"Gym / Fri / 08:00 / Fri 00:15
Gym / Mon / 06:00 / Sun 23:30
Gym / Fri / 07:00 / Thu 21:15","Gym / Wed / 08:00
Nudge Wed / 00:30","Gym / Wed / 07:00
Booked Tue / 23:05",NO 2 of 4,2 of 4,YES,YES,NO,NO
R-252,"Gym / Wed / 18:00 / Tue 17:25
Badminton / Wed / 21:00 / Wed 03:50
Tennis / Sat / 19:00 / Fri 23:55","Badminton / Wed / 21:00
Nudge Tue / 23:55","Badminton / Wed / 19:00
Booked Tue / 23:05",NO 3 of 4,3 of 4,YES,YES,NO,YES
R-101,"Badminton / Tue / 18:00 / Tue 07:20
Badminton / Fri / 19:00 / Fri 06:50
Pool / Mon / 19:00 / Sun 20:35","Gym / Wed / 19:00
Nudge Wed / 01:00","Badminton / Fri / 11:00
Booked Tue / 23:30",NO 0 of 4,0 of 4,NO,NO,NO,NO
R-130,"Pool / Mon / 07:00 / Sat 00:00
Pool / Mon / 08:00 / Sun 19:25
Gym / Wed / 08:00 / Tue 04:20","Gym / Wed / 06:00
Nudge Tue / 23:15","Gym / Wed / 06:00
Booked Tue / 23:40",YES 4 of 4,4 of 4,YES,YES,YES,YES
R-156,"Pool / Mon / 08:00 / Mon 00:45
Gym / Tue / 06:00 / Mon 22:10
Gym / Thu / 08:00 / Wed 22:10","Gym / Wed / 08:00
Nudge Wed / 01:50","Gym / Wed / 07:00
Booked Wed / 00:05",NO 2 of 4,2 of 4,YES,YES,NO,NO
R-150,"Gym / Tue / 06:00 / Sun 22:20
Gym / Mon / 08:00 / Mon 00:00
Gym / Tue / 07:00 / Mon 11:40","Gym / Wed / 08:00
Nudge Wed / 00:05","Gym / Wed / 06:00
Booked Wed / 00:25",NO 3 of 4,3 of 4,YES,YES,NO,YES
R-277,"Badminton / Sat / 20:00 / Fri 17:15
Badminton / Tue / 19:00 / Mon 07:40
Badminton / Tue / 21:00 / Mon 08:30","Badminton / Wed / 18:00
Nudge Tue / 23:40","Badminton / Thu / 18:00
Booked Wed / 01:10",NO 2 of 4,2 of 4,YES,NO,YES,NO
R-438,"Pool / Tue / 08:00 / Mon 18:40
Pool / Mon / 08:00 / Mon 00:00
Tennis / Wed / 07:00 / Tue 13:55","Gym / Wed / 08:00
Nudge Wed / 01:20","Gym / Thu / 08:00
Booked Wed / 01:40",NO 2 of 4,2 of 4,YES,NO,YES,NO
R-218,"Tennis / Wed / 18:00 / Tue 14:30
Gym / Wed / 12:00 / Tue 19:00
Gym / Fri / 20:00 / Thu 19:20","Badminton / Wed / 18:00
Nudge Wed / 01:30","Badminton / Thu / 18:00
Booked Wed / 02:05",NO 2 of 4,2 of 4,YES,NO,YES,NO
R-112,"Gym / Thu / 07:00 / Wed 23:30
Pool / Mon / 08:00 / Sun 22:50
Tennis / Fri / 06:00 / Tue 01:50","Gym / Wed / 08:00
Nudge Wed / 01:50","Pool / Wed / 07:00
Booked Wed / 02:05",NO 2 of 4,2 of 4,NO,YES,NO,YES
R-257,"Pool / Wed / 11:00 / Tue 23:40
Badminton / Tue / 19:00 / Mon 17:15
Gym / Tue / 20:00 / Tue 03:15","Badminton / Wed / 18:00
Nudge Wed / 03:00","Badminton / Wed / 21:00
Booked Wed / 02:45",NO 3 of 4,3 of 4,YES,YES,NO,YES
R-249,"Badminton / Mon / 19:00 / Mon 03:45
Badminton / Tue / 19:00 / Mon 07:30
Gym / Wed / 18:00 / Tue 23:45","Badminton / Wed / 20:00
Nudge Wed / 01:55","Gym / Wed / 16:00
Booked Wed / 02:55",NO 2 of 4,2 of 4,NO,YES,NO,YES
R-146,"Gym / Mon / 20:00 / Mon 11:30
Badminton / Mon / 21:00 / Mon 12:25
Gym / Mon / 19:00 / Mon 15:15","Badminton / Wed / 20:00
Nudge Wed / 02:50","Gym / Wed / 18:00
Booked Wed / 02:55",NO 2 of 4,2 of 4,NO,YES,NO,YES
R-213,"Tennis / Wed / 19:00 / Mon 17:30
Badminton / Thu / 20:00 / Wed 05:30
Badminton / Wed / 20:00 / Mon 06:30","Badminton / Wed / 18:00
Nudge Wed / 02:25","Pool / Thu / 19:00
Booked Wed / 03:30",NO 0 of 4,0 of 4,NO,NO,NO,NO
R-286,"Badminton / Tue / 21:00 / Mon 04:25
Badminton / Wed / 18:00 / Tue 21:55
Gym / Thu / 20:00 / Tue 22:15","Badminton / Wed / 20:00
Nudge Wed / 03:30","Badminton / Thu / 22:00
Booked Wed / 03:35",NO 1 of 4,1 of 4,YES,NO,NO,NO
R-167,"Tennis / Wed / 06:00 / Tue 11:20
Gym / Tue / 08:00 / Mon 23:05
Gym / Wed / 07:00 / Tue 17:25","Gym / Thu / 08:00
Nudge Thu / 02:20","Tennis / Thu / 08:00
Booked Wed / 03:35",NO 2 of 4,2 of 4,NO,YES,YES,NO
R-124,"Gym / Wed / 12:00 / Wed 08:15
Gym / Thu / 17:00 / Thu 01:35
Tennis / Sat / 20:00 / Sat 02:15","Badminton / Wed / 20:00
Nudge Wed / 04:05","Badminton / Wed / 21:00
Booked Wed / 03:50",NO 3 of 4,3 of 4,YES,YES,NO,YES
R-221,"Pool / Mon / 07:00 / Sun 21:15
Pool / Tue / 07:00 / Mon 05:55
Gym / Mon / 12:00 / Mon 08:50","Gym / Thu / 08:00
Nudge Thu / 03:55","Pool / Wed / 09:00
Booked Wed / 04:05",NO 0 of 4,0 of 4,NO,NO,NO,NO
R-437,"Badminton / Mon / 21:00 / Sun 22:15
Gym / Tue / 19:00 / Tue 08:55
Badminton / Wed / 20:00 / Tue 19:10","Tennis / Thu / 18:00
Nudge Wed / 23:40","Gym / Thu / 20:00
Booked Wed / 04:40",NO 1 of 4,1 of 4,NO,YES,NO,NO
R-102,"Gym / Fri / 08:00 / Fri 01:00
Tennis / Tue / 06:00 / Sat 16:15
Gym / Mon / 16:00 / Sun 09:10","Gym / Wed / 08:00
Nudge Wed / 00:00","Tennis / Thu / 06:00
Booked Wed / 04:50",NO 0 of 4,0 of 4,NO,NO,NO,NO
R-227,"Pool / Tue / 19:00 / Tue 11:00
Pool / Sat / 21:00 / Fri 23:35
Badminton / Mon / 18:00 / Sun 20:45","Badminton / Wed / 18:00
Nudge Wed / 04:45","Tennis / Wed / 18:00
Booked Wed / 05:05",NO 3 of 4,3 of 4,NO,YES,YES,YES
R-139,"Pool / Fri / 08:00 / Thu 23:30
Pool / Tue / 19:00 / Tue 01:05
Gym / Wed / 19:00 / Tue 18:45","Gym / Thu / 18:00
Nudge Thu / 08:00","Pool / Fri / 19:00
Booked Wed / 07:10",NO 0 of 4,0 of 4,NO,NO,NO,NO
R-365,"Badminton / Fri / 12:00 / Thu 23:45
Pool / Sat / 19:00 / Fri 20:30
Gym / Mon / 18:00 / Mon 10:05","Badminton / Thu / 19:00
Nudge Thu / 06:25","Badminton / Thu / 21:00
Booked Wed / 07:10",NO 2 of 4,2 of 4,YES,YES,NO,NO
R-432,"Gym / Mon / 06:00 / Sun 21:40
Pool / Tue / 06:00 / Sun 23:35
Gym / Wed / 08:00 / Tue 18:35","Gym / Thu / 07:00
Nudge Wed / 08:35","Gym / Thu / 06:00
Booked Wed / 07:45",NO 3 of 4,3 of 4,YES,YES,NO,YES
R-434,"Gym / Mon / 07:00 / Sun 03:00
Tennis / Tue / 08:00 / Sun 20:05
Tennis / Thu / 08:00 / Tue 08:05","Pool / Thu / 08:00
Nudge Wed / 12:15","Gym / Thu / 06:00
Booked Wed / 08:00",NO 1 of 4,1 of 4,NO,YES,NO,NO
R-402,"Gym / Fri / 08:00 / Thu 20:05
Tennis / Sun / 12:00 / Fri 12:40
Pool / Tue / 08:00 / Mon 11:40","Gym / Thu / 07:00
Nudge Wed / 10:30","Badminton / Thu / 07:00
Booked Wed / 08:05",NO 2 of 4,2 of 4,NO,YES,YES,NO
R-391,"Gym / Tue / 06:00 / Mon 14:45
Tennis / Wed / 06:00 / Tue 04:00
Gym / Wed / 22:00 / Tue 20:50","Gym / Thu / 07:00
Nudge Wed / 10:45","Pool / Fri / 06:00
Booked Wed / 08:15",NO 0 of 4,0 of 4,NO,NO,NO,NO
R-414,"Gym / Fri / 19:00 / Thu 16:55
Gym / Mon / 08:00 / Sun 09:00
Pool / Mon / 19:00 / Sun 16:00","Gym / Thu / 08:00
Nudge Wed / 11:00","Pool / Wed / 19:00
Booked Wed / 08:50",NO 0 of 4,0 of 4,NO,NO,NO,NO
R-302,"Gym / Fri / 22:00 / Thu 23:35
Badminton / Thu / 18:00 / Wed 02:10
Badminton / Tue / 07:00 / Sun 18:25","Gym / Wed / 20:00
Nudge Wed / 08:45","Tennis / Fri / 08:00
Booked Wed / 09:00",NO 0 of 4,0 of 4,NO,NO,NO,NO
R-146,"Badminton / Mon / 21:00 / Mon 12:25
Gym / Mon / 19:00 / Mon 15:15
Gym / Wed / 18:00 / Wed 02:55","Badminton / Thu / 18:00
Nudge Thu / 04:55","Gym / Wed / 19:00
Booked Wed / 09:05",NO 0 of 4,0 of 4,NO,NO,NO,NO
R-175,"Badminton / Tue / 18:00 / Mon 20:25
Pool / Thu / 17:00 / Wed 22:10
Gym / Mon / 17:00 / Mon 02:30","Gym / Thu / 19:00
Nudge Thu / 09:00","Pool / Wed / 17:00
Booked Wed / 09:45",NO 0 of 4,0 of 4,NO,NO,NO,NO
R-125,"Gym / Thu / 08:00 / Thu 04:05
Gym / Wed / 07:00 / Tue 20:55
Pool / Tue / 20:00 / Mon 22:05","Gym / Thu / 07:00
Nudge Wed / 11:25","Pool / Thu / 08:00
Booked Wed / 10:05",NO 1 of 4,1 of 4,NO,YES,NO,NO
R-201,"Pool / Sun / 19:00 / Sat 18:05
Tennis / Fri / 06:00 / Thu 16:50
Gym / Mon / 08:00 / Sun 23:45","Gym / Thu / 18:00
Nudge Thu / 11:25","Badminton / Wed / 18:00
Booked Wed / 10:40",NO 1 of 4,1 of 4,NO,NO,YES,NO
R-439,"Pool / Sun / 11:00 / Sun 07:10
Pool / Sat / 11:00 / Sat 06:00
Clubhouse / Fri / 19:00 / Thu 20:30","Gym / Thu / 08:00
Nudge Wed / 14:25","Hall / Fri / 11:00
Booked Wed / 10:55",NO 0 of 4,0 of 4,NO,NO,NO,NO
R-168,"Clubhouse / Sat / 14:00 / Sun 17:10
Pool / Sun / 15:00 / Sun 07:05
Pool / Sun / 15:00 / Sat 16:40","Clubhouse / Sun / 10:00
Nudge Sat / 09:20","Clubhouse / Thu / 15:00
Booked Wed / 10:55",NO 1 of 4,1 of 4,YES,NO,NO,NO
R-234,"Gym / Fri / 19:00 / Fri 10:25
Gym / Mon / 19:00 / Mon 02:25
Tennis / Tue / 19:00 / Tue 01:30","Gym / Thu / 08:00
Nudge Wed / 13:55","Pool / Wed / 19:00
Booked Wed / 11:30",NO 0 of 4,0 of 4,NO,NO,NO,NO
R-249,"Badminton / Tue / 19:00 / Mon 07:30
Gym / Wed / 18:00 / Tue 23:45
Gym / Wed / 16:00 / Wed 02:55","Gym / Wed / 21:00
Nudge Wed / 12:20","Gym / Wed / 21:00
Booked Wed / 11:30",YES 4 of 4,4 of 4,YES,YES,YES,YES
R-358,"Pool / Fri / 08:00 / Thu 10:55
Pool / Fri / 06:00 / Thu 17:20
Pool / Mon / 06:00 / Sun 18:45","Gym / Thu / 07:00
Nudge Wed / 12:35","Gym / Thu / 06:00
Booked Wed / 11:40",NO 3 of 4,3 of 4,YES,YES,NO,YES
R-344,"Pool / Sun / 14:00 / Sat 13:50
Pool / Sat / 11:00 / Fri 22:15
Pool / Sat / 14:00 / Fri 11:25","Clubhouse / Thu / 18:00
Nudge Wed / 17:05","Clubhouse / Sat / 16:00
Booked Wed / 11:50",NO 1 of 4,1 of 4,YES,NO,NO,NO
R-219,"Pool / Sat / 21:00 / Fri 17:35
Pool / Sat / 19:00 / Sat 03:55
Badminton / Mon / 17:00 / Sun 20:30","Badminton / Thu / 18:00
Nudge Wed / 20:50","Pool / Wed / 21:00
Booked Wed / 11:50",NO 0 of 4,0 of 4,NO,NO,NO,NO
R-219,"Pool / Sat / 19:00 / Sat 03:55
Badminton / Mon / 17:00 / Sun 20:30
Pool / Wed / 21:00 / Wed 11:50","Badminton / Fri / 18:00
Nudge Thu / 20:25","Pool / Thu / 18:00
Booked Wed / 12:35",NO 1 of 4,1 of 4,NO,NO,YES,NO
R-350,"Clubhouse / Tue / 15:00 / Mon 08:25
Pool / Fri / 15:00 / Fri 09:30
Clubhouse / Mon / 10:00 / Sun 04:30","Clubhouse / Wed / 18:00
Nudge Tue / 19:45","Clubhouse / Sun / 14:00
Booked Wed / 12:55",NO 1 of 4,1 of 4,YES,NO,NO,NO
R-257,"Badminton / Tue / 19:00 / Mon 17:15
Gym / Tue / 20:00 / Tue 03:15
Badminton / Wed / 21:00 / Wed 02:45","Pool / Thu / 21:00
Nudge Thu / 08:55","Pool / Wed / 20:00
Booked Wed / 13:05",NO 1 of 4,1 of 4,YES,NO,NO,NO
R-397,"Pool / Fri / 18:00 / Fri 01:55
Badminton / Sun / 21:00 / Sat 08:05
Pool / Mon / 18:00 / Sun 16:00","Tennis / Wed / 18:00
Nudge Tue / 19:15","Pool / Thu / 20:00
Booked Wed / 13:10",NO 0 of 4,0 of 4,NO,NO,NO,NO
R-441,"Badminton / Fri / 19:00 / Thu 06:00
Pool / Sat / 10:00 / Fri 11:30
Badminton / Sat / 20:00 / Sat 04:20","Gym / Wed / 20:00
Nudge Wed / 12:05","Gym / Wed / 20:00
Booked Wed / 13:40",NO 3 of 4,3 of 4,YES,YES,YES,NO
R-228,"Gym / Sat / 06:00 / Fri 10:10
Badminton / Mon / 20:00 / Mon 00:35
Badminton / Tue / 18:00 / Mon 21:05","Gym / Wed / 18:00
Nudge Wed / 10:45","Badminton / Thu / 08:00
Booked Wed / 13:55",NO 0 of 4,0 of 4,NO,NO,NO,NO
R-424,"Pool / Mon / 06:00 / Sun 23:30
Tennis / Thu / 07:00 / Wed 22:30
Gym / Tue / 07:00 / Tue 00:20","Gym / Thu / 06:00
Nudge Wed / 14:25","Gym / Thu / 08:00
Booked Wed / 14:10",NO 3 of 4,3 of 4,YES,YES,NO,YES
R-248,"Gym / Sat / 18:00 / Fri 14:55
Tennis / Mon / 20:00 / Sat 21:30
Gym / Wed / 18:00 / Tue 21:30","Gym / Thu / 20:00
Nudge Thu / 12:20","Tennis / Thu / 18:00
Booked Wed / 14:20",NO 1 of 4,1 of 4,NO,YES,NO,NO
R-293,"Gym / Mon / 19:00 / Mon 08:10
Gym / Tue / 20:00 / Tue 12:35
Gym / Tue / 18:00 / Tue 12:50","Gym / Thu / 21:00
Nudge Thu / 15:30","Badminton / Thu / 10:00
Booked Wed / 14:45",NO 1 of 4,1 of 4,NO,YES,NO,NO
R-106,"Pool / Thu / 17:00 / Thu 07:35
Pool / Fri / 19:00 / Fri 07:55
Pool / Wed / 08:00 / Tue 08:15","Gym / Thu / 18:00
Nudge Thu / 04:45","Tennis / Sun / 08:00
Booked Wed / 14:45",NO 0 of 4,0 of 4,NO,NO,NO,NO
R-389,"Gym / Fri / 08:00 / Thu 21:05
Tennis / Fri / 07:00 / Thu 16:35
Pool / Wed / 08:00 / Sun 08:25","Gym / Thu / 06:00
Nudge Wed / 14:25","Gym / Thu / 06:00
Booked Wed / 14:55",YES 4 of 4,4 of 4,YES,YES,YES,YES
R-435,"Pool / Sun / 16:00 / Sun 07:25
Pool / Tue / 15:00 / Mon 18:20
Clubhouse / Sun / 18:00 / Thu 15:30","Clubhouse / Sat / 18:00
Nudge Fri / 15:15","Clubhouse / Sat / 11:00
Booked Wed / 15:00",NO 2 of 4,2 of 4,YES,YES,NO,NO
R-323,"Badminton / Fri / 21:00 / Fri 11:20
Pool / Tue / 18:00 / Tue 12:05
Badminton / Wed / 15:00 / Tue 18:20","Tennis / Thu / 20:00
Nudge Thu / 00:05","Pool / Thu / 19:00
Booked Wed / 15:10",NO 1 of 4,1 of 4,NO,YES,NO,NO
R-145,"Gym / Sat / 06:00 / Sat 02:50
Gym / Sun / 06:00 / Sat 07:05
Gym / Wed / 07:00 / Tue 03:20","Gym / Thu / 08:00
Nudge Wed / 16:00","Tennis / Fri / 09:00
Booked Wed / 15:15",NO 0 of 4,0 of 4,NO,NO,NO,NO
R-144,"Gym / Mon / 07:00 / Sun 13:40
Pool / Wed / 08:00 / Tue 08:05
Gym / Wed / 06:00 / Tue 12:45","Gym / Thu / 06:00
Nudge Wed / 15:40","Pool / Thu / 07:00
Booked Wed / 15:35",NO 2 of 4,2 of 4,NO,YES,NO,YES
R-228,"Badminton / Mon / 20:00 / Mon 00:35
Badminton / Tue / 18:00 / Mon 21:05
Badminton / Thu / 08:00 / Wed 13:55","Gym / Thu / 18:00
Nudge Thu / 06:15","Gym / Wed / 20:00
Booked Wed / 15:55",NO 1 of 4,1 of 4,YES,NO,NO,NO
R-149,"Badminton / Sun / 21:00 / Sat 21:35
Badminton / Sat / 21:00 / Sat 07:20
Tennis / Tue / 19:00 / Tue 11:40","Gym / Thu / 18:00
Nudge Thu / 06:15","Pool / Wed / 20:00
Booked Wed / 16:00",NO 0 of 4,0 of 4,NO,NO,NO,NO
R-216,"Clubhouse / Fri / 19:00 / Fri 00:05
Pool / Sat / 17:00 / Sat 05:00
Pool / Wed / 17:00 / Wed 00:40","Gym / Thu / 19:00
Nudge Thu / 09:50","Pool / Thu / 07:00
Booked Wed / 16:05",NO 1 of 4,1 of 4,NO,YES,NO,NO
R-263,"Gym / Fri / 06:00 / Thu 21:40
Badminton / Tue / 07:00 / Sun 14:15
Gym / Mon / 06:00 / Sun 23:35","Gym / Thu / 08:00
Nudge Wed / 16:45","Tennis / Thu / 12:00
Booked Wed / 16:15",NO 2 of 4,2 of 4,NO,YES,NO,YES
R-110,"Gym / Thu / 19:00 / Thu 05:15
Pool / Fri / 19:00 / Fri 10:30
Tennis / Tue / 19:00 / Mon 18:50","Gym / Thu / 08:00
Nudge Wed / 16:50","Tennis / Thu / 19:00
Booked Wed / 16:50",NO 2 of 4,2 of 4,NO,YES,NO,YES
R-323,"Pool / Tue / 18:00 / Tue 12:05
Badminton / Wed / 15:00 / Tue 18:20
Pool / Thu / 19:00 / Wed 15:10","Tennis / Thu / 18:00
Nudge Wed / 19:05","Badminton / Thu / 20:00
Booked Wed / 17:50",NO 1 of 4,1 of 4,NO,YES,NO,NO
R-274,"Badminton / Fri / 20:00 / Thu 05:25
Badminton / Sat / 18:00 / Fri 13:50
Badminton / Mon / 19:00 / Sun 18:35","Badminton / Thu / 18:00
Nudge Wed / 17:55","Badminton / Thu / 20:00
Booked Wed / 18:00",NO 3 of 4,3 of 4,YES,YES,NO,YES
R-372,"Gym / Mon / 06:00 / Sun 21:20
Gym / Wed / 06:00 / Mon 18:10
Gym / Mon / 07:00 / Sun 07:50","Gym / Thu / 07:00
Nudge Wed / 18:20","Gym / Thu / 07:00
Booked Wed / 18:45",YES 4 of 4,4 of 4,YES,YES,YES,YES
R-261,"Gym / Tue / 16:00 / Tue 12:40
Badminton / Fri / 09:00 / Wed 18:25
Badminton / Wed / 18:00 / Mon 17:50","Badminton / Thu / 20:00
Nudge Wed / 19:30","Gym / Fri / 18:00
Booked Wed / 18:50",NO 0 of 4,0 of 4,NO,NO,NO,NO
R-277,"Badminton / Tue / 19:00 / Mon 07:40
Badminton / Tue / 21:00 / Mon 08:30
Badminton / Thu / 18:00 / Wed 01:10","Badminton / Thu / 18:00
Nudge Wed / 17:35","Gym / Thu / 20:00
Booked Wed / 18:50",NO 1 of 4,1 of 4,NO,YES,NO,NO
R-423,"Pool / Tue / 12:00 / Mon 11:20
Tennis / Wed / 07:00 / Mon 15:15
Gym / Tue / 08:00 / Mon 22:30","Gym / Thu / 07:00
Nudge Wed / 19:00","Gym / Fri / 08:00
Booked Wed / 19:10",NO 1 of 4,1 of 4,YES,NO,NO,NO
R-193,"Tennis / Tue / 18:00 / Mon 22:50
Tennis / Fri / 08:00 / Mon 13:20
Badminton / Mon / 19:00 / Fri 21:50","Gym / Thu / 07:00
Nudge Wed / 19:55","Pool / Thu / 12:00
Booked Wed / 20:05",NO 2 of 4,2 of 4,NO,YES,NO,YES
R-279,"Tennis / Wed / 19:00 / Mon 21:30
Gym / Wed / 06:00 / Tue 04:35
Pool / Fri / 07:00 / Tue 07:30","Gym / Thu / 08:00
Nudge Wed / 19:40","Pool / Thu / 08:00
Booked Wed / 20:15",NO 3 of 4,3 of 4,NO,YES,YES,YES
R-286,"Badminton / Wed / 18:00 / Tue 21:55
Gym / Thu / 20:00 / Tue 22:15
Badminton / Thu / 22:00 / Wed 03:35","Badminton / Thu / 20:00
Nudge Wed / 20:25","Badminton / Thu / 18:00
Booked Wed / 20:35",NO 3 of 4,3 of 4,YES,YES,NO,YES
R-199,"Clubhouse / Sun / 17:00 / Mon 19:20
Gym / Sat / 18:00 / Fri 16:45
Gym / Mon / 12:00 / Sat 23:50","Gym / Thu / 18:00
Nudge Wed / 21:35","Gym / Thu / 08:00
Booked Wed / 20:45",NO 3 of 4,3 of 4,YES,YES,NO,YES
R-305,"Pool / Fri / 08:00 / Fri 02:15
Pool / Sat / 08:00 / Fri 12:15
Pool / Wed / 06:00 / Tue 17:55","Gym / Thu / 07:00
Nudge Wed / 20:30","Gym / Thu / 06:00
Booked Wed / 20:50",NO 3 of 4,3 of 4,YES,YES,NO,YES
R-219,"Badminton / Mon / 17:00 / Sun 20:30
Pool / Wed / 21:00 / Wed 11:50
Pool / Thu / 18:00 / Wed 12:35","Badminton / Thu / 18:00
Nudge Wed / 19:45","Pool / Sat / 20:00
Booked Wed / 20:55",NO 0 of 4,0 of 4,NO,NO,NO,NO
R-125,"Gym / Wed / 07:00 / Tue 20:55
Pool / Tue / 20:00 / Mon 22:05
Pool / Thu / 08:00 / Wed 10:05","Gym / Thu / 08:00
Nudge Wed / 20:50","Gym / Thu / 16:00
Booked Wed / 20:55",NO 3 of 4,3 of 4,YES,YES,NO,YES
R-276,"Gym / Sat / 14:00 / Fri 13:00
Pool / Sun / 06:00 / Sat 14:50
Clubhouse / Sun / 17:00 / Tue 14:25","Clubhouse / Sat / 15:00
Nudge Fri / 14:30","Pool / Fri / 16:00
Booked Wed / 21:00",NO 0 of 4,0 of 4,NO,NO,NO,NO
R-142,"Badminton / Fri / 21:00 / Thu 23:35
Gym / Fri / 19:00 / Fri 08:20
Gym / Sat / 19:00 / Sat 04:40","Gym / Thu / 20:00
Nudge Wed / 23:50","Badminton / Thu / 18:00
Booked Wed / 21:20",NO 1 of 4,1 of 4,NO,YES,NO,NO
R-279,"Gym / Wed / 06:00 / Tue 04:35
Pool / Fri / 07:00 / Tue 07:30
Pool / Thu / 08:00 / Wed 20:15","Gym / Thu / 08:00
Nudge Wed / 21:25","Gym / Thu / 19:00
Booked Wed / 21:20",NO 3 of 4,3 of 4,YES,YES,NO,YES
R-253,"Tennis / Wed / 07:00 / Mon 11:35
Tennis / Wed / 06:00 / Tue 13:10
Gym / Wed / 09:00 / Tue 19:15","Gym / Thu / 08:00
Nudge Wed / 21:35","Gym / Thu / 07:00
Booked Wed / 21:25",NO 3 of 4,3 of 4,YES,YES,NO,YES
R-361,"Pool / Wed / 08:00 / Mon 05:10
Pool / Tue / 15:00 / Tue 06:15
Gym / Wed / 09:00 / Tue 12:00","Gym / Thu / 08:00
Nudge Wed / 22:05","Gym / Fri / 06:00
Booked Wed / 21:35",NO 1 of 4,1 of 4,YES,NO,NO,NO
R-170,"Gym / Sat / 08:00 / Fri 22:20
Gym / Mon / 13:00 / Sun 11:45
Gym / Mon / 06:00 / Mon 00:25","Gym / Thu / 08:00
Nudge Wed / 21:55","Tennis / Mon / 08:00
Booked Wed / 21:40",NO 1 of 4,1 of 4,NO,NO,YES,NO
R-305,"Pool / Sat / 08:00 / Fri 12:15
Pool / Wed / 06:00 / Tue 17:55
Gym / Thu / 06:00 / Wed 20:50","Gym / Thu / 06:00
Nudge Wed / 21:50","Pool / Thu / 08:00
Booked Wed / 21:45",NO 2 of 4,2 of 4,NO,YES,NO,YES
R-174,"Gym / Thu / 06:00 / Thu 00:00
Pool / Mon / 08:00 / Mon 01:40
Gym / Tue / 06:00 / Mon 11:35","Gym / Thu / 08:00
Nudge Wed / 22:10","Gym / Thu / 07:00
Booked Wed / 21:50",NO 3 of 4,3 of 4,YES,YES,NO,YES
R-300,"Badminton / Sat / 15:00 / Fri 06:25
Pool / Sat / 16:00 / Fri 20:10
Clubhouse / Sun / 11:00 / Mon 11:15","Clubhouse / Sat / 14:00
Nudge Fri / 16:10","Pool / Sat / 11:00
Booked Wed / 22:05",NO 1 of 4,1 of 4,NO,YES,NO,NO
R-102,"Tennis / Tue / 06:00 / Sat 16:15
Gym / Mon / 16:00 / Sun 09:10
Tennis / Thu / 06:00 / Wed 04:50","Gym / Thu / 07:00
Nudge Wed / 22:35","Pool / Fri / 07:00
Booked Wed / 22:05",NO 1 of 4,1 of 4,NO,NO,YES,NO
R-208,"Pool / Wed / 19:00 / Wed 00:15
Gym / Fri / 21:00 / Fri 10:35
Badminton / Fri / 18:00 / Thu 14:50","Badminton / Thu / 20:00
Nudge Wed / 23:45","Gym / Thu / 18:00
Booked Wed / 23:10",NO 2 of 4,2 of 4,NO,YES,NO,YES
R-371,"Gym / Thu / 06:00 / Wed 13:35
Gym / Thu / 08:00 / Thu 02:00
Pool / Wed / 07:00 / Tue 20:30","Gym / Thu / 08:00
Nudge Thu / 00:25","Gym / Thu / 08:00
Booked Wed / 23:15",NO 3 of 4,3 of 4,YES,YES,YES,NO
R-395,"Pool / Sat / 18:00 / Sat 05:40
Pool / Sun / 11:00 / Sat 17:15
Pool / Sun / 12:00 / Sat 17:25","Clubhouse / Sat / 17:00
Nudge Fri / 17:35","Clubhouse / Sat / 18:00
Booked Wed / 23:25",NO 2 of 4,2 of 4,YES,YES,NO,NO
R-359,"Gym / Fri / 15:00 / Fri 05:40
Badminton / Sun / 20:00 / Sun 05:45
Badminton / Tue / 19:00 / Mon 00:10","Gym / Thu / 18:00
Nudge Thu / 00:05","Badminton / Sat / 20:00
Booked Wed / 23:40",NO 0 of 4,0 of 4,NO,NO,NO,NO
R-142,"Gym / Fri / 19:00 / Fri 08:20
Gym / Sat / 19:00 / Sat 04:40
Badminton / Thu / 18:00 / Wed 21:20","Badminton / Thu / 18:00
Nudge Wed / 23:40","Gym / Thu / 21:00
Booked Wed / 23:40",NO 2 of 4,2 of 4,NO,YES,NO,YES
R-156,"Gym / Tue / 06:00 / Mon 22:10
Gym / Thu / 08:00 / Wed 22:10
Gym / Wed / 07:00 / Wed 00:05","Gym / Thu / 08:00
Nudge Thu / 00:35","Gym / Thu / 07:00
Booked Wed / 23:45",NO 2 of 4,2 of 4,YES,YES,NO,NO
R-170,"Gym / Mon / 13:00 / Sun 11:45
Gym / Mon / 06:00 / Mon 00:25
Tennis / Mon / 08:00 / Wed 21:40","Gym / Thu / 08:00
Nudge Thu / 01:45","Gym / Thu / 06:00
Booked Thu / 00:00",NO 2 of 4,2 of 4,YES,YES,NO,NO
R-174,"Pool / Mon / 08:00 / Mon 01:40
Gym / Tue / 06:00 / Mon 11:35
Gym / Thu / 07:00 / Wed 21:50","Gym / Thu / 08:00
Nudge Thu / 02:05","Pool / Thu / 08:00
Booked Thu / 00:15",NO 2 of 4,2 of 4,NO,YES,YES,NO
R-371,"Gym / Thu / 08:00 / Thu 02:00
Pool / Wed / 07:00 / Tue 20:30
Gym / Thu / 08:00 / Wed 23:15","Gym / Thu / 08:00
Nudge Thu / 01:45","Gym / Thu / 06:00
Booked Thu / 00:20",NO 2 of 4,2 of 4,YES,YES,NO,NO
R-263,"Badminton / Tue / 07:00 / Sun 14:15
Gym / Mon / 06:00 / Sun 23:35
Tennis / Thu / 12:00 / Wed 16:15","Gym / Thu / 08:00
Nudge Thu / 01:45","Pool / Fri / 06:00
Booked Thu / 00:30",NO 0 of 4,0 of 4,NO,NO,NO,NO
R-336,"Pool / Tue / 18:00 / Tue 04:10
Pool / Sat / 11:00 / Sat 03:45
Pool / Sun / 17:00 / Sun 08:05","Clubhouse / Sat / 17:00
Nudge Fri / 20:20","Pool / Sat / 14:00
Booked Thu / 00:50",NO 1 of 4,1 of 4,NO,YES,NO,NO
R-215,"Gym / Mon / 21:00 / Sat 21:00
Badminton / Mon / 19:00 / Sun 06:50
Badminton / Mon / 17:00 / Sun 12:05","Badminton / Thu / 19:00
Nudge Thu / 00:00","Badminton / Fri / 18:00
Booked Thu / 01:00",NO 1 of 4,1 of 4,YES,NO,NO,NO
R-447,"Badminton / Sun / 19:00 / Sun 02:35
Badminton / Sat / 20:00 / Fri 22:50
Badminton / Tue / 10:00 / Mon 16:05","Gym / Thu / 20:00
Nudge Thu / 02:30","Tennis / Thu / 21:00
Booked Thu / 01:05",NO 1 of 4,1 of 4,NO,YES,NO,NO
R-281,"Badminton / Wed / 18:00 / Tue 23:00
Gym / Sat / 20:00 / Sat 04:20
Tennis / Tue / 19:00 / Mon 22:40","Badminton / Thu / 20:00
Nudge Thu / 01:15","Gym / Thu / 18:00
Booked Thu / 01:05",NO 2 of 4,2 of 4,NO,YES,NO,YES
R-144,"Pool / Wed / 08:00 / Tue 08:05
Gym / Wed / 06:00 / Tue 12:45
Pool / Thu / 07:00 / Wed 15:35","Gym / Thu / 08:00
Nudge Thu / 02:25","Pool / Thu / 06:00
Booked Thu / 01:20",NO 1 of 4,1 of 4,NO,YES,NO,NO
R-263,"Gym / Mon / 06:00 / Sun 23:35
Tennis / Thu / 12:00 / Wed 16:15
Pool / Fri / 06:00 / Thu 00:30","Gym / Thu / 07:00
Nudge Thu / 01:35","Gym / Thu / 08:00
Booked Thu / 01:40",NO 3 of 4,3 of 4,YES,YES,NO,YES
R-366,"Gym / Mon / 07:00 / Sun 04:10
Gym / Mon / 08:00 / Sun 20:40
Gym / Wed / 08:00 / Mon 08:45","Gym / Thu / 08:00
Nudge Thu / 00:10","Gym / Thu / 13:00
Booked Thu / 01:45",NO 2 of 4,2 of 4,YES,YES,NO,NO
R-271,"Pool / Fri / 07:00 / Thu 17:00
Gym / Tue / 06:00 / Mon 17:55
Tennis / Wed / 06:00 / Mon 19:55","Gym / Thu / 08:00
Nudge Thu / 03:25","Gym / Thu / 06:00
Booked Thu / 02:00",NO 2 of 4,2 of 4,YES,YES,NO,NO
R-228,"Badminton / Tue / 18:00 / Mon 21:05
Badminton / Thu / 08:00 / Wed 13:55
Gym / Wed / 20:00 / Wed 15:55","Badminton / Thu / 20:00
Nudge Thu / 03:20","Pool / Thu / 20:00
Booked Thu / 02:00",NO 2 of 4,2 of 4,NO,YES,YES,NO
R-227,"Pool / Sat / 21:00 / Fri 23:35
Badminton / Mon / 18:00 / Sun 20:45
Tennis / Wed / 18:00 / Wed 05:05","Badminton / Thu / 18:00
Nudge Thu / 02:50","Badminton / Fri / 19:00
Booked Thu / 02:15",NO 1 of 4,1 of 4,YES,NO,NO,NO
R-401,"Tennis / Fri / 08:00 / Thu 03:45
Gym / Mon / 13:00 / Sun 20:10
Gym / Wed / 06:00 / Tue 12:25","Gym / Thu / 08:00
Nudge Thu / 03:25","Gym / Thu / 08:00
Booked Thu / 02:15",NO 3 of 4,3 of 4,YES,YES,YES,NO
R-318,"Badminton / Tue / 08:00 / Mon 05:20
Pool / Fri / 07:00 / Thu 20:15
Pool / Thu / 17:00 / Wed 14:50","Gym / Thu / 19:00
Nudge Thu / 03:25","Pool / Thu / 08:00
Booked Thu / 02:35",NO 2 of 4,2 of 4,NO,YES,NO,YES
R-122,"Pool / Fri / 08:00 / Thu 22:50
Badminton / Wed / 11:00 / Tue 17:30
Pool / Thu / 19:00 / Tue 21:25","Gym / Thu / 08:00
Nudge Thu / 01:25","Clubhouse / Fri / 19:00
Booked Thu / 02:40",NO 0 of 4,0 of 4,NO,NO,NO,NO
R-437,"Gym / Tue / 19:00 / Tue 08:55
Badminton / Wed / 20:00 / Tue 19:10
Gym / Thu / 20:00 / Wed 04:40","Gym / Thu / 18:00
Nudge Thu / 03:00","Pool / Thu / 19:00
Booked Thu / 03:50",NO 2 of 4,2 of 4,NO,YES,NO,YES
R-414,"Gym / Mon / 08:00 / Sun 09:00
Pool / Mon / 19:00 / Sun 16:00
Pool / Wed / 19:00 / Wed 08:50","Gym / Thu / 08:00
Nudge Thu / 00:10","Tennis / Fri / 19:00
Booked Thu / 04:10",NO 0 of 4,0 of 4,NO,NO,NO,NO
R-260,"Tennis / Fri / 21:00 / Thu 12:20
Badminton / Tue / 13:00 / Tue 03:50
Tennis / Sat / 20:00 / Fri 23:55","Badminton / Thu / 20:00
Nudge Thu / 04:40","Gym / Thu / 19:00
Booked Thu / 04:10",NO 2 of 4,2 of 4,NO,YES,NO,YES
R-334,"Gym / Wed / 21:00 / Mon 21:00
Gym / Sat / 19:00 / Fri 17:15
Gym / Tue / 19:00 / Mon 23:35","Gym / Thu / 18:00
Nudge Thu / 03:05","Badminton / Fri / 19:00
Booked Thu / 04:15",NO 0 of 4,0 of 4,NO,NO,NO,NO
R-119,"Gym / Mon / 07:00 / Sun 20:10
Tennis / Tue / 08:00 / Tue 00:15
Gym / Wed / 06:00 / Tue 09:45","Gym / Thu / 08:00
Nudge Thu / 04:10","Gym / Fri / 06:00
Booked Thu / 04:30",NO 1 of 4,1 of 4,YES,NO,NO,NO
R-182,"Pool / Thu / 10:00 / Wed 20:25
Gym / Sun / 20:00 / Sun 06:25
Gym / Mon / 19:00 / Mon 07:15","Gym / Thu / 18:00
Nudge Thu / 06:10","Gym / Thu / 19:00
Booked Thu / 05:15",NO 3 of 4,3 of 4,YES,YES,NO,YES
R-418,"Gym / Tue / 15:00 / Tue 04:35
Gym / Fri / 07:00 / Thu 16:15
Gym / Mon / 08:00 / Sat 08:00","Gym / Thu / 08:00
Nudge Thu / 02:05","Tennis / Fri / 08:00
Booked Thu / 05:25",NO 1 of 4,1 of 4,NO,NO,YES,NO
R-339,"Clubhouse / Tue / 21:00 / Mon 15:05
Tennis / Fri / 06:00 / Tue 13:40
Tennis / Fri / 06:00 / Mon 22:30","Gym / Fri / 07:00
Nudge Thu / 08:55","Gym / Thu / 20:00
Booked Thu / 06:20",NO 1 of 4,1 of 4,YES,NO,NO,NO
R-397,"Badminton / Sun / 21:00 / Sat 08:05
Pool / Mon / 18:00 / Sun 16:00
Pool / Thu / 20:00 / Wed 13:10","Pool / Thu / 18:00
Nudge Thu / 06:55","Badminton / Fri / 21:00
Booked Thu / 06:45",NO 0 of 4,0 of 4,NO,NO,NO,NO
R-225,"Tennis / Wed / 08:00 / Fri 08:15
Gym / Tue / 19:00 / Mon 22:55
Tennis / Wed / 13:00 / Mon 23:50","Gym / Thu / 08:00
Nudge Wed / 12:00","Pool / Fri / 08:00
Booked Thu / 07:45",NO 1 of 4,1 of 4,NO,NO,YES,NO
R-430,"Gym / Sun / 19:00 / Sun 11:50
Pool / Tue / 20:00 / Mon 16:20
Badminton / Tue / 19:00 / Mon 20:20","Badminton / Thu / 18:00
Nudge Thu / 02:00","Gym / Thu / 19:00
Booked Thu / 07:45",NO 1 of 4,1 of 4,NO,YES,NO,NO
R-250,"Gym / Wed / 07:00 / Tue 15:40
Gym / Fri / 07:00 / Thu 05:25
Gym / Tue / 06:00 / Mon 17:35","Gym / Thu / 08:00
Nudge Wed / 12:25","Pool / Fri / 07:00
Booked Thu / 07:50",NO 0 of 4,0 of 4,NO,NO,NO,NO
R-306,"Tennis / Mon / 19:00 / Sun 06:55
Pool / Wed / 19:00 / Tue 08:15
Tennis / Thu / 06:00 / Tue 16:30","Gym / Fri / 08:00
Nudge Thu / 12:40","Pool / Thu / 19:00
Booked Thu / 08:20",NO 0 of 4,0 of 4,NO,NO,NO,NO
R-272,"Gym / Mon / 18:00 / Sun 22:20
Gym / Tue / 20:00 / Mon 21:20
Badminton / Tue / 18:00 / Tue 06:45","Pool / Thu / 20:00
Nudge Thu / 06:50","Badminton / Fri / 21:00
Booked Thu / 08:35",NO 0 of 4,0 of 4,NO,NO,NO,NO
R-307,"Tennis / Mon / 07:00 / Fri 13:25
Pool / Sun / 19:00 / Fri 19:20
Pool / Thu / 07:00 / Wed 12:10","Pool / Fri / 18:00
Nudge Fri / 06:50","Pool / Fri / 19:00
Booked Thu / 08:35",NO 2 of 4,2 of 4,YES,YES,NO,NO
R-155,"Gym / Mon / 10:00 / Sun 06:40
Tennis / Tue / 08:00 / Mon 08:50
Gym / Wed / 06:00 / Mon 18:50","Gym / Fri / 08:00
Nudge Thu / 11:30","Gym / Fri / 06:00
Booked Thu / 09:05",NO 2 of 4,2 of 4,YES,YES,NO,NO
R-141,"Badminton / Mon / 18:00 / Sun 23:30
Tennis / Tue / 08:00 / Sun 23:15
Pool / Tue / 12:00 / Mon 21:10","Pool / Fri / 18:00
Nudge Fri / 04:45","Pool / Thu / 18:00
Booked Thu / 09:20",NO 2 of 4,2 of 4,YES,NO,YES,NO
R-441,"Pool / Sat / 10:00 / Fri 11:30
Badminton / Sat / 20:00 / Sat 04:20
Gym / Wed / 20:00 / Wed 13:40","Gym / Thu / 20:00
Nudge Thu / 09:40","Badminton / Fri / 20:00
Booked Thu / 09:35",NO 1 of 4,1 of 4,NO,NO,YES,NO
R-103,"Clubhouse / Sat / 11:00 / Mon 07:30
Pool / Sat / 06:00 / Wed 06:50
Pool / Mon / 10:00 / Mon 00:00","Clubhouse / Sat / 18:00
Nudge Fri / 23:10","Clubhouse / Sun / 17:00
Booked Thu / 10:05",NO 1 of 4,1 of 4,YES,NO,NO,NO
R-154,"Badminton / Fri / 19:00 / Fri 11:05
Badminton / Fri / 18:00 / Fri 02:45
Pool / Wed / 19:00 / Tue 01:00","Gym / Thu / 18:00
Nudge Thu / 10:30","Pool / Thu / 19:00
Booked Thu / 10:20",NO 2 of 4,2 of 4,NO,YES,NO,YES
R-252,"Badminton / Wed / 21:00 / Wed 03:50
Tennis / Sat / 19:00 / Fri 23:55
Badminton / Wed / 19:00 / Tue 23:05","Gym / Thu / 20:00
Nudge Thu / 10:40","Gym / Thu / 21:00
Booked Thu / 10:25",NO 3 of 4,3 of 4,YES,YES,NO,YES
R-161,"Clubhouse / Sat / 11:00 / Fri 18:40
Clubhouse / Sat / 18:00 / Sat 03:25
Clubhouse / Sun / 14:00 / Sat 09:15","Clubhouse / Sat / 18:00
Nudge Fri / 22:40","Clubhouse / Sat / 18:00
Booked Thu / 10:30",NO 3 of 4,3 of 4,YES,YES,YES,NO
R-290,"Gym / Mon / 19:00 / Mon 05:50
Badminton / Fri / 08:00 / Wed 16:45
Gym / Mon / 19:00 / Sun 20:50","Gym / Thu / 20:00
Nudge Thu / 11:45","Badminton / Thu / 20:00
Booked Thu / 10:30",NO 2 of 4,2 of 4,NO,YES,YES,NO
R-417,"Pool / Sun / 08:00 / Sat 12:50
Pool / Sun / 14:00 / Sun 08:10
Pool / Sat / 15:00 / Sat 01:05","Pool / Sat / 15:00
Nudge Sat / 01:15","Gym / Thu / 16:00
Booked Thu / 10:30",NO 0 of 4,0 of 4,NO,NO,NO,NO
R-443,"Gym / Sat / 21:00 / Sat 11:30
Gym / Tue / 18:00 / Tue 04:15
Gym / Tue / 20:00 / Tue 06:00","Gym / Thu / 18:00
Nudge Thu / 11:50","Gym / Thu / 14:00
Booked Thu / 11:10",NO 3 of 4,3 of 4,YES,YES,NO,YES
R-360,"Tennis / Tue / 20:00 / Mon 10:25
Badminton / Thu / 20:00 / Thu 05:40
Gym / Fri / 20:00 / Fri 13:55","Gym / Thu / 18:00
Nudge Thu / 12:15","Gym / Thu / 18:00
Booked Thu / 11:35",YES 4 of 4,4 of 4,YES,YES,YES,YES
R-313,"Gym / Mon / 21:00 / Mon 06:55
Gym / Fri / 18:00 / Thu 00:20
Badminton / Tue / 21:00 / Tue 06:55","Badminton / Thu / 20:00
Nudge Thu / 02:40","Pool / Fri / 18:00
Booked Thu / 12:00",NO 0 of 4,0 of 4,NO,NO,NO,NO
R-296,"Badminton / Tue / 16:00 / Mon 23:20
Badminton / Thu / 20:00 / Wed 14:10
Badminton / Fri / 19:00 / Fri 00:45","Gym / Thu / 20:00
Nudge Thu / 11:00","Tennis / Thu / 18:00
Booked Thu / 12:55",NO 1 of 4,1 of 4,NO,YES,NO,NO
R-362,"Gym / Wed / 21:00 / Wed 15:50
Gym / Thu / 19:00 / Thu 11:00
Gym / Thu / 20:00 / Thu 13:00","Gym / Thu / 21:00
Nudge Thu / 14:45","Badminton / Thu / 21:00
Booked Thu / 13:00",NO 2 of 4,2 of 4,NO,YES,YES,NO
R-294,"Clubhouse / Fri / 11:00 / Wed 18:10
Pool / Sat / 06:00 / Thu 17:45","Gym / Sat / 16:00
Nudge Sat / 05:20","Clubhouse / Fri / 15:00
Booked Thu / 13:05",NO 0 of 4,0 of 4,NO,NO,NO,NO
R-249,"Gym / Wed / 18:00 / Tue 23:45
Gym / Wed / 16:00 / Wed 02:55
Gym / Wed / 21:00 / Wed 11:30","Gym / Thu / 21:00
Nudge Thu / 13:35","Pool / Thu / 18:00
Booked Thu / 13:25",NO 2 of 4,2 of 4,NO,YES,NO,YES
R-100,"Pool / Sat / 16:00 / Fri 10:35
Pool / Sun / 17:00 / Sat 04:55
Pool / Sun / 10:00 / Sat 18:25","Clubhouse / Sat / 17:00
Nudge Fri / 12:35","Pool / Sat / 14:00
Booked Thu / 13:30",NO 1 of 4,1 of 4,NO,YES,NO,NO
R-277,"Badminton / Tue / 21:00 / Mon 08:30
Badminton / Thu / 18:00 / Wed 01:10
Gym / Thu / 20:00 / Wed 18:50","Badminton / Fri / 18:00
Nudge Thu / 16:25","Badminton / Sat / 19:00
Booked Thu / 14:10",NO 1 of 4,1 of 4,YES,NO,NO,NO
R-105,"Pool / Tue / 08:00 / Sat 08:40
Gym / Wed / 06:00 / Tue 18:50
Pool / Wed / 08:00 / Tue 20:40","Gym / Fri / 08:00
Nudge Thu / 16:00","Badminton / Fri / 13:00
Booked Thu / 15:00",NO 1 of 4,1 of 4,NO,YES,NO,NO
R-179,"Badminton / Tue / 18:00 / Mon 21:15
Gym / Fri / 20:00 / Fri 14:15
Gym / Sat / 19:00 / Sat 14:50","Gym / Fri / 21:00
Nudge Fri / 16:20","Badminton / Thu / 21:00
Booked Thu / 15:10",NO 1 of 4,1 of 4,NO,NO,YES,NO
R-222,"Tennis / Thu / 18:00 / Wed 11:45
Pool / Tue / 20:00 / Mon 19:10
Badminton / Thu / 20:00 / Tue 20:20","Badminton / Fri / 20:00
Nudge Thu / 20:30","Badminton / Fri / 20:00
Booked Thu / 15:30",NO 3 of 4,3 of 4,YES,YES,YES,NO
R-418,"Gym / Fri / 07:00 / Thu 16:15
Gym / Mon / 08:00 / Sat 08:00
Tennis / Fri / 08:00 / Thu 05:25","Gym / Fri / 06:00
Nudge Thu / 15:40","Gym / Fri / 06:00
Booked Thu / 15:35",YES 4 of 4,4 of 4,YES,YES,YES,YES
R-331,"Gym / Thu / 21:00 / Tue 21:40
Badminton / Fri / 20:00 / Thu 02:05
Badminton / Mon / 20:00 / Sun 21:05","Gym / Thu / 20:00
Nudge Thu / 11:30","Gym / Thu / 21:00
Booked Thu / 15:50",NO 2 of 4,2 of 4,YES,YES,NO,NO
R-446,"Tennis / Fri / 06:00 / Thu 21:30
Gym / Sun / 06:00 / Sun 02:55
Gym / Tue / 06:00 / Mon 14:00","Gym / Fri / 08:00
Nudge Thu / 17:50","Pool / Fri / 06:00
Booked Thu / 17:15",NO 2 of 4,2 of 4,NO,YES,NO,YES
R-222,"Pool / Tue / 20:00 / Mon 19:10
Badminton / Thu / 20:00 / Tue 20:20
Badminton / Fri / 20:00 / Thu 15:30","Badminton / Fri / 20:00
Nudge Thu / 19:35","Badminton / Sat / 20:00
Booked Thu / 17:25",NO 2 of 4,2 of 4,YES,NO,YES,NO
R-221,"Pool / Tue / 07:00 / Mon 05:55
Gym / Mon / 12:00 / Mon 08:50
Pool / Wed / 09:00 / Wed 04:05","Gym / Fri / 08:00
Nudge Thu / 18:50","Pool / Fri / 08:00
Booked Thu / 18:15",NO 3 of 4,3 of 4,NO,YES,YES,YES
R-401,"Gym / Mon / 13:00 / Sun 20:10
Gym / Wed / 06:00 / Tue 12:25
Gym / Thu / 08:00 / Thu 02:15","Gym / Fri / 08:00
Nudge Thu / 18:45","Gym / Fri / 06:00
Booked Thu / 18:20",NO 3 of 4,3 of 4,YES,YES,NO,YES
R-116,"Gym / Fri / 07:00 / Thu 15:30
Pool / Tue / 07:00 / Tue 00:15
Gym / Mon / 22:00 / Mon 17:05","Gym / Fri / 08:00
Nudge Thu / 18:50","Gym / Fri / 07:00
Booked Thu / 18:20",NO 3 of 4,3 of 4,YES,YES,NO,YES
R-113,"Gym / Sat / 18:00 / Sat 10:15
Badminton / Sun / 10:00 / Sat 19:50
Pool / Sat / 16:00 / Sat 10:50","Clubhouse / Sat / 15:00
Nudge Fri / 15:20","Pool / Sat / 15:00
Booked Thu / 19:35",NO 2 of 4,2 of 4,NO,YES,YES,NO
R-114,"Tennis / Mon / 07:00 / Sun 16:30
Gym / Wed / 08:00 / Tue 19:45
Tennis / Wed / 08:00 / Tue 01:05","Gym / Fri / 08:00
Nudge Thu / 20:00","Gym / Fri / 07:00
Booked Thu / 19:50",NO 3 of 4,3 of 4,YES,YES,NO,YES
R-404,"Tennis / Mon / 19:00 / Sun 04:50
Badminton / Wed / 19:00 / Tue 02:40
Gym / Tue / 19:00 / Tue 16:55","Gym / Fri / 18:00
Nudge Thu / 21:35","Pool / Fri / 20:00
Booked Thu / 19:50",NO 1 of 4,1 of 4,NO,YES,NO,NO
R-386,"Pool / Sat / 14:00 / Sat 04:50
Pool / Sun / 18:00 / Sun 02:50
Pool / Fri / 20:00 / Fri 05:10","Clubhouse / Sat / 10:00
Nudge Fri / 17:50","Pool / Sat / 11:00
Booked Thu / 21:00",NO 1 of 4,1 of 4,NO,YES,NO,NO
R-182,"Gym / Sun / 20:00 / Sun 06:25
Gym / Mon / 19:00 / Mon 07:15
Gym / Thu / 19:00 / Thu 05:15","Gym / Fri / 18:00
Nudge Thu / 23:00","Badminton / Fri / 18:00
Booked Thu / 21:05",NO 2 of 4,2 of 4,NO,YES,YES,NO
R-208,"Gym / Fri / 21:00 / Fri 10:35
Badminton / Fri / 18:00 / Thu 14:50
Gym / Thu / 18:00 / Wed 23:10","Badminton / Fri / 20:00
Nudge Thu / 21:25","Badminton / Fri / 18:00
Booked Thu / 21:10",NO 3 of 4,3 of 4,YES,YES,NO,YES
R-428,"Gym / Fri / 07:00 / Fri 01:55
Pool / Sat / 07:00 / Fri 13:40
Pool / Wed / 08:00 / Tue 05:00","Gym / Fri / 06:00
Nudge Thu / 21:40","Gym / Fri / 06:00
Booked Thu / 21:10",YES 4 of 4,4 of 4,YES,YES,YES,YES
R-335,"Gym / Wed / 21:00 / Wed 15:25
Badminton / Sat / 18:00 / Fri 16:50
Badminton / Wed / 19:00 / Tue 01:30","Badminton / Fri / 18:00
Nudge Thu / 21:10","Badminton / Fri / 20:00
Booked Thu / 21:20",NO 3 of 4,3 of 4,YES,YES,NO,YES
R-155,"Tennis / Tue / 08:00 / Mon 08:50
Gym / Wed / 06:00 / Mon 18:50
Gym / Fri / 06:00 / Thu 09:05","Gym / Fri / 06:00
Nudge Thu / 21:05","Gym / Fri / 07:00
Booked Thu / 21:35",NO 3 of 4,3 of 4,YES,YES,NO,YES
R-106,"Pool / Fri / 19:00 / Fri 07:55
Pool / Wed / 08:00 / Tue 08:15
Tennis / Sun / 08:00 / Wed 14:45","Gym / Fri / 18:00
Nudge Thu / 22:30","Gym / Fri / 22:00
Booked Thu / 21:50",NO 3 of 4,3 of 4,YES,YES,NO,YES
R-371,"Pool / Wed / 07:00 / Tue 20:30
Gym / Thu / 08:00 / Wed 23:15
Gym / Thu / 06:00 / Thu 00:20","Gym / Fri / 08:00
Nudge Thu / 22:05","Gym / Fri / 06:00
Booked Thu / 21:55",NO 3 of 4,3 of 4,YES,YES,NO,YES
R-113,"Badminton / Sun / 10:00 / Sat 19:50
Pool / Sat / 16:00 / Sat 10:50
Pool / Sat / 15:00 / Thu 19:35","Clubhouse / Sun / 11:00
Nudge Sat / 19:10","Clubhouse / Sun / 14:00
Booked Thu / 22:05",NO 2 of 4,2 of 4,YES,YES,NO,NO
R-110,"Pool / Fri / 19:00 / Fri 10:30
Tennis / Tue / 19:00 / Mon 18:50
Tennis / Thu / 19:00 / Wed 16:50","Gym / Fri / 08:00
Nudge Thu / 22:50","Pool / Fri / 13:00
Booked Thu / 22:10",NO 2 of 4,2 of 4,NO,YES,NO,YES
R-423,"Tennis / Wed / 07:00 / Mon 15:15
Gym / Tue / 08:00 / Mon 22:30
Gym / Fri / 08:00 / Wed 19:10","Gym / Fri / 07:00
Nudge Thu / 22:05","Gym / Fri / 19:00
Booked Thu / 22:10",NO 3 of 4,3 of 4,YES,YES,NO,YES
R-312,"Pool / Sat / 17:00 / Fri 01:50
Pool / Sun / 15:00 / Sat 16:40
Gym / Sun / 17:00 / Sat 18:20","Pool / Sat / 11:00
Nudge Fri / 20:30","Clubhouse / Sat / 16:00
Booked Thu / 22:10",NO 1 of 4,1 of 4,NO,YES,NO,NO
R-401,"Gym / Wed / 06:00 / Tue 12:25
Gym / Thu / 08:00 / Thu 02:15
Gym / Fri / 06:00 / Thu 18:20","Gym / Fri / 08:00
Nudge Thu / 23:10","Gym / Fri / 07:00
Booked Thu / 22:15",NO 3 of 4,3 of 4,YES,YES,NO,YES
R-372,"Gym / Wed / 06:00 / Mon 18:10
Gym / Mon / 07:00 / Sun 07:50
Gym / Thu / 07:00 / Wed 18:45","Gym / Fri / 06:00
Nudge Thu / 21:55","Gym / Fri / 06:00
Booked Thu / 22:20",YES 4 of 4,4 of 4,YES,YES,YES,YES
R-401,"Gym / Thu / 08:00 / Thu 02:15
Gym / Fri / 06:00 / Thu 18:20
Gym / Fri / 07:00 / Thu 22:15","Gym / Fri / 08:00
Nudge Thu / 23:20","Gym / Fri / 09:00
Booked Thu / 22:20",NO 2 of 4,2 of 4,YES,YES,NO,NO
R-424,"Tennis / Thu / 07:00 / Wed 22:30
Gym / Tue / 07:00 / Tue 00:20
Gym / Thu / 08:00 / Wed 14:10","Gym / Fri / 06:00
Nudge Thu / 22:55","Gym / Fri / 07:00
Booked Thu / 22:50",NO 3 of 4,3 of 4,YES,YES,NO,YES
R-337,"Pool / Sun / 17:00 / Sat 17:55
Pool / Sun / 10:00 / Sat 20:15
Gym / Sun / 16:00 / Sat 20:05","Clubhouse / Sat / 10:00
Nudge Fri / 16:05","Clubhouse / Fri / 20:00
Booked Thu / 23:10",NO 1 of 4,1 of 4,YES,NO,NO,NO
R-386,"Pool / Sun / 18:00 / Sun 02:50
Pool / Fri / 20:00 / Fri 05:10
Pool / Sat / 11:00 / Thu 21:00","Pool / Sat / 15:00
Nudge Fri / 22:45","Pool / Fri / 10:00
Booked Thu / 23:15",NO 1 of 4,1 of 4,YES,NO,NO,NO
R-375,"Gym / Mon / 08:00 / Sun 18:40
Pool / Mon / 06:00 / Sun 06:30
Gym / Wed / 06:00 / Tue 20:10","Gym / Fri / 08:00
Nudge Fri / 00:30","Pool / Fri / 15:00
Booked Thu / 23:20",NO 1 of 4,1 of 4,NO,YES,NO,NO
R-243,"Badminton / Mon / 20:00 / Sun 12:00
Tennis / Fri / 20:00 / Tue 18:35
Badminton / Thu / 11:00 / Thu 02:20","Pool / Fri / 19:00
Nudge Fri / 03:30","Tennis / Fri / 18:00
Booked Thu / 23:30",NO 1 of 4,1 of 4,NO,YES,NO,NO
R-350,"Pool / Fri / 15:00 / Fri 09:30
Clubhouse / Mon / 10:00 / Sun 04:30
Clubhouse / Sun / 14:00 / Wed 12:55","Clubhouse / Sat / 11:00
Nudge Fri / 18:35","Clubhouse / Sat / 20:00
Booked Thu / 23:55",NO 2 of 4,2 of 4,YES,YES,NO,NO
R-394,"Pool / Sat / 10:00 / Fri 23:40
Pool / Sat / 18:00 / Fri 13:55
Pool / Sat / 11:00 / Fri 14:45","Pool / Sat / 16:00
Nudge Sat / 00:55","Pool / Sat / 15:00
Booked Fri / 00:00",NO 2 of 4,2 of 4,YES,YES,NO,NO
R-146,"Gym / Mon / 19:00 / Mon 15:15
Gym / Wed / 18:00 / Wed 02:55
Gym / Wed / 19:00 / Wed 09:05","Badminton / Fri / 20:00
Nudge Fri / 00:30","Badminton / Fri / 21:00
Booked Fri / 00:15",NO 3 of 4,3 of 4,YES,YES,NO,YES
R-329,"Gym / Fri / 13:00 / Fri 03:45
Gym / Tue / 06:00 / Mon 02:05
Gym / Wed / 08:00 / Tue 12:30","Gym / Fri / 07:00
Nudge Fri / 00:20","Gym / Fri / 18:00
Booked Fri / 01:00",NO 3 of 4,3 of 4,YES,YES,NO,YES
R-174,"Gym / Tue / 06:00 / Mon 11:35
Gym / Thu / 07:00 / Wed 21:50
Pool / Thu / 08:00 / Thu 00:15","Gym / Fri / 08:00
Nudge Fri / 02:30","Gym / Fri / 06:00
Booked Fri / 01:05",NO 2 of 4,2 of 4,YES,YES,NO,NO
R-253,"Tennis / Wed / 06:00 / Tue 13:10
Gym / Wed / 09:00 / Tue 19:15
Gym / Thu / 07:00 / Wed 21:25","Gym / Fri / 08:00
Nudge Fri / 00:55","Gym / Fri / 08:00
Booked Fri / 01:35",YES 4 of 4,4 of 4,YES,YES,YES,YES
R-435,"Pool / Tue / 15:00 / Mon 18:20
Clubhouse / Sun / 18:00 / Thu 15:30
Clubhouse / Sat / 11:00 / Wed 15:00","Pool / Sat / 18:00
Nudge Sat / 02:05","Clubhouse / Sat / 10:00
Booked Fri / 01:45",NO 1 of 4,1 of 4,NO,YES,NO,NO
R-105,"Gym / Wed / 06:00 / Tue 18:50
Pool / Wed / 08:00 / Tue 20:40
Badminton / Fri / 13:00 / Thu 15:00","Gym / Fri / 08:00
Nudge Fri / 01:00","Gym / Fri / 08:00
Booked Fri / 01:50",YES 4 of 4,4 of 4,YES,YES,YES,YES
R-365,"Pool / Sat / 19:00 / Fri 20:30
Gym / Mon / 18:00 / Mon 10:05
Badminton / Thu / 21:00 / Wed 07:10","Gym / Fri / 20:00
Nudge Fri / 02:00","Gym / Fri / 19:00
Booked Fri / 02:00",NO 3 of 4,3 of 4,YES,YES,NO,YES
R-286,"Gym / Thu / 20:00 / Tue 22:15
Badminton / Thu / 22:00 / Wed 03:35
Badminton / Thu / 18:00 / Wed 20:35","Badminton / Fri / 20:00
Nudge Fri / 02:20","Gym / Fri / 11:00
Booked Fri / 02:10",NO 2 of 4,2 of 4,NO,YES,NO,YES
R-248,"Tennis / Mon / 20:00 / Sat 21:30
Gym / Wed / 18:00 / Tue 21:30
Tennis / Thu / 18:00 / Wed 14:20","Badminton / Fri / 18:00
Nudge Fri / 02:40","Pool / Fri / 20:00
Booked Fri / 02:55",NO 2 of 4,2 of 4,NO,YES,NO,YES
R-434,"Tennis / Tue / 08:00 / Sun 20:05
Tennis / Thu / 08:00 / Tue 08:05
Gym / Thu / 06:00 / Wed 08:00","Gym / Fri / 08:00
Nudge Fri / 01:05","Gym / Fri / 08:00
Booked Fri / 03:05",NO 3 of 4,3 of 4,YES,YES,YES,NO
R-447,"Badminton / Sat / 20:00 / Fri 22:50
Badminton / Tue / 10:00 / Mon 16:05
Tennis / Thu / 21:00 / Thu 01:05","Gym / Fri / 18:00
Nudge Fri / 03:15","Pool / Fri / 20:00
Booked Fri / 03:10",NO 2 of 4,2 of 4,NO,YES,NO,YES
R-448,"Badminton / Mon / 18:00 / Sun 21:40
Tennis / Tue / 20:00 / Mon 16:20
Gym / Wed / 19:00 / Tue 14:35","Gym / Fri / 18:00
Nudge Fri / 02:35","Pool / Fri / 20:00
Booked Fri / 03:15",NO 2 of 4,2 of 4,NO,YES,NO,YES
R-370,"Gym / Fri / 07:00 / Thu 09:05
Badminton / Mon / 08:00 / Sun 18:35
Gym / Tue / 07:00 / Sun 23:15","Gym / Fri / 08:00
Nudge Fri / 01:25","Gym / Fri / 21:00
Booked Fri / 03:30",NO 2 of 4,2 of 4,YES,YES,NO,NO
R-211,"Pool / Sat / 16:00 / Sat 03:35
Pool / Sat / 21:00 / Fri 16:55
Pool / Sun / 15:00 / Sun 05:00","Clubhouse / Sat / 15:00
Nudge Fri / 23:20","Pool / Sun / 11:00
Booked Fri / 03:45",NO 0 of 4,0 of 4,NO,NO,NO,NO
R-225,"Gym / Tue / 19:00 / Mon 22:55
Tennis / Wed / 13:00 / Mon 23:50
Pool / Fri / 08:00 / Thu 07:45","Gym / Fri / 08:00
Nudge Fri / 01:40","Pool / Fri / 19:00
Booked Fri / 03:50",NO 1 of 4,1 of 4,NO,YES,NO,NO
R-139,"Pool / Tue / 19:00 / Tue 01:05
Gym / Wed / 19:00 / Tue 18:45
Pool / Fri / 19:00 / Wed 07:10","Gym / Fri / 18:00
Nudge Fri / 05:20","Tennis / Tue / 19:00
Booked Fri / 04:20",NO 0 of 4,0 of 4,NO,NO,NO,NO
R-280,"Pool / Sat / 17:00 / Fri 12:40
Gym / Mon / 07:00 / Mon 00:00
Tennis / Sun / 18:00 / Wed 06:50","Gym / Sat / 18:00
Nudge Sat / 04:55","Pool / Fri / 12:00
Booked Fri / 04:25",NO 0 of 4,0 of 4,NO,NO,NO,NO
R-163,"Gym / Thu / 06:00 / Wed 23:00
Gym / Thu / 06:00 / Thu 00:05
Gym / Mon / 08:00 / Sun 22:55","Gym / Fri / 08:00
Nudge Fri / 04:00","Gym / Fri / 08:00
Booked Fri / 04:30",YES 4 of 4,4 of 4,YES,YES,YES,YES
R-231,"Badminton / Mon / 20:00 / Mon 12:55
Badminton / Tue / 10:00 / Mon 12:35
Badminton / Sat / 19:00 / Thu 16:55","Badminton / Fri / 21:00
Nudge Fri / 05:00","Gym / Fri / 14:00
Booked Fri / 04:35",NO 2 of 4,2 of 4,NO,YES,NO,YES
R-291,"Clubhouse / Sun / 20:00 / Sun 00:00
Pool / Sun / 18:00 / Sun 10:20
Clubhouse / Sun / 14:00 / Tue 20:45","Pool / Sat / 17:00
Nudge Sat / 03:10","Pool / Sat / 18:00
Booked Fri / 04:50",NO 2 of 4,2 of 4,YES,YES,NO,NO
R-416,"Pool / Mon / 11:00 / Sat 01:45
Clubhouse / Sat / 10:00 / Wed 10:05
Clubhouse / Sun / 14:00 / Sun 02:45","Pool / Sat / 10:00
Nudge Fri / 23:50","Pool / Sat / 15:00
Booked Fri / 04:55",NO 2 of 4,2 of 4,YES,YES,NO,NO
R-191,"Pool / Sun / 10:00 / Sun 00:15
Pool / Sun / 16:00 / Sun 01:50
Clubhouse / Sun / 14:00 / Sun 14:25","Pool / Sat / 11:00
Nudge Sat / 00:40","Pool / Sun / 07:00
Booked Fri / 05:40",NO 1 of 4,1 of 4,YES,NO,NO,NO
R-357,"Tennis / Sun / 17:00 / Sun 05:50
Badminton / Fri / 17:00 / Fri 00:25
Gym / Thu / 20:00 / Thu 05:10","Gym / Fri / 21:00
Nudge Fri / 08:15","Badminton / Fri / 17:00
Booked Fri / 06:25",NO 1 of 4,1 of 4,NO,YES,NO,NO
R-265,"Badminton / Wed / 08:00 / Tue 14:20
Gym / Mon / 19:00 / Sun 21:10
Gym / Tue / 18:00 / Tue 02:45","Gym / Fri / 18:00
Nudge Fri / 06:55","Badminton / Sat / 07:00
Booked Fri / 06:50",NO 0 of 4,0 of 4,NO,NO,NO,NO
R-401,"Gym / Fri / 06:00 / Thu 18:20
Gym / Fri / 07:00 / Thu 22:15
Gym / Fri / 09:00 / Thu 22:20","Gym / Fri / 08:00
Nudge Thu / 12:35","Pool / Sat / 08:00
Booked Fri / 07:10",NO 1 of 4,1 of 4,NO,NO,YES,NO
R-384,"Pool / Wed / 15:00 / Tue 04:35
Pool / Sun / 17:00 / Fri 07:30
Pool / Sat / 10:00 / Fri 22:25","Clubhouse / Sat / 16:00
Nudge Fri / 15:25","Pool / Sat / 10:00
Booked Fri / 07:55",NO 1 of 4,1 of 4,NO,YES,NO,NO
R-244,"Pool / Sat / 20:00 / Fri 23:35
Gym / Tue / 20:00 / Tue 01:00
Gym / Thu / 20:00 / Wed 18:20","Gym / Fri / 20:00
Nudge Fri / 07:30","Badminton / Sat / 18:00
Booked Fri / 07:55",NO 0 of 4,0 of 4,NO,NO,NO,NO
R-440,"Gym / Wed / 08:00 / Tue 19:10
Gym / Thu / 07:00 / Wed 18:40
Gym / Wed / 06:00 / Tue 19:05","Gym / Fri / 06:00
Nudge Thu / 08:40","Tennis / Sat / 08:00
Booked Fri / 08:00",NO 0 of 4,0 of 4,NO,NO,NO,NO
R-156,"Gym / Thu / 08:00 / Wed 22:10
Gym / Wed / 07:00 / Wed 00:05
Gym / Thu / 07:00 / Wed 23:45","Gym / Fri / 06:00
Nudge Thu / 08:40","Gym / Fri / 12:00
Booked Fri / 08:15",NO 2 of 4,2 of 4,YES,YES,NO,NO
R-321,"Pool / Fri / 15:00 / Fri 10:05
Pool / Sun / 16:00 / Sun 10:00","Pool / Fri / 12:00
Nudge Fri / 00:10","Clubhouse / Sun / 15:00
Booked Fri / 08:15",NO 0 of 4,0 of 4,NO,NO,NO,NO
R-356,"Pool / Sat / 18:00 / Thu 05:00
Pool / Sat / 11:00 / Fri 07:15
Pool / Sat / 16:00 / Fri 09:10","Pool / Sat / 16:00
Nudge Sat / 02:40","Clubhouse / Sun / 10:00
Booked Fri / 08:20",NO 0 of 4,0 of 4,NO,NO,NO,NO
R-279,"Pool / Fri / 07:00 / Tue 07:30
Pool / Thu / 08:00 / Wed 20:15
Gym / Thu / 19:00 / Wed 21:20","Gym / Fri / 08:00
Nudge Thu / 11:15","Pool / Mon / 08:00
Booked Fri / 08:40",NO 1 of 4,1 of 4,NO,NO,YES,NO
R-268,"Pool / Sun / 08:00 / Sat 20:20
Tennis / Wed / 15:00 / Tue 10:20
Pool / Wed / 19:00 / Wed 11:45","Pool / Fri / 19:00
Nudge Fri / 10:10","Pool / Sat / 07:00
Booked Fri / 08:45",NO 1 of 4,1 of 4,YES,NO,NO,NO
R-158,"Pool / Sat / 16:00 / Sat 03:55
Pool / Sun / 18:00 / Sun 04:10
Pool / Sun / 15:00 / Sat 01:25","Pool / Sat / 14:00
Nudge Sat / 00:20","Pool / Sat / 16:00
Booked Fri / 08:55",NO 2 of 4,2 of 4,YES,YES,NO,NO
R-435,"Clubhouse / Sun / 18:00 / Thu 15:30
Clubhouse / Sat / 11:00 / Wed 15:00
Clubhouse / Sat / 10:00 / Fri 01:45","Clubhouse / Sat / 18:00
Nudge Sat / 00:35","Pool / Sun / 10:00
Booked Fri / 09:25",NO 0 of 4,0 of 4,NO,NO,NO,NO
R-281,"Gym / Sat / 20:00 / Sat 04:20
Tennis / Tue / 19:00 / Mon 22:40
Gym / Thu / 18:00 / Thu 01:05","Badminton / Fri / 20:00
Nudge Fri / 08:40","Badminton / Sat / 20:00
Booked Fri / 09:25",NO 2 of 4,2 of 4,YES,NO,YES,NO
R-149,"Badminton / Sat / 21:00 / Sat 07:20
Tennis / Tue / 19:00 / Tue 11:40
Pool / Wed / 20:00 / Wed 16:00","Gym / Fri / 18:00
Nudge Fri / 11:30","Pool / Fri / 18:00
Booked Fri / 09:30",NO 2 of 4,2 of 4,NO,YES,YES,NO
R-108,"Hall / Sun / 15:00 / Tue 16:45
Hall / Sat / 18:00 / Tue 01:25
Clubhouse / Sun / 15:00 / Sat 23:30","Clubhouse / Sat / 11:00
Nudge Fri / 09:40","Hall / Sun / 11:00
Booked Fri / 09:55",NO 1 of 4,1 of 4,NO,NO,YES,NO
R-203,"Pool / Mon / 08:00 / Sun 23:35
Tennis / Wed / 07:00 / Tue 16:25
Tennis / Thu / 08:00 / Wed 02:10","Gym / Fri / 07:00
Nudge Thu / 11:55","Tennis / Sat / 08:00
Booked Fri / 10:20",NO 0 of 4,0 of 4,NO,NO,NO,NO
R-406,"Clubhouse / Sat / 16:00 / Wed 20:45
Pool / Sat / 17:00 / Thu 01:15
Pool / Sat / 17:00 / Sat 04:25","Clubhouse / Sat / 10:00
Nudge Fri / 07:40","Pool / Sat / 15:00
Booked Fri / 10:35",NO 1 of 4,1 of 4,NO,YES,NO,NO
R-276,"Pool / Sun / 06:00 / Sat 14:50
Clubhouse / Sun / 17:00 / Tue 14:25
Pool / Fri / 16:00 / Wed 21:00","Pool / Sat / 15:00
Nudge Sat / 02:50","Clubhouse / Sun / 16:00
Booked Fri / 10:45",NO 0 of 4,0 of 4,NO,NO,NO,NO
R-252,"Tennis / Sat / 19:00 / Fri 23:55
Badminton / Wed / 19:00 / Tue 23:05
Gym / Thu / 21:00 / Thu 10:25","Gym / Fri / 18:00
Nudge Fri / 11:50","Pool / Sat / 19:00
Booked Fri / 11:00",NO 0 of 4,0 of 4,NO,NO,NO,NO
R-145,"Gym / Sun / 06:00 / Sat 07:05
Gym / Wed / 07:00 / Tue 03:20
Tennis / Fri / 09:00 / Wed 15:15","Gym / Sat / 08:00
Nudge Fri / 12:40","Gym / Fri / 22:00
Booked Fri / 11:10",NO 1 of 4,1 of 4,YES,NO,NO,NO
R-257,"Gym / Tue / 20:00 / Tue 03:15
Badminton / Wed / 21:00 / Wed 02:45
Pool / Wed / 20:00 / Wed 13:05","Pool / Fri / 18:00
Nudge Fri / 09:05","Badminton / Sat / 21:00
Booked Fri / 11:35",NO 0 of 4,0 of 4,NO,NO,NO,NO
R-239,"Pool / Tue / 20:00 / Mon 21:35
Tennis / Sat / 19:00 / Sat 01:25
Badminton / Sat / 21:00 / Sat 11:45","Gym / Fri / 20:00
Nudge Fri / 11:40","Badminton / Fri / 18:00
Booked Fri / 11:40",NO 2 of 4,2 of 4,NO,YES,NO,YES
R-219,"Pool / Wed / 21:00 / Wed 11:50
Pool / Thu / 18:00 / Wed 12:35
Pool / Sat / 20:00 / Wed 20:55","Badminton / Fri / 18:00
Nudge Thu / 21:15","Tennis / Sat / 21:00
Booked Fri / 11:45",NO 0 of 4,0 of 4,NO,NO,NO,NO
R-128,"Badminton / Mon / 17:00 / Mon 06:25
Badminton / Tue / 21:00 / Tue 10:40
Badminton / Tue / 18:00 / Mon 15:15","Gym / Fri / 20:00
Nudge Fri / 12:20","Gym / Fri / 18:00
Booked Fri / 11:55",NO 3 of 4,3 of 4,YES,YES,NO,YES
R-101,"Badminton / Fri / 19:00 / Fri 06:50
Pool / Mon / 19:00 / Sun 20:35
Badminton / Fri / 11:00 / Tue 23:30","Gym / Fri / 18:00
Nudge Fri / 11:25","Tennis / Sat / 12:00
Booked Fri / 12:25",NO 0 of 4,0 of 4,NO,NO,NO,NO
R-139,"Gym / Wed / 19:00 / Tue 18:45
Pool / Fri / 19:00 / Wed 07:10
Tennis / Tue / 19:00 / Fri 04:20","Gym / Fri / 18:00
Nudge Fri / 12:05","Tennis / Sat / 19:00
Booked Fri / 12:30",NO 0 of 4,0 of 4,NO,NO,NO,NO
R-253,"Gym / Wed / 09:00 / Tue 19:15
Gym / Thu / 07:00 / Wed 21:25
Gym / Fri / 08:00 / Fri 01:35","Gym / Sat / 08:00
Nudge Fri / 12:45","Badminton / Sat / 07:00
Booked Fri / 12:55",NO 2 of 4,2 of 4,NO,YES,NO,YES
R-365,"Gym / Mon / 18:00 / Mon 10:05
Badminton / Thu / 21:00 / Wed 07:10
Gym / Fri / 19:00 / Fri 02:00","Gym / Fri / 18:00
Nudge Fri / 06:40","Tennis / Sat / 18:00
Booked Fri / 14:05",NO 1 of 4,1 of 4,NO,NO,YES,NO
R-286,"Badminton / Thu / 22:00 / Wed 03:35
Badminton / Thu / 18:00 / Wed 20:35
Gym / Fri / 11:00 / Fri 02:10","Gym / Fri / 20:00
Nudge Fri / 11:25","Badminton / Sun / 18:00
Booked Fri / 14:20",NO 0 of 4,0 of 4,NO,NO,NO,NO
R-214,"Pool / Sun / 17:00 / Sun 11:35
Pool / Sat / 16:00 / Sat 05:25
Pool / Tue / 18:00 / Tue 11:10","Pool / Sat / 10:00
Nudge Fri / 18:15","Pool / Sun / 14:00
Booked Fri / 14:20",NO 1 of 4,1 of 4,YES,NO,NO,NO
R-449,"Badminton / Fri / 19:00 / Thu 19:10
Pool / Sun / 12:00 / Fri 13:10
Clubhouse / Wed / 11:00 / Sun 04:45","Badminton / Sat / 18:00
Nudge Fri / 19:15","Pool / Sun / 08:00
Booked Fri / 14:20",NO 0 of 4,0 of 4,NO,NO,NO,NO
R-352,"Badminton / Sun / 21:00 / Sat 19:40
Badminton / Mon / 21:00 / Sun 13:45
Badminton / Sat / 19:00 / Fri 23:00","Badminton / Fri / 20:00
Nudge Thu / 21:40","Gym / Sat / 18:00
Booked Fri / 14:20",NO 0 of 4,0 of 4,NO,NO,NO,NO
R-140,"Pool / Fri / 16:00 / Thu 17:15
Badminton / Tue / 09:00 / Sun 06:55
Badminton / Sat / 06:00 / Fri 17:35","Gym / Fri / 18:00
Nudge Fri / 06:25","Gym / Fri / 21:00
Booked Fri / 14:30",NO 2 of 4,2 of 4,YES,YES,NO,NO
R-424,"Gym / Tue / 07:00 / Tue 00:20
Gym / Thu / 08:00 / Wed 14:10
Gym / Fri / 07:00 / Thu 22:50","Gym / Sat / 08:00
Nudge Fri / 15:30","Gym / Fri / 18:00
Booked Fri / 14:40",NO 2 of 4,2 of 4,YES,NO,NO,YES
R-279,"Pool / Thu / 08:00 / Wed 20:15
Gym / Thu / 19:00 / Wed 21:20
Pool / Mon / 08:00 / Fri 08:40","Gym / Fri / 08:00
Nudge Thu / 14:20","Pool / Sun / 08:00
Booked Fri / 14:50",NO 1 of 4,1 of 4,NO,NO,YES,NO
R-257,"Badminton / Wed / 21:00 / Wed 02:45
Pool / Wed / 20:00 / Wed 13:05
Badminton / Sat / 21:00 / Fri 11:35","Badminton / Sat / 21:00
Nudge Fri / 23:50","Badminton / Sun / 19:00
Booked Fri / 15:00",NO 1 of 4,1 of 4,YES,NO,NO,NO
R-447,"Badminton / Tue / 10:00 / Mon 16:05
Tennis / Thu / 21:00 / Thu 01:05
Pool / Fri / 20:00 / Fri 03:10","Gym / Fri / 18:00
Nudge Fri / 07:45","Badminton / Fri / 21:00
Booked Fri / 15:20",NO 1 of 4,1 of 4,NO,YES,NO,NO
R-362,"Gym / Thu / 19:00 / Thu 11:00
Gym / Thu / 20:00 / Thu 13:00
Badminton / Thu / 21:00 / Thu 13:00","Gym / Fri / 20:00
Nudge Fri / 13:05","Gym / Fri / 19:00
Booked Fri / 15:35",NO 2 of 4,2 of 4,YES,YES,NO,NO
R-155,"Gym / Wed / 06:00 / Mon 18:50
Gym / Fri / 06:00 / Thu 09:05
Gym / Fri / 07:00 / Thu 21:35","Gym / Sat / 07:00
Nudge Fri / 15:05","Pool / Mon / 08:00
Booked Fri / 15:40",NO 0 of 4,0 of 4,NO,NO,NO,NO
R-251,"Gym / Mon / 07:00 / Sun 15:00
Gym / Sun / 12:00 / Sun 03:20
Pool / Mon / 17:00 / Mon 00:40","Gym / Sat / 08:00
Nudge Fri / 16:25","Tennis / Sat / 15:00
Booked Fri / 15:50",NO 2 of 4,2 of 4,NO,YES,NO,YES
R-165,"Pool / Sun / 18:00 / Sun 04:45
Pool / Sat / 11:00 / Thu 17:15
Pool / Fri / 19:00 / Tue 19:35","Clubhouse / Sat / 11:00
Nudge Fri / 13:25","Clubhouse / Fri / 15:00
Booked Fri / 15:50",NO 1 of 4,1 of 4,YES,NO,NO,NO
R-310,"Pool / Fri / 15:00 / Thu 19:05
Pool / Sun / 08:00 / Fri 03:40
Gym / Sat / 07:00 / Sat 00:00","Pool / Sat / 15:00
Nudge Fri / 17:20","Pool / Sat / 17:00
Booked Fri / 16:20",NO 2 of 4,2 of 4,YES,YES,NO,NO
R-350,"Clubhouse / Mon / 10:00 / Sun 04:30
Clubhouse / Sun / 14:00 / Wed 12:55
Clubhouse / Sat / 20:00 / Thu 23:55","Pool / Sat / 18:00
Nudge Fri / 22:00","Pool / Sat / 14:00
Booked Fri / 16:40",NO 2 of 4,2 of 4,YES,YES,NO,NO
R-392,"Gym / Sat / 10:00 / Sat 05:10
Pool / Sun / 11:00 / Sat 06:05
Pool / Sun / 16:00 / Sun 01:05","Pool / Sat / 17:00
Nudge Fri / 21:00","Pool / Sat / 14:00
Booked Fri / 17:00",NO 2 of 4,2 of 4,YES,YES,NO,NO
R-421,"Gym / Thu / 06:00 / Wed 22:45
Gym / Tue / 06:00 / Mon 08:05
Pool / Wed / 12:00 / Tue 21:20","Gym / Sat / 08:00
Nudge Fri / 17:30","Gym / Sat / 08:00
Booked Fri / 17:05",YES 4 of 4,4 of 4,YES,YES,YES,YES
R-109,"Clubhouse / Sun / 16:00 / Wed 08:35
Pool / Sat / 17:00 / Fri 18:55
Pool / Sat / 15:00 / Sat 03:40","Pool / Sat / 14:00
Nudge Fri / 18:10","Badminton / Sat / 16:00
Booked Fri / 17:10",NO 1 of 4,1 of 4,NO,YES,NO,NO
R-274,"Badminton / Sat / 18:00 / Fri 13:50
Badminton / Mon / 19:00 / Sun 18:35
Badminton / Thu / 20:00 / Wed 18:00","Badminton / Sat / 18:00
Nudge Fri / 17:40","Gym / Sat / 21:00
Booked Fri / 17:45",NO 2 of 4,2 of 4,NO,YES,NO,YES
R-432,"Pool / Tue / 06:00 / Sun 23:35
Gym / Wed / 08:00 / Tue 18:35
Gym / Thu / 06:00 / Wed 07:45","Gym / Sat / 08:00
Nudge Fri / 17:35","Gym / Sat / 13:00
Booked Fri / 17:55",NO 3 of 4,3 of 4,YES,YES,NO,YES
R-177,"Clubhouse / Thu / 18:00 / Tue 18:10
Gym / Fri / 19:00 / Fri 15:10
Pool / Wed / 12:00 / Tue 12:10","Gym / Sat / 18:00
Nudge Fri / 22:00","Badminton / Sat / 18:00
Booked Fri / 18:45",NO 2 of 4,2 of 4,NO,YES,YES,NO
R-142,"Gym / Sat / 19:00 / Sat 04:40
Badminton / Thu / 18:00 / Wed 21:20
Gym / Thu / 21:00 / Wed 23:40","Gym / Sat / 21:00
Nudge Sat / 01:55","Badminton / Sat / 21:00
Booked Fri / 19:05",NO 2 of 4,2 of 4,NO,YES,YES,NO
R-234,"Gym / Mon / 19:00 / Mon 02:25
Tennis / Tue / 19:00 / Tue 01:30
Pool / Wed / 19:00 / Wed 11:30","Gym / Sat / 08:00
Nudge Fri / 19:15","Tennis / Sun / 19:00
Booked Fri / 19:40",NO 0 of 4,0 of 4,NO,NO,NO,NO
R-285,"Pool / Sat / 17:00 / Fri 23:05
Clubhouse / Sat / 14:00 / Sat 01:55
Pool / Sun / 16:00 / Sun 05:50","Clubhouse / Sat / 18:00
Nudge Fri / 17:25","Clubhouse / Sat / 15:00
Booked Fri / 19:40",NO 2 of 4,2 of 4,YES,YES,NO,NO
R-404,"Badminton / Wed / 19:00 / Tue 02:40
Gym / Tue / 19:00 / Tue 16:55
Pool / Fri / 20:00 / Thu 19:50","Badminton / Sat / 18:00
Nudge Fri / 21:10","Gym / Sat / 06:00
Booked Fri / 20:10",NO 1 of 4,1 of 4,NO,YES,NO,NO
R-385,"Hall / Sun / 15:00 / Thu 02:30
Hall / Fri / 12:00 / Tue 05:30
Pool / Sat / 18:00 / Sat 00:10","Clubhouse / Sat / 11:00
Nudge Fri / 17:55","Pool / Sat / 08:00
Booked Fri / 20:55",NO 1 of 4,1 of 4,NO,YES,NO,NO
R-423,"Gym / Tue / 08:00 / Mon 22:30
Gym / Fri / 08:00 / Wed 19:10
Gym / Fri / 19:00 / Thu 22:10","Gym / Sat / 08:00
Nudge Fri / 20:40","Tennis / Sun / 08:00
Booked Fri / 21:00",NO 1 of 4,1 of 4,NO,NO,YES,NO
R-383,"Badminton / Thu / 20:00 / Thu 01:20
Gym / Sat / 18:00 / Sat 11:45
Gym / Tue / 21:00 / Mon 20:50","Gym / Sat / 20:00
Nudge Sat / 00:30","Gym / Sat / 06:00
Booked Fri / 21:00",NO 2 of 4,2 of 4,YES,YES,NO,NO
R-393,"Gym / Fri / 08:00 / Thu 17:45
Badminton / Fri / 18:00 / Thu 08:55
Pool / Sun / 12:00 / Sun 02:05","Pool / Sat / 07:00
Nudge Fri / 20:20","Gym / Sat / 22:00
Booked Fri / 21:05",NO 2 of 4,2 of 4,NO,YES,NO,YES
R-113,"Pool / Sat / 16:00 / Sat 10:50
Pool / Sat / 15:00 / Thu 19:35
Clubhouse / Sun / 14:00 / Thu 22:05","Pool / Sat / 15:00
Nudge Fri / 21:55","Clubhouse / Sun / 17:00
Booked Fri / 21:05",NO 0 of 4,0 of 4,NO,NO,NO,NO
R-182,"Gym / Mon / 19:00 / Mon 07:15
Gym / Thu / 19:00 / Thu 05:15
Badminton / Fri / 18:00 / Thu 21:05","Gym / Sat / 20:00
Nudge Sat / 00:45","Pool / Sat / 21:00
Booked Fri / 21:15",NO 1 of 4,1 of 4,NO,YES,NO,NO
R-276,"Clubhouse / Sun / 17:00 / Tue 14:25
Pool / Fri / 16:00 / Wed 21:00
Clubhouse / Sun / 16:00 / Fri 10:45","Pool / Sat / 15:00
Nudge Fri / 21:00","Pool / Sat / 14:00
Booked Fri / 21:20",NO 3 of 4,3 of 4,YES,YES,NO,YES
R-132,"Pool / Sun / 16:00 / Sun 00:20
Clubhouse / Sun / 11:00 / Sun 13:30
Pool / Tue / 11:00 / Mon 10:30","Clubhouse / Sat / 18:00
Nudge Fri / 17:25","Pool / Sat / 15:00
Booked Fri / 21:45",NO 1 of 4,1 of 4,NO,YES,NO,NO
R-121,"Hall / Sun / 12:00 / Wed 18:20
Pool / Fri / 16:00 / Thu 15:25
Hall / Sun / 12:00 / Fri 04:25","Clubhouse / Sat / 11:00
Nudge Fri / 17:55","Hall / Fri / 19:00
Booked Fri / 21:45",NO 0 of 4,0 of 4,NO,NO,NO,NO
R-211,"Pool / Sat / 21:00 / Fri 16:55
Pool / Sun / 15:00 / Sun 05:00
Pool / Sun / 11:00 / Fri 03:45","Clubhouse / Sat / 14:00
Nudge Fri / 17:40","Pool / Sat / 15:00
Booked Fri / 22:05",NO 1 of 4,1 of 4,NO,YES,NO,NO
R-218,"Gym / Wed / 12:00 / Tue 19:00
Gym / Fri / 20:00 / Thu 19:20
Badminton / Thu / 18:00 / Wed 02:05","Badminton / Sat / 20:00
Nudge Fri / 22:05","Badminton / Sat / 19:00
Booked Fri / 22:45",NO 3 of 4,3 of 4,YES,YES,NO,YES
R-312,"Pool / Sun / 15:00 / Sat 16:40
Gym / Sun / 17:00 / Sat 18:20
Clubhouse / Sat / 16:00 / Thu 22:10","Pool / Sat / 11:00
Nudge Fri / 21:55","Gym / Sat / 15:00
Booked Fri / 23:10",NO 1 of 4,1 of 4,NO,YES,NO,NO
R-392,"Pool / Sun / 11:00 / Sat 06:05
Pool / Sun / 16:00 / Sun 01:05
Pool / Sat / 14:00 / Fri 17:00","Pool / Sat / 15:00
Nudge Fri / 23:50","Pool / Sat / 13:00
Booked Fri / 23:25",NO 3 of 4,3 of 4,YES,YES,NO,YES
R-204,"Pool / Sat / 11:00 / Sat 05:05
Pool / Sat / 17:00 / Sat 01:00
Pool / Sun / 17:00 / Sat 14:00","Pool / Sat / 18:00
Nudge Sat / 01:30","Pool / Sat / 17:00
Booked Fri / 23:55",NO 2 of 4,2 of 4,YES,YES,NO,NO
R-144,"Gym / Wed / 06:00 / Tue 12:45
Pool / Thu / 07:00 / Wed 15:35
Pool / Thu / 06:00 / Thu 01:20","Gym / Sat / 08:00
Nudge Sat / 01:10","Pool / Sat / 06:00
Booked Sat / 00:00",NO 1 of 4,1 of 4,NO,YES,NO,NO
R-363,"Pool / Sat / 17:00 / Sat 06:25
Pool / Sat / 10:00 / Fri 21:45
Pool / Sat / 17:00 / Sat 07:45","Pool / Sat / 15:00
Nudge Sat / 02:40","Pool / Sat / 14:00
Booked Sat / 01:05",NO 2 of 4,2 of 4,YES,YES,NO,NO
R-338,"Gym / Mon / 18:00 / Sun 22:05
Gym / Wed / 18:00 / Wed 04:25
Badminton / Sat / 17:00 / Sat 07:15","Badminton / Sat / 18:00
Nudge Sat / 01:15","Gym / Sat / 21:00
Booked Sat / 01:05",NO 2 of 4,2 of 4,NO,YES,NO,YES
R-138,"Pool / Sat / 14:00 / Sat 08:00
Pool / Sun / 17:00 / Sun 10:10
Pool / Sun / 18:00 / Sat 13:55","Pool / Sat / 10:00
Nudge Sat / 02:30","Pool / Sat / 11:00
Booked Sat / 02:00",NO 3 of 4,3 of 4,YES,YES,NO,YES
R-313,"Gym / Fri / 18:00 / Thu 00:20
Badminton / Tue / 21:00 / Tue 06:55
Pool / Fri / 18:00 / Thu 12:00","Badminton / Sat / 20:00
Nudge Sat / 02:50","Gym / Sat / 18:00
Booked Sat / 02:00",NO 2 of 4,2 of 4,NO,YES,NO,YES
R-276,"Pool / Fri / 16:00 / Wed 21:00
Clubhouse / Sun / 16:00 / Fri 10:45
Pool / Sat / 14:00 / Fri 21:20","Pool / Sat / 18:00
Nudge Sat / 04:30","Pool / Sat / 17:00
Booked Sat / 02:15",NO 2 of 4,2 of 4,YES,YES,NO,NO
R-212,"Clubhouse / Wed / 19:00 / Tue 02:35
Gym / Fri / 19:00 / Thu 23:10
Pool / Thu / 20:00 / Mon 20:00","Gym / Sat / 07:00
Nudge Sat / 00:25","Tennis / Sat / 18:00
Booked Sat / 02:20",NO 1 of 4,1 of 4,NO,YES,NO,NO
R-156,"Gym / Wed / 07:00 / Wed 00:05
Gym / Thu / 07:00 / Wed 23:45
Gym / Fri / 12:00 / Fri 08:15","Gym / Sun / 06:00
Nudge Sun / 01:05","Gym / Sat / 14:00
Booked Sat / 02:35",NO 1 of 4,1 of 4,YES,NO,NO,NO
R-317,"Pool / Sun / 10:00 / Sat 23:05
Pool / Sat / 15:00 / Sat 05:40
Pool / Sun / 16:00 / Sat 08:40","Pool / Sat / 10:00
Nudge Sat / 01:50","Pool / Sat / 14:00
Booked Sat / 02:40",NO 3 of 4,3 of 4,YES,YES,NO,YES
R-430,"Pool / Tue / 20:00 / Mon 16:20
Badminton / Tue / 19:00 / Mon 20:20
Gym / Thu / 19:00 / Thu 07:45","Gym / Sat / 18:00
Nudge Sat / 02:15","Pool / Sat / 19:00
Booked Sat / 02:50",NO 2 of 4,2 of 4,NO,YES,NO,YES
R-115,"Pool / Sat / 15:00 / Sat 06:35
Pool / Sun / 10:00 / Sat 23:00
Gym / Sun / 09:00 / Sun 04:10","Pool / Sat / 15:00
Nudge Sat / 02:45","Pool / Sat / 11:00
Booked Sat / 02:50",NO 3 of 4,3 of 4,YES,YES,NO,YES
R-335,"Badminton / Sat / 18:00 / Fri 16:50
Badminton / Wed / 19:00 / Tue 01:30
Badminton / Fri / 20:00 / Thu 21:20","Gym / Sat / 20:00
Nudge Sat / 03:25","Badminton / Sat / 18:00
Booked Sat / 03:05",NO 2 of 4,2 of 4,NO,YES,NO,YES
R-215,"Badminton / Mon / 19:00 / Sun 06:50
Badminton / Mon / 17:00 / Sun 12:05
Badminton / Fri / 18:00 / Thu 01:00","Badminton / Sat / 18:00
Nudge Sat / 03:25","Badminton / Sat / 21:00
Booked Sat / 03:45",NO 3 of 4,3 of 4,YES,YES,NO,YES
R-137,"Pool / Thu / 19:00 / Thu 13:25
Pool / Sat / 17:00 / Fri 10:45
Pool / Sat / 19:00 / Sat 13:55","Badminton / Sat / 18:00
Nudge Sat / 04:55","Pool / Sat / 18:00
Booked Sat / 03:55",NO 2 of 4,2 of 4,NO,YES,YES,NO
R-295,"Badminton / Wed / 18:00 / Wed 10:55
Gym / Sat / 18:00 / Sat 05:30
Badminton / Wed / 21:00 / Tue 17:25","Gym / Sat / 18:00
Nudge Sat / 04:25","Pool / Sat / 18:00
Booked Sat / 04:50",NO 3 of 4,3 of 4,NO,YES,YES,YES
R-413,"Gym / Thu / 08:00 / Wed 16:55
Gym / Thu / 06:00 / Tue 16:30
Gym / Wed / 06:00 / Wed 00:15","Gym / Sat / 07:00
Nudge Fri / 16:40","Gym / Sat / 18:00
Booked Sat / 05:35",NO 2 of 4,2 of 4,YES,YES,NO,NO
R-300,"Pool / Sat / 16:00 / Fri 20:10
Clubhouse / Sun / 11:00 / Mon 11:15
Pool / Sat / 11:00 / Wed 22:05","Pool / Sat / 14:00
Nudge Sat / 05:20","Pool / Sat / 14:00
Booked Sat / 05:40",YES 4 of 4,4 of 4,YES,YES,YES,YES
R-243,"Tennis / Fri / 20:00 / Tue 18:35
Badminton / Thu / 11:00 / Thu 02:20
Tennis / Fri / 18:00 / Thu 23:30","Gym / Sat / 21:00
Nudge Sat / 07:15","Badminton / Sat / 21:00
Booked Sat / 06:10",NO 2 of 4,2 of 4,NO,YES,YES,NO
R-362,"Gym / Thu / 20:00 / Thu 13:00
Badminton / Thu / 21:00 / Thu 13:00
Gym / Fri / 19:00 / Fri 15:35","Gym / Sat / 18:00
Nudge Sat / 07:00","Badminton / Sat / 19:00
Booked Sat / 06:15",NO 2 of 4,2 of 4,NO,YES,NO,YES
R-109,"Pool / Sat / 17:00 / Fri 18:55
Pool / Sat / 15:00 / Sat 03:40
Badminton / Sat / 16:00 / Fri 17:10","Pool / Sat / 16:00
Nudge Sat / 06:15","Gym / Sat / 14:00
Booked Sat / 06:35",NO 2 of 4,2 of 4,NO,YES,NO,YES
R-247,"Gym / Thu / 18:00 / Wed 19:30
Badminton / Wed / 21:00 / Wed 05:35
Badminton / Tue / 20:00 / Tue 02:50","Badminton / Sat / 20:00
Nudge Sat / 07:10","Pool / Sat / 20:00
Booked Sat / 06:45",NO 3 of 4,3 of 4,NO,YES,YES,YES
R-159,"Tennis / Wed / 08:00 / Tue 18:50
Tennis / Fri / 08:00 / Wed 01:25
Gym / Mon / 06:00 / Mon 00:40","Gym / Sun / 07:00
Nudge Sat / 09:10","Gym / Mon / 07:00
Booked Sat / 07:20",NO 2 of 4,2 of 4,YES,NO,YES,NO
R-105,"Pool / Wed / 08:00 / Tue 20:40
Badminton / Fri / 13:00 / Thu 15:00
Gym / Fri / 08:00 / Fri 01:50","Gym / Sun / 07:00
Nudge Sat / 10:10","Gym / Sat / 18:00
Booked Sat / 07:20",NO 1 of 4,1 of 4,YES,NO,NO,NO
R-447,"Tennis / Thu / 21:00 / Thu 01:05
Pool / Fri / 20:00 / Fri 03:10
Badminton / Fri / 21:00 / Fri 15:20","Badminton / Sat / 18:00
Nudge Sat / 05:35","Tennis / Sat / 19:00
Booked Sat / 07:20",NO 1 of 4,1 of 4,NO,YES,NO,NO
R-272,"Gym / Tue / 20:00 / Mon 21:20
Badminton / Tue / 18:00 / Tue 06:45
Badminton / Fri / 21:00 / Thu 08:35","Pool / Sat / 20:00
Nudge Sat / 07:20","Badminton / Sat / 19:00
Booked Sat / 08:10",NO 2 of 4,2 of 4,NO,YES,NO,YES
R-205,"Gym / Sat / 16:00 / Fri 08:20
Pool / Sun / 16:00 / Sat 07:45
Pool / Tue / 15:00 / Tue 04:10","Pool / Sat / 18:00
Nudge Sat / 08:25","Pool / Sat / 18:00
Booked Sat / 08:30",YES 4 of 4,4 of 4,YES,YES,YES,YES
R-192,"Clubhouse / Sat / 17:00 / Fri 04:15
Pool / Sun / 15:00 / Fri 07:25
Pool / Sat / 07:00 / Fri 16:20","Clubhouse / Sat / 15:00
Nudge Fri / 19:15","Pool / Sat / 17:00
Booked Sat / 08:35",NO 1 of 4,1 of 4,NO,YES,NO,NO
R-402,"Tennis / Sun / 12:00 / Fri 12:40
Pool / Tue / 08:00 / Mon 11:40
Badminton / Thu / 07:00 / Wed 08:05","Gym / Sat / 08:00
Nudge Fri / 13:35","Badminton / Sun / 07:00
Booked Sat / 08:45",NO 0 of 4,0 of 4,NO,NO,NO,NO
R-309,"Clubhouse / Sun / 10:00 / Sun 20:40
Pool / Sat / 15:00 / Wed 15:20
Clubhouse / Sat / 15:00 / Sat 15:00","Pool / Sat / 15:00
Nudge Sat / 06:30","Pool / Sun / 11:00
Booked Sat / 08:55",NO 1 of 4,1 of 4,YES,NO,NO,NO
R-339,"Tennis / Fri / 06:00 / Tue 13:40
Tennis / Fri / 06:00 / Mon 22:30
Gym / Thu / 20:00 / Thu 06:20","Gym / Mon / 07:00
Nudge Sun / 09:35","Tennis / Mon / 08:00
Booked Sat / 09:05",NO 1 of 4,1 of 4,NO,YES,NO,NO
R-219,"Pool / Thu / 18:00 / Wed 12:35
Pool / Sat / 20:00 / Wed 20:55
Tennis / Sat / 21:00 / Fri 11:45","Badminton / Sat / 18:00
Nudge Fri / 23:55","Pool / Mon / 20:00
Booked Sat / 09:05",NO 0 of 4,0 of 4,NO,NO,NO,NO
R-257,"Pool / Wed / 20:00 / Wed 13:05
Badminton / Sat / 21:00 / Fri 11:35
Badminton / Sun / 19:00 / Fri 15:00","Tennis / Sat / 18:00
Nudge Fri / 21:15","Pool / Sat / 13:00
Booked Sat / 09:15",NO 1 of 4,1 of 4,NO,YES,NO,NO
R-232,"Badminton / Wed / 12:00 / Tue 12:20
Clubhouse / Thu / 19:00 / Thu 03:30
Badminton / Wed / 17:00 / Tue 21:10","Tennis / Sat / 19:00
Nudge Fri / 23:50","Pool / Sun / 07:00
Booked Sat / 10:40",NO 0 of 4,0 of 4,NO,NO,NO,NO
R-350,"Clubhouse / Sun / 14:00 / Wed 12:55
Clubhouse / Sat / 20:00 / Thu 23:55
Pool / Sat / 14:00 / Fri 16:40","Pool / Sat / 18:00
Nudge Sat / 10:20","Pool / Sat / 16:00
Booked Sat / 11:25",NO 2 of 4,2 of 4,YES,YES,NO,NO
R-401,"Gym / Fri / 07:00 / Thu 22:15
Gym / Fri / 09:00 / Thu 22:20
Pool / Sat / 08:00 / Fri 07:10","Gym / Sun / 08:00
Nudge Sat / 12:35","Pool / Mon / 06:00
Booked Sat / 11:40",NO 0 of 4,0 of 4,NO,NO,NO,NO
R-192,"Pool / Sun / 15:00 / Fri 07:25
Pool / Sat / 07:00 / Fri 16:20
Pool / Sat / 17:00 / Sat 08:35","Clubhouse / Sat / 18:00
Nudge Fri / 22:30","Pool / Sun / 10:00
Booked Sat / 12:05",NO 0 of 4,0 of 4,NO,NO,NO,NO
R-234,"Tennis / Tue / 19:00 / Tue 01:30
Pool / Wed / 19:00 / Wed 11:30
Tennis / Sun / 19:00 / Fri 19:40","Gym / Sat / 08:00
Nudge Fri / 14:05","Pool / Sat / 19:00
Booked Sat / 12:15",NO 1 of 4,1 of 4,NO,YES,NO,NO
R-272,"Badminton / Tue / 18:00 / Tue 06:45
Badminton / Fri / 21:00 / Thu 08:35
Badminton / Sat / 19:00 / Sat 08:10","Gym / Sat / 20:00
Nudge Sat / 11:50","Gym / Sat / 20:00
Booked Sat / 12:35",YES 4 of 4,4 of 4,YES,YES,YES,YES
R-257,"Badminton / Sat / 21:00 / Fri 11:35
Badminton / Sun / 19:00 / Fri 15:00
Pool / Sat / 13:00 / Sat 09:15","Tennis / Sat / 18:00
Nudge Fri / 19:15","Pool / Sat / 19:00
Booked Sat / 12:35",NO 1 of 4,1 of 4,NO,YES,NO,NO
R-211,"Pool / Sun / 15:00 / Sun 05:00
Pool / Sun / 11:00 / Fri 03:45
Pool / Sat / 15:00 / Fri 22:05","Pool / Sat / 18:00
Nudge Sat / 09:25","Pool / Sun / 16:00
Booked Sat / 12:40",NO 1 of 4,1 of 4,YES,NO,NO,NO
R-115,"Pool / Sun / 10:00 / Sat 23:00
Gym / Sun / 09:00 / Sun 04:10
Pool / Sat / 11:00 / Sat 02:50","Pool / Sat / 15:00
Nudge Sat / 07:05","Pool / Sat / 18:00
Booked Sat / 12:50",NO 2 of 4,2 of 4,YES,YES,NO,NO
R-213,"Badminton / Thu / 20:00 / Wed 05:30
Badminton / Wed / 20:00 / Mon 06:30
Pool / Thu / 19:00 / Wed 03:30","Gym / Sat / 20:00
Nudge Sat / 11:50","Badminton / Sun / 20:00
Booked Sat / 13:20",NO 1 of 4,1 of 4,NO,NO,YES,NO
R-401,"Gym / Fri / 09:00 / Thu 22:20
Pool / Sat / 08:00 / Fri 07:10
Pool / Mon / 06:00 / Sat 11:40","Gym / Sun / 06:00
Nudge Sat / 14:20","Pool / Mon / 08:00
Booked Sat / 14:10",NO 0 of 4,0 of 4,NO,NO,NO,NO
R-437,"Badminton / Wed / 20:00 / Tue 19:10
Gym / Thu / 20:00 / Wed 04:40
Pool / Thu / 19:00 / Thu 03:50","Gym / Sat / 18:00
Nudge Sat / 06:30","Gym / Sat / 21:00
Booked Sat / 14:25",NO 2 of 4,2 of 4,YES,YES,NO,NO
R-169,"Badminton / Sat / 18:00 / Sat 03:50
Clubhouse / Tue / 20:00 / Tue 08:50
Tennis / Wed / 21:00 / Tue 16:55","Badminton / Sat / 18:00
Nudge Fri / 21:10","Gym / Sat / 20:00
Booked Sat / 14:35",NO 1 of 4,1 of 4,NO,YES,NO,NO
R-437,"Gym / Thu / 20:00 / Wed 04:40
Pool / Thu / 19:00 / Thu 03:50
Gym / Sat / 21:00 / Sat 14:25","Gym / Sat / 18:00
Nudge Sat / 06:45","Gym / Sun / 20:00
Booked Sat / 15:10",NO 1 of 4,1 of 4,YES,NO,NO,NO
R-403,"Badminton / Wed / 19:00 / Wed 02:10
Badminton / Fri / 11:00 / Thu 00:35
Badminton / Sun / 20:00 / Sat 04:10","Badminton / Sun / 21:00
Nudge Sat / 21:50","Pool / Sat / 21:00
Booked Sat / 15:15",NO 1 of 4,1 of 4,NO,NO,YES,NO
R-277,"Badminton / Thu / 18:00 / Wed 01:10
Gym / Thu / 20:00 / Wed 18:50
Badminton / Sat / 19:00 / Thu 14:10","Badminton / Sun / 18:00
Nudge Sat / 15:45","Badminton / Sun / 19:00
Booked Sat / 16:25",NO 3 of 4,3 of 4,YES,YES,NO,YES
R-195,"Pool / Sat / 17:00 / Fri 22:25
Pool / Sat / 14:00 / Sat 07:45
Pool / Sun / 18:00 / Sun 08:20","Clubhouse / Sun / 10:00
Nudge Sat / 16:50","Pool / Sun / 18:00
Booked Sat / 18:25",NO 1 of 4,1 of 4,NO,YES,NO,NO
R-238,"Pool / Sat / 08:00 / Wed 08:10
Clubhouse / Sat / 23:00 / Fri 01:30
Pool / Sun / 18:00 / Sat 20:15","Pool / Sun / 10:00
Nudge Sat / 18:05","Pool / Sun / 18:00
Booked Sat / 18:40",NO 3 of 4,3 of 4,YES,YES,NO,YES
R-243,"Badminton / Thu / 11:00 / Thu 02:20
Tennis / Fri / 18:00 / Thu 23:30
Badminton / Sat / 21:00 / Sat 06:10","Badminton / Sat / 18:00
Nudge Fri / 19:40","Tennis / Mon / 19:00
Booked Sat / 19:40",NO 0 of 4,0 of 4,NO,NO,NO,NO
R-113,"Pool / Sat / 15:00 / Thu 19:35
Clubhouse / Sun / 14:00 / Thu 22:05
Clubhouse / Sun / 17:00 / Fri 21:05","Pool / Sun / 14:00
Nudge Sat / 21:10","Pool / Sun / 11:00
Booked Sat / 19:40",NO 2 of 4,2 of 4,YES,YES,NO,NO
R-405,"Pool / Sat / 15:00 / Fri 22:35
Pool / Sat / 14:00 / Fri 07:45
Pool / Sat / 11:00 / Sat 00:20","Pool / Sun / 10:00
Nudge Sat / 19:45","Pool / Sun / 16:00
Booked Sat / 19:40",NO 3 of 4,3 of 4,YES,YES,NO,YES
R-236,"Gym / Sat / 18:00 / Sat 12:50
Tennis / Sun / 14:00 / Thu 09:20
Pool / Sat / 17:00 / Sat 10:50","Pool / Sun / 10:00
Nudge Sat / 21:20","Clubhouse / Mon / 14:00
Booked Sat / 20:15",NO 0 of 4,0 of 4,NO,NO,NO,NO
R-195,"Pool / Sat / 14:00 / Sat 07:45
Pool / Sun / 18:00 / Sun 08:20
Pool / Sun / 18:00 / Sat 18:25","Pool / Sun / 15:00
Nudge Sat / 21:50","Pool / Sun / 16:00
Booked Sat / 20:20",NO 2 of 4,2 of 4,YES,YES,NO,NO
R-192,"Pool / Sat / 07:00 / Fri 16:20
Pool / Sat / 17:00 / Sat 08:35
Pool / Sun / 10:00 / Sat 12:05","Pool / Sun / 15:00
Nudge Sat / 21:50","Pool / Sun / 15:00
Booked Sat / 20:35",NO 3 of 4,3 of 4,YES,YES,YES,NO
R-307,"Pool / Sun / 19:00 / Fri 19:20
Pool / Thu / 07:00 / Wed 12:10
Pool / Fri / 19:00 / Thu 08:35","Gym / Sun / 08:00
Nudge Sat / 21:15","Pool / Sun / 12:00
Booked Sat / 21:00",NO 2 of 4,2 of 4,NO,YES,NO,YES
R-434,"Tennis / Thu / 08:00 / Tue 08:05
Gym / Thu / 06:00 / Wed 08:00
Gym / Fri / 08:00 / Fri 03:05","Gym / Sun / 06:00
Nudge Sat / 20:05","Gym / Mon / 07:00
Booked Sat / 21:05",NO 1 of 4,1 of 4,YES,NO,NO,NO
R-435,"Clubhouse / Sat / 11:00 / Wed 15:00
Clubhouse / Sat / 10:00 / Fri 01:45
Pool / Sun / 10:00 / Fri 09:25","Pool / Sun / 15:00
Nudge Sat / 21:10","Pool / Sun / 08:00
Booked Sat / 21:25",NO 3 of 4,3 of 4,YES,YES,NO,YES
R-366,"Gym / Mon / 08:00 / Sun 20:40
Gym / Wed / 08:00 / Mon 08:45
Gym / Thu / 13:00 / Thu 01:45","Gym / Sun / 06:00
Nudge Sat / 20:20","Gym / Mon / 17:00
Booked Sat / 21:50",NO 1 of 4,1 of 4,YES,NO,NO,NO
R-210,"Clubhouse / Mon / 19:00 / Sat 22:35
Tennis / Mon / 08:00 / Sun 22:55
Gym / Tue / 19:00 / Tue 13:45","Gym / Sun / 07:00
Nudge Sat / 23:00","Badminton / Sun / 08:00
Booked Sat / 22:05",NO 2 of 4,2 of 4,NO,YES,NO,YES
R-105,"Badminton / Fri / 13:00 / Thu 15:00
Gym / Fri / 08:00 / Fri 01:50
Gym / Sat / 18:00 / Sat 07:20","Gym / Sun / 06:00
Nudge Sat / 23:25","Gym / Sun / 07:00
Booked Sat / 23:40",NO 3 of 4,3 of 4,YES,YES,NO,YES
R-270,"Pool / Sat / 14:00 / Sat 03:30
Clubhouse / Sat / 18:00 / Fri 05:30
Clubhouse / Sun / 10:00 / Sat 03:30","Pool / Sun / 11:00
Nudge Sun / 00:30","Pool / Sun / 11:00
Booked Sat / 23:55",NO 3 of 4,3 of 4,YES,YES,YES,NO
R-218,"Gym / Fri / 20:00 / Thu 19:20
Badminton / Thu / 18:00 / Wed 02:05
Badminton / Sat / 19:00 / Fri 22:45","Badminton / Tue / 20:00
Nudge Mon / 22:45","Pool / Mon / 06:00
Booked Sun / 00:35",NO 0 of 4,0 of 4,NO,NO,NO,NO
R-284,"Clubhouse / Sun / 11:00 / Fri 15:55
Clubhouse / Sun / 15:00 / Sat 22:15
Clubhouse / Sun / 14:00 / Sat 09:15","Pool / Sun / 10:00
Nudge Sun / 00:25","Pool / Sun / 15:00
Booked Sun / 00:35",NO 3 of 4,3 of 4,YES,YES,NO,YES
R-170,"Gym / Mon / 06:00 / Mon 00:25
Tennis / Mon / 08:00 / Wed 21:40
Gym / Thu / 06:00 / Thu 00:00","Gym / Sun / 08:00
Nudge Sun / 00:30","Tennis / Mon / 06:00
Booked Sun / 00:50",NO 0 of 4,0 of 4,NO,NO,NO,NO
R-141,"Tennis / Tue / 08:00 / Sun 23:15
Pool / Tue / 12:00 / Mon 21:10
Pool / Thu / 18:00 / Thu 09:20","Clubhouse / Mon / 18:00
Nudge Sun / 19:00","Pool / Mon / 12:00
Booked Sun / 01:05",NO 1 of 4,1 of 4,NO,YES,NO,NO
R-121,"Pool / Fri / 16:00 / Thu 15:25
Hall / Sun / 12:00 / Fri 04:25
Hall / Fri / 19:00 / Fri 21:45","Hall / Sun / 15:00
Nudge Thu / 09:50","Pool / Sun / 15:00
Booked Sun / 01:15",NO 2 of 4,2 of 4,NO,YES,YES,NO
R-182,"Gym / Thu / 19:00 / Thu 05:15
Badminton / Fri / 18:00 / Thu 21:05
Pool / Sat / 21:00 / Fri 21:15","Gym / Sun / 18:00
Nudge Sun / 01:20","Badminton / Mon / 20:00
Booked Sun / 01:40",NO 0 of 4,0 of 4,NO,NO,NO,NO
R-197,"Clubhouse / Sat / 14:00 / Mon 21:35
Pool / Sat / 10:00 / Fri 10:20
Pool / Sun / 09:00 / Sat 09:05","Pool / Sun / 18:00
Nudge Sun / 03:00","Pool / Sun / 10:00
Booked Sun / 01:40",NO 2 of 4,2 of 4,YES,YES,NO,NO
R-386,"Pool / Fri / 20:00 / Fri 05:10
Pool / Sat / 11:00 / Thu 21:00
Pool / Fri / 10:00 / Thu 23:15","Pool / Sun / 18:00
Nudge Sun / 04:30","Pool / Sun / 15:00
Booked Sun / 01:55",NO 2 of 4,2 of 4,YES,YES,NO,NO
R-114,"Gym / Wed / 08:00 / Tue 19:45
Tennis / Wed / 08:00 / Tue 01:05
Gym / Fri / 07:00 / Thu 19:50","Gym / Tue / 08:00
Nudge Tue / 01:25","Gym / Sun / 08:00
Booked Sun / 03:35",NO 2 of 4,2 of 4,YES,NO,YES,NO
R-443,"Gym / Tue / 18:00 / Tue 04:15
Gym / Tue / 20:00 / Tue 06:00
Gym / Thu / 14:00 / Thu 11:10","Badminton / Mon / 20:00
Nudge Mon / 03:25","Gym / Mon / 19:00
Booked Sun / 04:15",NO 1 of 4,1 of 4,NO,YES,NO,NO
R-136,"Tennis / Sat / 18:00 / Wed 04:40
Badminton / Thu / 17:00 / Wed 14:55
Pool / Fri / 18:00 / Thu 17:10","Gym / Mon / 18:00
Nudge Mon / 04:00","Pool / Sun / 18:00
Booked Sun / 04:30",NO 1 of 4,1 of 4,NO,NO,YES,NO
R-404,"Gym / Tue / 19:00 / Tue 16:55
Pool / Fri / 20:00 / Thu 19:50
Gym / Sat / 06:00 / Fri 20:10","Badminton / Mon / 18:00
Nudge Mon / 03:15","Gym / Sun / 19:00
Booked Sun / 04:45",NO 0 of 4,0 of 4,NO,NO,NO,NO
R-169,"Clubhouse / Tue / 20:00 / Tue 08:50
Tennis / Wed / 21:00 / Tue 16:55
Gym / Sat / 20:00 / Sat 14:35","Badminton / Tue / 19:00
Nudge Tue / 03:55","Badminton / Mon / 18:00
Booked Sun / 04:45",NO 1 of 4,1 of 4,YES,NO,NO,NO
R-310,"Pool / Sun / 08:00 / Fri 03:40
Gym / Sat / 07:00 / Sat 00:00
Pool / Sat / 17:00 / Fri 16:20","Pool / Sun / 15:00
Nudge Sun / 03:35","Badminton / Sun / 21:00
Booked Sun / 04:55",NO 1 of 4,1 of 4,NO,YES,NO,NO
R-378,"Pool / Sun / 16:00 / Sun 01:30
Gym / Sat / 18:00 / Sat 10:20
Pool / Sun / 10:00 / Sat 16:15","Pool / Sun / 16:00
Nudge Sun / 05:00","Pool / Sun / 14:00
Booked Sun / 05:50",NO 3 of 4,3 of 4,YES,YES,NO,YES
R-100,"Pool / Sun / 17:00 / Sat 04:55
Pool / Sun / 10:00 / Sat 18:25
Pool / Sat / 14:00 / Thu 13:30","Pool / Sun / 18:00
Nudge Sun / 07:25","Clubhouse / Sun / 21:00
Booked Sun / 06:55",NO 2 of 4,2 of 4,NO,YES,NO,YES
R-259,"Pool / Sat / 11:00 / Thu 15:20
Pool / Fri / 18:00 / Thu 21:55
Pool / Tue / 10:00 / Mon 20:40","Pool / Sun / 18:00
Nudge Sun / 07:15","Pool / Sun / 15:00
Booked Sun / 07:40",NO 3 of 4,3 of 4,YES,YES,NO,YES
R-103,"Pool / Sat / 06:00 / Wed 06:50
Pool / Mon / 10:00 / Mon 00:00
Clubhouse / Sun / 17:00 / Thu 10:05","Pool / Sun / 18:00
Nudge Sun / 08:15","Pool / Sun / 16:00
Booked Sun / 08:00",NO 3 of 4,3 of 4,YES,YES,NO,YES
R-178,"Hall / Fri / 11:00 / Fri 15:35
Hall / Sat / 19:00 / Tue 23:25
Hall / Fri / 19:00 / Fri 16:00","Hall / Fri / 19:00
Nudge Tue / 08:50","Hall / Sat / 13:00
Booked Sun / 08:00",NO 1 of 4,1 of 4,YES,NO,NO,NO
R-112,"Pool / Mon / 08:00 / Sun 22:50
Tennis / Fri / 06:00 / Tue 01:50
Pool / Wed / 07:00 / Wed 02:05","Gym / Mon / 08:00
Nudge Sun / 11:30","Pool / Wed / 08:00
Booked Sun / 08:05",NO 1 of 4,1 of 4,NO,NO,YES,NO
R-218,"Badminton / Thu / 18:00 / Wed 02:05
Badminton / Sat / 19:00 / Fri 22:45
Pool / Mon / 06:00 / Sun 00:35","Badminton / Mon / 21:00
Nudge Mon / 00:00","Pool / Mon / 19:00
Booked Sun / 08:05",NO 1 of 4,1 of 4,NO,YES,NO,NO
R-132,"Clubhouse / Sun / 11:00 / Sun 13:30
Pool / Tue / 11:00 / Mon 10:30
Pool / Sat / 15:00 / Fri 21:45","Pool / Sun / 18:00
Nudge Sun / 08:20","Pool / Sun / 17:00
Booked Sun / 08:05",NO 3 of 4,3 of 4,YES,YES,NO,YES
R-285,"Clubhouse / Sat / 14:00 / Sat 01:55
Pool / Sun / 16:00 / Sun 05:50
Clubhouse / Sat / 15:00 / Fri 19:40","Pool / Sun / 18:00
Nudge Sun / 08:10","Pool / Sun / 14:00
Booked Sun / 08:05",NO 3 of 4,3 of 4,YES,YES,NO,YES
R-156,"Gym / Thu / 07:00 / Wed 23:45
Gym / Fri / 12:00 / Fri 08:15
Gym / Sat / 14:00 / Sat 02:35","Gym / Mon / 08:00
Nudge Sun / 12:20","Tennis / Mon / 08:00
Booked Sun / 09:25",NO 2 of 4,2 of 4,NO,YES,YES,NO
R-435,"Clubhouse / Sat / 10:00 / Fri 01:45
Pool / Sun / 10:00 / Fri 09:25
Pool / Sun / 08:00 / Sat 21:25","Pool / Sun / 18:00
Nudge Sun / 08:25","Pool / Sun / 14:00
Booked Sun / 09:30",NO 2 of 4,2 of 4,YES,YES,NO,NO
R-433,"Pool / Sun / 17:00 / Sun 08:45
Pool / Fri / 13:00 / Thu 21:00
Pool / Sat / 10:00 / Sat 04:10","Pool / Sun / 15:00
Nudge Sun / 07:20","Pool / Sun / 17:00
Booked Sun / 10:00",NO 2 of 4,2 of 4,YES,YES,NO,NO
R-167,"Gym / Tue / 08:00 / Mon 23:05
Gym / Wed / 07:00 / Tue 17:25
Tennis / Thu / 08:00 / Wed 03:35","Gym / Mon / 08:00
Nudge Sun / 11:50","Gym / Mon / 08:00
Booked Sun / 10:10",NO 3 of 4,3 of 4,YES,YES,YES,NO
R-286,"Badminton / Thu / 18:00 / Wed 20:35
Gym / Fri / 11:00 / Fri 02:10
Badminton / Sun / 18:00 / Fri 14:20","Badminton / Mon / 20:00
Nudge Mon / 00:00","Badminton / Mon / 15:00
Booked Sun / 10:35",NO 2 of 4,2 of 4,YES,YES,NO,NO
R-334,"Gym / Sat / 19:00 / Fri 17:15
Gym / Tue / 19:00 / Mon 23:35
Badminton / Fri / 19:00 / Thu 04:15","Badminton / Mon / 18:00
Nudge Sun / 18:50","Gym / Mon / 21:00
Booked Sun / 11:10",NO 1 of 4,1 of 4,NO,YES,NO,NO
R-430,"Badminton / Tue / 19:00 / Mon 20:20
Gym / Thu / 19:00 / Thu 07:45
Pool / Sat / 19:00 / Sat 02:50","Badminton / Mon / 21:00
Nudge Sun / 23:10","Badminton / Sun / 18:00
Booked Sun / 11:20",NO 1 of 4,1 of 4,YES,NO,NO,NO
R-213,"Badminton / Wed / 20:00 / Mon 06:30
Pool / Thu / 19:00 / Wed 03:30
Badminton / Sun / 20:00 / Sat 13:20","Badminton / Mon / 20:00
Nudge Sun / 21:15","Badminton / Tue / 18:00
Booked Sun / 11:20",NO 1 of 4,1 of 4,YES,NO,NO,NO
R-215,"Badminton / Mon / 17:00 / Sun 12:05
Badminton / Fri / 18:00 / Thu 01:00
Badminton / Sat / 21:00 / Sat 03:45","Badminton / Tue / 20:00
Nudge Mon / 23:40","Gym / Mon / 06:00
Booked Sun / 11:20",NO 0 of 4,0 of 4,NO,NO,NO,NO
R-100,"Pool / Sun / 10:00 / Sat 18:25
Pool / Sat / 14:00 / Thu 13:30
Clubhouse / Sun / 21:00 / Sun 06:55","Pool / Sun / 17:00
Nudge Sun / 09:20","Clubhouse / Sun / 11:00
Booked Sun / 11:20",NO 1 of 4,1 of 4,NO,YES,NO,NO
R-435,"Pool / Sun / 10:00 / Fri 09:25
Pool / Sun / 08:00 / Sat 21:25
Pool / Sun / 14:00 / Sun 09:30","Pool / Sun / 18:00
Nudge Sun / 09:35","Pool / Tue / 15:00
Booked Sun / 11:40",NO 1 of 4,1 of 4,YES,NO,NO,NO
R-312,"Gym / Sun / 17:00 / Sat 18:20
Clubhouse / Sat / 16:00 / Thu 22:10
Gym / Sat / 15:00 / Fri 23:10","Pool / Sun / 11:00
Nudge Sat / 19:10","Pool / Sun / 18:00
Booked Sun / 12:30",NO 2 of 4,2 of 4,YES,YES,NO,NO
R-258,"Hall / Thu / 12:00 / Thu 22:35
Pool / Mon / 12:00 / Sun 23:00
Pool / Tue / 18:00 / Tue 02:20","Gym / Sun / 19:00
Nudge Sun / 10:05","Pool / Sun / 19:00
Booked Sun / 12:40",NO 2 of 4,2 of 4,NO,YES,YES,NO
R-252,"Badminton / Wed / 19:00 / Tue 23:05
Gym / Thu / 21:00 / Thu 10:25
Pool / Sat / 19:00 / Fri 11:00","Badminton / Tue / 21:00
Nudge Mon / 23:20","Tennis / Mon / 20:00
Booked Sun / 13:10",NO 0 of 4,0 of 4,NO,NO,NO,NO
R-119,"Tennis / Tue / 08:00 / Tue 00:15
Gym / Wed / 06:00 / Tue 09:45
Gym / Fri / 06:00 / Thu 04:30","Gym / Mon / 06:00
Nudge Sun / 14:00","Tennis / Mon / 06:00
Booked Sun / 13:35",NO 3 of 4,3 of 4,NO,YES,YES,YES
R-339,"Tennis / Fri / 06:00 / Mon 22:30
Gym / Thu / 20:00 / Thu 06:20
Tennis / Mon / 08:00 / Sat 09:05","Gym / Mon / 07:00
Nudge Sun / 13:25","Gym / Tue / 06:00
Booked Sun / 13:50",NO 1 of 4,1 of 4,YES,NO,NO,NO
R-153,"Pool / Fri / 19:00 / Thu 16:20
Pool / Tue / 08:00 / Tue 03:25
Pool / Fri / 07:00 / Thu 10:00","Gym / Mon / 19:00
Nudge Mon / 07:00","Pool / Tue / 19:00
Booked Sun / 14:05",NO 1 of 4,1 of 4,NO,NO,YES,NO
R-361,"Pool / Tue / 15:00 / Tue 06:15
Gym / Wed / 09:00 / Tue 12:00
Gym / Fri / 06:00 / Wed 21:35","Gym / Mon / 08:00
Nudge Sun / 15:20","Tennis / Mon / 06:00
Booked Sun / 14:20",NO 1 of 4,1 of 4,NO,YES,NO,NO
R-306,"Pool / Wed / 19:00 / Tue 08:15
Tennis / Thu / 06:00 / Tue 16:30
Pool / Thu / 19:00 / Thu 08:20","Pool / Mon / 06:00
Nudge Sun / 14:40","Tennis / Mon / 19:00
Booked Sun / 14:55",NO 2 of 4,2 of 4,NO,YES,NO,YES
R-171,"Gym / Thu / 19:00 / Wed 15:10
Pool / Fri / 06:00 / Thu 01:05
Pool / Tue / 19:00 / Mon 20:00","Gym / Mon / 07:00
Nudge Sun / 15:40","Pool / Tue / 07:00
Booked Sun / 15:35",NO 1 of 4,1 of 4,NO,NO,YES,NO
R-446,"Gym / Sun / 06:00 / Sun 02:55
Gym / Tue / 06:00 / Mon 14:00
Pool / Fri / 06:00 / Thu 17:15","Gym / Mon / 06:00
Nudge Sun / 15:35","Tennis / Tue / 07:00
Booked Sun / 15:40",NO 0 of 4,0 of 4,NO,NO,NO,NO
R-447,"Pool / Fri / 20:00 / Fri 03:10
Badminton / Fri / 21:00 / Fri 15:20
Tennis / Sat / 19:00 / Sat 07:20","Tennis / Tue / 20:00
Nudge Mon / 19:35","Tennis / Wed / 21:00
Booked Sun / 15:45",NO 1 of 4,1 of 4,YES,NO,NO,NO
R-201,"Tennis / Fri / 06:00 / Thu 16:50
Gym / Mon / 08:00 / Sun 23:45
Badminton / Wed / 18:00 / Wed 10:40","Tennis / Mon / 18:00
Nudge Sun / 18:40","Badminton / Mon / 12:00
Booked Sun / 15:45",NO 1 of 4,1 of 4,NO,YES,NO,NO
R-150,"Gym / Mon / 08:00 / Mon 00:00
Gym / Tue / 07:00 / Mon 11:40
Gym / Wed / 06:00 / Wed 00:25","Gym / Mon / 06:00
Nudge Sun / 16:40","Pool / Mon / 08:00
Booked Sun / 16:20",NO 2 of 4,2 of 4,NO,YES,NO,YES
R-170,"Tennis / Mon / 08:00 / Wed 21:40
Gym / Thu / 06:00 / Thu 00:00
Tennis / Mon / 06:00 / Sun 00:50","Gym / Tue / 08:00
Nudge Mon / 16:40","Gym / Mon / 07:00
Booked Sun / 16:40",NO 1 of 4,1 of 4,YES,NO,NO,NO
R-124,"Gym / Thu / 17:00 / Thu 01:35
Tennis / Sat / 20:00 / Sat 02:15
Badminton / Wed / 21:00 / Wed 03:50","Badminton / Mon / 20:00
Nudge Sun / 20:20","Pool / Mon / 20:00
Booked Sun / 17:40",NO 2 of 4,2 of 4,NO,YES,YES,NO
R-262,"Clubhouse / Thu / 10:00 / Sun 06:35
Badminton / Sun / 12:00 / Thu 06:45
Pool / Sat / 12:00 / Sat 03:50","Pool / Sun / 19:00
Nudge Sat / 21:30","Hall / Fri / 12:00
Booked Sun / 17:55",NO 0 of 4,0 of 4,NO,NO,NO,NO
R-104,"Gym / Wed / 19:00 / Wed 11:15
Gym / Thu / 18:00 / Wed 18:35
Badminton / Fri / 18:00 / Thu 15:50","Badminton / Mon / 20:00
Nudge Sun / 20:15","Gym / Mon / 20:00
Booked Sun / 17:55",NO 2 of 4,2 of 4,NO,YES,YES,NO
R-146,"Gym / Wed / 18:00 / Wed 02:55
Gym / Wed / 19:00 / Wed 09:05
Badminton / Fri / 21:00 / Fri 00:15","Badminton / Mon / 20:00
Nudge Sun / 20:15","Badminton / Mon / 18:00
Booked Sun / 17:55",NO 2 of 4,2 of 4,YES,YES,NO,NO
R-254,"Pool / Thu / 07:00 / Tue 04:40
Gym / Mon / 06:00 / Sun 19:05
Pool / Thu / 06:00 / Tue 18:55","Gym / Mon / 08:00
Nudge Sun / 18:10","Gym / Mon / 06:00
Booked Sun / 18:05",NO 3 of 4,3 of 4,YES,YES,NO,YES
R-440,"Gym / Thu / 07:00 / Wed 18:40
Gym / Wed / 06:00 / Tue 19:05
Tennis / Sat / 08:00 / Fri 08:00","Gym / Mon / 08:00
Nudge Sun / 18:35","Gym / Mon / 06:00
Booked Sun / 18:55",NO 3 of 4,3 of 4,YES,YES,NO,YES
R-102,"Gym / Mon / 16:00 / Sun 09:10
Tennis / Thu / 06:00 / Wed 04:50
Pool / Fri / 07:00 / Wed 22:05","Gym / Mon / 08:00
Nudge Sun / 18:10","Gym / Mon / 07:00
Booked Sun / 18:55",NO 3 of 4,3 of 4,YES,YES,NO,YES
R-144,"Pool / Thu / 07:00 / Wed 15:35
Pool / Thu / 06:00 / Thu 01:20
Pool / Sat / 06:00 / Sat 00:00","Gym / Mon / 06:00
Nudge Sun / 19:50","Gym / Mon / 06:00
Booked Sun / 19:25",YES 4 of 4,4 of 4,YES,YES,YES,YES
R-274,"Badminton / Mon / 19:00 / Sun 18:35
Badminton / Thu / 20:00 / Wed 18:00
Gym / Sat / 21:00 / Fri 17:45","Badminton / Mon / 20:00
Nudge Sun / 19:25","Badminton / Mon / 20:00
Booked Sun / 19:45",YES 4 of 4,4 of 4,YES,YES,YES,YES
R-174,"Gym / Thu / 07:00 / Wed 21:50
Pool / Thu / 08:00 / Thu 00:15
Gym / Fri / 06:00 / Fri 01:05","Gym / Mon / 08:00
Nudge Sun / 19:45","Gym / Mon / 07:00
Booked Sun / 19:50",NO 3 of 4,3 of 4,YES,YES,NO,YES
R-218,"Badminton / Sat / 19:00 / Fri 22:45
Pool / Mon / 06:00 / Sun 00:35
Pool / Mon / 19:00 / Sun 08:05","Badminton / Mon / 20:00
Nudge Sun / 19:20","Badminton / Mon / 20:00
Booked Sun / 20:15",YES 4 of 4,4 of 4,YES,YES,YES,YES
R-361,"Gym / Wed / 09:00 / Tue 12:00
Gym / Fri / 06:00 / Wed 21:35
Tennis / Mon / 06:00 / Sun 14:20","Gym / Mon / 08:00
Nudge Sun / 20:45","Pool / Mon / 08:00
Booked Sun / 20:15",NO 3 of 4,3 of 4,NO,YES,YES,YES
R-423,"Gym / Fri / 08:00 / Wed 19:10
Gym / Fri / 19:00 / Thu 22:10
Tennis / Sun / 08:00 / Fri 21:00","Gym / Mon / 07:00
Nudge Sun / 19:55","Gym / Mon / 08:00
Booked Sun / 20:35",NO 3 of 4,3 of 4,YES,YES,NO,YES
R-162,"Pool / Tue / 06:00 / Mon 02:15
Tennis / Wed / 07:00 / Mon 13:45
Gym / Wed / 06:00 / Tue 09:35","Gym / Mon / 08:00
Nudge Sun / 20:45","Pool / Mon / 07:00
Booked Sun / 20:40",NO 2 of 4,2 of 4,NO,YES,NO,YES
R-112,"Tennis / Fri / 06:00 / Tue 01:50
Pool / Wed / 07:00 / Wed 02:05
Pool / Wed / 08:00 / Sun 08:05","Gym / Mon / 07:00
Nudge Sun / 20:30","Gym / Mon / 06:00
Booked Sun / 20:45",NO 3 of 4,3 of 4,YES,YES,NO,YES
R-187,"Badminton / Fri / 19:00 / Fri 03:40
Gym / Wed / 18:00 / Wed 06:20
Badminton / Fri / 18:00 / Fri 07:45","Badminton / Mon / 19:00
Nudge Sun / 21:05","Badminton / Mon / 19:00
Booked Sun / 21:10",YES 4 of 4,4 of 4,YES,YES,YES,YES
R-136,"Badminton / Thu / 17:00 / Wed 14:55
Pool / Fri / 18:00 / Thu 17:10
Pool / Sun / 18:00 / Sun 04:30","Gym / Mon / 19:00
Nudge Sun / 22:35","Pool / Tue / 17:00
Booked Sun / 21:50",NO 0 of 4,0 of 4,NO,NO,NO,NO
R-122,"Badminton / Wed / 11:00 / Tue 17:30
Pool / Thu / 19:00 / Tue 21:25
Clubhouse / Fri / 19:00 / Thu 02:40","Gym / Sun / 08:00
Nudge Sat / 22:25","Badminton / Tue / 08:00
Booked Sun / 22:25",NO 1 of 4,1 of 4,NO,NO,YES,NO
R-396,"Pool / Sat / 12:00 / Sat 04:10
Badminton / Mon / 16:00 / Mon 08:00
Pool / Fri / 12:00 / Fri 02:40","Gym / Sun / 08:00
Nudge Sat / 23:10","Badminton / Mon / 19:00
Booked Sun / 23:25",NO 0 of 4,0 of 4,NO,NO,NO,NO
R-241,"Gym / Wed / 08:00 / Wed 03:40
Gym / Fri / 07:00 / Wed 07:35
Gym / Wed / 06:00 / Tue 11:20","Gym / Mon / 06:00
Nudge Sun / 22:15","Gym / Mon / 08:00
Booked Sun / 23:25",NO 2 of 4,2 of 4,YES,YES,NO,NO
R-225,"Tennis / Wed / 13:00 / Mon 23:50
Pool / Fri / 08:00 / Thu 07:45
Pool / Fri / 19:00 / Fri 03:50","Gym / Mon / 08:00
Nudge Sun / 22:35","Gym / Mon / 19:00
Booked Sun / 23:25",NO 3 of 4,3 of 4,YES,YES,NO,YES
R-145,"Gym / Wed / 07:00 / Tue 03:20
Tennis / Fri / 09:00 / Wed 15:15
Gym / Fri / 22:00 / Fri 11:10","Gym / Mon / 08:00
Nudge Sun / 23:25","Gym / Mon / 08:00
Booked Sun / 23:40",YES 4 of 4,4 of 4,YES,YES,YES,YES
R-447,"Badminton / Fri / 21:00 / Fri 15:20
Tennis / Sat / 19:00 / Sat 07:20
Tennis / Wed / 21:00 / Sun 15:45","Gym / Mon / 20:00
Nudge Mon / 02:50","Tennis / Mon / 18:00
Booked Mon / 00:20",NO 1 of 4,1 of 4,NO,YES,NO,NO
R-308,"Gym / Tue / 06:00 / Sun 22:50
Gym / Mon / 19:00 / Mon 08:35
Badminton / Thu / 15:00 / Tue 20:45","Badminton / Tue / 20:00
Nudge Mon / 23:30","Badminton / Wed / 19:00
Booked Mon / 00:30",NO 1 of 4,1 of 4,YES,NO,NO,NO
R-140,"Badminton / Tue / 09:00 / Sun 06:55
Badminton / Sat / 06:00 / Fri 17:35
Gym / Fri / 21:00 / Fri 14:30","Gym / Mon / 18:00
Nudge Mon / 01:30","Gym / Tue / 19:00
Booked Mon / 01:10",NO 1 of 4,1 of 4,YES,NO,NO,NO
R-174,"Pool / Thu / 08:00 / Thu 00:15
Gym / Fri / 06:00 / Fri 01:05
Gym / Mon / 07:00 / Sun 19:50","Gym / Mon / 08:00
Nudge Mon / 02:35","Gym / Mon / 08:00
Booked Mon / 01:30",NO 3 of 4,3 of 4,YES,YES,YES,NO
R-144,"Pool / Thu / 06:00 / Thu 01:20
Pool / Sat / 06:00 / Sat 00:00
Gym / Mon / 06:00 / Sun 19:25","Gym / Mon / 08:00
Nudge Mon / 02:30","Pool / Mon / 08:00
Booked Mon / 01:40",NO 3 of 4,3 of 4,NO,YES,YES,YES
R-119,"Gym / Wed / 06:00 / Tue 09:45
Gym / Fri / 06:00 / Thu 04:30
Tennis / Mon / 06:00 / Sun 13:35","Gym / Mon / 08:00
Nudge Mon / 02:40","Tennis / Tue / 08:00
Booked Mon / 01:55",NO 1 of 4,1 of 4,NO,NO,YES,NO
R-404,"Pool / Fri / 20:00 / Thu 19:50
Gym / Sat / 06:00 / Fri 20:10
Gym / Sun / 19:00 / Sun 04:45","Gym / Mon / 18:00
Nudge Mon / 02:10","Gym / Mon / 18:00
Booked Mon / 02:25",YES 4 of 4,4 of 4,YES,YES,YES,YES
R-162,"Tennis / Wed / 07:00 / Mon 13:45
Gym / Wed / 06:00 / Tue 09:35
Pool / Mon / 07:00 / Sun 20:40","Gym / Mon / 08:00
Nudge Mon / 04:10","Gym / Mon / 08:00
Booked Mon / 03:05",NO 3 of 4,3 of 4,YES,YES,YES,NO
R-249,"Gym / Wed / 16:00 / Wed 02:55
Gym / Wed / 21:00 / Wed 11:30
Pool / Thu / 18:00 / Thu 13:25","Gym / Mon / 21:00
Nudge Mon / 03:55","Tennis / Tue / 19:00
Booked Mon / 03:05",NO 0 of 4,0 of 4,NO,NO,NO,NO
R-102,"Tennis / Thu / 06:00 / Wed 04:50
Pool / Fri / 07:00 / Wed 22:05
Gym / Mon / 07:00 / Sun 18:55","Gym / Mon / 08:00
Nudge Mon / 02:15","Tennis / Tue / 08:00
Booked Mon / 03:10",NO 1 of 4,1 of 4,NO,NO,YES,NO
R-268,"Tennis / Wed / 15:00 / Tue 10:20
Pool / Wed / 19:00 / Wed 11:45
Pool / Sat / 07:00 / Fri 08:45","Pool / Mon / 18:00
Nudge Mon / 04:40","Pool / Tue / 07:00
Booked Mon / 03:35",NO 1 of 4,1 of 4,YES,NO,NO,NO
R-228,"Badminton / Thu / 08:00 / Wed 13:55
Gym / Wed / 20:00 / Wed 15:55
Pool / Thu / 20:00 / Thu 02:00","Gym / Tue / 20:00
Nudge Tue / 03:00","Pool / Mon / 18:00
Booked Mon / 03:55",NO 0 of 4,0 of 4,NO,NO,NO,NO
R-414,"Pool / Mon / 19:00 / Sun 16:00
Pool / Wed / 19:00 / Wed 08:50
Tennis / Fri / 19:00 / Thu 04:10","Gym / Tue / 08:00
Nudge Tue / 00:10","Gym / Mon / 19:00
Booked Mon / 04:25",NO 1 of 4,1 of 4,YES,NO,NO,NO
R-256,"Gym / Thu / 08:00 / Tue 20:15
Tennis / Wed / 08:00 / Fri 08:05
Gym / Wed / 06:00 / Tue 12:30","Gym / Tue / 08:00
Nudge Mon / 23:55","Tennis / Thu / 06:00
Booked Mon / 04:30",NO 0 of 4,0 of 4,NO,NO,NO,NO
R-119,"Gym / Fri / 06:00 / Thu 04:30
Tennis / Mon / 06:00 / Sun 13:35
Tennis / Tue / 08:00 / Mon 01:55","Gym / Tue / 08:00
Nudge Tue / 04:10","Gym / Mon / 08:00
Booked Mon / 04:30",NO 2 of 4,2 of 4,YES,NO,YES,NO
R-314,"Tennis / Fri / 18:00 / Thu 11:30
Badminton / Fri / 20:00 / Thu 15:45
Badminton / Mon / 20:00 / Sun 19:45","Gym / Tue / 20:00
Nudge Tue / 04:30","Badminton / Mon / 22:00
Booked Mon / 04:45",NO 0 of 4,0 of 4,NO,NO,NO,NO
R-167,"Gym / Wed / 07:00 / Tue 17:25
Tennis / Thu / 08:00 / Wed 03:35
Gym / Mon / 08:00 / Sun 10:10","Gym / Tue / 08:00
Nudge Mon / 21:40","Gym / Tue / 08:00
Booked Mon / 05:20",NO 3 of 4,3 of 4,YES,YES,YES,NO
R-142,"Badminton / Thu / 18:00 / Wed 21:20
Gym / Thu / 21:00 / Wed 23:40
Badminton / Sat / 21:00 / Fri 19:05","Badminton / Tue / 20:00
Nudge Tue / 05:15","Pool / Tue / 18:00
Booked Mon / 05:50",NO 1 of 4,1 of 4,NO,YES,NO,NO
R-428,"Pool / Sat / 07:00 / Fri 13:40
Pool / Wed / 08:00 / Tue 05:00
Gym / Fri / 06:00 / Thu 21:10","Gym / Tue / 08:00
Nudge Tue / 01:25","Gym / Tue / 06:00
Booked Mon / 05:50",NO 2 of 4,2 of 4,YES,YES,NO,NO
R-102,"Pool / Fri / 07:00 / Wed 22:05
Gym / Mon / 07:00 / Sun 18:55
Tennis / Tue / 08:00 / Mon 03:10","Gym / Tue / 07:00
Nudge Mon / 07:40","Tennis / Wed / 06:00
Booked Mon / 06:10",NO 0 of 4,0 of 4,NO,NO,NO,NO
R-248,"Gym / Wed / 18:00 / Tue 21:30
Tennis / Thu / 18:00 / Wed 14:20
Pool / Fri / 20:00 / Fri 02:55","Badminton / Tue / 18:00
Nudge Tue / 04:30","Badminton / Mon / 18:00
Booked Mon / 06:10",NO 2 of 4,2 of 4,YES,NO,YES,NO
R-177,"Gym / Fri / 19:00 / Fri 15:10
Pool / Wed / 12:00 / Tue 12:10
Badminton / Sat / 18:00 / Fri 18:45","Gym / Tue / 18:00
Nudge Tue / 07:15","Pool / Mon / 19:00
Booked Mon / 06:25",NO 0 of 4,0 of 4,NO,NO,NO,NO
R-365,"Badminton / Thu / 21:00 / Wed 07:10
Gym / Fri / 19:00 / Fri 02:00
Tennis / Sat / 18:00 / Fri 14:05","Gym / Mon / 20:00
Nudge Mon / 08:25","Badminton / Tue / 21:00
Booked Mon / 07:15",NO 0 of 4,0 of 4,NO,NO,NO,NO
R-441,"Badminton / Sat / 20:00 / Sat 04:20
Gym / Wed / 20:00 / Wed 13:40
Badminton / Fri / 20:00 / Thu 09:35","Badminton / Tue / 18:00
Nudge Tue / 05:25","Gym / Mon / 20:00
Booked Mon / 07:25",NO 0 of 4,0 of 4,NO,NO,NO,NO
R-225,"Pool / Fri / 08:00 / Thu 07:45
Pool / Fri / 19:00 / Fri 03:50
Gym / Mon / 19:00 / Sun 23:25","Pool / Tue / 08:00
Nudge Mon / 14:05","Pool / Tue / 07:00
Booked Mon / 07:45",NO 2 of 4,2 of 4,YES,YES,NO,NO
R-193,"Tennis / Fri / 08:00 / Mon 13:20
Badminton / Mon / 19:00 / Fri 21:50
Pool / Thu / 12:00 / Wed 20:05","Gym / Tue / 18:00
Nudge Tue / 08:20","Gym / Mon / 18:00
Booked Mon / 07:50",NO 2 of 4,2 of 4,YES,NO,YES,NO
R-159,"Tennis / Fri / 08:00 / Wed 01:25
Gym / Mon / 06:00 / Mon 00:40
Gym / Mon / 07:00 / Sat 07:20","Gym / Tue / 08:00
Nudge Mon / 11:50","Gym / Tue / 06:00
Booked Mon / 08:20",NO 2 of 4,2 of 4,YES,YES,NO,NO
R-281,"Tennis / Tue / 19:00 / Mon 22:40
Gym / Thu / 18:00 / Thu 01:05
Badminton / Sat / 20:00 / Fri 09:25","Badminton / Tue / 20:00
Nudge Tue / 07:40","Gym / Mon / 21:00
Booked Mon / 08:40",NO 0 of 4,0 of 4,NO,NO,NO,NO
R-353,"Pool / Tue / 19:00 / Sun 15:00
Tennis / Thu / 19:00 / Mon 22:40
Badminton / Wed / 21:00 / Tue 09:50","Badminton / Tue / 20:00
Nudge Tue / 03:40","Badminton / Mon / 19:00
Booked Mon / 09:00",NO 1 of 4,1 of 4,YES,NO,NO,NO
R-105,"Gym / Fri / 08:00 / Fri 01:50
Gym / Sat / 18:00 / Sat 07:20
Gym / Sun / 07:00 / Sat 23:40","Gym / Tue / 08:00
Nudge Mon / 12:25","Gym / Tue / 06:00
Booked Mon / 09:05",NO 2 of 4,2 of 4,YES,YES,NO,NO
R-309,"Pool / Sat / 15:00 / Wed 15:20
Clubhouse / Sat / 15:00 / Sat 15:00
Pool / Sun / 11:00 / Sat 08:55","Clubhouse / Sat / 10:00
Nudge Fri / 08:10","Clubhouse / Sat / 18:00
Booked Mon / 09:25",NO 2 of 4,2 of 4,YES,YES,NO,NO
R-448,"Tennis / Tue / 20:00 / Mon 16:20
Gym / Wed / 19:00 / Tue 14:35
Pool / Fri / 20:00 / Fri 03:15","Gym / Tue / 20:00
Nudge Tue / 10:25","Badminton / Mon / 20:00
Booked Mon / 09:25",NO 1 of 4,1 of 4,NO,NO,YES,NO
R-208,"Badminton / Fri / 18:00 / Thu 14:50
Gym / Thu / 18:00 / Wed 23:10
Badminton / Fri / 18:00 / Thu 21:10","Badminton / Tue / 20:00
Nudge Tue / 06:15","Gym / Mon / 20:00
Booked Mon / 09:30",NO 1 of 4,1 of 4,NO,NO,YES,NO
R-412,"Badminton / Wed / 21:00 / Mon 17:55
Gym / Mon / 20:00 / Sun 06:45
Badminton / Mon / 21:00 / Sun 17:40","Badminton / Tue / 20:00
Nudge Tue / 04:50","Gym / Mon / 20:00
Booked Mon / 09:35",NO 1 of 4,1 of 4,NO,NO,YES,NO
R-249,"Gym / Wed / 21:00 / Wed 11:30
Pool / Thu / 18:00 / Thu 13:25
Tennis / Tue / 19:00 / Mon 03:05","Gym / Mon / 18:00
Nudge Mon / 10:00","Pool / Mon / 18:00
Booked Mon / 09:55",NO 3 of 4,3 of 4,NO,YES,YES,YES
R-139,"Pool / Fri / 19:00 / Wed 07:10
Tennis / Tue / 19:00 / Fri 04:20
Tennis / Sat / 19:00 / Fri 12:30","Gym / Tue / 18:00
Nudge Tue / 10:30","Pool / Mon / 19:00
Booked Mon / 10:30",NO 0 of 4,0 of 4,NO,NO,NO,NO
R-383,"Gym / Sat / 18:00 / Sat 11:45
Gym / Tue / 21:00 / Mon 20:50
Gym / Sat / 06:00 / Fri 21:00","Badminton / Tue / 18:00
Nudge Tue / 04:30","Gym / Mon / 20:00
Booked Mon / 10:40",NO 0 of 4,0 of 4,NO,NO,NO,NO
R-102,"Gym / Mon / 07:00 / Sun 18:55
Tennis / Tue / 08:00 / Mon 03:10
Tennis / Wed / 06:00 / Mon 06:10","Gym / Tue / 08:00
Nudge Mon / 11:05","Gym / Mon / 18:00
Booked Mon / 10:40",NO 2 of 4,2 of 4,YES,NO,NO,YES
R-366,"Gym / Wed / 08:00 / Mon 08:45
Gym / Thu / 13:00 / Thu 01:45
Gym / Mon / 17:00 / Sat 21:50","Pool / Tue / 08:00
Nudge Mon / 11:55","Tennis / Thu / 07:00
Booked Mon / 10:55",NO 0 of 4,0 of 4,NO,NO,NO,NO
R-172,"Pool / Mon / 19:00 / Sun 19:40
Gym / Wed / 07:00 / Tue 21:35
Pool / Thu / 12:00 / Thu 02:45","Gym / Tue / 08:00
Nudge Mon / 14:25","Pool / Tue / 07:00
Booked Mon / 12:00",NO 1 of 4,1 of 4,NO,YES,NO,NO
R-234,"Pool / Wed / 19:00 / Wed 11:30
Tennis / Sun / 19:00 / Fri 19:40
Pool / Sat / 19:00 / Sat 12:15","Gym / Tue / 08:00
Nudge Mon / 14:05","Pool / Mon / 19:00
Booked Mon / 12:05",NO 0 of 4,0 of 4,NO,NO,NO,NO
R-323,"Badminton / Wed / 15:00 / Tue 18:20
Pool / Thu / 19:00 / Wed 15:10
Badminton / Thu / 20:00 / Wed 17:50","Tennis / Tue / 20:00
Nudge Tue / 01:20","Badminton / Mon / 21:00
Booked Mon / 12:10",NO 0 of 4,0 of 4,NO,NO,NO,NO
R-423,"Gym / Fri / 19:00 / Thu 22:10
Tennis / Sun / 08:00 / Fri 21:00
Gym / Mon / 08:00 / Sun 20:35","Gym / Tue / 08:00
Nudge Mon / 12:00","Gym / Tue / 15:00
Booked Mon / 12:30",NO 3 of 4,3 of 4,YES,YES,NO,YES
R-225,"Pool / Fri / 19:00 / Fri 03:50
Gym / Mon / 19:00 / Sun 23:25
Pool / Tue / 07:00 / Mon 07:45","Pool / Tue / 08:00
Nudge Mon / 13:25","Pool / Tue / 19:00
Booked Mon / 12:35",NO 3 of 4,3 of 4,YES,YES,NO,YES
R-430,"Gym / Thu / 19:00 / Thu 07:45
Pool / Sat / 19:00 / Sat 02:50
Badminton / Sun / 18:00 / Sun 11:20","Badminton / Tue / 18:00
Nudge Mon / 23:00","Gym / Mon / 19:00
Booked Mon / 12:50",NO 0 of 4,0 of 4,NO,NO,NO,NO
R-441,"Gym / Wed / 20:00 / Wed 13:40
Badminton / Fri / 20:00 / Thu 09:35
Gym / Mon / 20:00 / Mon 07:25","Gym / Tue / 21:00
Nudge Tue / 13:20","Gym / Mon / 18:00
Booked Mon / 12:55",NO 1 of 4,1 of 4,YES,NO,NO,NO
R-193,"Badminton / Mon / 19:00 / Fri 21:50
Pool / Thu / 12:00 / Wed 20:05
Gym / Mon / 18:00 / Mon 07:50","Gym / Tue / 18:00
Nudge Tue / 11:45","Clubhouse / Tue / 16:00
Booked Mon / 13:00",NO 1 of 4,1 of 4,NO,YES,NO,NO
R-443,"Gym / Tue / 20:00 / Tue 06:00
Gym / Thu / 14:00 / Thu 11:10
Gym / Mon / 19:00 / Sun 04:15","Gym / Mon / 18:00
Nudge Mon / 11:30","Gym / Mon / 20:00
Booked Mon / 13:30",NO 2 of 4,2 of 4,YES,YES,NO,NO
R-268,"Pool / Wed / 19:00 / Wed 11:45
Pool / Sat / 07:00 / Fri 08:45
Pool / Tue / 07:00 / Mon 03:35","Pool / Tue / 18:00
Nudge Tue / 07:35","Gym / Mon / 18:00
Booked Mon / 13:50",NO 1 of 4,1 of 4,NO,NO,YES,NO
R-447,"Tennis / Sat / 19:00 / Sat 07:20
Tennis / Wed / 21:00 / Sun 15:45
Tennis / Mon / 18:00 / Mon 00:20","Gym / Mon / 20:00
Nudge Mon / 14:25","Tennis / Tue / 20:00
Booked Mon / 13:55",NO 1 of 4,1 of 4,NO,NO,YES,NO
R-293,"Gym / Tue / 20:00 / Tue 12:35
Gym / Tue / 18:00 / Tue 12:50
Badminton / Thu / 10:00 / Wed 14:45","Gym / Tue / 20:00
Nudge Tue / 12:35","Gym / Mon / 19:00
Booked Mon / 15:10",NO 1 of 4,1 of 4,YES,NO,NO,NO
R-305,"Pool / Wed / 06:00 / Tue 17:55
Gym / Thu / 06:00 / Wed 20:50
Pool / Thu / 08:00 / Wed 21:45","Gym / Tue / 07:00
Nudge Mon / 15:25","Gym / Tue / 08:00
Booked Mon / 15:10",NO 3 of 4,3 of 4,YES,YES,NO,YES
R-140,"Badminton / Sat / 06:00 / Fri 17:35
Gym / Fri / 21:00 / Fri 14:30
Gym / Tue / 19:00 / Mon 01:10","Gym / Wed / 21:00
Nudge Wed / 15:40","Pool / Wed / 20:00
Booked Mon / 15:20",NO 1 of 4,1 of 4,NO,YES,NO,NO
R-197,"Pool / Sat / 10:00 / Fri 10:20
Pool / Sun / 09:00 / Sat 09:05
Pool / Sun / 10:00 / Sun 01:40","Clubhouse / Tue / 17:00
Nudge Mon / 13:10","Clubhouse / Tue / 15:00
Booked Mon / 16:00",NO 2 of 4,2 of 4,YES,YES,NO,NO
R-446,"Gym / Tue / 06:00 / Mon 14:00
Pool / Fri / 06:00 / Thu 17:15
Tennis / Tue / 07:00 / Sun 15:40","Gym / Tue / 06:00
Nudge Mon / 16:40","Pool / Tue / 06:00
Booked Mon / 16:10",NO 3 of 4,3 of 4,NO,YES,YES,YES
R-311,"Pool / Sun / 14:00 / Sat 20:25
Pool / Sat / 15:00 / Sat 03:15
Pool / Sun / 10:00 / Sat 21:25","Clubhouse / Tue / 15:00
Nudge Mon / 12:25","Gym / Tue / 15:00
Booked Mon / 16:25",NO 2 of 4,2 of 4,NO,YES,YES,NO
R-140,"Gym / Fri / 21:00 / Fri 14:30
Gym / Tue / 19:00 / Mon 01:10
Pool / Wed / 20:00 / Mon 15:20","Tennis / Tue / 18:00
Nudge Mon / 17:20","Pool / Tue / 21:00
Booked Mon / 16:50",NO 2 of 4,2 of 4,NO,YES,NO,YES
R-434,"Gym / Thu / 06:00 / Wed 08:00
Gym / Fri / 08:00 / Fri 03:05
Gym / Mon / 07:00 / Sat 21:05","Pool / Tue / 06:00
Nudge Mon / 16:10","Tennis / Tue / 08:00
Booked Mon / 17:15",NO 1 of 4,1 of 4,NO,YES,NO,NO
R-383,"Gym / Tue / 21:00 / Mon 20:50
Gym / Sat / 06:00 / Fri 21:00
Gym / Mon / 20:00 / Mon 10:40","Badminton / Tue / 21:00
Nudge Mon / 22:10","Clubhouse / Tue / 19:00
Booked Mon / 17:25",NO 1 of 4,1 of 4,NO,YES,NO,NO
R-243,"Tennis / Fri / 18:00 / Thu 23:30
Badminton / Sat / 21:00 / Sat 06:10
Tennis / Mon / 19:00 / Sat 19:40","Pool / Tue / 18:00
Nudge Mon / 20:35","Badminton / Tue / 19:00
Booked Mon / 17:45",NO 1 of 4,1 of 4,NO,YES,NO,NO
R-213,"Pool / Thu / 19:00 / Wed 03:30
Badminton / Sun / 20:00 / Sat 13:20
Badminton / Tue / 18:00 / Sun 11:20","Badminton / Tue / 18:00
Nudge Mon / 17:30","Tennis / Thu / 18:00
Booked Mon / 18:00",NO 1 of 4,1 of 4,NO,NO,YES,NO
R-219,"Pool / Sat / 20:00 / Wed 20:55
Tennis / Sat / 21:00 / Fri 11:45
Pool / Mon / 20:00 / Sat 09:05","Pool / Tue / 18:00
Nudge Mon / 19:40","Badminton / Thu / 21:00
Booked Mon / 18:05",NO 0 of 4,0 of 4,NO,NO,NO,NO
R-218,"Pool / Mon / 06:00 / Sun 00:35
Pool / Mon / 19:00 / Sun 08:05
Badminton / Mon / 20:00 / Sun 20:15","Badminton / Tue / 19:00
Nudge Mon / 18:30","Gym / Tue / 19:00
Booked Mon / 18:15",NO 3 of 4,3 of 4,NO,YES,YES,YES
R-208,"Gym / Thu / 18:00 / Wed 23:10
Badminton / Fri / 18:00 / Thu 21:10
Gym / Mon / 20:00 / Mon 09:30","Badminton / Tue / 20:00
Nudge Mon / 19:40","Badminton / Tue / 18:00
Booked Mon / 18:30",NO 2 of 4,2 of 4,YES,YES,NO,NO
R-389,"Tennis / Fri / 07:00 / Thu 16:35
Pool / Wed / 08:00 / Sun 08:25
Gym / Thu / 06:00 / Wed 14:55","Gym / Tue / 08:00
Nudge Mon / 18:10","Tennis / Wed / 07:00
Booked Mon / 18:30",NO 0 of 4,0 of 4,NO,NO,NO,NO
R-263,"Tennis / Thu / 12:00 / Wed 16:15
Pool / Fri / 06:00 / Thu 00:30
Gym / Thu / 08:00 / Thu 01:40","Gym / Tue / 08:00
Nudge Mon / 18:40","Gym / Tue / 09:00
Booked Mon / 18:35",NO 3 of 4,3 of 4,YES,YES,NO,YES
R-119,"Tennis / Mon / 06:00 / Sun 13:35
Tennis / Tue / 08:00 / Mon 01:55
Gym / Mon / 08:00 / Mon 04:30","Gym / Tue / 06:00
Nudge Mon / 18:50","Gym / Tue / 07:00
Booked Mon / 18:55",NO 3 of 4,3 of 4,YES,YES,NO,YES
R-271,"Gym / Tue / 06:00 / Mon 17:55
Tennis / Wed / 06:00 / Mon 19:55
Gym / Thu / 06:00 / Thu 02:00","Gym / Tue / 06:00
Nudge Mon / 19:45","Pool / Tue / 08:00
Booked Mon / 19:05",NO 2 of 4,2 of 4,NO,YES,NO,YES
R-339,"Gym / Thu / 20:00 / Thu 06:20
Tennis / Mon / 08:00 / Sat 09:05
Gym / Tue / 06:00 / Sun 13:50","Gym / Tue / 07:00
Nudge Mon / 19:50","Gym / Tue / 07:00
Booked Mon / 19:10",YES 4 of 4,4 of 4,YES,YES,YES,YES
R-139,"Tennis / Tue / 19:00 / Fri 04:20
Tennis / Sat / 19:00 / Fri 12:30
Pool / Mon / 19:00 / Mon 10:30","Gym / Tue / 18:00
Nudge Mon / 21:40","Pool / Thu / 19:00
Booked Mon / 19:20",NO 0 of 4,0 of 4,NO,NO,NO,NO
R-370,"Badminton / Mon / 08:00 / Sun 18:35
Gym / Tue / 07:00 / Sun 23:15
Gym / Fri / 21:00 / Fri 03:30","Gym / Tue / 08:00
Nudge Mon / 19:10","Gym / Tue / 07:00
Booked Mon / 19:20",NO 3 of 4,3 of 4,YES,YES,NO,YES
R-185,"Tennis / Sun / 16:00 / Sat 23:55
Clubhouse / Sat / 13:00 / Fri 00:05
Pool / Sat / 12:00 / Fri 06:50","Pool / Tue / 16:00
Nudge Mon / 20:05","Hall / Sat / 12:00
Booked Mon / 19:45",NO 0 of 4,0 of 4,NO,NO,NO,NO
R-182,"Badminton / Fri / 18:00 / Thu 21:05
Pool / Sat / 21:00 / Fri 21:15
Badminton / Mon / 20:00 / Sun 01:40","Pool / Tue / 18:00
Nudge Mon / 23:05","Badminton / Tue / 18:00
Booked Mon / 19:55",NO 2 of 4,2 of 4,NO,YES,YES,NO
R-274,"Badminton / Thu / 20:00 / Wed 18:00
Gym / Sat / 21:00 / Fri 17:45
Badminton / Mon / 20:00 / Sun 19:45","Badminton / Tue / 18:00
Nudge Mon / 20:20","Gym / Tue / 21:00
Booked Mon / 20:00",NO 2 of 4,2 of 4,NO,YES,NO,YES
R-432,"Gym / Wed / 08:00 / Tue 18:35
Gym / Thu / 06:00 / Wed 07:45
Gym / Sat / 13:00 / Fri 17:55","Gym / Tue / 08:00
Nudge Mon / 20:20","Tennis / Tue / 06:00
Booked Mon / 20:45",NO 2 of 4,2 of 4,NO,YES,NO,YES
R-254,"Gym / Mon / 06:00 / Sun 19:05
Pool / Thu / 06:00 / Tue 18:55
Gym / Mon / 06:00 / Sun 18:05","Gym / Tue / 08:00
Nudge Mon / 20:25","Pool / Tue / 17:00
Booked Mon / 20:45",NO 2 of 4,2 of 4,NO,YES,NO,YES
R-265,"Gym / Mon / 19:00 / Sun 21:10
Gym / Tue / 18:00 / Tue 02:45
Badminton / Sat / 07:00 / Fri 06:50","Gym / Tue / 07:00
Nudge Mon / 19:55","Pool / Tue / 08:00
Booked Mon / 20:45",NO 2 of 4,2 of 4,NO,YES,NO,YES
R-256,"Tennis / Wed / 08:00 / Fri 08:05
Gym / Wed / 06:00 / Tue 12:30
Tennis / Thu / 06:00 / Mon 04:30","Gym / Tue / 07:00
Nudge Mon / 21:15","Gym / Tue / 08:00
Booked Mon / 21:00",NO 3 of 4,3 of 4,YES,YES,NO,YES
R-155,"Gym / Fri / 06:00 / Thu 09:05
Gym / Fri / 07:00 / Thu 21:35
Pool / Mon / 08:00 / Fri 15:40","Gym / Tue / 08:00
Nudge Mon / 21:05","Gym / Tue / 06:00
Booked Mon / 21:15",NO 3 of 4,3 of 4,YES,YES,NO,YES
R-156,"Gym / Fri / 12:00 / Fri 08:15
Gym / Sat / 14:00 / Sat 02:35
Tennis / Mon / 08:00 / Sun 09:25","Gym / Tue / 08:00
Nudge Mon / 22:10","Gym / Tue / 08:00
Booked Mon / 21:20",YES 4 of 4,4 of 4,YES,YES,YES,YES
R-170,"Gym / Thu / 06:00 / Thu 00:00
Tennis / Mon / 06:00 / Sun 00:50
Gym / Mon / 07:00 / Sun 16:40","Gym / Tue / 08:00
Nudge Mon / 21:55","Pool / Wed / 07:00
Booked Mon / 21:20",NO 0 of 4,0 of 4,NO,NO,NO,NO
R-106,"Pool / Wed / 08:00 / Tue 08:15
Tennis / Sun / 08:00 / Wed 14:45
Gym / Fri / 22:00 / Thu 21:50","Gym / Tue / 08:00
Nudge Mon / 21:40","Gym / Tue / 06:00
Booked Mon / 21:50",NO 3 of 4,3 of 4,YES,YES,NO,YES
R-298,"Tennis / Tue / 08:00 / Sun 06:15
Pool / Mon / 19:00 / Sun 22:20
Pool / Wed / 19:00 / Wed 00:55","Gym / Tue / 08:00
Nudge Mon / 23:05","Tennis / Wed / 08:00
Booked Mon / 22:05",NO 1 of 4,1 of 4,NO,NO,YES,NO
R-243,"Badminton / Sat / 21:00 / Sat 06:10
Tennis / Mon / 19:00 / Sat 19:40
Badminton / Tue / 19:00 / Mon 17:45","Pool / Tue / 18:00
Nudge Mon / 23:00","Badminton / Tue / 18:00
Booked Mon / 22:10",NO 3 of 4,3 of 4,NO,YES,YES,YES
R-139,"Tennis / Sat / 19:00 / Fri 12:30
Pool / Mon / 19:00 / Mon 10:30
Pool / Thu / 19:00 / Mon 19:20","Gym / Tue / 18:00
Nudge Mon / 23:10","Pool / Tue / 07:00
Booked Mon / 22:25",NO 2 of 4,2 of 4,NO,YES,NO,YES
R-149,"Tennis / Tue / 19:00 / Tue 11:40
Pool / Wed / 20:00 / Wed 16:00
Pool / Fri / 18:00 / Fri 09:30","Gym / Tue / 18:00
Nudge Mon / 23:05","Badminton / Tue / 19:00
Booked Mon / 22:55",NO 2 of 4,2 of 4,NO,YES,NO,YES
R-253,"Gym / Thu / 07:00 / Wed 21:25
Gym / Fri / 08:00 / Fri 01:35
Badminton / Sat / 07:00 / Fri 12:55","Gym / Tue / 06:00
Nudge Mon / 21:50","Gym / Tue / 17:00
Booked Mon / 23:00",NO 2 of 4,2 of 4,YES,YES,NO,NO
R-231,"Badminton / Tue / 10:00 / Mon 12:35
Badminton / Sat / 19:00 / Thu 16:55
Gym / Fri / 14:00 / Fri 04:35","Gym / Tue / 18:00
Nudge Mon / 23:35","Tennis / Tue / 21:00
Booked Mon / 23:00",NO 2 of 4,2 of 4,NO,YES,NO,YES
R-145,"Tennis / Fri / 09:00 / Wed 15:15
Gym / Fri / 22:00 / Fri 11:10
Gym / Mon / 08:00 / Sun 23:40","Gym / Tue / 08:00
Nudge Tue / 00:20","Tennis / Wed / 08:00
Booked Mon / 23:30",NO 1 of 4,1 of 4,NO,NO,YES,NO
R-117,"Gym / Thu / 22:00 / Wed 22:50
Pool / Mon / 08:00 / Sun 10:55
Gym / Wed / 07:00 / Tue 08:40","Gym / Tue / 08:00
Nudge Tue / 01:50","Pool / Tue / 08:00
Booked Tue / 00:00",NO 2 of 4,2 of 4,NO,YES,YES,NO
R-414,"Pool / Wed / 19:00 / Wed 08:50
Tennis / Fri / 19:00 / Thu 04:10
Gym / Mon / 19:00 / Mon 04:25","Gym / Tue / 06:00
Nudge Mon / 23:35","Pool / Tue / 08:00
Booked Tue / 00:15",NO 1 of 4,1 of 4,NO,YES,NO,NO
R-151,"Badminton / Sat / 20:00 / Fri 12:05
Pool / Mon / 21:00 / Sun 03:10
Badminton / Mon / 20:00 / Mon 10:50","Badminton / Tue / 20:00
Nudge Tue / 00:20","Tennis / Wed / 18:00
Booked Tue / 00:20",NO 0 of 4,0 of 4,NO,NO,NO,NO
R-272,"Badminton / Fri / 21:00 / Thu 08:35
Badminton / Sat / 19:00 / Sat 08:10
Gym / Sat / 20:00 / Sat 12:35","Badminton / Wed / 20:00
Nudge Wed / 00:10","Tennis / Tue / 21:00
Booked Tue / 00:20",NO 0 of 4,0 of 4,NO,NO,NO,NO
R-371,"Gym / Thu / 08:00 / Wed 23:15
Gym / Thu / 06:00 / Thu 00:20
Gym / Fri / 06:00 / Thu 21:55","Gym / Tue / 06:00
Nudge Tue / 00:45","Gym / Tue / 06:00
Booked Tue / 00:30",YES 4 of 4,4 of 4,YES,YES,YES,YES
R-173,"Badminton / Fri / 18:00 / Wed 02:45
Badminton / Sat / 18:00 / Fri 05:40
Tennis / Fri / 10:00 / Wed 17:20","Badminton / Tue / 19:00
Nudge Tue / 00:05","Badminton / Tue / 20:00
Booked Tue / 00:40",NO 3 of 4,3 of 4,YES,YES,NO,YES
R-215,"Badminton / Fri / 18:00 / Thu 01:00
Badminton / Sat / 21:00 / Sat 03:45
Gym / Mon / 06:00 / Sun 11:20","Badminton / Tue / 20:00
Nudge Tue / 00:10","Badminton / Tue / 20:00
Booked Tue / 00:50",YES 4 of 4,4 of 4,YES,YES,YES,YES
R-353,"Tennis / Thu / 19:00 / Mon 22:40
Badminton / Wed / 21:00 / Tue 09:50
Badminton / Mon / 19:00 / Mon 09:00","Badminton / Wed / 18:00
Nudge Tue / 23:35","Tennis / Tue / 21:00
Booked Tue / 01:20",NO 0 of 4,0 of 4,NO,NO,NO,NO
R-388,"Gym / Wed / 21:00 / Wed 16:45
Pool / Sat / 13:00 / Sat 03:00
Pool / Mon / 20:00 / Sun 17:00","Gym / Tue / 18:00
Nudge Tue / 02:25","Tennis / Tue / 18:00
Booked Tue / 02:25",NO 3 of 4,3 of 4,NO,YES,YES,YES
R-215,"Badminton / Sat / 21:00 / Sat 03:45
Gym / Mon / 06:00 / Sun 11:20
Badminton / Tue / 20:00 / Tue 00:50","Badminton / Tue / 18:00
Nudge Tue / 02:05","Badminton / Tue / 19:00
Booked Tue / 02:30",NO 3 of 4,3 of 4,YES,YES,NO,YES
R-171,"Pool / Fri / 06:00 / Thu 01:05
Pool / Tue / 19:00 / Mon 20:00
Pool / Tue / 07:00 / Sun 15:35","Gym / Wed / 08:00
Nudge Wed / 02:05","Pool / Wed / 07:00
Booked Tue / 02:45",NO 1 of 4,1 of 4,NO,YES,NO,NO
R-112,"Pool / Wed / 07:00 / Wed 02:05
Pool / Wed / 08:00 / Sun 08:05
Gym / Mon / 06:00 / Sun 20:45","Gym / Tue / 08:00
Nudge Tue / 02:05","Gym / Tue / 08:00
Booked Tue / 03:15",NO 3 of 4,3 of 4,YES,YES,YES,NO
R-446,"Pool / Fri / 06:00 / Thu 17:15
Tennis / Tue / 07:00 / Sun 15:40
Pool / Tue / 06:00 / Mon 16:10","Gym / Wed / 08:00
Nudge Wed / 04:05","Pool / Tue / 14:00
Booked Tue / 03:20",NO 0 of 4,0 of 4,NO,NO,NO,NO
R-111,"Gym / Tue / 12:00 / Mon 17:00
Badminton / Thu / 18:00 / Thu 01:00
Pool / Fri / 08:00 / Thu 17:00","Gym / Tue / 17:00
Nudge Tue / 03:00","Gym / Tue / 15:00
Booked Tue / 03:25",NO 3 of 4,3 of 4,YES,YES,NO,YES
R-272,"Badminton / Sat / 19:00 / Sat 08:10
Gym / Sat / 20:00 / Sat 12:35
Tennis / Tue / 21:00 / Tue 00:20","Badminton / Tue / 20:00
Nudge Tue / 03:55","Badminton / Wed / 18:00
Booked Tue / 03:30",NO 1 of 4,1 of 4,YES,NO,NO,NO
R-391,"Tennis / Wed / 06:00 / Tue 04:00
Gym / Wed / 22:00 / Tue 20:50
Pool / Fri / 06:00 / Wed 08:15","Gym / Tue / 07:00
Nudge Tue / 02:45","Pool / Tue / 13:00
Booked Tue / 03:50",NO 1 of 4,1 of 4,NO,YES,NO,NO
R-173,"Badminton / Sat / 18:00 / Fri 05:40
Tennis / Fri / 10:00 / Wed 17:20
Badminton / Tue / 20:00 / Tue 00:40","Badminton / Tue / 19:00
Nudge Tue / 03:20","Gym / Tue / 21:00
Booked Tue / 03:55",NO 2 of 4,2 of 4,NO,YES,NO,YES
R-373,"Badminton / Tue / 21:00 / Tue 02:30
Badminton / Sat / 21:00 / Thu 20:15
Tennis / Tue / 21:00 / Mon 04:15","Gym / Tue / 18:00
Nudge Tue / 04:25","Pool / Tue / 18:00
Booked Tue / 04:00",NO 3 of 4,3 of 4,NO,YES,YES,YES
R-286,"Gym / Fri / 11:00 / Fri 02:10
Badminton / Sun / 18:00 / Fri 14:20
Badminton / Mon / 15:00 / Sun 10:35","Badminton / Tue / 18:00
Nudge Tue / 03:40","Badminton / Wed / 09:00
Booked Tue / 04:05",NO 1 of 4,1 of 4,YES,NO,NO,NO
R-126,"Badminton / Thu / 19:00 / Thu 03:20
Badminton / Thu / 18:00 / Thu 10:20
Pool / Fri / 21:00 / Fri 10:50","Badminton / Tue / 18:00
Nudge Tue / 04:45","Badminton / Tue / 19:00
Booked Tue / 04:10",NO 3 of 4,3 of 4,YES,YES,NO,YES
R-308,"Gym / Mon / 19:00 / Mon 08:35
Badminton / Thu / 15:00 / Tue 20:45
Badminton / Wed / 19:00 / Mon 00:30","Badminton / Tue / 19:00
Nudge Tue / 03:40","Pool / Tue / 19:00
Booked Tue / 04:15",NO 3 of 4,3 of 4,NO,YES,YES,YES
R-211,"Pool / Sun / 11:00 / Fri 03:45
Pool / Sat / 15:00 / Fri 22:05
Pool / Sun / 16:00 / Sat 12:40","Clubhouse / Sun / 14:00
Nudge Sat / 21:20","Pool / Tue / 15:00
Booked Tue / 05:25",NO 0 of 4,0 of 4,NO,NO,NO,NO
R-143,"Badminton / Tue / 20:00 / Mon 06:30
Gym / Wed / 21:00 / Tue 23:40
Badminton / Tue / 18:00 / Tue 02:25","Gym / Tue / 20:00
Nudge Tue / 05:35","Gym / Tue / 19:00
Booked Tue / 05:40",NO 3 of 4,3 of 4,YES,YES,NO,YES
R-159,"Gym / Mon / 06:00 / Mon 00:40
Gym / Mon / 07:00 / Sat 07:20
Gym / Tue / 06:00 / Mon 08:20","Gym / Wed / 06:00
Nudge Tue / 06:50","Gym / Wed / 07:00
Booked Tue / 06:05",NO 3 of 4,3 of 4,YES,YES,NO,YES
R-432,"Gym / Thu / 06:00 / Wed 07:45
Gym / Sat / 13:00 / Fri 17:55
Tennis / Tue / 06:00 / Mon 20:45","Gym / Wed / 07:00
Nudge Tue / 08:40","Gym / Wed / 06:00
Booked Tue / 06:40",NO 2 of 4,2 of 4,YES,YES,NO,NO
R-111,"Badminton / Thu / 18:00 / Thu 01:00
Pool / Fri / 08:00 / Thu 17:00
Gym / Tue / 15:00 / Tue 03:25","Gym / Tue / 18:00
Nudge Tue / 07:35","Gym / Tue / 12:00
Booked Tue / 06:45",NO 3 of 4,3 of 4,YES,YES,NO,YES
R-441,"Badminton / Fri / 20:00 / Thu 09:35
Gym / Mon / 20:00 / Mon 07:25
Gym / Mon / 18:00 / Mon 12:55","Badminton / Tue / 21:00
Nudge Tue / 07:20","Gym / Tue / 20:00
Booked Tue / 06:50",NO 2 of 4,2 of 4,NO,YES,NO,YES
R-335,"Badminton / Wed / 19:00 / Tue 01:30
Badminton / Fri / 20:00 / Thu 21:20
Badminton / Sat / 18:00 / Sat 03:05","Badminton / Tue / 18:00
Nudge Tue / 04:20","Tennis / Sat / 21:00
Booked Tue / 07:10",NO 0 of 4,0 of 4,NO,NO,NO,NO
R-136,"Pool / Fri / 18:00 / Thu 17:10
Pool / Sun / 18:00 / Sun 04:30
Pool / Tue / 17:00 / Sun 21:50","Gym / Wed / 17:00
Nudge Wed / 08:05","Pool / Tue / 12:00
Booked Tue / 07:30",NO 0 of 4,0 of 4,NO,NO,NO,NO
R-281,"Gym / Thu / 18:00 / Thu 01:05
Badminton / Sat / 20:00 / Fri 09:25
Gym / Mon / 21:00 / Mon 08:40","Badminton / Tue / 20:00
Nudge Tue / 07:45","Badminton / Tue / 21:00
Booked Tue / 07:55",NO 3 of 4,3 of 4,YES,YES,NO,YES
R-423,"Tennis / Sun / 08:00 / Fri 21:00
Gym / Mon / 08:00 / Sun 20:35
Gym / Tue / 15:00 / Mon 12:30","Gym / Thu / 08:00
Nudge Wed / 10:50","Tennis / Wed / 06:00
Booked Tue / 08:00",NO 0 of 4,0 of 4,NO,NO,NO,NO
R-388,"Pool / Sat / 13:00 / Sat 03:00
Pool / Mon / 20:00 / Sun 17:00
Tennis / Tue / 18:00 / Tue 02:25","Gym / Tue / 18:00
Nudge Tue / 09:30","Tennis / Wed / 18:00
Booked Tue / 08:15",NO 1 of 4,1 of 4,NO,NO,YES,NO
R-398,"Pool / Sun / 16:00 / Sat 22:50
Pool / Sun / 10:00 / Sat 21:25
Pool / Sat / 17:00 / Fri 18:05","Clubhouse / Sat / 16:00
Nudge Fri / 16:25","Clubhouse / Sun / 17:00
Booked Tue / 08:40",NO 1 of 4,1 of 4,YES,NO,NO,NO
R-449,"Pool / Sun / 12:00 / Fri 13:10
Clubhouse / Wed / 11:00 / Sun 04:45
Pool / Sun / 08:00 / Fri 14:20","Badminton / Wed / 18:00
Nudge Wed / 02:45","Badminton / Wed / 07:00
Booked Tue / 09:30",NO 2 of 4,2 of 4,YES,YES,NO,NO
R-208,"Badminton / Fri / 18:00 / Thu 21:10
Gym / Mon / 20:00 / Mon 09:30
Badminton / Tue / 18:00 / Mon 18:30","Gym / Tue / 20:00
Nudge Tue / 08:40","Pool / Tue / 20:00
Booked Tue / 09:35",NO 3 of 4,3 of 4,NO,YES,YES,YES
R-268,"Pool / Sat / 07:00 / Fri 08:45
Pool / Tue / 07:00 / Mon 03:35
Gym / Mon / 18:00 / Mon 13:50","Gym / Wed / 18:00
Nudge Wed / 10:25","Pool / Wed / 07:00
Booked Tue / 09:35",NO 1 of 4,1 of 4,NO,YES,NO,NO
R-428,"Pool / Wed / 08:00 / Tue 05:00
Gym / Fri / 06:00 / Thu 21:10
Gym / Tue / 06:00 / Mon 05:50","Gym / Wed / 08:00
Nudge Tue / 12:20","Tennis / Wed / 08:00
Booked Tue / 09:50",NO 2 of 4,2 of 4,NO,YES,YES,NO
R-117,"Pool / Mon / 08:00 / Sun 10:55
Gym / Wed / 07:00 / Tue 08:40
Pool / Tue / 08:00 / Tue 00:00","Gym / Wed / 08:00
Nudge Tue / 12:20","Gym / Tue / 20:00
Booked Tue / 09:55",NO 1 of 4,1 of 4,YES,NO,NO,NO
R-219,"Tennis / Sat / 21:00 / Fri 11:45
Pool / Mon / 20:00 / Sat 09:05
Badminton / Thu / 21:00 / Mon 18:05","Badminton / Thu / 18:00
Nudge Wed / 23:05","Badminton / Tue / 21:00
Booked Tue / 09:55",NO 1 of 4,1 of 4,YES,NO,NO,NO
R-127,"Hall / Sun / 16:00 / Tue 08:05
Clubhouse / Sat / 12:00 / Fri 10:45
Clubhouse / Sat / 15:00 / Thu 10:45","Clubhouse / Sun / 15:00
Nudge Sat / 12:00","Hall / Sat / 11:00
Booked Tue / 09:55",NO 0 of 4,0 of 4,NO,NO,NO,NO
R-142,"Gym / Thu / 21:00 / Wed 23:40
Badminton / Sat / 21:00 / Fri 19:05
Pool / Tue / 18:00 / Mon 05:50","Gym / Tue / 18:00
Nudge Tue / 10:25","Badminton / Wed / 19:00
Booked Tue / 09:55",NO 0 of 4,0 of 4,NO,NO,NO,NO
R-227,"Badminton / Mon / 18:00 / Sun 20:45
Tennis / Wed / 18:00 / Wed 05:05
Badminton / Fri / 19:00 / Thu 02:15","Badminton / Tue / 20:00
Nudge Tue / 05:35","Gym / Tue / 19:00
Booked Tue / 10:15",NO 1 of 4,1 of 4,NO,YES,NO,NO
R-183,"Pool / Sat / 18:00 / Sat 01:55
Pool / Sat / 16:00 / Sat 09:40
Pool / Sun / 14:00 / Sun 07:30","Clubhouse / Sat / 10:00
Nudge Fri / 09:25","Pool / Tue / 18:00
Booked Tue / 10:15",NO 0 of 4,0 of 4,NO,NO,NO,NO
R-365,"Gym / Fri / 19:00 / Fri 02:00
Tennis / Sat / 18:00 / Fri 14:05
Badminton / Tue / 21:00 / Mon 07:15","Gym / Tue / 20:00
Nudge Tue / 10:50","Gym / Tue / 18:00
Booked Tue / 10:25",NO 3 of 4,3 of 4,YES,YES,NO,YES
R-383,"Gym / Sat / 06:00 / Fri 21:00
Gym / Mon / 20:00 / Mon 10:40
Clubhouse / Tue / 19:00 / Mon 17:25","Gym / Tue / 18:00
Nudge Tue / 11:20","Gym / Tue / 18:00
Booked Tue / 10:30",YES 4 of 4,4 of 4,YES,YES,YES,YES
R-298,"Pool / Mon / 19:00 / Sun 22:20
Pool / Wed / 19:00 / Wed 00:55
Tennis / Wed / 08:00 / Mon 22:05","Gym / Wed / 08:00
Nudge Tue / 13:05","Tennis / Thu / 19:00
Booked Tue / 10:45",NO 0 of 4,0 of 4,NO,NO,NO,NO
R-443,"Gym / Thu / 14:00 / Thu 11:10
Gym / Mon / 19:00 / Sun 04:15
Gym / Mon / 20:00 / Mon 13:30","Gym / Tue / 20:00
Nudge Tue / 11:00","Gym / Tue / 20:00
Booked Tue / 11:00",YES 4 of 4,4 of 4,YES,YES,YES,YES
R-277,"Gym / Thu / 20:00 / Wed 18:50
Badminton / Sat / 19:00 / Thu 14:10
Badminton / Sun / 19:00 / Sat 16:25","Badminton / Tue / 21:00
Nudge Tue / 02:05","Gym / Tue / 21:00
Booked Tue / 11:25",NO 2 of 4,2 of 4,NO,YES,YES,NO
R-142,"Badminton / Sat / 21:00 / Fri 19:05
Pool / Tue / 18:00 / Mon 05:50
Badminton / Wed / 19:00 / Tue 09:55","Gym / Wed / 18:00
Nudge Wed / 11:35","Badminton / Wed / 09:00
Booked Tue / 12:00",NO 1 of 4,1 of 4,NO,YES,NO,NO
R-329,"Gym / Tue / 06:00 / Mon 02:05
Gym / Wed / 08:00 / Tue 12:30
Gym / Fri / 18:00 / Fri 01:00","Gym / Wed / 07:00
Nudge Tue / 12:15","Gym / Thu / 07:00
Booked Tue / 12:05",NO 2 of 4,2 of 4,YES,NO,YES,NO
R-424,"Gym / Thu / 08:00 / Wed 14:10
Gym / Fri / 07:00 / Thu 22:50
Gym / Fri / 18:00 / Fri 14:40","Gym / Wed / 07:00
Nudge Tue / 12:50","Gym / Wed / 08:00
Booked Tue / 12:15",NO 3 of 4,3 of 4,YES,YES,NO,YES
R-361,"Gym / Fri / 06:00 / Wed 21:35
Tennis / Mon / 06:00 / Sun 14:20
Pool / Mon / 08:00 / Sun 20:15","Gym / Wed / 08:00
Nudge Tue / 13:10","Gym / Thu / 07:00
Booked Tue / 12:20",NO 1 of 4,1 of 4,YES,NO,NO,NO
R-183,"Pool / Sat / 16:00 / Sat 09:40
Pool / Sun / 14:00 / Sun 07:30
Pool / Tue / 18:00 / Tue 10:15","Clubhouse / Sat / 17:00
Nudge Fri / 12:40","Clubhouse / Sun / 16:00
Booked Tue / 12:25",NO 1 of 4,1 of 4,YES,NO,NO,NO
R-412,"Gym / Mon / 20:00 / Sun 06:45
Badminton / Mon / 21:00 / Sun 17:40
Gym / Mon / 20:00 / Mon 09:35","Badminton / Wed / 20:00
Nudge Wed / 01:25","Tennis / Wed / 20:00
Booked Tue / 12:25",NO 2 of 4,2 of 4,NO,YES,YES,NO
R-330,"Badminton / Wed / 08:00 / Tue 22:10
Tennis / Fri / 18:00 / Thu 08:40
Pool / Tue / 09:00 / Sun 18:05","Gym / Wed / 19:00
Nudge Wed / 12:10","Gym / Tue / 20:00
Booked Tue / 12:45",NO 1 of 4,1 of 4,YES,NO,NO,NO
R-391,"Gym / Wed / 22:00 / Tue 20:50
Pool / Fri / 06:00 / Wed 08:15
Pool / Tue / 13:00 / Tue 03:50","Gym / Wed / 07:00
Nudge Tue / 12:40","Tennis / Wed / 07:00
Booked Tue / 12:55",NO 3 of 4,3 of 4,NO,YES,YES,YES
R-429,"Hall / Fri / 11:00 / Fri 22:00
Pool / Sat / 19:00 / Sat 04:15","Hall / Thu / 18:00
Nudge Mon / 01:05","Clubhouse / Fri / 12:00
Booked Tue / 13:05",NO 0 of 4,0 of 4,NO,NO,NO,NO
R-150,"Gym / Tue / 07:00 / Mon 11:40
Gym / Wed / 06:00 / Wed 00:25
Pool / Mon / 08:00 / Sun 16:20","Gym / Wed / 08:00
Nudge Tue / 13:10","Tennis / Thu / 15:00
Booked Tue / 13:45",NO 0 of 4,0 of 4,NO,NO,NO,NO
R-374,"Gym / Fri / 16:00 / Thu 21:05
Gym / Sat / 20:00 / Sat 15:00
Pool / Tue / 18:00 / Tue 05:00","Gym / Tue / 18:00
Nudge Tue / 06:30","Badminton / Wed / 19:00
Booked Tue / 14:00",NO 0 of 4,0 of 4,NO,NO,NO,NO
R-241,"Gym / Fri / 07:00 / Wed 07:35
Gym / Wed / 06:00 / Tue 11:20
Gym / Mon / 08:00 / Sun 23:25","Gym / Wed / 07:00
Nudge Tue / 14:35","Gym / Wed / 06:00
Booked Tue / 14:30",NO 3 of 4,3 of 4,YES,YES,NO,YES
R-228,"Gym / Wed / 20:00 / Wed 15:55
Pool / Thu / 20:00 / Thu 02:00
Pool / Mon / 18:00 / Mon 03:55","Gym / Tue / 20:00
Nudge Tue / 11:55","Badminton / Thu / 19:00
Booked Tue / 15:15",NO 0 of 4,0 of 4,NO,NO,NO,NO
R-287,"Tennis / Sat / 07:00 / Fri 04:00
Tennis / Sat / 17:00 / Fri 08:20
Pool / Mon / 17:00 / Mon 06:15","Tennis / Wed / 19:00
Nudge Tue / 21:05","Gym / Tue / 19:00
Booked Tue / 15:50",NO 1 of 4,1 of 4,NO,NO,YES,NO
R-424,"Gym / Fri / 07:00 / Thu 22:50
Gym / Fri / 18:00 / Fri 14:40
Gym / Wed / 08:00 / Tue 12:15","Gym / Wed / 06:00
Nudge Tue / 16:35","Gym / Wed / 06:00
Booked Tue / 16:00",YES 4 of 4,4 of 4,YES,YES,YES,YES
R-434,"Gym / Fri / 08:00 / Fri 03:05
Gym / Mon / 07:00 / Sat 21:05
Tennis / Tue / 08:00 / Mon 17:15","Pool / Wed / 08:00
Nudge Tue / 15:55","Tennis / Wed / 08:00
Booked Tue / 16:30",NO 3 of 4,3 of 4,NO,YES,YES,YES
R-397,"Pool / Mon / 18:00 / Sun 16:00
Pool / Thu / 20:00 / Wed 13:10
Badminton / Fri / 21:00 / Thu 06:45","Pool / Wed / 18:00
Nudge Tue / 22:25","Pool / Tue / 20:00
Booked Tue / 16:50",NO 1 of 4,1 of 4,YES,NO,NO,NO
R-299,"Tennis / Tue / 08:00 / Mon 18:30
Tennis / Tue / 06:00 / Sat 13:40
Gym / Tue / 16:00 / Tue 11:00","Gym / Wed / 06:00
Nudge Tue / 17:40","Tennis / Wed / 07:00
Booked Tue / 17:00",NO 2 of 4,2 of 4,NO,YES,NO,YES
R-279,"Gym / Thu / 19:00 / Wed 21:20
Pool / Mon / 08:00 / Fri 08:40
Pool / Sun / 08:00 / Fri 14:50","Pool / Wed / 08:00
Nudge Tue / 15:55","Pool / Wed / 19:00
Booked Tue / 17:20",NO 2 of 4,2 of 4,YES,YES,NO,NO
R-304,"Tennis / Tue / 16:00 / Mon 23:45
Tennis / Tue / 11:00 / Tue 04:35
Gym / Fri / 07:00 / Thu 23:50","Gym / Wed / 06:00
Nudge Tue / 17:40","Badminton / Wed / 07:00
Booked Tue / 17:20",NO 2 of 4,2 of 4,NO,YES,NO,YES
R-319,"Pool / Fri / 12:00 / Fri 03:50
Tennis / Wed / 07:00 / Mon 19:30
Pool / Thu / 08:00 / Wed 03:10","Gym / Wed / 06:00
Nudge Tue / 17:30","Pool / Wed / 07:00
Booked Tue / 17:30",NO 2 of 4,2 of 4,NO,YES,NO,YES
R-247,"Badminton / Wed / 21:00 / Wed 05:35
Badminton / Tue / 20:00 / Tue 02:50
Pool / Sat / 20:00 / Sat 06:45","Gym / Wed / 20:00
Nudge Wed / 01:30","Gym / Tue / 21:00
Booked Tue / 17:55",NO 1 of 4,1 of 4,YES,NO,NO,NO
R-271,"Tennis / Wed / 06:00 / Mon 19:55
Gym / Thu / 06:00 / Thu 02:00
Pool / Tue / 08:00 / Mon 19:05","Gym / Wed / 06:00
Nudge Tue / 18:45","Badminton / Wed / 07:00
Booked Tue / 18:15",NO 2 of 4,2 of 4,NO,YES,NO,YES
R-293,"Gym / Tue / 18:00 / Tue 12:50
Badminton / Thu / 10:00 / Wed 14:45
Gym / Mon / 19:00 / Mon 15:10","Badminton / Wed / 20:00
Nudge Tue / 20:25","Gym / Wed / 19:00
Booked Tue / 18:25",NO 1 of 4,1 of 4,NO,YES,NO,NO
R-107,"Badminton / Fri / 18:00 / Fri 02:05
Gym / Fri / 20:00 / Fri 09:15
Badminton / Wed / 18:00 / Tue 00:40","Badminton / Wed / 20:00
Nudge Tue / 19:25","Gym / Thu / 18:00
Booked Tue / 18:35",NO 0 of 4,0 of 4,NO,NO,NO,NO
R-244,"Gym / Tue / 20:00 / Tue 01:00
Gym / Thu / 20:00 / Wed 18:20
Badminton / Sat / 18:00 / Fri 07:55","Badminton / Wed / 21:00
Nudge Tue / 20:15","Badminton / Wed / 20:00
Booked Tue / 19:05",NO 2 of 4,2 of 4,YES,YES,NO,NO
R-169,"Tennis / Wed / 21:00 / Tue 16:55
Gym / Sat / 20:00 / Sat 14:35
Badminton / Mon / 18:00 / Sun 04:45","Badminton / Wed / 18:00
Nudge Tue / 20:05","Pool / Wed / 20:00
Booked Tue / 19:20",NO 2 of 4,2 of 4,NO,YES,NO,YES
R-293,"Badminton / Thu / 10:00 / Wed 14:45
Gym / Mon / 19:00 / Mon 15:10
Gym / Wed / 19:00 / Tue 18:25","Gym / Wed / 18:00
Nudge Tue / 21:30","Gym / Wed / 11:00
Booked Tue / 19:30",NO 2 of 4,2 of 4,YES,YES,NO,NO
R-173,"Tennis / Fri / 10:00 / Wed 17:20
Badminton / Tue / 20:00 / Tue 00:40
Gym / Tue / 21:00 / Tue 03:55","Badminton / Wed / 19:00
Nudge Tue / 18:25","Pool / Thu / 20:00
Booked Tue / 19:35",NO 0 of 4,0 of 4,NO,NO,NO,NO
R-434,"Gym / Mon / 07:00 / Sat 21:05
Tennis / Tue / 08:00 / Mon 17:15
Tennis / Wed / 08:00 / Tue 16:30","Pool / Wed / 06:00
Nudge Tue / 18:25","Tennis / Wed / 06:00
Booked Tue / 19:40",NO 2 of 4,2 of 4,NO,YES,YES,NO
R-189,"Badminton / Thu / 18:00 / Wed 21:30
Pool / Thu / 17:00 / Thu 01:20
Tennis / Wed / 18:00 / Tue 05:40","Gym / Wed / 19:00
Nudge Tue / 22:45","Pool / Fri / 19:00
Booked Tue / 19:45",NO 1 of 4,1 of 4,NO,NO,YES,NO
R-271,"Gym / Thu / 06:00 / Thu 02:00
Pool / Tue / 08:00 / Mon 19:05
Badminton / Wed / 07:00 / Tue 18:15","Gym / Wed / 08:00
Nudge Tue / 19:35","Gym / Wed / 06:00
Booked Tue / 19:55",NO 3 of 4,3 of 4,YES,YES,NO,YES
R-253,"Gym / Fri / 08:00 / Fri 01:35
Badminton / Sat / 07:00 / Fri 12:55
Gym / Tue / 17:00 / Mon 23:00","Gym / Wed / 08:00
Nudge Tue / 20:10","Tennis / Thu / 08:00
Booked Tue / 20:25",NO 1 of 4,1 of 4,NO,NO,YES,NO
R-440,"Gym / Wed / 06:00 / Tue 19:05
Tennis / Sat / 08:00 / Fri 08:00
Gym / Mon / 06:00 / Sun 18:55","Gym / Wed / 07:00
Nudge Tue / 20:40","Gym / Wed / 06:00
Booked Tue / 20:45",NO 3 of 4,3 of 4,YES,YES,NO,YES
R-361,"Tennis / Mon / 06:00 / Sun 14:20
Pool / Mon / 08:00 / Sun 20:15
Gym / Thu / 07:00 / Tue 12:20","Gym / Wed / 08:00
Nudge Tue / 22:05","Tennis / Thu / 06:00
Booked Tue / 21:05",NO 0 of 4,0 of 4,NO,NO,NO,NO
R-383,"Gym / Mon / 20:00 / Mon 10:40
Clubhouse / Tue / 19:00 / Mon 17:25
Gym / Tue / 18:00 / Tue 10:30","Badminton / Wed / 18:00
Nudge Tue / 21:30","Badminton / Wed / 18:00
Booked Tue / 21:10",YES 4 of 4,4 of 4,YES,YES,YES,YES
R-213,"Badminton / Sun / 20:00 / Sat 13:20
Badminton / Tue / 18:00 / Sun 11:20
Tennis / Thu / 18:00 / Mon 18:00","Gym / Wed / 21:00
Nudge Tue / 23:55","Badminton / Fri / 10:00
Booked Tue / 21:10",NO 0 of 4,0 of 4,NO,NO,NO,NO
R-358,"Pool / Fri / 06:00 / Thu 17:20
Pool / Mon / 06:00 / Sun 18:45
Gym / Thu / 06:00 / Wed 11:40","Gym / Wed / 08:00
Nudge Tue / 22:05","Gym / Wed / 16:00
Booked Tue / 21:20",NO 3 of 4,3 of 4,YES,YES,NO,YES
R-219,"Pool / Mon / 20:00 / Sat 09:05
Badminton / Thu / 21:00 / Mon 18:05
Badminton / Tue / 21:00 / Tue 09:55","Badminton / Wed / 18:00
Nudge Tue / 20:30","Pool / Fri / 21:00
Booked Tue / 21:35",NO 0 of 4,0 of 4,NO,NO,NO,NO
R-432,"Gym / Sat / 13:00 / Fri 17:55
Tennis / Tue / 06:00 / Mon 20:45
Gym / Wed / 06:00 / Tue 06:40","Gym / Thu / 08:00
Nudge Wed / 21:40","Tennis / Thu / 08:00
Booked Tue / 21:45",NO 2 of 4,2 of 4,NO,YES,YES,NO
R-422,"Gym / Thu / 17:00 / Thu 09:05
Pool / Thu / 08:00 / Thu 00:35
Tennis / Sun / 17:00 / Sun 01:50","Gym / Wed / 08:00
Nudge Tue / 22:25","Clubhouse / Thu / 16:00
Booked Tue / 21:50",NO 0 of 4,0 of 4,NO,NO,NO,NO
R-413,"Gym / Thu / 06:00 / Tue 16:30
Gym / Wed / 06:00 / Wed 00:15
Gym / Sat / 18:00 / Sat 05:35","Gym / Wed / 08:00
Nudge Tue / 22:25","Pool / Wed / 06:00
Booked Tue / 22:00",NO 2 of 4,2 of 4,NO,YES,NO,YES
R-437,"Pool / Thu / 19:00 / Thu 03:50
Gym / Sat / 21:00 / Sat 14:25
Gym / Sun / 20:00 / Sat 15:10","Pool / Wed / 18:00
Nudge Tue / 23:00","Gym / Wed / 19:00
Booked Tue / 22:00",NO 1 of 4,1 of 4,NO,YES,NO,NO
R-281,"Badminton / Sat / 20:00 / Fri 09:25
Gym / Mon / 21:00 / Mon 08:40
Badminton / Tue / 21:00 / Tue 07:55","Badminton / Wed / 20:00
Nudge Tue / 22:50","Badminton / Wed / 21:00
Booked Tue / 22:15",NO 3 of 4,3 of 4,YES,YES,NO,YES
R-431,"Pool / Sat / 16:00 / Sat 02:30
Clubhouse / Sun / 17:00 / Sat 04:30
Clubhouse / Sat / 15:00 / Sun 21:45","Clubhouse / Sat / 18:00
Nudge Fri / 17:30","Clubhouse / Fri / 14:00
Booked Tue / 22:15",NO 1 of 4,1 of 4,YES,NO,NO,NO
R-391,"Pool / Fri / 06:00 / Wed 08:15
Pool / Tue / 13:00 / Tue 03:50
Tennis / Wed / 07:00 / Tue 12:55","Gym / Wed / 07:00
Nudge Tue / 22:55","Gym / Wed / 06:00
Booked Tue / 22:25",NO 3 of 4,3 of 4,YES,YES,NO,YES
R-329,"Gym / Wed / 08:00 / Tue 12:30
Gym / Fri / 18:00 / Fri 01:00
Gym / Thu / 07:00 / Tue 12:05","Gym / Wed / 07:00
Nudge Tue / 22:00","Gym / Wed / 07:00
Booked Tue / 22:25",YES 4 of 4,4 of 4,YES,YES,YES,YES
R-116,"Pool / Tue / 07:00 / Tue 00:15
Gym / Mon / 22:00 / Mon 17:05
Gym / Fri / 07:00 / Thu 18:20","Gym / Wed / 08:00
Nudge Tue / 23:15","Tennis / Thu / 06:00
Booked Tue / 22:30",NO 0 of 4,0 of 4,NO,NO,NO,NO
R-155,"Gym / Fri / 07:00 / Thu 21:35
Pool / Mon / 08:00 / Fri 15:40
Gym / Tue / 06:00 / Mon 21:15","Gym / Wed / 08:00
Nudge Tue / 22:05","Gym / Wed / 06:00
Booked Tue / 22:35",NO 3 of 4,3 of 4,YES,YES,NO,YES
R-392,"Pool / Sun / 16:00 / Sun 01:05
Pool / Sat / 14:00 / Fri 17:00
Pool / Sat / 13:00 / Fri 23:25","Clubhouse / Sun / 14:00
Nudge Sat / 16:00","Clubhouse / Wed / 10:00
Booked Tue / 22:45",NO 1 of 4,1 of 4,YES,NO,NO,NO
R-292,"Clubhouse / Fri / 19:00 / Wed 10:20
Clubhouse / Sun / 12:00 / Sat 21:20
Pool / Sun / 17:00 / Sat 08:15","Clubhouse / Sat / 16:00
Nudge Fri / 18:30","Pool / Wed / 15:00
Booked Tue / 23:00",NO 0 of 4,0 of 4,NO,NO,NO,NO
R-366,"Gym / Thu / 13:00 / Thu 01:45
Gym / Mon / 17:00 / Sat 21:50
Tennis / Thu / 07:00 / Mon 10:55","Gym / Wed / 08:00
Nudge Tue / 22:45","Gym / Thu / 08:00
Booked Tue / 23:05",NO 2 of 4,2 of 4,YES,NO,YES,NO
R-256,"Gym / Wed / 06:00 / Tue 12:30
Tennis / Thu / 06:00 / Mon 04:30
Gym / Tue / 08:00 / Mon 21:00","Gym / Wed / 06:00
Nudge Tue / 22:55","Pool / Wed / 06:00
Booked Tue / 23:15",NO 3 of 4,3 of 4,NO,YES,YES,YES
R-171,"Pool / Tue / 19:00 / Mon 20:00
Pool / Tue / 07:00 / Sun 15:35
Pool / Wed / 07:00 / Tue 02:45","Gym / Wed / 08:00
Nudge Tue / 23:55","Gym / Wed / 19:00
Booked Tue / 23:50",NO 3 of 4,3 of 4,YES,YES,NO,YES
R-174,"Gym / Fri / 06:00 / Fri 01:05
Gym / Mon / 07:00 / Sun 19:50
Gym / Mon / 08:00 / Mon 01:30","Gym / Wed / 08:00
Nudge Wed / 00:30","Pool / Wed / 06:00
Booked Tue / 23:50",NO 1 of 4,1 of 4,NO,YES,NO,NO
R-268,"Pool / Tue / 07:00 / Mon 03:35
Gym / Mon / 18:00 / Mon 13:50
Pool / Wed / 07:00 / Tue 09:35","Gym / Wed / 18:00
Nudge Wed / 02:15","Badminton / Wed / 18:00
Booked Wed / 00:15",NO 2 of 4,2 of 4,NO,YES,YES,NO
R-424,"Gym / Fri / 18:00 / Fri 14:40
Gym / Wed / 08:00 / Tue 12:15
Gym / Wed / 06:00 / Tue 16:00","Gym / Wed / 06:00
Nudge Wed / 00:00","Pool / Wed / 07:00
Booked Wed / 00:25",NO 2 of 4,2 of 4,NO,YES,NO,YES
R-263,"Pool / Fri / 06:00 / Thu 00:30
Gym / Thu / 08:00 / Thu 01:40
Gym / Tue / 09:00 / Mon 18:35","Gym / Wed / 08:00
Nudge Wed / 01:45","Gym / Wed / 07:00
Booked Wed / 00:55",NO 3 of 4,3 of 4,YES,YES,NO,YES
R-150,"Gym / Wed / 06:00 / Wed 00:25
Pool / Mon / 08:00 / Sun 16:20
Tennis / Thu / 15:00 / Tue 13:45","Gym / Wed / 08:00
Nudge Wed / 00:30","Gym / Wed / 18:00
Booked Wed / 01:35",NO 2 of 4,2 of 4,YES,YES,NO,NO
R-403,"Badminton / Fri / 11:00 / Thu 00:35
Badminton / Sun / 20:00 / Sat 04:10
Pool / Sat / 21:00 / Sat 15:15","Badminton / Wed / 18:00
Nudge Wed / 02:20","Badminton / Wed / 20:00
Booked Wed / 02:10",NO 3 of 4,3 of 4,YES,YES,NO,YES
R-295,"Gym / Sat / 18:00 / Sat 05:30
Badminton / Wed / 21:00 / Tue 17:25
Pool / Sat / 18:00 / Sat 04:50","Badminton / Wed / 18:00
Nudge Wed / 02:55","Gym / Wed / 21:00
Booked Wed / 02:45",NO 2 of 4,2 of 4,NO,YES,NO,YES
R-434,"Tennis / Tue / 08:00 / Mon 17:15
Tennis / Wed / 08:00 / Tue 16:30
Tennis / Wed / 06:00 / Tue 19:40","Gym / Wed / 08:00
Nudge Wed / 01:20","Gym / Thu / 07:00
Booked Wed / 02:50",NO 1 of 4,1 of 4,YES,NO,NO,NO
R-420,"Pool / Tue / 06:00 / Sun 19:30
Gym / Wed / 07:00 / Tue 20:05
Gym / Fri / 07:00 / Thu 04:40","Gym / Wed / 08:00
Nudge Wed / 02:30","Gym / Wed / 06:00
Booked Wed / 03:25",NO 3 of 4,3 of 4,YES,YES,NO,YES
R-187,"Gym / Wed / 18:00 / Wed 06:20
Badminton / Fri / 18:00 / Fri 07:45
Badminton / Mon / 19:00 / Sun 21:10","Badminton / Wed / 20:00
Nudge Wed / 04:05","Badminton / Wed / 20:00
Booked Wed / 03:25",YES 4 of 4,4 of 4,YES,YES,YES,YES
R-276,"Clubhouse / Sun / 16:00 / Fri 10:45
Pool / Sat / 14:00 / Fri 21:20
Pool / Sat / 17:00 / Sat 02:15","Pool / Wed / 17:00
Nudge Wed / 03:55","Pool / Wed / 17:00
Booked Wed / 03:45",YES 4 of 4,4 of 4,YES,YES,YES,YES
R-253,"Badminton / Sat / 07:00 / Fri 12:55
Gym / Tue / 17:00 / Mon 23:00
Tennis / Thu / 08:00 / Tue 20:25","Gym / Wed / 08:00
Nudge Tue / 23:55","Tennis / Thu / 07:00
Booked Wed / 04:10",NO 0 of 4,0 of 4,NO,NO,NO,NO
R-392,"Pool / Sat / 14:00 / Fri 17:00
Pool / Sat / 13:00 / Fri 23:25
Clubhouse / Wed / 10:00 / Tue 22:45","Clubhouse / Sat / 18:00
Nudge Sat / 03:15","Clubhouse / Sat / 10:00
Booked Wed / 04:15",NO 2 of 4,2 of 4,YES,YES,NO,NO
R-414,"Tennis / Fri / 19:00 / Thu 04:10
Gym / Mon / 19:00 / Mon 04:25
Pool / Tue / 08:00 / Tue 00:15","Gym / Wed / 08:00
Nudge Wed / 00:10","Pool / Fri / 07:00
Booked Wed / 04:25",NO 0 of 4,0 of 4,NO,NO,NO,NO
R-110,"Tennis / Tue / 19:00 / Mon 18:50
Tennis / Thu / 19:00 / Wed 16:50
Pool / Fri / 13:00 / Thu 22:10","Gym / Wed / 08:00
Nudge Wed / 00:30","Pool / Wed / 19:00
Booked Wed / 04:45",NO 1 of 4,1 of 4,NO,YES,NO,NO
R-169,"Gym / Sat / 20:00 / Sat 14:35
Badminton / Mon / 18:00 / Sun 04:45
Pool / Wed / 20:00 / Tue 19:20","Badminton / Wed / 18:00
Nudge Wed / 04:35","Badminton / Thu / 19:00
Booked Wed / 04:50",NO 1 of 4,1 of 4,YES,NO,NO,NO
R-174,"Gym / Mon / 07:00 / Sun 19:50
Gym / Mon / 08:00 / Mon 01:30
Pool / Wed / 06:00 / Tue 23:50","Gym / Thu / 08:00
Nudge Thu / 02:45","Pool / Wed / 08:00
Booked Wed / 05:15",NO 1 of 4,1 of 4,NO,NO,YES,NO
R-443,"Gym / Mon / 19:00 / Sun 04:15
Gym / Mon / 20:00 / Mon 13:30
Gym / Tue / 20:00 / Tue 11:00","Badminton / Wed / 18:00
Nudge Wed / 04:50","Pool / Thu / 20:00
Booked Wed / 05:55",NO 0 of 4,0 of 4,NO,NO,NO,NO
R-442,"Gym / Thu / 17:00 / Thu 04:50
Pool / Fri / 07:00 / Wed 00:05
Gym / Thu / 08:00 / Wed 22:50","Gym / Thu / 07:00
Nudge Wed / 19:05","Gym / Wed / 19:00
Booked Wed / 05:55",NO 1 of 4,1 of 4,YES,NO,NO,NO
R-272,"Gym / Sat / 20:00 / Sat 12:35
Tennis / Tue / 21:00 / Tue 00:20
Badminton / Wed / 18:00 / Tue 03:30","Badminton / Thu / 19:00
Nudge Thu / 05:40","Pool / Wed / 20:00
Booked Wed / 06:05",NO 0 of 4,0 of 4,NO,NO,NO,NO
R-253,"Gym / Tue / 17:00 / Mon 23:00
Tennis / Thu / 08:00 / Tue 20:25
Tennis / Thu / 07:00 / Wed 04:10","Gym / Thu / 08:00
Nudge Wed / 11:25","Pool / Fri / 07:00
Booked Wed / 07:00",NO 0 of 4,0 of 4,NO,NO,NO,NO
R-218,"Pool / Mon / 19:00 / Sun 08:05
Badminton / Mon / 20:00 / Sun 20:15
Gym / Tue / 19:00 / Mon 18:15","Badminton / Thu / 18:00
Nudge Thu / 02:35","Gym / Wed / 18:00
Booked Wed / 07:10",NO 1 of 4,1 of 4,NO,NO,YES,NO
R-306,"Tennis / Thu / 06:00 / Tue 16:30
Pool / Thu / 19:00 / Thu 08:20
Tennis / Mon / 19:00 / Sun 14:55","Pool / Thu / 07:00
Nudge Wed / 13:25","Gym / Wed / 19:00
Booked Wed / 07:20",NO 0 of 4,0 of 4,NO,NO,NO,NO
R-114,"Tennis / Wed / 08:00 / Tue 01:05
Gym / Fri / 07:00 / Thu 19:50
Gym / Sun / 08:00 / Sun 03:35","Gym / Thu / 08:00
Nudge Wed / 12:35","Pool / Thu / 06:00
Booked Wed / 07:35",NO 1 of 4,1 of 4,NO,YES,NO,NO
R-296,"Badminton / Thu / 20:00 / Wed 14:10
Badminton / Fri / 19:00 / Fri 00:45
Tennis / Thu / 18:00 / Thu 12:55","Gym / Wed / 18:00
Nudge Wed / 08:55","Badminton / Wed / 19:00
Booked Wed / 08:00",NO 2 of 4,2 of 4,NO,YES,NO,YES
R-140,"Gym / Tue / 19:00 / Mon 01:10
Pool / Wed / 20:00 / Mon 15:20
Pool / Tue / 21:00 / Mon 16:50","Gym / Wed / 18:00
Nudge Wed / 09:15","Badminton / Thu / 20:00
Booked Wed / 08:05",NO 0 of 4,0 of 4,NO,NO,NO,NO
R-263,"Gym / Thu / 08:00 / Thu 01:40
Gym / Tue / 09:00 / Mon 18:35
Gym / Wed / 07:00 / Wed 00:55","Gym / Thu / 08:00
Nudge Wed / 12:30","Pool / Thu / 06:00
Booked Wed / 08:20",NO 1 of 4,1 of 4,NO,YES,NO,NO
R-142,"Pool / Tue / 18:00 / Mon 05:50
Badminton / Wed / 19:00 / Tue 09:55
Badminton / Wed / 09:00 / Tue 12:00","Badminton / Thu / 18:00
Nudge Thu / 03:55","Gym / Wed / 21:00
Booked Wed / 08:40",NO 0 of 4,0 of 4,NO,NO,NO,NO
R-163,"Gym / Thu / 06:00 / Thu 00:05
Gym / Mon / 08:00 / Sun 22:55
Gym / Fri / 08:00 / Fri 04:30","Gym / Thu / 08:00
Nudge Wed / 12:20","Gym / Wed / 17:00
Booked Wed / 09:00",NO 1 of 4,1 of 4,YES,NO,NO,NO
R-423,"Gym / Mon / 08:00 / Sun 20:35
Gym / Tue / 15:00 / Mon 12:30
Tennis / Wed / 06:00 / Tue 08:00","Gym / Thu / 08:00
Nudge Wed / 11:00","Gym / Thu / 06:00
Booked Wed / 09:15",NO 2 of 4,2 of 4,YES,YES,NO,NO
R-426,"Badminton / Tue / 18:00 / Tue 04:30
Gym / Wed / 19:00 / Wed 00:50
Gym / Thu / 21:00 / Thu 07:30","Gym / Wed / 19:00
Nudge Wed / 09:40","Tennis / Fri / 19:00
Booked Wed / 09:20",NO 1 of 4,1 of 4,NO,NO,YES,NO
R-144,"Pool / Sat / 06:00 / Sat 00:00
Gym / Mon / 06:00 / Sun 19:25
Pool / Mon / 08:00 / Mon 01:40","Gym / Thu / 08:00
Nudge Wed / 12:30","Gym / Wed / 14:00
Booked Wed / 09:20",NO 1 of 4,1 of 4,YES,NO,NO,NO
R-222,"Badminton / Thu / 20:00 / Tue 20:20
Badminton / Fri / 20:00 / Thu 15:30
Badminton / Sat / 20:00 / Thu 17:25","Gym / Wed / 20:00
Nudge Wed / 08:40","Badminton / Thu / 19:00
Booked Wed / 09:30",NO 0 of 4,0 of 4,NO,NO,NO,NO
R-374,"Gym / Sat / 20:00 / Sat 15:00
Pool / Tue / 18:00 / Tue 05:00
Badminton / Wed / 19:00 / Tue 14:00","Badminton / Thu / 18:00
Nudge Thu / 03:45","Tennis / Thu / 20:00
Booked Wed / 09:30",NO 1 of 4,1 of 4,NO,YES,NO,NO
R-391,"Pool / Tue / 13:00 / Tue 03:50
Tennis / Wed / 07:00 / Tue 12:55
Gym / Wed / 06:00 / Tue 22:25","Gym / Thu / 07:00
Nudge Wed / 11:10","Badminton / Thu / 06:00
Booked Wed / 09:55",NO 1 of 4,1 of 4,NO,YES,NO,NO
R-179,"Gym / Fri / 20:00 / Fri 14:15
Gym / Sat / 19:00 / Sat 14:50
Badminton / Thu / 21:00 / Thu 15:10","Gym / Wed / 20:00
Nudge Wed / 10:50","Pool / Wed / 19:00
Booked Wed / 10:55",NO 2 of 4,2 of 4,NO,YES,NO,YES
R-134,"Hall / Sun / 19:00 / Thu 17:50
Gym / Fri / 11:00 / Thu 16:10
Hall / Sun / 19:00 / Sat 02:55","Clubhouse / Fri / 18:00
Nudge Thu / 16:30","Clubhouse / Sat / 11:00
Booked Wed / 11:10",NO 1 of 4,1 of 4,YES,NO,NO,NO
R-268,"Gym / Mon / 18:00 / Mon 13:50
Pool / Wed / 07:00 / Tue 09:35
Badminton / Wed / 18:00 / Wed 00:15","Tennis / Thu / 18:00
Nudge Wed / 18:30","Pool / Sat / 07:00
Booked Wed / 11:20",NO 0 of 4,0 of 4,NO,NO,NO,NO
R-426,"Gym / Wed / 19:00 / Wed 00:50
Gym / Thu / 21:00 / Thu 07:30
Tennis / Fri / 19:00 / Wed 09:20","Gym / Wed / 21:00
Nudge Wed / 11:55","Pool / Wed / 20:00
Booked Wed / 11:30",NO 2 of 4,2 of 4,NO,YES,NO,YES
R-356,"Pool / Sat / 11:00 / Fri 07:15
Pool / Sat / 16:00 / Fri 09:10
Clubhouse / Sun / 10:00 / Fri 08:20","Clubhouse / Sat / 18:00
Nudge Fri / 17:20","Pool / Sat / 11:00
Booked Wed / 11:35",NO 1 of 4,1 of 4,NO,YES,NO,NO
R-423,"Gym / Tue / 15:00 / Mon 12:30
Tennis / Wed / 06:00 / Tue 08:00
Gym / Thu / 06:00 / Wed 09:15","Gym / Thu / 06:00
Nudge Wed / 10:05","Gym / Thu / 08:00
Booked Wed / 11:45",NO 2 of 4,2 of 4,YES,YES,NO,NO
R-397,"Pool / Thu / 20:00 / Wed 13:10
Badminton / Fri / 21:00 / Thu 06:45
Pool / Tue / 20:00 / Tue 16:50","Gym / Wed / 18:00
Nudge Wed / 12:00","Pool / Wed / 20:00
Booked Wed / 12:05",NO 2 of 4,2 of 4,NO,YES,NO,YES
R-272,"Tennis / Tue / 21:00 / Tue 00:20
Badminton / Wed / 18:00 / Tue 03:30
Pool / Wed / 20:00 / Wed 06:05","Badminton / Thu / 20:00
Nudge Thu / 03:25","Badminton / Thu / 21:00
Booked Wed / 12:05",NO 2 of 4,2 of 4,YES,YES,NO,NO
R-323,"Pool / Thu / 19:00 / Wed 15:10
Badminton / Thu / 20:00 / Wed 17:50
Badminton / Mon / 21:00 / Mon 12:10","Gym / Thu / 20:00
Nudge Thu / 11:00","Badminton / Wed / 18:00
Booked Wed / 12:25",NO 0 of 4,0 of 4,NO,NO,NO,NO
R-441,"Gym / Mon / 20:00 / Mon 07:25
Gym / Mon / 18:00 / Mon 12:55
Gym / Tue / 20:00 / Tue 06:50","Badminton / Thu / 20:00
Nudge Thu / 03:35","Gym / Wed / 20:00
Booked Wed / 12:35",NO 1 of 4,1 of 4,NO,NO,YES,NO
R-120,"Badminton / Mon / 18:00 / Sat 01:30
Gym / Fri / 19:00 / Fri 10:10
Pool / Sat / 12:00 / Sat 00:55","Pool / Wed / 19:00
Nudge Wed / 08:05","Badminton / Thu / 12:00
Booked Wed / 12:35",NO 0 of 4,0 of 4,NO,NO,NO,NO
R-106,"Tennis / Sun / 08:00 / Wed 14:45
Gym / Fri / 22:00 / Thu 21:50
Gym / Tue / 06:00 / Mon 21:50","Gym / Thu / 18:00
Nudge Thu / 11:20","Gym / Thu / 07:00
Booked Wed / 12:40",NO 2 of 4,2 of 4,YES,YES,NO,NO
R-243,"Tennis / Mon / 19:00 / Sat 19:40
Badminton / Tue / 19:00 / Mon 17:45
Badminton / Tue / 18:00 / Mon 22:10","Pool / Thu / 18:00
Nudge Thu / 05:15","Pool / Wed / 19:00
Booked Wed / 12:55",NO 1 of 4,1 of 4,YES,NO,NO,NO
R-338,"Gym / Wed / 18:00 / Wed 04:25
Badminton / Sat / 17:00 / Sat 07:15
Gym / Sat / 21:00 / Sat 01:05","Badminton / Wed / 20:00
Nudge Wed / 02:45","Tennis / Thu / 21:00
Booked Wed / 13:00",NO 0 of 4,0 of 4,NO,NO,NO,NO
R-341,"Gym / Tue / 07:00 / Mon 15:15
Pool / Tue / 21:00 / Tue 14:55
Pool / Mon / 08:00 / Fri 15:25","Gym / Thu / 07:00
Nudge Wed / 13:35","Gym / Thu / 07:00
Booked Wed / 13:05",YES 4 of 4,4 of 4,YES,YES,YES,YES
R-162,"Gym / Wed / 06:00 / Tue 09:35
Pool / Mon / 07:00 / Sun 20:40
Gym / Mon / 08:00 / Mon 03:05","Gym / Thu / 07:00
Nudge Wed / 13:25","Gym / Wed / 19:00
Booked Wed / 13:10",NO 2 of 4,2 of 4,YES,NO,NO,YES
R-388,"Pool / Mon / 20:00 / Sun 17:00
Tennis / Tue / 18:00 / Tue 02:25
Tennis / Wed / 18:00 / Tue 08:15","Gym / Wed / 20:00
Nudge Wed / 13:35","Badminton / Thu / 10:00
Booked Wed / 13:15",NO 0 of 4,0 of 4,NO,NO,NO,NO
R-428,"Gym / Fri / 06:00 / Thu 21:10
Gym / Tue / 06:00 / Mon 05:50
Tennis / Wed / 08:00 / Tue 09:50","Gym / Thu / 06:00
Nudge Wed / 14:00","Pool / Fri / 07:00
Booked Wed / 13:15",NO 0 of 4,0 of 4,NO,NO,NO,NO
R-395,"Pool / Sun / 11:00 / Sat 17:15
Pool / Sun / 12:00 / Sat 17:25
Clubhouse / Sat / 18:00 / Wed 23:25","Pool / Wed / 18:00
Nudge Wed / 05:55","Clubhouse / Thu / 17:00
Booked Wed / 13:25",NO 0 of 4,0 of 4,NO,NO,NO,NO
R-240,"Pool / Thu / 06:00 / Wed 22:15
Tennis / Mon / 08:00 / Sun 12:35
Pool / Mon / 06:00 / Sun 23:40","Gym / Thu / 06:00
Nudge Wed / 14:05","Gym / Thu / 08:00
Booked Wed / 13:35",NO 3 of 4,3 of 4,YES,YES,NO,YES
R-110,"Tennis / Thu / 19:00 / Wed 16:50
Pool / Fri / 13:00 / Thu 22:10
Pool / Wed / 19:00 / Wed 04:45","Gym / Thu / 07:00
Nudge Wed / 14:40","Tennis / Thu / 16:00
Booked Wed / 13:35",NO 1 of 4,1 of 4,NO,YES,NO,NO
R-441,"Gym / Mon / 18:00 / Mon 12:55
Gym / Tue / 20:00 / Tue 06:50
Gym / Wed / 20:00 / Wed 12:35","Badminton / Thu / 21:00
Nudge Thu / 01:50","Gym / Wed / 21:00
Booked Wed / 14:05",NO 1 of 4,1 of 4,NO,NO,YES,NO
R-128,"Badminton / Tue / 21:00 / Tue 10:40
Badminton / Tue / 18:00 / Mon 15:15
Gym / Fri / 18:00 / Fri 11:55","Gym / Thu / 21:00
Nudge Thu / 15:55","Gym / Wed / 21:00
Booked Wed / 14:35",NO 2 of 4,2 of 4,YES,NO,YES,NO
R-257,"Badminton / Sun / 19:00 / Fri 15:00
Pool / Sat / 13:00 / Sat 09:15
Pool / Sat / 19:00 / Sat 12:35","Pool / Thu / 18:00
Nudge Wed / 22:20","Badminton / Thu / 21:00
Booked Wed / 15:05",NO 1 of 4,1 of 4,NO,YES,NO,NO
R-229,"Pool / Thu / 08:00 / Wed 17:45
Pool / Mon / 19:00 / Mon 10:25
Pool / Fri / 08:00 / Wed 05:55","Gym / Thu / 06:00
Nudge Wed / 17:20","Badminton / Fri / 07:00
Booked Wed / 16:00",NO 0 of 4,0 of 4,NO,NO,NO,NO
R-372,"Gym / Mon / 07:00 / Sun 07:50
Gym / Thu / 07:00 / Wed 18:45
Gym / Fri / 06:00 / Thu 22:20","Gym / Thu / 06:00
Nudge Wed / 16:35","Gym / Thu / 07:00
Booked Wed / 16:55",NO 3 of 4,3 of 4,YES,YES,NO,YES
R-199,"Gym / Sat / 18:00 / Fri 16:45
Gym / Mon / 12:00 / Sat 23:50
Gym / Thu / 08:00 / Wed 20:45","Gym / Thu / 18:00
Nudge Wed / 21:55","Gym / Thu / 07:00
Booked Wed / 17:00",NO 2 of 4,2 of 4,YES,YES,NO,NO
R-118,"Gym / Fri / 19:00 / Fri 08:25
Pool / Tue / 06:00 / Mon 22:15
Gym / Wed / 07:00 / Tue 17:00","Gym / Thu / 07:00
Nudge Wed / 17:25","Tennis / Thu / 06:00
Booked Wed / 17:00",NO 2 of 4,2 of 4,NO,YES,NO,YES
R-401,"Pool / Sat / 08:00 / Fri 07:10
Pool / Mon / 06:00 / Sat 11:40
Pool / Mon / 08:00 / Sat 14:10","Gym / Thu / 08:00
Nudge Wed / 17:45","Pool / Thu / 06:00
Booked Wed / 17:05",NO 2 of 4,2 of 4,NO,YES,NO,YES
R-366,"Gym / Mon / 17:00 / Sat 21:50
Tennis / Thu / 07:00 / Mon 10:55
Gym / Thu / 08:00 / Tue 23:05","Gym / Thu / 08:00
Nudge Wed / 17:15","Tennis / Fri / 07:00
Booked Wed / 17:15",NO 0 of 4,0 of 4,NO,NO,NO,NO
R-285,"Pool / Sun / 16:00 / Sun 05:50
Clubhouse / Sat / 15:00 / Fri 19:40
Pool / Sun / 14:00 / Sun 08:05","Clubhouse / Sat / 18:00
Nudge Fri / 14:15","Clubhouse / Sat / 10:00
Booked Wed / 17:30",NO 2 of 4,2 of 4,YES,YES,NO,NO
R-360,"Badminton / Thu / 20:00 / Thu 05:40
Gym / Fri / 20:00 / Fri 13:55
Gym / Thu / 18:00 / Thu 11:35","Gym / Thu / 20:00
Nudge Thu / 01:10","Pool / Fri / 19:00
Booked Wed / 17:50",NO 0 of 4,0 of 4,NO,NO,NO,NO
R-420,"Gym / Wed / 07:00 / Tue 20:05
Gym / Fri / 07:00 / Thu 04:40
Gym / Wed / 06:00 / Wed 03:25","Gym / Thu / 08:00
Nudge Wed / 17:35","Gym / Thu / 08:00
Booked Wed / 17:55",YES 4 of 4,4 of 4,YES,YES,YES,YES
R-128,"Badminton / Tue / 18:00 / Mon 15:15
Gym / Fri / 18:00 / Fri 11:55
Gym / Wed / 21:00 / Wed 14:35","Badminton / Thu / 21:00
Nudge Wed / 21:25","Badminton / Thu / 18:00
Booked Wed / 18:25",NO 2 of 4,2 of 4,YES,YES,NO,NO
R-156,"Gym / Sat / 14:00 / Sat 02:35
Tennis / Mon / 08:00 / Sun 09:25
Gym / Tue / 08:00 / Mon 21:20","Gym / Thu / 06:00
Nudge Wed / 18:50","Tennis / Fri / 08:00
Booked Wed / 18:35",NO 0 of 4,0 of 4,NO,NO,NO,NO
R-145,"Gym / Fri / 22:00 / Fri 11:10
Gym / Mon / 08:00 / Sun 23:40
Tennis / Wed / 08:00 / Mon 23:30","Gym / Thu / 08:00
Nudge Wed / 18:50","Gym / Thu / 06:00
Booked Wed / 18:55",NO 3 of 4,3 of 4,YES,YES,NO,YES
R-218,"Badminton / Mon / 20:00 / Sun 20:15
Gym / Tue / 19:00 / Mon 18:15
Gym / Wed / 18:00 / Wed 07:10","Badminton / Thu / 18:00
Nudge Wed / 17:15","Pool / Thu / 20:00
Booked Wed / 18:55",NO 1 of 4,1 of 4,NO,YES,NO,NO
R-391,"Tennis / Wed / 07:00 / Tue 12:55
Gym / Wed / 06:00 / Tue 22:25
Badminton / Thu / 06:00 / Wed 09:55","Gym / Thu / 07:00
Nudge Wed / 20:00","Gym / Thu / 08:00
Booked Wed / 20:25",NO 3 of 4,3 of 4,YES,YES,NO,YES
R-358,"Pool / Mon / 06:00 / Sun 18:45
Gym / Thu / 06:00 / Wed 11:40
Gym / Wed / 16:00 / Tue 21:20","Gym / Thu / 08:00
Nudge Wed / 20:50","Gym / Fri / 06:00
Booked Wed / 20:30",NO 1 of 4,1 of 4,YES,NO,NO,NO
R-102,"Tennis / Tue / 08:00 / Mon 03:10
Tennis / Wed / 06:00 / Mon 06:10
Gym / Mon / 18:00 / Mon 10:40","Gym / Thu / 07:00
Nudge Wed / 19:30","Gym / Thu / 08:00
Booked Wed / 20:45",NO 2 of 4,2 of 4,YES,YES,NO,NO
R-358,"Gym / Thu / 06:00 / Wed 11:40
Gym / Wed / 16:00 / Tue 21:20
Gym / Fri / 06:00 / Wed 20:30","Gym / Thu / 07:00
Nudge Wed / 21:45","Gym / Fri / 07:00
Booked Wed / 21:20",NO 2 of 4,2 of 4,YES,NO,YES,NO
R-409,"Gym / Fri / 08:00 / Thu 21:45
Pool / Mon / 08:00 / Sun 14:40
Gym / Fri / 08:00 / Fri 05:50","Gym / Thu / 06:00
Nudge Wed / 23:05","Gym / Thu / 08:00
Booked Wed / 22:00",NO 2 of 4,2 of 4,YES,YES,NO,NO
R-438,"Pool / Mon / 08:00 / Mon 00:00
Tennis / Wed / 07:00 / Tue 13:55
Gym / Thu / 08:00 / Wed 01:40","Gym / Thu / 06:00
Nudge Wed / 22:00","Gym / Thu / 08:00
Booked Wed / 22:05",NO 3 of 4,3 of 4,YES,YES,NO,YES
R-274,"Gym / Sat / 21:00 / Fri 17:45
Badminton / Mon / 20:00 / Sun 19:45
Gym / Tue / 21:00 / Mon 20:00","Badminton / Thu / 20:00
Nudge Wed / 21:30","Badminton / Fri / 18:00
Booked Wed / 22:25",NO 1 of 4,1 of 4,YES,NO,NO,NO
R-155,"Pool / Mon / 08:00 / Fri 15:40
Gym / Tue / 06:00 / Mon 21:15
Gym / Wed / 06:00 / Tue 22:35","Gym / Thu / 08:00
Nudge Wed / 22:00","Pool / Thu / 06:00
Booked Wed / 23:30",NO 1 of 4,1 of 4,NO,YES,NO,NO
R-252,"Gym / Thu / 21:00 / Thu 10:25
Pool / Sat / 19:00 / Fri 11:00
Tennis / Mon / 20:00 / Sun 13:10","Gym / Thu / 21:00
Nudge Thu / 02:55","Tennis / Thu / 18:00
Booked Thu / 00:15",NO 1 of 4,1 of 4,NO,YES,NO,NO
R-227,"Tennis / Wed / 18:00 / Wed 05:05
Badminton / Fri / 19:00 / Thu 02:15
Gym / Tue / 19:00 / Tue 10:15","Badminton / Thu / 18:00
Nudge Thu / 00:25","Badminton / Thu / 21:00
Booked Thu / 00:20",NO 3 of 4,3 of 4,YES,YES,NO,YES
R-424,"Gym / Wed / 08:00 / Tue 12:15
Gym / Wed / 06:00 / Tue 16:00
Pool / Wed / 07:00 / Wed 00:25","Gym / Thu / 07:00
Nudge Thu / 01:30","Gym / Thu / 07:00
Booked Thu / 00:25",NO 3 of 4,3 of 4,YES,YES,YES,NO
R-372,"Gym / Thu / 07:00 / Wed 18:45
Gym / Fri / 06:00 / Thu 22:20
Gym / Thu / 07:00 / Wed 16:55","Gym / Thu / 06:00
Nudge Thu / 00:40","Gym / Thu / 06:00
Booked Thu / 00:35",YES 4 of 4,4 of 4,YES,YES,YES,YES
R-270,"Clubhouse / Sat / 18:00 / Fri 05:30
Clubhouse / Sun / 10:00 / Sat 03:30
Pool / Sun / 11:00 / Sat 23:55","Clubhouse / Sat / 17:00
Nudge Fri / 20:20","Clubhouse / Sun / 18:00
Booked Thu / 00:45",NO 1 of 4,1 of 4,YES,NO,NO,NO
R-347,"Gym / Wed / 08:00 / Tue 19:05
Gym / Mon / 08:00 / Sun 17:25
Gym / Wed / 08:00 / Tue 21:50","Gym / Thu / 06:00
Nudge Thu / 00:50","Tennis / Fri / 07:00
Booked Thu / 00:50",NO 0 of 4,0 of 4,NO,NO,NO,NO
R-286,"Badminton / Sun / 18:00 / Fri 14:20
Badminton / Mon / 15:00 / Sun 10:35
Badminton / Wed / 09:00 / Tue 04:05","Badminton / Thu / 20:00
Nudge Wed / 23:00","Badminton / Thu / 18:00
Booked Thu / 00:55",NO 2 of 4,2 of 4,YES,YES,NO,NO
R-401,"Pool / Mon / 06:00 / Sat 11:40
Pool / Mon / 08:00 / Sat 14:10
Pool / Thu / 06:00 / Wed 17:05","Gym / Thu / 08:00
Nudge Thu / 02:15","Gym / Thu / 07:00
Booked Thu / 01:35",NO 3 of 4,3 of 4,YES,YES,NO,YES
R-428,"Gym / Tue / 06:00 / Mon 05:50
Tennis / Wed / 08:00 / Tue 09:50
Pool / Fri / 07:00 / Wed 13:15","Gym / Thu / 08:00
Nudge Thu / 03:40","Gym / Thu / 15:00
Booked Thu / 03:25",NO 3 of 4,3 of 4,YES,YES,NO,YES
R-277,"Badminton / Sat / 19:00 / Thu 14:10
Badminton / Sun / 19:00 / Sat 16:25
Gym / Tue / 21:00 / Tue 11:25","Badminton / Fri / 21:00
Nudge Fri / 03:50","Tennis / Thu / 20:00
Booked Thu / 03:25",NO 0 of 4,0 of 4,NO,NO,NO,NO
R-274,"Badminton / Mon / 20:00 / Sun 19:45
Gym / Tue / 21:00 / Mon 20:00
Badminton / Fri / 18:00 / Wed 22:25","Badminton / Thu / 18:00
Nudge Thu / 02:45","Gym / Thu / 21:00
Booked Thu / 03:45",NO 2 of 4,2 of 4,NO,YES,NO,YES
R-397,"Badminton / Fri / 21:00 / Thu 06:45
Pool / Tue / 20:00 / Tue 16:50
Pool / Wed / 20:00 / Wed 12:05","Tennis / Thu / 18:00
Nudge Wed / 23:25","Pool / Thu / 20:00
Booked Thu / 04:00",NO 1 of 4,1 of 4,NO,YES,NO,NO
R-162,"Pool / Mon / 07:00 / Sun 20:40
Gym / Mon / 08:00 / Mon 03:05
Gym / Wed / 19:00 / Wed 13:10","Gym / Thu / 08:00
Nudge Thu / 04:05","Pool / Fri / 07:00
Booked Thu / 04:20",NO 0 of 4,0 of 4,NO,NO,NO,NO
R-153,"Pool / Tue / 08:00 / Tue 03:25
Pool / Fri / 07:00 / Thu 10:00
Pool / Tue / 19:00 / Sun 14:05","Gym / Thu / 18:00
Nudge Thu / 05:05","Gym / Thu / 19:00
Booked Thu / 04:20",NO 3 of 4,3 of 4,YES,YES,NO,YES
R-112,"Pool / Wed / 08:00 / Sun 08:05
Gym / Mon / 06:00 / Sun 20:45
Gym / Tue / 08:00 / Tue 03:15","Gym / Thu / 08:00
Nudge Wed / 23:50","Gym / Fri / 07:00
Booked Thu / 04:25",NO 1 of 4,1 of 4,YES,NO,NO,NO
R-439,"Pool / Sat / 11:00 / Sat 06:00
Clubhouse / Fri / 19:00 / Thu 20:30
Hall / Fri / 11:00 / Wed 10:55","Clubhouse / Thu / 12:00
Nudge Wed / 17:45","Hall / Sat / 12:00
Booked Thu / 04:30",NO 1 of 4,1 of 4,NO,NO,YES,NO
R-272,"Badminton / Wed / 18:00 / Tue 03:30
Pool / Wed / 20:00 / Wed 06:05
Badminton / Thu / 21:00 / Wed 12:05","Badminton / Thu / 19:00
Nudge Thu / 04:35","Badminton / Thu / 19:00
Booked Thu / 04:45",YES 4 of 4,4 of 4,YES,YES,YES,YES
R-122,"Pool / Thu / 19:00 / Tue 21:25
Clubhouse / Fri / 19:00 / Thu 02:40
Badminton / Tue / 08:00 / Sun 22:25","Gym / Thu / 08:00
Nudge Wed / 23:30","Pool / Thu / 19:00
Booked Thu / 05:30",NO 1 of 4,1 of 4,NO,YES,NO,NO
R-443,"Gym / Mon / 20:00 / Mon 13:30
Gym / Tue / 20:00 / Tue 11:00
Pool / Thu / 20:00 / Wed 05:55","Pool / Thu / 18:00
Nudge Thu / 04:15","Gym / Thu / 18:00
Booked Thu / 05:45",NO 2 of 4,2 of 4,NO,YES,YES,NO
R-149,"Pool / Wed / 20:00 / Wed 16:00
Pool / Fri / 18:00 / Fri 09:30
Badminton / Tue / 19:00 / Mon 22:55","Gym / Thu / 18:00
Nudge Thu / 06:10","Pool / Thu / 20:00
Booked Thu / 05:50",NO 2 of 4,2 of 4,NO,YES,NO,YES
R-418,"Gym / Mon / 08:00 / Sat 08:00
Tennis / Fri / 08:00 / Thu 05:25
Gym / Fri / 06:00 / Thu 15:35","Gym / Thu / 06:00
Nudge Wed / 07:05","Gym / Fri / 07:00
Booked Thu / 06:15",NO 1 of 4,1 of 4,YES,NO,NO,NO
R-126,"Badminton / Thu / 18:00 / Thu 10:20
Pool / Fri / 21:00 / Fri 10:50
Badminton / Tue / 19:00 / Tue 04:10","Gym / Thu / 18:00
Nudge Thu / 07:15","Pool / Thu / 18:00
Booked Thu / 06:45",NO 3 of 4,3 of 4,NO,YES,YES,YES
R-261,"Badminton / Fri / 09:00 / Wed 18:25
Badminton / Wed / 18:00 / Mon 17:50
Gym / Fri / 18:00 / Wed 18:50","Gym / Thu / 20:00
Nudge Thu / 07:35","Tennis / Sat / 19:00
Booked Thu / 07:10",NO 0 of 4,0 of 4,NO,NO,NO,NO
R-114,"Gym / Fri / 07:00 / Thu 19:50
Gym / Sun / 08:00 / Sun 03:35
Pool / Thu / 06:00 / Wed 07:35","Gym / Thu / 08:00
Nudge Wed / 12:35","Tennis / Fri / 08:00
Booked Thu / 07:25",NO 1 of 4,1 of 4,NO,NO,YES,NO
R-167,"Tennis / Thu / 08:00 / Wed 03:35
Gym / Mon / 08:00 / Sun 10:10
Gym / Tue / 08:00 / Mon 05:20","Gym / Thu / 07:00
Nudge Wed / 09:10","Pool / Fri / 06:00
Booked Thu / 07:30",NO 0 of 4,0 of 4,NO,NO,NO,NO
R-414,"Gym / Mon / 19:00 / Mon 04:25
Pool / Tue / 08:00 / Tue 00:15
Pool / Fri / 07:00 / Wed 04:25","Gym / Thu / 08:00
Nudge Wed / 11:45","Pool / Fri / 19:00
Booked Thu / 07:55",NO 0 of 4,0 of 4,NO,NO,NO,NO
R-182,"Pool / Sat / 21:00 / Fri 21:15
Badminton / Mon / 20:00 / Sun 01:40
Badminton / Tue / 18:00 / Mon 19:55","Gym / Thu / 18:00
Nudge Thu / 08:00","Pool / Thu / 21:00
Booked Thu / 08:00",NO 2 of 4,2 of 4,NO,YES,NO,YES
R-243,"Badminton / Tue / 19:00 / Mon 17:45
Badminton / Tue / 18:00 / Mon 22:10
Pool / Wed / 19:00 / Wed 12:55","Gym / Thu / 18:00
Nudge Thu / 09:05","Badminton / Fri / 20:00
Booked Thu / 08:10",NO 0 of 4,0 of 4,NO,NO,NO,NO
R-434,"Tennis / Wed / 08:00 / Tue 16:30
Tennis / Wed / 06:00 / Tue 19:40
Gym / Thu / 07:00 / Wed 02:50","Gym / Fri / 08:00
Nudge Thu / 10:45","Pool / Fri / 06:00
Booked Thu / 08:50",NO 1 of 4,1 of 4,NO,YES,NO,NO
R-161,"Clubhouse / Sat / 18:00 / Sat 03:25
Clubhouse / Sun / 14:00 / Sat 09:15
Clubhouse / Sat / 18:00 / Thu 10:30","Pool / Sat / 15:00
Nudge Sat / 03:55","Clubhouse / Sat / 11:00
Booked Thu / 09:45",NO 1 of 4,1 of 4,NO,YES,NO,NO
R-263,"Gym / Tue / 09:00 / Mon 18:35
Gym / Wed / 07:00 / Wed 00:55
Pool / Thu / 06:00 / Wed 08:20","Gym / Thu / 08:00
Nudge Wed / 12:15","Gym / Fri / 07:00
Booked Thu / 09:55",NO 1 of 4,1 of 4,YES,NO,NO,NO
R-205,"Pool / Sun / 16:00 / Sat 07:45
Pool / Tue / 15:00 / Tue 04:10
Pool / Sat / 18:00 / Sat 08:30","Clubhouse / Sat / 14:00
Nudge Fri / 11:05","Pool / Sun / 10:00
Booked Thu / 10:00",NO 0 of 4,0 of 4,NO,NO,NO,NO
R-263,"Gym / Wed / 07:00 / Wed 00:55
Pool / Thu / 06:00 / Wed 08:20
Gym / Fri / 07:00 / Thu 09:55","Gym / Fri / 07:00
Nudge Thu / 12:20","Pool / Sat / 06:00
Booked Thu / 11:00",NO 0 of 4,0 of 4,NO,NO,NO,NO
R-300,"Clubhouse / Sun / 11:00 / Mon 11:15
Pool / Sat / 11:00 / Wed 22:05
Pool / Sat / 14:00 / Sat 05:40","Clubhouse / Sat / 15:00
Nudge Fri / 13:20","Pool / Thu / 17:00
Booked Thu / 11:10",NO 0 of 4,0 of 4,NO,NO,NO,NO
R-104,"Gym / Thu / 18:00 / Wed 18:35
Badminton / Fri / 18:00 / Thu 15:50
Gym / Mon / 20:00 / Sun 17:55","Gym / Thu / 20:00
Nudge Thu / 12:05","Gym / Thu / 20:00
Booked Thu / 11:20",YES 4 of 4,4 of 4,YES,YES,YES,YES
R-219,"Badminton / Thu / 21:00 / Mon 18:05
Badminton / Tue / 21:00 / Tue 09:55
Pool / Fri / 21:00 / Tue 21:35","Badminton / Fri / 18:00
Nudge Thu / 20:25","Badminton / Fri / 19:00
Booked Thu / 11:25",NO 2 of 4,2 of 4,YES,YES,NO,NO
R-361,"Pool / Mon / 08:00 / Sun 20:15
Gym / Thu / 07:00 / Tue 12:20
Tennis / Thu / 06:00 / Tue 21:05","Gym / Fri / 08:00
Nudge Thu / 12:55","Tennis / Sat / 06:00
Booked Thu / 11:55",NO 0 of 4,0 of 4,NO,NO,NO,NO
R-320,"Clubhouse / Tue / 21:00 / Sun 22:10
Pool / Thu / 19:00 / Thu 07:15
Pool / Mon / 19:00 / Sat 08:05","Gym / Fri / 18:00
Nudge Fri / 09:00","Pool / Sun / 12:00
Booked Thu / 12:10",NO 0 of 4,0 of 4,NO,NO,NO,NO
R-110,"Pool / Fri / 13:00 / Thu 22:10
Pool / Wed / 19:00 / Wed 04:45
Tennis / Thu / 16:00 / Wed 13:35","Gym / Fri / 08:00
Nudge Thu / 14:10","Gym / Fri / 06:00
Booked Thu / 12:20",NO 2 of 4,2 of 4,YES,YES,NO,NO
R-144,"Gym / Mon / 06:00 / Sun 19:25
Pool / Mon / 08:00 / Mon 01:40
Gym / Wed / 14:00 / Wed 09:20","Gym / Fri / 08:00
Nudge Thu / 13:10","Gym / Fri / 08:00
Booked Thu / 12:25",YES 4 of 4,4 of 4,YES,YES,YES,YES
R-393,"Badminton / Fri / 18:00 / Thu 08:55
Pool / Sun / 12:00 / Sun 02:05
Gym / Sat / 22:00 / Fri 21:05","Pool / Thu / 10:00
Nudge Wed / 16:50","Tennis / Sat / 17:00
Booked Thu / 12:55",NO 0 of 4,0 of 4,NO,NO,NO,NO
R-359,"Badminton / Sun / 20:00 / Sun 05:45
Badminton / Tue / 19:00 / Mon 00:10
Badminton / Sat / 20:00 / Wed 23:40","Gym / Thu / 19:00
Nudge Thu / 12:05","Gym / Fri / 08:00
Booked Thu / 13:05",NO 1 of 4,1 of 4,YES,NO,NO,NO
R-435,"Pool / Sun / 08:00 / Sat 21:25
Pool / Sun / 14:00 / Sun 09:30
Pool / Tue / 15:00 / Sun 11:40","Clubhouse / Sat / 18:00
Nudge Fri / 18:15","Clubhouse / Sun / 15:00
Booked Thu / 13:05",NO 1 of 4,1 of 4,YES,NO,NO,NO
R-362,"Badminton / Thu / 21:00 / Thu 13:00
Gym / Fri / 19:00 / Fri 15:35
Badminton / Sat / 19:00 / Sat 06:15","Gym / Thu / 20:00
Nudge Thu / 13:00","Gym / Thu / 18:00
Booked Thu / 13:45",NO 3 of 4,3 of 4,YES,YES,NO,YES
R-200,"Pool / Mon / 07:00 / Sun 17:20
Clubhouse / Tue / 12:00 / Mon 17:20
Pool / Mon / 17:00 / Mon 06:00","Gym / Thu / 19:00
Nudge Thu / 13:40","Gym / Thu / 17:00
Booked Thu / 13:50",NO 3 of 4,3 of 4,YES,YES,NO,YES
R-124,"Tennis / Sat / 20:00 / Sat 02:15
Badminton / Wed / 21:00 / Wed 03:50
Pool / Mon / 20:00 / Sun 17:40","Gym / Thu / 20:00
Nudge Thu / 11:55","Gym / Fri / 13:00
Booked Thu / 14:40",NO 1 of 4,1 of 4,YES,NO,NO,NO
R-363,"Pool / Sat / 10:00 / Fri 21:45
Pool / Sat / 17:00 / Sat 07:45
Pool / Sat / 14:00 / Sat 01:05","Clubhouse / Sat / 15:00
Nudge Fri / 12:25","Pool / Sat / 18:00
Booked Thu / 14:45",NO 1 of 4,1 of 4,NO,YES,NO,NO
R-108,"Hall / Sat / 18:00 / Tue 01:25
Clubhouse / Sun / 15:00 / Sat 23:30
Hall / Sun / 11:00 / Fri 09:55","Clubhouse / Sun / 12:00
Nudge Sat / 11:55","Hall / Sat / 19:00
Booked Thu / 15:10",NO 0 of 4,0 of 4,NO,NO,NO,NO
R-279,"Pool / Mon / 08:00 / Fri 08:40
Pool / Sun / 08:00 / Fri 14:50
Pool / Wed / 19:00 / Tue 17:20","Gym / Fri / 08:00
Nudge Thu / 15:20","Pool / Fri / 19:00
Booked Thu / 15:20",NO 2 of 4,2 of 4,NO,YES,NO,YES
R-167,"Gym / Mon / 08:00 / Sun 10:10
Gym / Tue / 08:00 / Mon 05:20
Pool / Fri / 06:00 / Thu 07:30","Gym / Fri / 08:00
Nudge Thu / 15:50","Gym / Fri / 07:00
Booked Thu / 15:50",NO 3 of 4,3 of 4,YES,YES,NO,YES
R-117,"Gym / Wed / 07:00 / Tue 08:40
Pool / Tue / 08:00 / Tue 00:00
Gym / Tue / 20:00 / Tue 09:55","Gym / Fri / 08:00
Nudge Thu / 16:45","Gym / Fri / 08:00
Booked Thu / 16:10",YES 4 of 4,4 of 4,YES,YES,YES,YES
R-203,"Tennis / Wed / 07:00 / Tue 16:25
Tennis / Thu / 08:00 / Wed 02:10
Tennis / Sat / 08:00 / Fri 10:20","Gym / Fri / 08:00
Nudge Thu / 16:40","Gym / Thu / 21:00
Booked Thu / 16:10",NO 2 of 4,2 of 4,YES,NO,NO,YES
R-359,"Badminton / Tue / 19:00 / Mon 00:10
Badminton / Sat / 20:00 / Wed 23:40
Gym / Fri / 08:00 / Thu 13:05","Gym / Fri / 18:00
Nudge Fri / 04:45","Gym / Thu / 19:00
Booked Thu / 16:15",NO 1 of 4,1 of 4,YES,NO,NO,NO
R-335,"Badminton / Fri / 20:00 / Thu 21:20
Badminton / Sat / 18:00 / Sat 03:05
Tennis / Sat / 21:00 / Tue 07:10","Gym / Thu / 21:00
Nudge Thu / 15:50","Pool / Fri / 18:00
Booked Thu / 16:25",NO 0 of 4,0 of 4,NO,NO,NO,NO
R-107,"Gym / Fri / 20:00 / Fri 09:15
Badminton / Wed / 18:00 / Tue 00:40
Gym / Thu / 18:00 / Tue 18:35","Badminton / Fri / 20:00
Nudge Thu / 19:20","Pool / Fri / 21:00
Booked Thu / 16:30",NO 1 of 4,1 of 4,NO,YES,NO,NO
R-178,"Hall / Sat / 19:00 / Tue 23:25
Hall / Fri / 19:00 / Fri 16:00
Hall / Sat / 13:00 / Sun 08:00","Clubhouse / Sat / 19:00
Nudge Fri / 14:55","Tennis / Sat / 12:00
Booked Thu / 17:00",NO 1 of 4,1 of 4,NO,YES,NO,NO
R-260,"Badminton / Tue / 13:00 / Tue 03:50
Tennis / Sat / 20:00 / Fri 23:55
Gym / Thu / 19:00 / Thu 04:10","Gym / Fri / 21:00
Nudge Fri / 05:00","Gym / Thu / 21:00
Booked Thu / 17:05",NO 2 of 4,2 of 4,YES,NO,YES,NO
R-140,"Pool / Wed / 20:00 / Mon 15:20
Pool / Tue / 21:00 / Mon 16:50
Badminton / Thu / 20:00 / Wed 08:05","Gym / Fri / 18:00
Nudge Thu / 21:55","Badminton / Fri / 13:00
Booked Thu / 17:40",NO 1 of 4,1 of 4,NO,YES,NO,NO
R-277,"Badminton / Sun / 19:00 / Sat 16:25
Gym / Tue / 21:00 / Tue 11:25
Tennis / Thu / 20:00 / Thu 03:25","Badminton / Fri / 21:00
Nudge Thu / 19:00","Gym / Sat / 18:00
Booked Thu / 18:15",NO 0 of 4,0 of 4,NO,NO,NO,NO
R-153,"Pool / Fri / 07:00 / Thu 10:00
Pool / Tue / 19:00 / Sun 14:05
Gym / Thu / 19:00 / Thu 04:20","Gym / Fri / 18:00
Nudge Thu / 21:20","Pool / Fri / 08:00
Booked Thu / 18:15",NO 1 of 4,1 of 4,NO,YES,NO,NO
R-199,"Gym / Mon / 12:00 / Sat 23:50
Gym / Thu / 08:00 / Wed 20:45
Gym / Thu / 07:00 / Wed 17:00","Gym / Fri / 18:00
Nudge Thu / 21:45","Tennis / Fri / 16:00
Booked Thu / 18:20",NO 1 of 4,1 of 4,NO,YES,NO,NO
R-119,"Tennis / Tue / 08:00 / Mon 01:55
Gym / Mon / 08:00 / Mon 04:30
Gym / Tue / 07:00 / Mon 18:55","Gym / Fri / 06:00
Nudge Thu / 18:50","Pool / Fri / 08:00
Booked Thu / 18:35",NO 2 of 4,2 of 4,NO,YES,NO,YES
R-100,"Pool / Sat / 14:00 / Thu 13:30
Clubhouse / Sun / 21:00 / Sun 06:55
Clubhouse / Sun / 11:00 / Sun 11:20","Clubhouse / Sat / 18:00
Nudge Fri / 13:25","Pool / Fri / 14:00
Booked Thu / 18:55",NO 0 of 4,0 of 4,NO,NO,NO,NO
R-112,"Gym / Mon / 06:00 / Sun 20:45
Gym / Tue / 08:00 / Tue 03:15
Gym / Fri / 07:00 / Thu 04:25","Gym / Fri / 08:00
Nudge Thu / 19:35","Gym / Fri / 06:00
Booked Thu / 19:05",NO 3 of 4,3 of 4,YES,YES,NO,YES
R-401,"Pool / Mon / 08:00 / Sat 14:10
Pool / Thu / 06:00 / Wed 17:05
Gym / Thu / 07:00 / Thu 01:35","Gym / Fri / 08:00
Nudge Thu / 19:40","Tennis / Fri / 07:00
Booked Thu / 19:15",NO 2 of 4,2 of 4,NO,YES,NO,YES
R-240,"Tennis / Mon / 08:00 / Sun 12:35
Pool / Mon / 06:00 / Sun 23:40
Gym / Thu / 08:00 / Wed 13:35","Gym / Fri / 06:00
Nudge Thu / 19:40","Gym / Fri / 08:00
Booked Thu / 19:35",NO 3 of 4,3 of 4,YES,YES,NO,YES
R-219,"Badminton / Tue / 21:00 / Tue 09:55
Pool / Fri / 21:00 / Tue 21:35
Badminton / Fri / 19:00 / Thu 11:25","Pool / Fri / 18:00
Nudge Thu / 21:30","Pool / Fri / 20:00
Booked Thu / 19:50",NO 2 of 4,2 of 4,YES,YES,NO,NO
R-355,"Pool / Sun / 15:00 / Sat 12:00
Clubhouse / Sun / 11:00 / Sat 16:50
Pool / Sun / 20:00 / Sat 14:05","Pool / Sat / 10:00
Nudge Fri / 18:45","Tennis / Sat / 18:00
Booked Thu / 20:00",NO 1 of 4,1 of 4,NO,YES,NO,NO
R-271,"Pool / Tue / 08:00 / Mon 19:05
Badminton / Wed / 07:00 / Tue 18:15
Gym / Wed / 06:00 / Tue 19:55","Gym / Fri / 06:00
Nudge Thu / 20:40","Pool / Fri / 06:00
Booked Thu / 20:05",NO 3 of 4,3 of 4,NO,YES,YES,YES
R-370,"Gym / Tue / 07:00 / Sun 23:15
Gym / Fri / 21:00 / Fri 03:30
Gym / Tue / 07:00 / Mon 19:20","Gym / Fri / 08:00
Nudge Thu / 20:05","Pool / Fri / 07:00
Booked Thu / 20:35",NO 2 of 4,2 of 4,NO,YES,NO,YES
R-409,"Pool / Mon / 08:00 / Sun 14:40
Gym / Fri / 08:00 / Fri 05:50
Gym / Thu / 08:00 / Wed 22:00","Gym / Fri / 06:00
Nudge Thu / 20:40","Gym / Fri / 08:00
Booked Thu / 20:35",NO 3 of 4,3 of 4,YES,YES,NO,YES
R-285,"Clubhouse / Sat / 15:00 / Fri 19:40
Pool / Sun / 14:00 / Sun 08:05
Clubhouse / Sat / 10:00 / Wed 17:30","Clubhouse / Sat / 18:00
Nudge Fri / 17:30","Clubhouse / Sun / 18:00
Booked Thu / 22:05",NO 2 of 4,2 of 4,YES,NO,YES,NO
R-448,"Gym / Wed / 19:00 / Tue 14:35
Pool / Fri / 20:00 / Fri 03:15
Badminton / Mon / 20:00 / Mon 09:25","Badminton / Fri / 20:00
Nudge Thu / 22:55","Gym / Fri / 19:00
Booked Thu / 22:20",NO 2 of 4,2 of 4,NO,YES,NO,YES
R-122,"Clubhouse / Fri / 19:00 / Thu 02:40
Badminton / Tue / 08:00 / Sun 22:25
Pool / Thu / 19:00 / Thu 05:30","Gym / Fri / 08:00
Nudge Thu / 23:10","Hall / Fri / 17:00
Booked Thu / 23:05",NO 1 of 4,1 of 4,NO,YES,NO,NO
R-221,"Gym / Mon / 12:00 / Mon 08:50
Pool / Wed / 09:00 / Wed 04:05
Pool / Fri / 08:00 / Thu 18:15","Gym / Fri / 07:00
Nudge Fri / 01:25","Gym / Fri / 07:00
Booked Fri / 00:15",NO 3 of 4,3 of 4,YES,YES,YES,NO
R-222,"Badminton / Fri / 20:00 / Thu 15:30
Badminton / Sat / 20:00 / Thu 17:25
Badminton / Thu / 19:00 / Wed 09:30","Badminton / Fri / 20:00
Nudge Fri / 00:10","Gym / Fri / 20:00
Booked Fri / 00:50",NO 3 of 4,3 of 4,NO,YES,YES,YES
R-257,"Pool / Sat / 13:00 / Sat 09:15
Pool / Sat / 19:00 / Sat 12:35
Badminton / Thu / 21:00 / Wed 15:05","Badminton / Fri / 18:00
Nudge Fri / 00:20","Pool / Fri / 11:00
Booked Fri / 00:50",NO 2 of 4,2 of 4,NO,YES,NO,YES
R-208,"Gym / Mon / 20:00 / Mon 09:30
Badminton / Tue / 18:00 / Mon 18:30
Pool / Tue / 20:00 / Tue 09:35","Gym / Fri / 20:00
Nudge Fri / 02:35","Badminton / Fri / 20:00
Booked Fri / 01:15",NO 2 of 4,2 of 4,NO,YES,YES,NO
R-369,"Tennis / Tue / 08:00 / Mon 01:40
Gym / Mon / 16:00 / Mon 07:55
Gym / Wed / 07:00 / Tue 18:00","Gym / Fri / 06:00
Nudge Fri / 01:05","Gym / Fri / 08:00
Booked Fri / 01:15",NO 3 of 4,3 of 4,YES,YES,NO,YES
R-149,"Pool / Fri / 18:00 / Fri 09:30
Badminton / Tue / 19:00 / Mon 22:55
Pool / Thu / 20:00 / Thu 05:50","Gym / Fri / 18:00
Nudge Fri / 01:20","Badminton / Fri / 21:00
Booked Fri / 01:15",NO 2 of 4,2 of 4,NO,YES,NO,YES
R-227,"Badminton / Fri / 19:00 / Thu 02:15
Gym / Tue / 19:00 / Tue 10:15
Badminton / Thu / 21:00 / Thu 00:20","Badminton / Fri / 18:00
Nudge Fri / 01:05","Badminton / Fri / 20:00
Booked Fri / 01:20",NO 3 of 4,3 of 4,YES,YES,NO,YES
R-155,"Gym / Tue / 06:00 / Mon 21:15
Gym / Wed / 06:00 / Tue 22:35
Pool / Thu / 06:00 / Wed 23:30","Gym / Fri / 08:00
Nudge Fri / 00:30","Gym / Fri / 07:00
Booked Fri / 01:25",NO 3 of 4,3 of 4,YES,YES,NO,YES
R-421,"Gym / Tue / 06:00 / Mon 08:05
Pool / Wed / 12:00 / Tue 21:20
Gym / Sat / 08:00 / Fri 17:05","Gym / Fri / 08:00
Nudge Fri / 00:45","Gym / Sat / 06:00
Booked Fri / 01:35",NO 1 of 4,1 of 4,YES,NO,NO,NO
R-168,"Pool / Sun / 15:00 / Sun 07:05
Pool / Sun / 15:00 / Sat 16:40
Clubhouse / Thu / 15:00 / Wed 10:55","Clubhouse / Sat / 18:00
Nudge Sat / 00:00","Clubhouse / Sun / 10:00
Booked Fri / 01:35",NO 1 of 4,1 of 4,YES,NO,NO,NO
R-361,"Gym / Thu / 07:00 / Tue 12:20
Tennis / Thu / 06:00 / Tue 21:05
Tennis / Sat / 06:00 / Thu 11:55","Gym / Fri / 06:00
Nudge Fri / 00:55","Gym / Fri / 07:00
Booked Fri / 01:55",NO 3 of 4,3 of 4,YES,YES,NO,YES
R-104,"Badminton / Fri / 18:00 / Thu 15:50
Gym / Mon / 20:00 / Sun 17:55
Gym / Thu / 20:00 / Thu 11:20","Badminton / Fri / 21:00
Nudge Fri / 03:20","Badminton / Fri / 18:00
Booked Fri / 02:00",NO 2 of 4,2 of 4,YES,YES,NO,NO
R-381,"Gym / Sat / 17:00 / Sat 09:00
Tennis / Tue / 18:00 / Sun 10:45
Tennis / Fri / 08:00 / Mon 10:10","Gym / Fri / 08:00
Nudge Fri / 01:05","Badminton / Sat / 07:00
Booked Fri / 02:05",NO 0 of 4,0 of 4,NO,NO,NO,NO
R-401,"Pool / Thu / 06:00 / Wed 17:05
Gym / Thu / 07:00 / Thu 01:35
Tennis / Fri / 07:00 / Thu 19:15","Gym / Fri / 08:00
Nudge Fri / 03:55","Gym / Fri / 11:00
Booked Fri / 03:25",NO 3 of 4,3 of 4,YES,YES,NO,YES
R-366,"Tennis / Thu / 07:00 / Mon 10:55
Gym / Thu / 08:00 / Tue 23:05
Tennis / Fri / 07:00 / Wed 17:15","Gym / Fri / 19:00
Nudge Fri / 03:40","Gym / Fri / 19:00
Booked Fri / 03:55",YES 4 of 4,4 of 4,YES,YES,YES,YES
R-365,"Tennis / Sat / 18:00 / Fri 14:05
Badminton / Tue / 21:00 / Mon 07:15
Gym / Tue / 18:00 / Tue 10:25","Gym / Fri / 20:00
Nudge Fri / 05:10","Gym / Fri / 11:00
Booked Fri / 04:30",NO 3 of 4,3 of 4,YES,YES,NO,YES
R-414,"Pool / Tue / 08:00 / Tue 00:15
Pool / Fri / 07:00 / Wed 04:25
Pool / Fri / 19:00 / Thu 07:55","Gym / Fri / 08:00
Nudge Thu / 23:25","Tennis / Mon / 19:00
Booked Fri / 04:35",NO 0 of 4,0 of 4,NO,NO,NO,NO
R-283,"Clubhouse / Sun / 14:00 / Mon 09:25
Pool / Sat / 11:00 / Fri 20:40
Clubhouse / Sat / 19:00 / Fri 15:15","Pool / Sat / 16:00
Nudge Sat / 02:35","Clubhouse / Sat / 15:00
Booked Fri / 04:50",NO 1 of 4,1 of 4,NO,YES,NO,NO
R-111,"Pool / Fri / 08:00 / Thu 17:00
Gym / Tue / 15:00 / Tue 03:25
Gym / Tue / 12:00 / Tue 06:45","Gym / Fri / 18:00
Nudge Fri / 05:15","Badminton / Fri / 17:00
Booked Fri / 04:55",NO 2 of 4,2 of 4,NO,YES,NO,YES
R-395,"Pool / Sun / 12:00 / Sat 17:25
Clubhouse / Sat / 18:00 / Wed 23:25
Clubhouse / Thu / 17:00 / Wed 13:25","Pool / Sat / 16:00
Nudge Sat / 02:45","Clubhouse / Sat / 20:00
Booked Fri / 05:20",NO 1 of 4,1 of 4,NO,YES,NO,NO
R-328,"Tennis / Sun / 17:00 / Fri 21:50
Pool / Wed / 07:00 / Tue 17:25
Pool / Mon / 17:00 / Mon 06:35","Gym / Fri / 19:00
Nudge Fri / 06:40","Gym / Fri / 12:00
Booked Fri / 05:45",NO 3 of 4,3 of 4,YES,YES,NO,YES
R-173,"Badminton / Tue / 20:00 / Tue 00:40
Gym / Tue / 21:00 / Tue 03:55
Pool / Thu / 20:00 / Tue 19:35","Gym / Fri / 20:00
Nudge Fri / 05:35","Pool / Sat / 20:00
Booked Fri / 05:45",NO 1 of 4,1 of 4,NO,NO,YES,NO
R-123,"Pool / Mon / 21:00 / Mon 18:00
Pool / Sat / 16:00 / Sat 04:45
Pool / Sun / 17:00 / Sun 12:00","Clubhouse / Sat / 17:00
Nudge Fri / 19:35","Pool / Sun / 13:00
Booked Fri / 06:30",NO 0 of 4,0 of 4,NO,NO,NO,NO
R-274,"Gym / Tue / 21:00 / Mon 20:00
Badminton / Fri / 18:00 / Wed 22:25
Gym / Thu / 21:00 / Thu 03:45","Gym / Fri / 18:00
Nudge Fri / 06:35","Gym / Fri / 20:00
Booked Fri / 06:45",NO 3 of 4,3 of 4,YES,YES,NO,YES
R-238,"Clubhouse / Sat / 23:00 / Fri 01:30
Pool / Sun / 18:00 / Sat 20:15
Pool / Sun / 18:00 / Sat 18:40","Pool / Sat / 16:00
Nudge Sat / 02:20","Pool / Fri / 16:00
Booked Fri / 07:05",NO 2 of 4,2 of 4,YES,NO,YES,NO
R-169,"Badminton / Mon / 18:00 / Sun 04:45
Pool / Wed / 20:00 / Tue 19:20
Badminton / Thu / 19:00 / Wed 04:50","Badminton / Fri / 18:00
Nudge Fri / 04:50","Badminton / Fri / 18:00
Booked Fri / 07:10",NO 3 of 4,3 of 4,YES,YES,YES,NO
R-252,"Pool / Sat / 19:00 / Fri 11:00
Tennis / Mon / 20:00 / Sun 13:10
Tennis / Thu / 18:00 / Thu 00:15","Gym / Fri / 18:00
Nudge Fri / 07:40","Badminton / Fri / 21:00
Booked Fri / 07:10",NO 2 of 4,2 of 4,NO,YES,NO,YES
R-215,"Gym / Mon / 06:00 / Sun 11:20
Badminton / Tue / 20:00 / Tue 00:50
Badminton / Tue / 19:00 / Tue 02:30","Badminton / Fri / 20:00
Nudge Fri / 06:30","Gym / Fri / 18:00
Booked Fri / 07:20",NO 2 of 4,2 of 4,NO,YES,NO,YES
R-142,"Badminton / Wed / 19:00 / Tue 09:55
Badminton / Wed / 09:00 / Tue 12:00
Gym / Wed / 21:00 / Wed 08:40","Gym / Fri / 21:00
Nudge Fri / 07:55","Gym / Fri / 19:00
Booked Fri / 07:35",NO 3 of 4,3 of 4,YES,YES,NO,YES
R-408,"Clubhouse / Fri / 18:00 / Tue 20:05
Clubhouse / Sun / 12:00 / Thu 07:10
Hall / Sun / 14:00 / Sun 15:40","Clubhouse / Fri / 16:00
Nudge Thu / 16:45","Clubhouse / Sat / 15:00
Booked Fri / 07:50",NO 1 of 4,1 of 4,YES,NO,NO,NO
R-165,"Pool / Sat / 11:00 / Thu 17:15
Pool / Fri / 19:00 / Tue 19:35
Clubhouse / Fri / 15:00 / Fri 15:50","Clubhouse / Sat / 18:00
Nudge Fri / 23:05","Clubhouse / Sun / 11:00
Booked Fri / 07:55",NO 1 of 4,1 of 4,YES,NO,NO,NO
R-114,"Gym / Sun / 08:00 / Sun 03:35
Pool / Thu / 06:00 / Wed 07:35
Tennis / Fri / 08:00 / Thu 07:25","Gym / Fri / 08:00
Nudge Thu / 12:40","Gym / Sat / 08:00
Booked Fri / 08:05",NO 2 of 4,2 of 4,YES,NO,YES,NO
R-323,"Badminton / Thu / 20:00 / Wed 17:50
Badminton / Mon / 21:00 / Mon 12:10
Badminton / Wed / 18:00 / Wed 12:25","Gym / Fri / 18:00
Nudge Fri / 09:45","Badminton / Fri / 21:00
Booked Fri / 08:25",NO 1 of 4,1 of 4,NO,YES,NO,NO
R-430,"Pool / Sat / 19:00 / Sat 02:50
Badminton / Sun / 18:00 / Sun 11:20
Gym / Mon / 19:00 / Mon 12:50","Gym / Fri / 18:00
Nudge Fri / 09:10","Gym / Fri / 20:00
Booked Fri / 08:55",NO 3 of 4,3 of 4,YES,YES,NO,YES
R-381,"Tennis / Tue / 18:00 / Sun 10:45
Tennis / Fri / 08:00 / Mon 10:10
Badminton / Sat / 07:00 / Fri 02:05","Gym / Fri / 08:00
Nudge Thu / 13:30","Gym / Sat / 12:00
Booked Fri / 09:00",NO 1 of 4,1 of 4,YES,NO,NO,NO
R-431,"Clubhouse / Sun / 17:00 / Sat 04:30
Clubhouse / Sat / 15:00 / Sun 21:45
Clubhouse / Fri / 14:00 / Tue 22:15","Pool / Sat / 18:00
Nudge Sat / 05:35","Pool / Sat / 10:00
Booked Fri / 09:20",NO 2 of 4,2 of 4,YES,YES,NO,NO
R-146,"Gym / Wed / 19:00 / Wed 09:05
Badminton / Fri / 21:00 / Fri 00:15
Badminton / Mon / 18:00 / Sun 17:55","Badminton / Fri / 20:00
Nudge Fri / 07:15","Gym / Fri / 18:00
Booked Fri / 09:25",NO 1 of 4,1 of 4,NO,YES,NO,NO
R-260,"Tennis / Sat / 20:00 / Fri 23:55
Gym / Thu / 19:00 / Thu 04:10
Gym / Thu / 21:00 / Thu 17:05","Gym / Fri / 20:00
Nudge Fri / 09:35","Badminton / Fri / 20:00
Booked Fri / 09:50",NO 3 of 4,3 of 4,NO,YES,YES,YES
R-388,"Tennis / Tue / 18:00 / Tue 02:25
Tennis / Wed / 18:00 / Tue 08:15
Badminton / Thu / 10:00 / Wed 13:15","Gym / Fri / 20:00
Nudge Fri / 10:15","Badminton / Sun / 19:00
Booked Fri / 10:05",NO 0 of 4,0 of 4,NO,NO,NO,NO
R-344,"Pool / Sat / 11:00 / Fri 22:15
Pool / Sat / 14:00 / Fri 11:25
Clubhouse / Sat / 16:00 / Wed 11:50","Pool / Sat / 11:00
Nudge Fri / 16:50","Pool / Fri / 15:00
Booked Fri / 10:05",NO 1 of 4,1 of 4,YES,NO,NO,NO
R-225,"Gym / Mon / 19:00 / Sun 23:25
Pool / Tue / 07:00 / Mon 07:45
Pool / Tue / 19:00 / Mon 12:35","Pool / Fri / 08:00
Nudge Thu / 14:15","Gym / Fri / 19:00
Booked Fri / 10:15",NO 1 of 4,1 of 4,NO,YES,NO,NO
R-293,"Gym / Mon / 19:00 / Mon 15:10
Gym / Wed / 19:00 / Tue 18:25
Gym / Wed / 11:00 / Tue 19:30","Gym / Fri / 21:00
Nudge Fri / 13:05","Badminton / Sat / 19:00
Booked Fri / 10:20",NO 0 of 4,0 of 4,NO,NO,NO,NO
R-344,"Pool / Sat / 14:00 / Fri 11:25
Clubhouse / Sat / 16:00 / Wed 11:50
Pool / Fri / 15:00 / Fri 10:05","Pool / Sat / 11:00
Nudge Fri / 16:55","Pool / Sat / 10:00
Booked Fri / 10:20",NO 2 of 4,2 of 4,YES,YES,NO,NO
R-435,"Pool / Sun / 14:00 / Sun 09:30
Pool / Tue / 15:00 / Sun 11:40
Clubhouse / Sun / 15:00 / Thu 13:05","Clubhouse / Sat / 18:00
Nudge Fri / 23:55","Gym / Sat / 11:00
Booked Fri / 10:50",NO 1 of 4,1 of 4,NO,YES,NO,NO
R-101,"Pool / Mon / 19:00 / Sun 20:35
Badminton / Fri / 11:00 / Tue 23:30
Tennis / Sat / 12:00 / Fri 12:25","Gym / Fri / 18:00
Nudge Fri / 11:50","Tennis / Sat / 08:00
Booked Fri / 11:00",NO 0 of 4,0 of 4,NO,NO,NO,NO
R-179,"Gym / Sat / 19:00 / Sat 14:50
Badminton / Thu / 21:00 / Thu 15:10
Pool / Wed / 19:00 / Wed 10:55","Gym / Fri / 18:00
Nudge Fri / 12:35","Badminton / Fri / 18:00
Booked Fri / 11:20",NO 2 of 4,2 of 4,NO,YES,YES,NO
R-392,"Pool / Sat / 13:00 / Fri 23:25
Clubhouse / Wed / 10:00 / Tue 22:45
Clubhouse / Sat / 10:00 / Wed 04:15","Clubhouse / Sat / 18:00
Nudge Fri / 19:15","Pool / Sat / 17:00
Booked Fri / 12:00",NO 1 of 4,1 of 4,NO,YES,NO,NO
R-105,"Gym / Sat / 18:00 / Sat 07:20
Gym / Sun / 07:00 / Sat 23:40
Gym / Tue / 06:00 / Mon 09:05","Gym / Fri / 08:00
Nudge Thu / 12:00","Tennis / Sat / 06:00
Booked Fri / 12:00",NO 0 of 4,0 of 4,NO,NO,NO,NO
R-128,"Gym / Fri / 18:00 / Fri 11:55
Gym / Wed / 21:00 / Wed 14:35
Badminton / Thu / 18:00 / Wed 18:25","Gym / Fri / 20:00
Nudge Fri / 13:10","Gym / Fri / 20:00
Booked Fri / 13:15",YES 4 of 4,4 of 4,YES,YES,YES,YES
R-362,"Gym / Fri / 19:00 / Fri 15:35
Badminton / Sat / 19:00 / Sat 06:15
Gym / Thu / 18:00 / Thu 13:45","Gym / Fri / 18:00
Nudge Fri / 12:10","Badminton / Fri / 21:00
Booked Fri / 13:30",NO 1 of 4,1 of 4,NO,YES,NO,NO
R-365,"Badminton / Tue / 21:00 / Mon 07:15
Gym / Tue / 18:00 / Tue 10:25
Gym / Fri / 11:00 / Fri 04:30","Gym / Fri / 18:00
Nudge Fri / 12:40","Pool / Fri / 18:00
Booked Fri / 13:35",NO 3 of 4,3 of 4,NO,YES,YES,YES
R-300,"Pool / Sat / 11:00 / Wed 22:05
Pool / Sat / 14:00 / Sat 05:40
Pool / Thu / 17:00 / Thu 11:10","Pool / Sat / 15:00
Nudge Sat / 00:05","Pool / Sat / 10:00
Booked Fri / 13:40",NO 2 of 4,2 of 4,YES,YES,NO,NO
R-144,"Pool / Mon / 08:00 / Mon 01:40
Gym / Wed / 14:00 / Wed 09:20
Gym / Fri / 08:00 / Thu 12:25","Gym / Sat / 06:00
Nudge Fri / 14:00","Tennis / Sat / 08:00
Booked Fri / 13:45",NO 2 of 4,2 of 4,NO,YES,NO,YES
R-273,"Clubhouse / Sat / 10:00 / Tue 14:35
Pool / Sun / 11:00 / Sun 04:00
Pool / Sun / 16:00 / Sun 02:55","Pool / Sat / 15:00
Nudge Sat / 01:45","Clubhouse / Sat / 10:00
Booked Fri / 13:50",NO 1 of 4,1 of 4,NO,YES,NO,NO
R-100,"Clubhouse / Sun / 21:00 / Sun 06:55
Clubhouse / Sun / 11:00 / Sun 11:20
Pool / Fri / 14:00 / Thu 18:55","Pool / Sat / 18:00
Nudge Sat / 03:20","Pool / Sun / 17:00
Booked Fri / 13:55",NO 1 of 4,1 of 4,YES,NO,NO,NO
R-145,"Gym / Mon / 08:00 / Sun 23:40
Tennis / Wed / 08:00 / Mon 23:30
Gym / Thu / 06:00 / Wed 18:55","Gym / Sat / 08:00
Nudge Fri / 15:20","Gym / Sat / 06:00
Booked Fri / 14:05",NO 2 of 4,2 of 4,YES,YES,NO,NO
R-139,"Pool / Mon / 19:00 / Mon 10:30
Pool / Thu / 19:00 / Mon 19:20
Pool / Tue / 07:00 / Mon 22:25","Gym / Fri / 18:00
Nudge Fri / 05:30","Pool / Sun / 19:00
Booked Fri / 14:10",NO 0 of 4,0 of 4,NO,NO,NO,NO
R-132,"Pool / Tue / 11:00 / Mon 10:30
Pool / Sat / 15:00 / Fri 21:45
Pool / Sun / 17:00 / Sun 08:05","Clubhouse / Sat / 18:00
Nudge Fri / 14:05","Pool / Sat / 11:00
Booked Fri / 14:15",NO 2 of 4,2 of 4,NO,YES,NO,YES
R-140,"Pool / Tue / 21:00 / Mon 16:50
Badminton / Thu / 20:00 / Wed 08:05
Badminton / Fri / 13:00 / Thu 17:40","Gym / Sat / 19:00
Nudge Sat / 10:10","Badminton / Sat / 21:00
Booked Fri / 14:40",NO 1 of 4,1 of 4,NO,YES,NO,NO
R-183,"Pool / Sun / 14:00 / Sun 07:30
Pool / Tue / 18:00 / Tue 10:15
Clubhouse / Sun / 16:00 / Tue 12:25","Clubhouse / Sat / 18:00
Nudge Fri / 17:25","Badminton / Sat / 20:00
Booked Fri / 15:10",NO 1 of 4,1 of 4,NO,YES,NO,NO
R-244,"Gym / Thu / 20:00 / Wed 18:20
Badminton / Sat / 18:00 / Fri 07:55
Badminton / Wed / 20:00 / Tue 19:05","Gym / Sat / 20:00
Nudge Sat / 11:35","Pool / Sat / 21:00
Booked Fri / 15:35",NO 1 of 4,1 of 4,NO,YES,NO,NO
R-417,"Pool / Sun / 14:00 / Sun 08:10
Pool / Sat / 15:00 / Sat 01:05
Gym / Thu / 16:00 / Thu 10:30","Pool / Sat / 16:00
Nudge Fri / 20:35","Clubhouse / Sun / 20:00
Booked Fri / 16:05",NO 0 of 4,0 of 4,NO,NO,NO,NO
R-424,"Gym / Wed / 06:00 / Tue 16:00
Pool / Wed / 07:00 / Wed 00:25
Gym / Thu / 07:00 / Thu 00:25","Gym / Sat / 06:00
Nudge Fri / 16:40","Gym / Sat / 06:00
Booked Fri / 16:05",YES 4 of 4,4 of 4,YES,YES,YES,YES
R-321,"Pool / Fri / 15:00 / Fri 10:05
Pool / Sun / 16:00 / Sun 10:00
Clubhouse / Sun / 15:00 / Fri 08:15","Pool / Sat / 16:00
Nudge Fri / 22:25","Pool / Sat / 13:00
Booked Fri / 16:10",NO 2 of 4,2 of 4,YES,YES,NO,NO
R-227,"Gym / Tue / 19:00 / Tue 10:15
Badminton / Thu / 21:00 / Thu 00:20
Badminton / Fri / 20:00 / Fri 01:20","Badminton / Sat / 18:00
Nudge Fri / 19:30","Pool / Sat / 18:00
Booked Fri / 16:20",NO 2 of 4,2 of 4,NO,YES,YES,NO
R-215,"Badminton / Tue / 20:00 / Tue 00:50
Badminton / Tue / 19:00 / Tue 02:30
Gym / Fri / 18:00 / Fri 07:20","Badminton / Sat / 21:00
Nudge Sat / 00:25","Pool / Fri / 20:00
Booked Fri / 16:30",NO 0 of 4,0 of 4,NO,NO,NO,NO
R-215,"Badminton / Tue / 19:00 / Tue 02:30
Gym / Fri / 18:00 / Fri 07:20
Pool / Fri / 20:00 / Fri 16:30","Badminton / Sat / 18:00
Nudge Fri / 17:30","Tennis / Mon / 08:00
Booked Fri / 16:55",NO 0 of 4,0 of 4,NO,NO,NO,NO
R-168,"Pool / Sun / 15:00 / Sat 16:40
Clubhouse / Thu / 15:00 / Wed 10:55
Clubhouse / Sun / 10:00 / Fri 01:35","Pool / Sat / 15:00
Nudge Fri / 19:30","Pool / Sat / 15:00
Booked Fri / 17:05",NO 3 of 4,3 of 4,YES,YES,YES,NO
R-218,"Gym / Tue / 19:00 / Mon 18:15
Gym / Wed / 18:00 / Wed 07:10
Pool / Thu / 20:00 / Wed 18:55","Badminton / Sat / 18:00
Nudge Fri / 17:00","Pool / Sat / 20:00
Booked Fri / 17:15",NO 2 of 4,2 of 4,NO,YES,NO,YES
R-366,"Gym / Thu / 08:00 / Tue 23:05
Tennis / Fri / 07:00 / Wed 17:15
Gym / Fri / 19:00 / Fri 03:55","Gym / Sat / 07:00
Nudge Fri / 17:00","Pool / Mon / 08:00
Booked Fri / 17:15",NO 0 of 4,0 of 4,NO,NO,NO,NO
R-350,"Clubhouse / Sat / 20:00 / Thu 23:55
Pool / Sat / 14:00 / Fri 16:40
Pool / Sat / 16:00 / Sat 11:25","Pool / Sat / 18:00
Nudge Fri / 21:55","Pool / Sat / 18:00
Booked Fri / 17:30",NO 3 of 4,3 of 4,YES,YES,YES,NO
R-183,"Pool / Tue / 18:00 / Tue 10:15
Clubhouse / Sun / 16:00 / Tue 12:25
Badminton / Sat / 20:00 / Fri 15:10","Pool / Sat / 14:00
Nudge Fri / 18:40","Pool / Sat / 10:00
Booked Fri / 17:50",NO 3 of 4,3 of 4,YES,YES,NO,YES
R-308,"Badminton / Thu / 15:00 / Tue 20:45
Badminton / Wed / 19:00 / Mon 00:30
Pool / Tue / 19:00 / Tue 04:15","Gym / Sat / 18:00
Nudge Fri / 21:25","Badminton / Sat / 19:00
Booked Fri / 18:15",NO 1 of 4,1 of 4,NO,YES,NO,NO
R-161,"Clubhouse / Sun / 14:00 / Sat 09:15
Clubhouse / Sat / 18:00 / Thu 10:30
Clubhouse / Sat / 11:00 / Thu 09:45","Pool / Sat / 10:00
Nudge Fri / 18:40","Pool / Sat / 14:00
Booked Fri / 18:35",NO 3 of 4,3 of 4,YES,YES,NO,YES
R-353,"Badminton / Wed / 21:00 / Tue 09:50
Badminton / Mon / 19:00 / Mon 09:00
Tennis / Tue / 21:00 / Tue 01:20","Badminton / Sat / 21:00
Nudge Fri / 19:30","Badminton / Sat / 18:00
Booked Fri / 19:10",NO 3 of 4,3 of 4,YES,YES,NO,YES
R-157,"Pool / Tue / 17:00 / Tue 05:25
Pool / Thu / 15:00 / Thu 02:05
Pool / Sun / 11:00 / Sat 20:15","Pool / Sat / 18:00
Nudge Fri / 23:05","Clubhouse / Sun / 17:00
Booked Fri / 19:30",NO 0 of 4,0 of 4,NO,NO,NO,NO
R-356,"Pool / Sat / 16:00 / Fri 09:10
Clubhouse / Sun / 10:00 / Fri 08:20
Pool / Sat / 11:00 / Wed 11:35","Pool / Sat / 17:00
Nudge Fri / 21:20","Pool / Sun / 17:00
Booked Fri / 19:55",NO 2 of 4,2 of 4,YES,NO,YES,NO
R-392,"Clubhouse / Wed / 10:00 / Tue 22:45
Clubhouse / Sat / 10:00 / Wed 04:15
Pool / Sat / 17:00 / Fri 12:00","Clubhouse / Sat / 18:00
Nudge Fri / 19:30","Pool / Sat / 11:00
Booked Fri / 20:00",NO 2 of 4,2 of 4,NO,YES,NO,YES
R-363,"Pool / Sat / 17:00 / Sat 07:45
Pool / Sat / 14:00 / Sat 01:05
Pool / Sat / 18:00 / Thu 14:45","Pool / Sat / 10:00
Nudge Fri / 21:55","Pool / Sat / 07:00
Booked Fri / 21:30",NO 3 of 4,3 of 4,YES,YES,NO,YES
R-138,"Pool / Sun / 17:00 / Sun 10:10
Pool / Sun / 18:00 / Sat 13:55
Pool / Sat / 11:00 / Sat 02:00","Pool / Sat / 15:00
Nudge Fri / 21:50","Pool / Sun / 18:00
Booked Fri / 21:40",NO 1 of 4,1 of 4,YES,NO,NO,NO
R-300,"Pool / Sat / 14:00 / Sat 05:40
Pool / Thu / 17:00 / Thu 11:10
Pool / Sat / 10:00 / Fri 13:40","Pool / Sat / 15:00
Nudge Fri / 21:25","Pool / Sat / 16:00
Booked Fri / 21:45",NO 3 of 4,3 of 4,YES,YES,NO,YES
R-286,"Badminton / Mon / 15:00 / Sun 10:35
Badminton / Wed / 09:00 / Tue 04:05
Badminton / Thu / 18:00 / Thu 00:55","Badminton / Fri / 21:00
Nudge Thu / 22:30","Badminton / Sat / 19:00
Booked Fri / 22:10",NO 1 of 4,1 of 4,YES,NO,NO,NO
R-152,"Pool / Sun / 17:00 / Sun 05:00
Clubhouse / Tue / 14:00 / Tue 14:35
Gym / Sun / 15:00 / Sun 09:30","Pool / Sat / 11:00
Nudge Fri / 23:20","Gym / Sat / 15:00
Booked Fri / 22:20",NO 1 of 4,1 of 4,NO,YES,NO,NO
R-123,"Pool / Sat / 16:00 / Sat 04:45
Pool / Sun / 17:00 / Sun 12:00
Pool / Sun / 13:00 / Fri 06:30","Pool / Sat / 14:00
Nudge Sat / 00:25","Pool / Sat / 16:00
Booked Fri / 23:00",NO 2 of 4,2 of 4,YES,YES,NO,NO
R-377,"Gym / Wed / 17:00 / Tue 19:05
Gym / Sun / 11:00 / Sun 01:50
Hall / Sat / 12:00 / Sat 06:50","Pool / Sat / 08:00
Nudge Fri / 20:40","Badminton / Sat / 12:00
Booked Fri / 23:45",NO 1 of 4,1 of 4,NO,YES,NO,NO
R-263,"Pool / Thu / 06:00 / Wed 08:20
Gym / Fri / 07:00 / Thu 09:55
Pool / Sat / 06:00 / Thu 11:00","Gym / Sat / 08:00
Nudge Sat / 00:25","Tennis / Sun / 07:00
Booked Fri / 23:50",NO 0 of 4,0 of 4,NO,NO,NO,NO
R-435,"Pool / Tue / 15:00 / Sun 11:40
Clubhouse / Sun / 15:00 / Thu 13:05
Gym / Sat / 11:00 / Fri 10:50","Pool / Sat / 14:00
Nudge Sat / 00:05","Pool / Sat / 14:00
Booked Fri / 23:55",NO 3 of 4,3 of 4,YES,YES,YES,NO
R-326,"Pool / Sat / 08:00 / Thu 14:25
Tennis / Wed / 18:00 / Tue 10:40
Pool / Tue / 19:00 / Tue 05:40","Gym / Sat / 18:00
Nudge Sat / 01:55","Tennis / Sun / 09:00
Booked Sat / 00:10",NO 0 of 4,0 of 4,NO,NO,NO,NO
R-312,"Clubhouse / Sat / 16:00 / Thu 22:10
Gym / Sat / 15:00 / Fri 23:10
Pool / Sun / 18:00 / Sun 12:30","Pool / Sat / 11:00
Nudge Sat / 01:20","Pool / Sat / 15:00
Booked Sat / 00:15",NO 2 of 4,2 of 4,YES,YES,NO,NO
R-152,"Clubhouse / Tue / 14:00 / Tue 14:35
Gym / Sun / 15:00 / Sun 09:30
Gym / Sat / 15:00 / Fri 22:20","Pool / Sat / 16:00
Nudge Sat / 02:55","Pool / Sat / 10:00
Booked Sat / 00:30",NO 2 of 4,2 of 4,YES,YES,NO,NO
R-308,"Badminton / Wed / 19:00 / Mon 00:30
Pool / Tue / 19:00 / Tue 04:15
Badminton / Sat / 19:00 / Fri 18:15","Gym / Sat / 20:00
Nudge Sat / 02:25","Tennis / Sun / 19:00
Booked Sat / 00:55",NO 0 of 4,0 of 4,NO,NO,NO,NO
R-252,"Tennis / Mon / 20:00 / Sun 13:10
Tennis / Thu / 18:00 / Thu 00:15
Badminton / Fri / 21:00 / Fri 07:10","Badminton / Sat / 18:00
Nudge Sat / 01:05","Badminton / Sat / 20:00
Booked Sat / 01:00",NO 3 of 4,3 of 4,YES,YES,NO,YES
R-238,"Pool / Sun / 18:00 / Sat 20:15
Pool / Sun / 18:00 / Sat 18:40
Pool / Fri / 16:00 / Fri 07:05","Pool / Sat / 15:00
Nudge Sat / 02:05","Pool / Sat / 11:00
Booked Sat / 01:15",NO 3 of 4,3 of 4,YES,YES,NO,YES
R-274,"Badminton / Fri / 18:00 / Wed 22:25
Gym / Thu / 21:00 / Thu 03:45
Gym / Fri / 20:00 / Fri 06:45","Badminton / Sat / 20:00
Nudge Sat / 00:10","Tennis / Mon / 14:00
Booked Sat / 01:25",NO 0 of 4,0 of 4,NO,NO,NO,NO
R-115,"Gym / Sun / 09:00 / Sun 04:10
Pool / Sat / 11:00 / Sat 02:50
Pool / Sat / 18:00 / Sat 12:50","Pool / Sat / 11:00
Nudge Sat / 01:30","Clubhouse / Sun / 18:00
Booked Sat / 01:55",NO 0 of 4,0 of 4,NO,NO,NO,NO
R-350,"Pool / Sat / 14:00 / Fri 16:40
Pool / Sat / 16:00 / Sat 11:25
Pool / Sat / 18:00 / Fri 17:30","Pool / Sat / 17:00
Nudge Sat / 04:05","Pool / Sat / 17:00
Booked Sat / 02:00",NO 3 of 4,3 of 4,YES,YES,YES,NO
R-201,"Gym / Mon / 08:00 / Sun 23:45
Badminton / Wed / 18:00 / Wed 10:40
Badminton / Mon / 12:00 / Sun 15:45","Gym / Sat / 18:00
Nudge Sat / 02:00","Pool / Sun / 07:00
Booked Sat / 02:15",NO 0 of 4,0 of 4,NO,NO,NO,NO
R-170,"Tennis / Mon / 06:00 / Sun 00:50
Gym / Mon / 07:00 / Sun 16:40
Pool / Wed / 07:00 / Mon 21:20","Gym / Sun / 08:00
Nudge Sun / 02:20","Gym / Sat / 07:00
Booked Sat / 02:20",NO 1 of 4,1 of 4,YES,NO,NO,NO
R-441,"Gym / Tue / 20:00 / Tue 06:50
Gym / Wed / 20:00 / Wed 12:35
Gym / Wed / 21:00 / Wed 14:05","Badminton / Sat / 20:00
Nudge Sat / 02:50","Gym / Sat / 18:00
Booked Sat / 02:45",NO 2 of 4,2 of 4,NO,YES,NO,YES
R-112,"Gym / Tue / 08:00 / Tue 03:15
Gym / Fri / 07:00 / Thu 04:25
Gym / Fri / 06:00 / Thu 19:05","Gym / Sun / 07:00
Nudge Sun / 00:25","Tennis / Wed / 06:00
Booked Sat / 03:20",NO 0 of 4,0 of 4,NO,NO,NO,NO
R-272,"Pool / Wed / 20:00 / Wed 06:05
Badminton / Thu / 21:00 / Wed 12:05
Badminton / Thu / 19:00 / Thu 04:45","Badminton / Sat / 20:00
Nudge Sat / 04:05","Gym / Sat / 20:00
Booked Sat / 03:30",NO 3 of 4,3 of 4,NO,YES,YES,YES
R-126,"Pool / Fri / 21:00 / Fri 10:50
Badminton / Tue / 19:00 / Tue 04:10
Pool / Thu / 18:00 / Thu 06:45","Gym / Sat / 18:00
Nudge Sat / 03:15","Pool / Sat / 21:00
Booked Sat / 03:30",NO 2 of 4,2 of 4,NO,YES,NO,YES
R-132,"Pool / Sat / 15:00 / Fri 21:45
Pool / Sun / 17:00 / Sun 08:05
Pool / Sat / 11:00 / Fri 14:15","Pool / Sat / 10:00
Nudge Sat / 01:30","Pool / Sat / 18:00
Booked Sat / 03:35",NO 2 of 4,2 of 4,YES,YES,NO,NO
R-139,"Pool / Thu / 19:00 / Mon 19:20
Pool / Tue / 07:00 / Mon 22:25
Pool / Sun / 19:00 / Fri 14:10","Gym / Sat / 18:00
Nudge Sat / 03:20","Tennis / Mon / 19:00
Booked Sat / 03:40",NO 0 of 4,0 of 4,NO,NO,NO,NO
R-394,"Pool / Sat / 18:00 / Fri 13:55
Pool / Sat / 11:00 / Fri 14:45
Pool / Sat / 15:00 / Fri 00:00","Pool / Sat / 18:00
Nudge Sat / 05:10","Pool / Sat / 18:00
Booked Sat / 04:00",NO 3 of 4,3 of 4,YES,YES,YES,NO
R-291,"Pool / Sun / 18:00 / Sun 10:20
Clubhouse / Sun / 14:00 / Tue 20:45
Pool / Sat / 18:00 / Fri 04:50","Pool / Sat / 15:00
Nudge Sat / 03:20","Pool / Sat / 15:00
Booked Sat / 04:40",NO 3 of 4,3 of 4,YES,YES,YES,NO
R-113,"Clubhouse / Sun / 14:00 / Thu 22:05
Clubhouse / Sun / 17:00 / Fri 21:05
Pool / Sun / 11:00 / Sat 19:40","Pool / Sat / 16:00
Nudge Sat / 05:30","Pool / Sat / 13:00
Booked Sat / 04:40",NO 3 of 4,3 of 4,YES,YES,NO,YES
R-187,"Badminton / Fri / 18:00 / Fri 07:45
Badminton / Mon / 19:00 / Sun 21:10
Badminton / Wed / 20:00 / Wed 03:25","Gym / Sat / 20:00
Nudge Sat / 05:35","Pool / Mon / 21:00
Booked Sat / 05:25",NO 0 of 4,0 of 4,NO,NO,NO,NO
R-264,Gym / Sat / 14:00 / Fri 13:30,"Pool / Sat / 16:00
Nudge Sat / 05:00","Pool / Sat / 11:00
Booked Sat / 05:45",NO 3 of 4,3 of 4,YES,YES,NO,YES
R-138,"Pool / Sun / 18:00 / Sat 13:55
Pool / Sat / 11:00 / Sat 02:00
Pool / Sun / 18:00 / Fri 21:40","Pool / Sat / 10:00
Nudge Sat / 03:15","Gym / Sat / 10:00
Booked Sat / 05:45",NO 2 of 4,2 of 4,NO,YES,YES,NO
R-202,"Badminton / Wed / 19:00 / Wed 05:15
Pool / Sat / 07:00 / Sat 01:30
Pool / Sun / 12:00 / Sun 08:10","Pool / Sat / 18:00
Nudge Sat / 07:30","Pool / Sat / 12:00
Booked Sat / 05:50",NO 2 of 4,2 of 4,YES,YES,NO,NO
R-373,"Badminton / Sat / 21:00 / Thu 20:15
Tennis / Tue / 21:00 / Mon 04:15
Pool / Tue / 18:00 / Tue 04:00","Badminton / Sat / 20:00
Nudge Sat / 06:35","Badminton / Sat / 21:00
Booked Sat / 06:00",NO 3 of 4,3 of 4,YES,YES,NO,YES
R-400,"Clubhouse / Sat / 14:00 / Fri 19:40
Pool / Sun / 16:00 / Sun 09:35
Gym / Sun / 15:00 / Sun 08:00","Pool / Sat / 18:00
Nudge Sat / 08:15","Pool / Sat / 18:00
Booked Sat / 06:05",NO 3 of 4,3 of 4,YES,YES,YES,NO
R-360,"Gym / Fri / 20:00 / Fri 13:55
Gym / Thu / 18:00 / Thu 11:35
Pool / Fri / 19:00 / Wed 17:50","Badminton / Sat / 20:00
Nudge Sat / 07:00","Badminton / Sat / 19:00
Booked Sat / 06:15",NO 3 of 4,3 of 4,YES,YES,NO,YES
R-134,"Gym / Fri / 11:00 / Thu 16:10
Hall / Sun / 19:00 / Sat 02:55
Clubhouse / Sat / 11:00 / Wed 11:10","Pool / Sat / 18:00
Nudge Sat / 05:40","Pool / Sun / 15:00
Booked Sat / 06:35",NO 1 of 4,1 of 4,YES,NO,NO,NO
R-443,"Gym / Tue / 20:00 / Tue 11:00
Pool / Thu / 20:00 / Wed 05:55
Gym / Thu / 18:00 / Thu 05:45","Pool / Sat / 18:00
Nudge Sat / 06:15","Badminton / Sat / 20:00
Booked Sat / 06:45",NO 2 of 4,2 of 4,NO,YES,NO,YES
R-431,"Clubhouse / Sat / 15:00 / Sun 21:45
Clubhouse / Fri / 14:00 / Tue 22:15
Pool / Sat / 10:00 / Fri 09:20","Pool / Sat / 18:00
Nudge Sat / 08:10","Pool / Sat / 16:00
Booked Sat / 06:55",NO 2 of 4,2 of 4,YES,YES,NO,NO
R-113,"Clubhouse / Sun / 17:00 / Fri 21:05
Pool / Sun / 11:00 / Sat 19:40
Pool / Sat / 13:00 / Sat 04:40","Pool / Sat / 15:00
Nudge Sat / 08:00","Pool / Sat / 15:00
Booked Sat / 08:10",YES 4 of 4,4 of 4,YES,YES,YES,YES
R-398,"Pool / Sun / 10:00 / Sat 21:25
Pool / Sat / 17:00 / Fri 18:05
Clubhouse / Sun / 17:00 / Tue 08:40","Pool / Sat / 16:00
Nudge Sat / 07:25","Pool / Sun / 10:00
Booked Sat / 08:55",NO 1 of 4,1 of 4,YES,NO,NO,NO
R-356,"Clubhouse / Sun / 10:00 / Fri 08:20
Pool / Sat / 11:00 / Wed 11:35
Pool / Sun / 17:00 / Fri 19:55","Pool / Sat / 17:00
Nudge Sat / 09:15","Pool / Sun / 10:00
Booked Sat / 09:25",NO 1 of 4,1 of 4,YES,NO,NO,NO
R-300,"Pool / Thu / 17:00 / Thu 11:10
Pool / Sat / 10:00 / Fri 13:40
Pool / Sat / 16:00 / Fri 21:45","Pool / Sat / 15:00
Nudge Sat / 07:30","Pool / Sat / 18:00
Booked Sat / 09:30",NO 2 of 4,2 of 4,YES,YES,NO,NO
R-101,"Badminton / Fri / 11:00 / Tue 23:30
Tennis / Sat / 12:00 / Fri 12:25
Tennis / Sat / 08:00 / Fri 11:00","Pool / Sat / 18:00
Nudge Sat / 09:20","Pool / Sat / 18:00
Booked Sat / 09:55",YES 4 of 4,4 of 4,YES,YES,YES,YES
R-232,"Clubhouse / Thu / 19:00 / Thu 03:30
Badminton / Wed / 17:00 / Tue 21:10
Pool / Sun / 07:00 / Sat 10:40","Gym / Sat / 07:00
Nudge Fri / 13:10","Pool / Sat / 19:00
Booked Sat / 09:55",NO 1 of 4,1 of 4,NO,YES,NO,NO
R-374,"Pool / Tue / 18:00 / Tue 05:00
Badminton / Wed / 19:00 / Tue 14:00
Tennis / Thu / 20:00 / Wed 09:30","Gym / Sat / 20:00
Nudge Sat / 12:10","Badminton / Sat / 20:00
Booked Sat / 10:20",NO 2 of 4,2 of 4,NO,YES,YES,NO
R-310,"Gym / Sat / 07:00 / Sat 00:00
Pool / Sat / 17:00 / Fri 16:20
Badminton / Sun / 21:00 / Sun 04:55","Pool / Sun / 15:00
Nudge Sun / 05:20","Pool / Sat / 17:00
Booked Sat / 10:40",NO 1 of 4,1 of 4,YES,NO,NO,NO
R-216,"Pool / Sat / 17:00 / Sat 05:00
Pool / Wed / 17:00 / Wed 00:40
Pool / Thu / 07:00 / Wed 16:05","Gym / Sun / 19:00
Nudge Sun / 09:40","Pool / Sat / 19:00
Booked Sat / 11:20",NO 1 of 4,1 of 4,NO,NO,YES,NO
R-412,"Badminton / Mon / 21:00 / Sun 17:40
Gym / Mon / 20:00 / Mon 09:35
Tennis / Wed / 20:00 / Tue 12:25","Gym / Sat / 20:00
Nudge Sat / 12:55","Tennis / Tue / 19:00
Booked Sat / 12:20",NO 0 of 4,0 of 4,NO,NO,NO,NO
R-139,"Pool / Tue / 07:00 / Mon 22:25
Pool / Sun / 19:00 / Fri 14:10
Tennis / Mon / 19:00 / Sat 03:40","Gym / Sat / 18:00
Nudge Sat / 12:15","Tennis / Wed / 19:00
Booked Sat / 12:50",NO 0 of 4,0 of 4,NO,NO,NO,NO
R-218,"Gym / Wed / 18:00 / Wed 07:10
Pool / Thu / 20:00 / Wed 18:55
Pool / Sat / 20:00 / Fri 17:15","Badminton / Sat / 18:00
Nudge Fri / 17:55","Badminton / Sun / 21:00
Booked Sat / 13:10",NO 1 of 4,1 of 4,YES,NO,NO,NO
R-285,"Pool / Sun / 14:00 / Sun 08:05
Clubhouse / Sat / 10:00 / Wed 17:30
Clubhouse / Sun / 18:00 / Thu 22:05","Pool / Sun / 18:00
Nudge Sun / 05:35","Pool / Sat / 21:00
Booked Sat / 13:10",NO 1 of 4,1 of 4,YES,NO,NO,NO
R-230,"Clubhouse / Sat / 14:00 / Fri 09:05
Pool / Sat / 11:00 / Sat 04:10
Pool / Sun / 18:00 / Sun 05:30","Pool / Sun / 10:00
Nudge Sat / 19:20","Badminton / Sun / 08:00
Booked Sat / 13:15",NO 1 of 4,1 of 4,NO,YES,NO,NO
R-406,"Pool / Sat / 17:00 / Thu 01:15
Pool / Sat / 17:00 / Sat 04:25
Pool / Sat / 15:00 / Fri 10:35","Pool / Sun / 11:00
Nudge Sat / 18:40","Gym / Sat / 17:00
Booked Sat / 13:15",NO 0 of 4,0 of 4,NO,NO,NO,NO
R-281,"Gym / Mon / 21:00 / Mon 08:40
Badminton / Tue / 21:00 / Tue 07:55
Badminton / Wed / 21:00 / Tue 22:15","Gym / Sat / 20:00
Nudge Sat / 12:25","Pool / Sat / 20:00
Booked Sat / 14:00",NO 2 of 4,2 of 4,NO,YES,YES,NO
R-430,"Badminton / Sun / 18:00 / Sun 11:20
Gym / Mon / 19:00 / Mon 12:50
Gym / Fri / 20:00 / Fri 08:55","Gym / Sat / 18:00
Nudge Sat / 06:15","Gym / Sat / 22:00
Booked Sat / 14:15",NO 2 of 4,2 of 4,YES,YES,NO,NO
R-152,"Gym / Sun / 15:00 / Sun 09:30
Gym / Sat / 15:00 / Fri 22:20
Pool / Sat / 10:00 / Sat 00:30","Pool / Sun / 15:00
Nudge Sat / 20:40","Pool / Sun / 14:00
Booked Sat / 14:30",NO 2 of 4,2 of 4,YES,YES,NO,NO
R-138,"Pool / Sat / 11:00 / Sat 02:00
Pool / Sun / 18:00 / Fri 21:40
Gym / Sat / 10:00 / Sat 05:45","Pool / Sun / 15:00
Nudge Sat / 20:50","Pool / Sat / 17:00
Booked Sat / 14:40",NO 1 of 4,1 of 4,YES,NO,NO,NO
R-113,"Pool / Sun / 11:00 / Sat 19:40
Pool / Sat / 13:00 / Sat 04:40
Pool / Sat / 15:00 / Sat 08:10","Pool / Sun / 18:00
Nudge Sat / 23:30","Pool / Sun / 17:00
Booked Sat / 14:55",NO 2 of 4,2 of 4,YES,YES,NO,NO
R-112,"Gym / Fri / 07:00 / Thu 04:25
Gym / Fri / 06:00 / Thu 19:05
Tennis / Wed / 06:00 / Sat 03:20","Gym / Sun / 07:00
Nudge Sat / 15:10","Gym / Mon / 07:00
Booked Sat / 15:30",NO 2 of 4,2 of 4,YES,NO,YES,NO
R-423,"Tennis / Wed / 06:00 / Tue 08:00
Gym / Thu / 06:00 / Wed 09:15
Gym / Thu / 08:00 / Wed 11:45","Gym / Sun / 06:00
Nudge Sat / 14:15","Pool / Mon / 06:00
Booked Sat / 15:45",NO 1 of 4,1 of 4,NO,NO,YES,NO
R-218,"Pool / Thu / 20:00 / Wed 18:55
Pool / Sat / 20:00 / Fri 17:15
Badminton / Sun / 21:00 / Sat 13:10","Pool / Sun / 20:00
Nudge Sat / 23:55","Gym / Sat / 22:00
Booked Sat / 16:10",NO 0 of 4,0 of 4,NO,NO,NO,NO
R-379,"Hall / Fri / 19:00 / Tue 14:15
Clubhouse / Sun / 16:00 / Fri 13:50
Pool / Fri / 11:00 / Thu 17:50","Clubhouse / Sun / 16:00
Nudge Sat / 12:10","Pool / Sun / 11:00
Booked Sat / 16:15",NO 1 of 4,1 of 4,NO,YES,NO,NO
R-211,"Pool / Sat / 15:00 / Fri 22:05
Pool / Sun / 16:00 / Sat 12:40
Pool / Tue / 15:00 / Tue 05:25","Pool / Sun / 18:00
Nudge Sat / 21:20","Pool / Sun / 10:00
Booked Sat / 18:15",NO 2 of 4,2 of 4,YES,YES,NO,NO
R-279,"Pool / Sun / 08:00 / Fri 14:50
Pool / Wed / 19:00 / Tue 17:20
Pool / Fri / 19:00 / Thu 15:20","Pool / Sun / 06:00
Nudge Sat / 16:35","Pool / Mon / 19:00
Booked Sat / 18:25",NO 1 of 4,1 of 4,YES,NO,NO,NO
R-391,"Gym / Wed / 06:00 / Tue 22:25
Badminton / Thu / 06:00 / Wed 09:55
Gym / Thu / 08:00 / Wed 20:25","Gym / Sun / 07:00
Nudge Sat / 19:30","Gym / Sun / 08:00
Booked Sat / 19:00",NO 3 of 4,3 of 4,YES,YES,NO,YES
R-115,"Pool / Sat / 11:00 / Sat 02:50
Pool / Sat / 18:00 / Sat 12:50
Clubhouse / Sun / 18:00 / Sat 01:55","Pool / Sun / 10:00
Nudge Sat / 19:30","Pool / Sun / 11:00
Booked Sat / 19:05",NO 3 of 4,3 of 4,YES,YES,NO,YES
R-174,"Gym / Mon / 08:00 / Mon 01:30
Pool / Wed / 06:00 / Tue 23:50
Pool / Wed / 08:00 / Wed 05:15","Gym / Sun / 07:00
Nudge Sat / 19:50","Gym / Sun / 06:00
Booked Sat / 19:15",NO 3 of 4,3 of 4,YES,YES,NO,YES
R-443,"Pool / Thu / 20:00 / Wed 05:55
Gym / Thu / 18:00 / Thu 05:45
Badminton / Sat / 20:00 / Sat 06:45","Badminton / Sun / 18:00
Nudge Sat / 20:15","Badminton / Sun / 21:00
Booked Sat / 19:30",NO 3 of 4,3 of 4,YES,YES,NO,YES
R-184,"Hall / Fri / 15:00 / Wed 15:20
Hall / Wed / 19:00 / Mon 19:15
Pool / Fri / 16:00 / Wed 07:30","Clubhouse / Sun / 16:00
Nudge Sat / 16:20","Pool / Sun / 12:00
Booked Sat / 20:00",NO 1 of 4,1 of 4,NO,YES,NO,NO
R-192,"Pool / Sat / 17:00 / Sat 08:35
Pool / Sun / 10:00 / Sat 12:05
Pool / Sun / 15:00 / Sat 20:35","Clubhouse / Sun / 15:00
Nudge Sat / 18:45","Pool / Sun / 18:00
Booked Sat / 20:30",NO 1 of 4,1 of 4,NO,YES,NO,NO
R-105,"Gym / Sun / 07:00 / Sat 23:40
Gym / Tue / 06:00 / Mon 09:05
Tennis / Sat / 06:00 / Fri 12:00","Gym / Mon / 08:00
Nudge Sun / 20:50","Gym / Mon / 07:00
Booked Sat / 20:40",NO 2 of 4,2 of 4,YES,YES,NO,NO
R-286,"Badminton / Wed / 09:00 / Tue 04:05
Badminton / Thu / 18:00 / Thu 00:55
Badminton / Sat / 19:00 / Fri 22:10","Badminton / Mon / 21:00
Nudge Sun / 19:55","Tennis / Sun / 17:00
Booked Sat / 21:10",NO 0 of 4,0 of 4,NO,NO,NO,NO
R-274,"Gym / Thu / 21:00 / Thu 03:45
Gym / Fri / 20:00 / Fri 06:45
Tennis / Mon / 14:00 / Sat 01:25","Badminton / Sat / 20:00
Nudge Fri / 20:40","Gym / Mon / 21:00
Booked Sat / 21:15",NO 0 of 4,0 of 4,NO,NO,NO,NO
R-395,"Clubhouse / Sat / 18:00 / Wed 23:25
Clubhouse / Thu / 17:00 / Wed 13:25
Clubhouse / Sat / 20:00 / Fri 05:20","Pool / Sun / 14:00
Nudge Sat / 20:40","Pool / Sun / 13:00
Booked Sat / 21:15",NO 3 of 4,3 of 4,YES,YES,NO,YES
R-157,"Pool / Thu / 15:00 / Thu 02:05
Pool / Sun / 11:00 / Sat 20:15
Clubhouse / Sun / 17:00 / Fri 19:30","Pool / Sun / 16:00
Nudge Sat / 22:35","Pool / Sun / 10:00
Booked Sat / 21:30",NO 2 of 4,2 of 4,YES,YES,NO,NO
R-141,"Pool / Tue / 12:00 / Mon 21:10
Pool / Thu / 18:00 / Thu 09:20
Pool / Mon / 12:00 / Sun 01:05","Gym / Sun / 18:00
Nudge Sat / 21:45","Pool / Mon / 12:00
Booked Sat / 21:50",NO 0 of 4,0 of 4,NO,NO,NO,NO
R-379,"Clubhouse / Sun / 16:00 / Fri 13:50
Pool / Fri / 11:00 / Thu 17:50
Pool / Sun / 11:00 / Sat 16:15","Clubhouse / Sun / 15:00
Nudge Sat / 16:45","Clubhouse / Sun / 16:00
Booked Sat / 22:00",NO 2 of 4,2 of 4,YES,YES,NO,NO
R-152,"Gym / Sat / 15:00 / Fri 22:20
Pool / Sat / 10:00 / Sat 00:30
Pool / Sun / 14:00 / Sat 14:30","Pool / Sun / 18:00
Nudge Sat / 23:25","Gym / Sun / 10:00
Booked Sat / 22:30",NO 2 of 4,2 of 4,NO,YES,NO,YES
R-434,"Tennis / Wed / 06:00 / Tue 19:40
Gym / Thu / 07:00 / Wed 02:50
Pool / Fri / 06:00 / Thu 08:50","Pool / Sun / 06:00
Nudge Sat / 18:30","Pool / Mon / 08:00
Booked Sat / 22:55",NO 1 of 4,1 of 4,YES,NO,NO,NO
R-285,"Clubhouse / Sat / 10:00 / Wed 17:30
Clubhouse / Sun / 18:00 / Thu 22:05
Pool / Sat / 21:00 / Sat 13:10","Pool / Sun / 11:00
Nudge Sun / 00:00","Pool / Sun / 17:00
Booked Sat / 23:40",NO 2 of 4,2 of 4,YES,YES,NO,NO
R-184,"Hall / Wed / 19:00 / Mon 19:15
Pool / Fri / 16:00 / Wed 07:30
Pool / Sun / 12:00 / Sat 20:00","Clubhouse / Sun / 18:00
Nudge Sat / 21:05","Gym / Sun / 18:00
Booked Sun / 01:45",NO 2 of 4,2 of 4,NO,YES,YES,NO
R-226,"Hall / Sun / 12:00 / Thu 03:15
Badminton / Sun / 11:00 / Sat 22:40
Hall / Fri / 18:00 / Tue 23:55","Pool / Sun / 16:00
Nudge Sun / 02:00","Hall / Fri / 19:00
Booked Sun / 02:25",NO 0 of 4,0 of 4,NO,NO,NO,NO
R-447,"Tennis / Wed / 21:00 / Sun 15:45
Tennis / Mon / 18:00 / Mon 00:20
Tennis / Tue / 20:00 / Mon 13:55","Badminton / Mon / 18:00
Nudge Mon / 03:05","Pool / Sun / 21:00
Booked Sun / 03:00",NO 0 of 4,0 of 4,NO,NO,NO,NO
R-392,"Clubhouse / Sat / 10:00 / Wed 04:15
Pool / Sat / 17:00 / Fri 12:00
Pool / Sat / 11:00 / Fri 20:00","Pool / Sun / 14:00
Nudge Sun / 03:40","Pool / Sun / 16:00
Booked Sun / 03:30",NO 3 of 4,3 of 4,YES,YES,NO,YES
R-212,"Gym / Fri / 19:00 / Thu 23:10
Pool / Thu / 20:00 / Mon 20:00
Tennis / Sat / 18:00 / Sat 02:20","Pool / Sun / 07:00
Nudge Sat / 22:25","Pool / Sun / 08:00
Booked Sun / 03:30",NO 2 of 4,2 of 4,YES,YES,NO,NO
R-204,"Pool / Sat / 17:00 / Sat 01:00
Pool / Sun / 17:00 / Sat 14:00
Pool / Sat / 17:00 / Fri 23:55","Pool / Sun / 16:00
Nudge Sun / 03:50","Pool / Sun / 16:00
Booked Sun / 03:35",YES 4 of 4,4 of 4,YES,YES,YES,YES
R-142,"Badminton / Wed / 09:00 / Tue 12:00
Gym / Wed / 21:00 / Wed 08:40
Gym / Fri / 19:00 / Fri 07:35","Badminton / Mon / 21:00
Nudge Mon / 03:45","Badminton / Sun / 19:00
Booked Sun / 04:00",NO 1 of 4,1 of 4,YES,NO,NO,NO
R-113,"Pool / Sat / 13:00 / Sat 04:40
Pool / Sat / 15:00 / Sat 08:10
Pool / Sun / 17:00 / Sat 14:55","Pool / Sun / 15:00
Nudge Sun / 04:40","Pool / Sun / 10:00
Booked Sun / 04:10",NO 3 of 4,3 of 4,YES,YES,NO,YES
R-310,"Pool / Sat / 17:00 / Fri 16:20
Badminton / Sun / 21:00 / Sun 04:55
Pool / Sat / 17:00 / Sat 10:40","Pool / Sun / 15:00
Nudge Sun / 03:50","Pool / Sun / 10:00
Booked Sun / 04:50",NO 3 of 4,3 of 4,YES,YES,NO,YES
R-199,"Gym / Thu / 08:00 / Wed 20:45
Gym / Thu / 07:00 / Wed 17:00
Tennis / Fri / 16:00 / Thu 18:20","Gym / Mon / 18:00
Nudge Mon / 03:40","Badminton / Mon / 18:00
Booked Sun / 04:50",NO 2 of 4,2 of 4,NO,YES,YES,NO
R-258,"Pool / Mon / 12:00 / Sun 23:00
Pool / Tue / 18:00 / Tue 02:20
Pool / Sun / 19:00 / Sun 12:40","Badminton / Sun / 18:00
Nudge Sun / 05:15","Pool / Sun / 12:00
Booked Sun / 05:20",NO 2 of 4,2 of 4,NO,YES,NO,YES
R-195,"Pool / Sun / 18:00 / Sun 08:20
Pool / Sun / 18:00 / Sat 18:25
Pool / Sun / 16:00 / Sat 20:20","Pool / Sun / 18:00
Nudge Sun / 06:55","Clubhouse / Sun / 18:00
Booked Sun / 05:30",NO 2 of 4,2 of 4,NO,YES,YES,NO
R-392,"Pool / Sat / 17:00 / Fri 12:00
Pool / Sat / 11:00 / Fri 20:00
Pool / Sun / 16:00 / Sun 03:30","Pool / Sun / 18:00
Nudge Sun / 07:00","Pool / Mon / 18:00
Booked Sun / 05:30",NO 2 of 4,2 of 4,YES,NO,YES,NO
R-392,"Pool / Sat / 11:00 / Fri 20:00
Pool / Sun / 16:00 / Sun 03:30
Pool / Mon / 18:00 / Sun 05:30","Pool / Sun / 15:00
Nudge Sun / 07:35","Gym / Sun / 10:00
Booked Sun / 06:00",NO 1 of 4,1 of 4,NO,YES,NO,NO
R-245,"Badminton / Thu / 20:00 / Wed 08:20
Badminton / Fri / 19:00 / Thu 13:20
Badminton / Mon / 19:00 / Sun 06:40","Badminton / Tue / 21:00
Nudge Tue / 03:10","Pool / Mon / 18:00
Booked Sun / 06:10",NO 0 of 4,0 of 4,NO,NO,NO,NO
R-161,"Clubhouse / Sat / 18:00 / Thu 10:30
Clubhouse / Sat / 11:00 / Thu 09:45
Pool / Sat / 14:00 / Fri 18:35","Pool / Sun / 15:00
Nudge Sun / 06:55","Pool / Sun / 15:00
Booked Sun / 06:35",YES 4 of 4,4 of 4,YES,YES,YES,YES
R-105,"Gym / Tue / 06:00 / Mon 09:05
Tennis / Sat / 06:00 / Fri 12:00
Gym / Mon / 07:00 / Sat 20:40","Gym / Mon / 06:00
Nudge Sun / 07:05","Pool / Mon / 06:00
Booked Sun / 06:50",NO 3 of 4,3 of 4,NO,YES,YES,YES
R-192,"Pool / Sun / 10:00 / Sat 12:05
Pool / Sun / 15:00 / Sat 20:35
Pool / Sun / 18:00 / Sat 20:30","Clubhouse / Sun / 18:00
Nudge Sun / 05:40","Pool / Sun / 17:00
Booked Sun / 07:00",NO 1 of 4,1 of 4,NO,YES,NO,NO
R-306,"Pool / Thu / 19:00 / Thu 08:20
Tennis / Mon / 19:00 / Sun 14:55
Gym / Wed / 19:00 / Wed 07:20","Pool / Tue / 07:00
Nudge Mon / 11:35","Pool / Tue / 19:00
Booked Sun / 07:20",NO 2 of 4,2 of 4,YES,YES,NO,NO
R-271,"Badminton / Wed / 07:00 / Tue 18:15
Gym / Wed / 06:00 / Tue 19:55
Pool / Fri / 06:00 / Thu 20:05","Gym / Mon / 07:00
Nudge Sun / 10:45","Gym / Mon / 07:00
Booked Sun / 08:40",NO 3 of 4,3 of 4,YES,YES,YES,NO
R-400,"Pool / Sun / 16:00 / Sun 09:35
Gym / Sun / 15:00 / Sun 08:00
Pool / Sat / 18:00 / Sat 06:05","Pool / Sun / 15:00
Nudge Sun / 08:50","Pool / Sun / 15:00
Booked Sun / 08:55",YES 4 of 4,4 of 4,YES,YES,YES,YES
R-300,"Pool / Sat / 10:00 / Fri 13:40
Pool / Sat / 16:00 / Fri 21:45
Pool / Sat / 18:00 / Sat 09:30","Pool / Sun / 14:00
Nudge Sun / 07:00","Gym / Sun / 18:00
Booked Sun / 09:30",NO 1 of 4,1 of 4,NO,YES,NO,NO
R-299,"Tennis / Tue / 06:00 / Sat 13:40
Gym / Tue / 16:00 / Tue 11:00
Tennis / Wed / 07:00 / Tue 17:00","Gym / Mon / 08:00
Nudge Sun / 12:30","Gym / Mon / 06:00
Booked Sun / 09:35",NO 2 of 4,2 of 4,YES,YES,NO,NO
R-320,"Pool / Thu / 19:00 / Thu 07:15
Pool / Mon / 19:00 / Sat 08:05
Pool / Sun / 12:00 / Thu 12:10","Gym / Sun / 18:00
Nudge Sun / 07:55","Tennis / Mon / 18:00
Booked Sun / 09:45",NO 1 of 4,1 of 4,NO,NO,YES,NO
R-334,"Gym / Tue / 19:00 / Mon 23:35
Badminton / Fri / 19:00 / Thu 04:15
Gym / Mon / 21:00 / Sun 11:10","Badminton / Mon / 18:00
Nudge Sun / 20:40","Tennis / Tue / 15:00
Booked Sun / 09:50",NO 0 of 4,0 of 4,NO,NO,NO,NO
R-363,"Pool / Sat / 14:00 / Sat 01:05
Pool / Sat / 18:00 / Thu 14:45
Pool / Sat / 07:00 / Fri 21:30","Clubhouse / Sun / 15:00
Nudge Sat / 18:20","Gym / Sun / 18:00
Booked Sun / 10:05",NO 1 of 4,1 of 4,NO,YES,NO,NO
R-330,"Tennis / Fri / 18:00 / Thu 08:40
Pool / Tue / 09:00 / Sun 18:05
Gym / Tue / 20:00 / Tue 12:45","Gym / Mon / 20:00
Nudge Mon / 05:00","Badminton / Mon / 12:00
Booked Sun / 10:10",NO 1 of 4,1 of 4,NO,YES,NO,NO
R-423,"Gym / Thu / 06:00 / Wed 09:15
Gym / Thu / 08:00 / Wed 11:45
Pool / Mon / 06:00 / Sat 15:45","Gym / Mon / 08:00
Nudge Sun / 11:50","Gym / Tue / 06:00
Booked Sun / 11:45",NO 1 of 4,1 of 4,YES,NO,NO,NO
R-125,"Pool / Tue / 20:00 / Mon 22:05
Pool / Thu / 08:00 / Wed 10:05
Gym / Thu / 16:00 / Wed 20:55","Gym / Mon / 07:00
Nudge Sun / 12:20","Gym / Mon / 06:00
Booked Sun / 11:50",NO 3 of 4,3 of 4,YES,YES,NO,YES
R-118,"Pool / Tue / 06:00 / Mon 22:15
Gym / Wed / 07:00 / Tue 17:00
Tennis / Thu / 06:00 / Wed 17:00","Gym / Mon / 08:00
Nudge Sun / 12:50","Gym / Mon / 07:00
Booked Sun / 12:15",NO 3 of 4,3 of 4,YES,YES,NO,YES
R-174,"Pool / Wed / 06:00 / Tue 23:50
Pool / Wed / 08:00 / Wed 05:15
Gym / Sun / 06:00 / Sat 19:15","Gym / Mon / 06:00
Nudge Sun / 13:35","Gym / Mon / 08:00
Booked Sun / 12:45",NO 3 of 4,3 of 4,YES,YES,NO,YES
R-274,"Gym / Fri / 20:00 / Fri 06:45
Tennis / Mon / 14:00 / Sat 01:25
Gym / Mon / 21:00 / Sat 21:15","Badminton / Mon / 21:00
Nudge Sun / 20:50","Gym / Mon / 19:00
Booked Sun / 12:55",NO 1 of 4,1 of 4,NO,YES,NO,NO
R-254,"Pool / Thu / 06:00 / Tue 18:55
Gym / Mon / 06:00 / Sun 18:05
Pool / Tue / 17:00 / Mon 20:45","Gym / Mon / 07:00
Nudge Sun / 13:25","Gym / Mon / 08:00
Booked Sun / 13:15",NO 3 of 4,3 of 4,YES,YES,NO,YES
R-194,"Gym / Sat / 18:00 / Sat 04:15
Pool / Sun / 17:00 / Sun 06:50
Pool / Wed / 17:00 / Tue 10:25","Gym / Mon / 19:00
Nudge Mon / 09:00","Gym / Mon / 16:00
Booked Sun / 13:25",NO 2 of 4,2 of 4,YES,YES,NO,NO
R-210,"Tennis / Mon / 08:00 / Sun 22:55
Gym / Tue / 19:00 / Tue 13:45
Badminton / Sun / 08:00 / Sat 22:05","Gym / Mon / 07:00
Nudge Sun / 14:55","Tennis / Mon / 06:00
Booked Sun / 14:20",NO 2 of 4,2 of 4,NO,YES,NO,YES
R-250,"Gym / Fri / 07:00 / Thu 05:25
Gym / Tue / 06:00 / Mon 17:35
Pool / Fri / 07:00 / Thu 07:50","Gym / Mon / 06:00
Nudge Sun / 14:25","Gym / Mon / 06:00
Booked Sun / 14:35",YES 4 of 4,4 of 4,YES,YES,YES,YES
R-156,"Tennis / Mon / 08:00 / Sun 09:25
Gym / Tue / 08:00 / Mon 21:20
Tennis / Fri / 08:00 / Wed 18:35","Gym / Mon / 06:00
Nudge Sun / 14:25","Tennis / Mon / 07:00
Booked Sun / 14:35",NO 2 of 4,2 of 4,NO,YES,NO,YES
R-145,"Tennis / Wed / 08:00 / Mon 23:30
Gym / Thu / 06:00 / Wed 18:55
Gym / Sat / 06:00 / Fri 14:05","Gym / Mon / 08:00
Nudge Sun / 15:10","Gym / Mon / 07:00
Booked Sun / 14:40",NO 3 of 4,3 of 4,YES,YES,NO,YES
R-234,"Tennis / Sun / 19:00 / Fri 19:40
Pool / Sat / 19:00 / Sat 12:15
Pool / Mon / 19:00 / Mon 12:05","Gym / Mon / 08:00
Nudge Sun / 16:50","Gym / Mon / 19:00
Booked Sun / 16:25",NO 3 of 4,3 of 4,YES,YES,NO,YES
R-119,"Gym / Mon / 08:00 / Mon 04:30
Gym / Tue / 07:00 / Mon 18:55
Pool / Fri / 08:00 / Thu 18:35","Gym / Mon / 06:00
Nudge Sun / 16:40","Gym / Mon / 07:00
Booked Sun / 16:40",NO 3 of 4,3 of 4,YES,YES,NO,YES
R-119,"Gym / Tue / 07:00 / Mon 18:55
Pool / Fri / 08:00 / Thu 18:35
Gym / Mon / 07:00 / Sun 16:40","Gym / Mon / 07:00
Nudge Sun / 16:25","Gym / Mon / 06:00
Booked Sun / 16:50",NO 3 of 4,3 of 4,YES,YES,NO,YES
R-223,"Gym / Sat / 19:00 / Sat 14:25
Gym / Sun / 19:00 / Sun 16:10
Gym / Tue / 13:00 / Tue 04:50","Gym / Mon / 19:00
Nudge Mon / 00:10","Badminton / Mon / 12:00
Booked Sun / 17:05",NO 1 of 4,1 of 4,NO,YES,NO,NO
R-110,"Pool / Wed / 19:00 / Wed 04:45
Tennis / Thu / 16:00 / Wed 13:35
Gym / Fri / 06:00 / Thu 12:20","Gym / Mon / 08:00
Nudge Sun / 17:40","Tennis / Mon / 06:00
Booked Sun / 17:25",NO 2 of 4,2 of 4,NO,YES,NO,YES
R-227,"Badminton / Thu / 21:00 / Thu 00:20
Badminton / Fri / 20:00 / Fri 01:20
Pool / Sat / 18:00 / Fri 16:20","Badminton / Mon / 20:00
Nudge Sun / 20:10","Gym / Mon / 19:00
Booked Sun / 17:30",NO 1 of 4,1 of 4,NO,YES,NO,NO
R-424,"Pool / Wed / 07:00 / Wed 00:25
Gym / Thu / 07:00 / Thu 00:25
Gym / Sat / 06:00 / Fri 16:05","Gym / Mon / 06:00
Nudge Sun / 17:40","Pool / Tue / 08:00
Booked Sun / 17:55",NO 0 of 4,0 of 4,NO,NO,NO,NO
R-156,"Gym / Tue / 08:00 / Mon 21:20
Tennis / Fri / 08:00 / Wed 18:35
Tennis / Mon / 07:00 / Sun 14:35","Gym / Mon / 06:00
Nudge Sun / 18:50","Pool / Mon / 08:00
Booked Sun / 18:10",NO 2 of 4,2 of 4,NO,YES,NO,YES
R-124,"Badminton / Wed / 21:00 / Wed 03:50
Pool / Mon / 20:00 / Sun 17:40
Gym / Fri / 13:00 / Thu 14:40","Gym / Tue / 20:00
Nudge Tue / 01:05","Badminton / Mon / 21:00
Booked Sun / 18:10",NO 0 of 4,0 of 4,NO,NO,NO,NO
R-391,"Badminton / Thu / 06:00 / Wed 09:55
Gym / Thu / 08:00 / Wed 20:25
Gym / Sun / 08:00 / Sat 19:00","Gym / Mon / 07:00
Nudge Sun / 18:35","Pool / Mon / 08:00
Booked Sun / 18:40",NO 2 of 4,2 of 4,NO,YES,NO,YES
R-105,"Tennis / Sat / 06:00 / Fri 12:00
Gym / Mon / 07:00 / Sat 20:40
Pool / Mon / 06:00 / Sun 06:50","Gym / Mon / 06:00
Nudge Sun / 18:50","Gym / Mon / 08:00
Booked Sun / 18:55",NO 3 of 4,3 of 4,YES,YES,NO,YES
R-361,"Tennis / Thu / 06:00 / Tue 21:05
Tennis / Sat / 06:00 / Thu 11:55
Gym / Fri / 07:00 / Fri 01:55","Gym / Mon / 08:00
Nudge Sun / 19:40","Gym / Mon / 07:00
Booked Sun / 19:10",NO 3 of 4,3 of 4,YES,YES,NO,YES
R-162,"Gym / Mon / 08:00 / Mon 03:05
Gym / Wed / 19:00 / Wed 13:10
Pool / Fri / 07:00 / Thu 04:20","Gym / Mon / 08:00
Nudge Sun / 19:45","Gym / Mon / 07:00
Booked Sun / 19:20",NO 3 of 4,3 of 4,YES,YES,NO,YES
R-430,"Gym / Mon / 19:00 / Mon 12:50
Gym / Fri / 20:00 / Fri 08:55
Gym / Sat / 22:00 / Sat 14:15","Tennis / Tue / 18:00
Nudge Mon / 17:45","Badminton / Mon / 19:00
Booked Sun / 19:35",NO 0 of 4,0 of 4,NO,NO,NO,NO
R-110,"Tennis / Thu / 16:00 / Wed 13:35
Gym / Fri / 06:00 / Thu 12:20
Tennis / Mon / 06:00 / Sun 17:25","Gym / Mon / 08:00
Nudge Sun / 20:50","Gym / Mon / 08:00
Booked Sun / 20:10",YES 4 of 4,4 of 4,YES,YES,YES,YES
R-271,"Gym / Wed / 06:00 / Tue 19:55
Pool / Fri / 06:00 / Thu 20:05
Gym / Mon / 07:00 / Sun 08:40","Gym / Mon / 06:00
Nudge Sun / 20:40","Gym / Mon / 08:00
Booked Sun / 20:25",NO 3 of 4,3 of 4,YES,YES,NO,YES
R-432,"Tennis / Tue / 06:00 / Mon 20:45
Gym / Wed / 06:00 / Tue 06:40
Tennis / Thu / 08:00 / Tue 21:45","Gym / Mon / 08:00
Nudge Sun / 20:25","Gym / Mon / 08:00
Booked Sun / 20:35",YES 4 of 4,4 of 4,YES,YES,YES,YES
R-146,"Badminton / Fri / 21:00 / Fri 00:15
Badminton / Mon / 18:00 / Sun 17:55
Gym / Fri / 18:00 / Fri 09:25","Badminton / Mon / 20:00
Nudge Sun / 22:10","Gym / Mon / 19:00
Booked Sun / 22:30",NO 2 of 4,2 of 4,NO,YES,NO,YES
R-263,"Gym / Fri / 07:00 / Thu 09:55
Pool / Sat / 06:00 / Thu 11:00
Tennis / Sun / 07:00 / Fri 23:50","Gym / Mon / 08:00
Nudge Sun / 23:30","Gym / Mon / 07:00
Booked Sun / 23:40",NO 3 of 4,3 of 4,YES,YES,NO,YES
R-372,"Gym / Fri / 06:00 / Thu 22:20
Gym / Thu / 07:00 / Wed 16:55
Gym / Thu / 06:00 / Thu 00:35","Gym / Mon / 06:00
Nudge Sun / 22:45","Pool / Mon / 07:00
Booked Sun / 23:45",NO 2 of 4,2 of 4,NO,YES,NO,YES
R-263,"Pool / Sat / 06:00 / Thu 11:00
Tennis / Sun / 07:00 / Fri 23:50
Gym / Mon / 07:00 / Sun 23:40","Gym / Mon / 06:00
Nudge Mon / 00:35","Tennis / Tue / 08:00
Booked Mon / 00:10",NO 0 of 4,0 of 4,NO,NO,NO,NO
R-119,"Pool / Fri / 08:00 / Thu 18:35
Gym / Mon / 07:00 / Sun 16:40
Gym / Mon / 06:00 / Sun 16:50","Gym / Mon / 08:00
Nudge Mon / 02:05","Gym / Mon / 08:00
Booked Mon / 00:10",NO 3 of 4,3 of 4,YES,YES,YES,NO
R-144,"Gym / Wed / 14:00 / Wed 09:20
Gym / Fri / 08:00 / Thu 12:25
Tennis / Sat / 08:00 / Fri 13:45","Gym / Mon / 08:00
Nudge Mon / 01:00","Gym / Mon / 07:00
Booked Mon / 00:15",NO 3 of 4,3 of 4,YES,YES,NO,YES
R-114,"Pool / Thu / 06:00 / Wed 07:35
Tennis / Fri / 08:00 / Thu 07:25
Gym / Sat / 08:00 / Fri 08:05","Gym / Tue / 08:00
Nudge Tue / 01:50","Gym / Mon / 08:00
Booked Mon / 00:30",NO 2 of 4,2 of 4,YES,NO,YES,NO
R-182,"Badminton / Mon / 20:00 / Sun 01:40
Badminton / Tue / 18:00 / Mon 19:55
Pool / Thu / 21:00 / Thu 08:00","Gym / Mon / 19:00
Nudge Mon / 02:25","Gym / Mon / 21:00
Booked Mon / 00:35",NO 2 of 4,2 of 4,YES,YES,NO,NO
R-177,"Pool / Wed / 12:00 / Tue 12:10
Badminton / Sat / 18:00 / Fri 18:45
Pool / Mon / 19:00 / Mon 06:25","Gym / Mon / 18:00
Nudge Mon / 01:45","Clubhouse / Mon / 12:00
Booked Mon / 00:45",NO 1 of 4,1 of 4,NO,YES,NO,NO
R-170,"Gym / Mon / 07:00 / Sun 16:40
Pool / Wed / 07:00 / Mon 21:20
Gym / Sat / 07:00 / Sat 02:20","Gym / Tue / 08:00
Nudge Tue / 01:35","Tennis / Tue / 07:00
Booked Mon / 00:55",NO 1 of 4,1 of 4,NO,YES,NO,NO
R-434,"Gym / Thu / 07:00 / Wed 02:50
Pool / Fri / 06:00 / Thu 08:50
Pool / Mon / 08:00 / Sat 22:55","Gym / Mon / 08:00
Nudge Mon / 01:30","Tennis / Tue / 07:00
Booked Mon / 02:20",NO 0 of 4,0 of 4,NO,NO,NO,NO
R-253,"Tennis / Thu / 08:00 / Tue 20:25
Tennis / Thu / 07:00 / Wed 04:10
Pool / Fri / 07:00 / Wed 07:00","Gym / Mon / 08:00
Nudge Mon / 01:45","Gym / Mon / 20:00
Booked Mon / 02:25",NO 3 of 4,3 of 4,YES,YES,NO,YES
R-260,"Gym / Thu / 19:00 / Thu 04:10
Gym / Thu / 21:00 / Thu 17:05
Badminton / Fri / 20:00 / Fri 09:50","Badminton / Tue / 20:00
Nudge Tue / 02:50","Gym / Mon / 21:00
Booked Mon / 02:30",NO 0 of 4,0 of 4,NO,NO,NO,NO
R-169,"Pool / Wed / 20:00 / Tue 19:20
Badminton / Thu / 19:00 / Wed 04:50
Badminton / Fri / 18:00 / Fri 07:10","Badminton / Mon / 20:00
Nudge Mon / 02:00","Pool / Mon / 20:00
Booked Mon / 02:55",NO 3 of 4,3 of 4,NO,YES,YES,YES
R-174,"Pool / Wed / 08:00 / Wed 05:15
Gym / Sun / 06:00 / Sat 19:15
Gym / Mon / 08:00 / Sun 12:45","Pool / Mon / 08:00
Nudge Mon / 02:15","Pool / Mon / 06:00
Booked Mon / 03:00",NO 3 of 4,3 of 4,YES,YES,NO,YES
R-153,"Pool / Tue / 19:00 / Sun 14:05
Gym / Thu / 19:00 / Thu 04:20
Pool / Fri / 08:00 / Thu 18:15","Gym / Tue / 18:00
Nudge Tue / 03:10","Pool / Mon / 19:00
Booked Mon / 03:45",NO 0 of 4,0 of 4,NO,NO,NO,NO
R-446,"Tennis / Tue / 07:00 / Sun 15:40
Pool / Tue / 06:00 / Mon 16:10
Pool / Tue / 14:00 / Tue 03:20","Gym / Mon / 06:00
Nudge Sun / 23:40","Gym / Mon / 08:00
Booked Mon / 03:55",NO 2 of 4,2 of 4,YES,YES,NO,NO
R-335,"Badminton / Sat / 18:00 / Sat 03:05
Tennis / Sat / 21:00 / Tue 07:10
Pool / Fri / 18:00 / Thu 16:25","Badminton / Tue / 18:00
Nudge Tue / 03:45","Badminton / Tue / 21:00
Booked Mon / 03:55",NO 2 of 4,2 of 4,YES,YES,NO,NO
R-171,"Pool / Tue / 07:00 / Sun 15:35
Pool / Wed / 07:00 / Tue 02:45
Gym / Wed / 19:00 / Tue 23:50","Gym / Tue / 08:00
Nudge Tue / 00:10","Pool / Mon / 19:00
Booked Mon / 04:10",NO 0 of 4,0 of 4,NO,NO,NO,NO
R-365,"Gym / Tue / 18:00 / Tue 10:25
Gym / Fri / 11:00 / Fri 04:30
Pool / Fri / 18:00 / Fri 13:35","Gym / Mon / 18:00
Nudge Mon / 05:15","Gym / Mon / 18:00
Booked Mon / 04:15",NO 3 of 4,3 of 4,YES,YES,YES,NO
R-427,"Hall / Sat / 18:00 / Tue 12:20
Hall / Sun / 19:00 / Thu 17:30
Clubhouse / Sat / 11:00 / Fri 07:20","Clubhouse / Sun / 16:00
Nudge Sat / 21:15","Hall / Fri / 19:00
Booked Mon / 05:15",NO 0 of 4,0 of 4,NO,NO,NO,NO
R-141,"Pool / Thu / 18:00 / Thu 09:20
Pool / Mon / 12:00 / Sun 01:05
Pool / Mon / 12:00 / Sat 21:50","Gym / Tue / 18:00
Nudge Tue / 07:10","Clubhouse / Mon / 18:00
Booked Mon / 06:00",NO 1 of 4,1 of 4,NO,NO,YES,NO
R-218,"Pool / Sat / 20:00 / Fri 17:15
Badminton / Sun / 21:00 / Sat 13:10
Gym / Sat / 22:00 / Sat 16:10","Pool / Tue / 20:00
Nudge Tue / 07:35","Badminton / Tue / 20:00
Booked Mon / 06:10",NO 2 of 4,2 of 4,NO,YES,YES,NO
R-432,"Gym / Wed / 06:00 / Tue 06:40
Tennis / Thu / 08:00 / Tue 21:45
Gym / Mon / 08:00 / Sun 20:35","Gym / Tue / 06:00
Nudge Mon / 06:10","Pool / Tue / 06:00
Booked Mon / 06:25",NO 3 of 4,3 of 4,NO,YES,YES,YES
R-142,"Gym / Wed / 21:00 / Wed 08:40
Gym / Fri / 19:00 / Fri 07:35
Badminton / Sun / 19:00 / Sun 04:00","Gym / Tue / 21:00
Nudge Tue / 06:25","Badminton / Mon / 18:00
Booked Mon / 06:35",NO 0 of 4,0 of 4,NO,NO,NO,NO
R-219,"Pool / Fri / 21:00 / Tue 21:35
Badminton / Fri / 19:00 / Thu 11:25
Pool / Fri / 20:00 / Thu 19:50","Badminton / Tue / 18:00
Nudge Tue / 02:55","Badminton / Tue / 21:00
Booked Mon / 06:40",NO 2 of 4,2 of 4,YES,YES,NO,NO
R-272,"Badminton / Thu / 21:00 / Wed 12:05
Badminton / Thu / 19:00 / Thu 04:45
Gym / Sat / 20:00 / Sat 03:30","Badminton / Tue / 20:00
Nudge Tue / 06:35","Tennis / Mon / 20:00
Booked Mon / 06:55",NO 1 of 4,1 of 4,NO,NO,YES,NO
R-115,"Pool / Sat / 18:00 / Sat 12:50
Clubhouse / Sun / 18:00 / Sat 01:55
Pool / Sun / 11:00 / Sat 19:05","Pool / Tue / 18:00
Nudge Tue / 06:05","Pool / Mon / 13:00
Booked Mon / 07:00",NO 1 of 4,1 of 4,YES,NO,NO,NO
R-360,"Gym / Thu / 18:00 / Thu 11:35
Pool / Fri / 19:00 / Wed 17:50
Badminton / Sat / 19:00 / Sat 06:15","Gym / Mon / 20:00
Nudge Mon / 07:30","Tennis / Tue / 19:00
Booked Mon / 07:10",NO 0 of 4,0 of 4,NO,NO,NO,NO
R-218,"Badminton / Sun / 21:00 / Sat 13:10
Gym / Sat / 22:00 / Sat 16:10
Badminton / Tue / 20:00 / Mon 06:10","Pool / Tue / 20:00
Nudge Tue / 07:35","Badminton / Mon / 18:00
Booked Mon / 07:45",NO 0 of 4,0 of 4,NO,NO,NO,NO
R-366,"Tennis / Fri / 07:00 / Wed 17:15
Gym / Fri / 19:00 / Fri 03:55
Pool / Mon / 08:00 / Fri 17:15","Gym / Tue / 08:00
Nudge Mon / 10:55","Gym / Tue / 06:00
Booked Mon / 08:00",NO 2 of 4,2 of 4,YES,YES,NO,NO
R-106,"Gym / Fri / 22:00 / Thu 21:50
Gym / Tue / 06:00 / Mon 21:50
Gym / Thu / 07:00 / Wed 12:40","Gym / Tue / 18:00
Nudge Tue / 08:00","Pool / Mon / 17:00
Booked Mon / 08:15",NO 0 of 4,0 of 4,NO,NO,NO,NO
R-126,"Badminton / Tue / 19:00 / Tue 04:10
Pool / Thu / 18:00 / Thu 06:45
Pool / Sat / 21:00 / Sat 03:30","Gym / Tue / 18:00
Nudge Tue / 10:15","Badminton / Mon / 18:00
Booked Mon / 08:45",NO 1 of 4,1 of 4,NO,NO,YES,NO
R-426,"Gym / Thu / 21:00 / Thu 07:30
Tennis / Fri / 19:00 / Wed 09:20
Pool / Wed / 20:00 / Wed 11:30","Gym / Mon / 21:00
Nudge Mon / 10:15","Gym / Mon / 14:00
Booked Mon / 09:20",NO 3 of 4,3 of 4,YES,YES,NO,YES
R-188,"Pool / Wed / 19:00 / Wed 09:45
Gym / Tue / 06:00 / Sun 06:45
Gym / Thu / 06:00 / Tue 22:55","Gym / Tue / 07:00
Nudge Mon / 11:05","Gym / Tue / 06:00
Booked Mon / 09:40",NO 2 of 4,2 of 4,YES,YES,NO,NO
R-155,"Gym / Wed / 06:00 / Tue 22:35
Pool / Thu / 06:00 / Wed 23:30
Gym / Fri / 07:00 / Fri 01:25","Gym / Tue / 07:00
Nudge Mon / 10:25","Gym / Tue / 08:00
Booked Mon / 09:40",NO 3 of 4,3 of 4,YES,YES,NO,YES
R-110,"Gym / Fri / 06:00 / Thu 12:20
Tennis / Mon / 06:00 / Sun 17:25
Gym / Mon / 08:00 / Sun 20:10","Gym / Tue / 08:00
Nudge Mon / 13:10","Gym / Mon / 19:00
Booked Mon / 09:45",NO 1 of 4,1 of 4,YES,NO,NO,NO
R-225,"Pool / Tue / 07:00 / Mon 07:45
Pool / Tue / 19:00 / Mon 12:35
Gym / Fri / 19:00 / Fri 10:15","Pool / Tue / 08:00
Nudge Mon / 13:55","Gym / Tue / 19:00
Booked Mon / 10:30",NO 1 of 4,1 of 4,NO,YES,NO,NO
R-271,"Pool / Fri / 06:00 / Thu 20:05
Gym / Mon / 07:00 / Sun 08:40
Gym / Mon / 08:00 / Sun 20:25","Gym / Tue / 08:00
Nudge Mon / 12:05","Gym / Tue / 06:00
Booked Mon / 10:45",NO 2 of 4,2 of 4,YES,YES,NO,NO
R-330,"Pool / Tue / 09:00 / Sun 18:05
Gym / Tue / 20:00 / Tue 12:45
Badminton / Mon / 12:00 / Sun 10:10","Badminton / Tue / 20:00
Nudge Tue / 04:00","Badminton / Mon / 20:00
Booked Mon / 11:05",NO 2 of 4,2 of 4,YES,NO,YES,NO
R-298,"Pool / Wed / 19:00 / Wed 00:55
Tennis / Wed / 08:00 / Mon 22:05
Tennis / Thu / 19:00 / Tue 10:45","Gym / Tue / 08:00
Nudge Mon / 13:40","Tennis / Wed / 19:00
Booked Mon / 11:05",NO 0 of 4,0 of 4,NO,NO,NO,NO
R-397,"Pool / Tue / 20:00 / Tue 16:50
Pool / Wed / 20:00 / Wed 12:05
Pool / Thu / 20:00 / Thu 04:00","Tennis / Tue / 18:00
Nudge Mon / 19:00","Pool / Mon / 18:00
Booked Mon / 11:55",NO 1 of 4,1 of 4,NO,NO,YES,NO
R-104,"Gym / Mon / 20:00 / Sun 17:55
Gym / Thu / 20:00 / Thu 11:20
Badminton / Fri / 18:00 / Fri 02:00","Badminton / Tue / 20:00
Nudge Tue / 03:30","Gym / Mon / 19:00
Booked Mon / 12:40",NO 0 of 4,0 of 4,NO,NO,NO,NO
R-293,"Gym / Wed / 19:00 / Tue 18:25
Gym / Wed / 11:00 / Tue 19:30
Badminton / Sat / 19:00 / Fri 10:20","Gym / Mon / 20:00
Nudge Mon / 12:25","Gym / Mon / 20:00
Booked Mon / 12:45",YES 4 of 4,4 of 4,YES,YES,YES,YES
R-117,"Pool / Tue / 08:00 / Tue 00:00
Gym / Tue / 20:00 / Tue 09:55
Gym / Fri / 08:00 / Thu 16:10","Gym / Tue / 08:00
Nudge Mon / 13:00","Tennis / Wed / 07:00
Booked Mon / 12:55",NO 0 of 4,0 of 4,NO,NO,NO,NO
R-428,"Tennis / Wed / 08:00 / Tue 09:50
Pool / Fri / 07:00 / Wed 13:15
Gym / Thu / 15:00 / Thu 03:25","Gym / Tue / 06:00
Nudge Mon / 13:25","Gym / Tue / 22:00
Booked Mon / 12:55",NO 3 of 4,3 of 4,YES,YES,NO,YES
R-253,"Tennis / Thu / 07:00 / Wed 04:10
Pool / Fri / 07:00 / Wed 07:00
Gym / Mon / 20:00 / Mon 02:25","Gym / Tue / 08:00
Nudge Mon / 13:20","Gym / Tue / 07:00
Booked Mon / 12:55",NO 3 of 4,3 of 4,YES,YES,NO,YES
R-221,"Pool / Wed / 09:00 / Wed 04:05
Pool / Fri / 08:00 / Thu 18:15
Gym / Fri / 07:00 / Fri 00:15","Gym / Tue / 08:00
Nudge Mon / 13:45","Tennis / Wed / 06:00
Booked Mon / 13:00",NO 0 of 4,0 of 4,NO,NO,NO,NO
R-193,"Pool / Thu / 12:00 / Wed 20:05
Gym / Mon / 18:00 / Mon 07:50
Clubhouse / Tue / 16:00 / Mon 13:00","Gym / Tue / 18:00
Nudge Tue / 12:15","Gym / Tue / 08:00
Booked Mon / 13:20",NO 2 of 4,2 of 4,YES,YES,NO,NO
R-210,"Gym / Tue / 19:00 / Tue 13:45
Badminton / Sun / 08:00 / Sat 22:05
Tennis / Mon / 06:00 / Sun 14:20","Gym / Tue / 06:00
Nudge Mon / 14:00","Gym / Tue / 06:00
Booked Mon / 13:45",YES 4 of 4,4 of 4,YES,YES,YES,YES
R-169,"Badminton / Thu / 19:00 / Wed 04:50
Badminton / Fri / 18:00 / Fri 07:10
Pool / Mon / 20:00 / Mon 02:55","Gym / Mon / 18:00
Nudge Mon / 11:45","Badminton / Mon / 21:00
Booked Mon / 13:50",NO 1 of 4,1 of 4,NO,YES,NO,NO
R-304,"Tennis / Tue / 11:00 / Tue 04:35
Gym / Fri / 07:00 / Thu 23:50
Badminton / Wed / 07:00 / Tue 17:20","Gym / Tue / 08:00
Nudge Mon / 14:15","Gym / Tue / 07:00
Booked Mon / 13:50",NO 3 of 4,3 of 4,YES,YES,NO,YES
R-224,"Gym / Fri / 07:00 / Thu 22:00
Pool / Sun / 12:00 / Sun 03:50
Tennis / Wed / 19:00 / Tue 22:00","Gym / Tue / 19:00
Nudge Tue / 10:25","Badminton / Tue / 18:00
Booked Mon / 14:20",NO 1 of 4,1 of 4,NO,YES,NO,NO
R-428,"Pool / Fri / 07:00 / Wed 13:15
Gym / Thu / 15:00 / Thu 03:25
Gym / Tue / 22:00 / Mon 12:55","Gym / Tue / 06:00
Nudge Mon / 15:35","Gym / Tue / 06:00
Booked Mon / 15:10",YES 4 of 4,4 of 4,YES,YES,YES,YES
R-437,"Gym / Sat / 21:00 / Sat 14:25
Gym / Sun / 20:00 / Sat 15:10
Gym / Wed / 19:00 / Tue 22:00","Gym / Tue / 20:00
Nudge Tue / 11:40","Gym / Mon / 21:00
Booked Mon / 15:20",NO 1 of 4,1 of 4,YES,NO,NO,NO
R-401,"Gym / Thu / 07:00 / Thu 01:35
Tennis / Fri / 07:00 / Thu 19:15
Gym / Fri / 11:00 / Fri 03:25","Gym / Tue / 06:00
Nudge Mon / 15:35","Gym / Tue / 06:00
Booked Mon / 15:45",YES 4 of 4,4 of 4,YES,YES,YES,YES
R-335,"Tennis / Sat / 21:00 / Tue 07:10
Pool / Fri / 18:00 / Thu 16:25
Badminton / Tue / 21:00 / Mon 03:55","Gym / Tue / 18:00
Nudge Tue / 05:10","Pool / Wed / 19:00
Booked Mon / 16:30",NO 0 of 4,0 of 4,NO,NO,NO,NO
R-241,"Gym / Wed / 06:00 / Tue 11:20
Gym / Mon / 08:00 / Sun 23:25
Gym / Wed / 06:00 / Tue 14:30","Gym / Tue / 07:00
Nudge Mon / 16:25","Pool / Wed / 07:00
Booked Mon / 16:35",NO 1 of 4,1 of 4,NO,NO,YES,NO
R-305,"Gym / Thu / 06:00 / Wed 20:50
Pool / Thu / 08:00 / Wed 21:45
Gym / Tue / 08:00 / Mon 15:10","Gym / Tue / 06:00
Nudge Mon / 16:45","Pool / Tue / 07:00
Booked Mon / 16:55",NO 2 of 4,2 of 4,NO,YES,NO,YES
R-113,"Pool / Sat / 15:00 / Sat 08:10
Pool / Sun / 17:00 / Sat 14:55
Pool / Sun / 10:00 / Sun 04:10","Clubhouse / Sun / 15:00
Nudge Sat / 14:50","Clubhouse / Sat / 10:00
Booked Mon / 17:00",NO 1 of 4,1 of 4,YES,NO,NO,NO
R-279,"Pool / Wed / 19:00 / Tue 17:20
Pool / Fri / 19:00 / Thu 15:20
Pool / Mon / 19:00 / Sat 18:25","Pool / Tue / 08:00
Nudge Mon / 16:05","Gym / Tue / 19:00
Booked Mon / 17:25",NO 1 of 4,1 of 4,NO,YES,NO,NO
R-404,"Gym / Sat / 06:00 / Fri 20:10
Gym / Sun / 19:00 / Sun 04:45
Gym / Mon / 18:00 / Mon 02:25","Gym / Tue / 20:00
Nudge Tue / 01:45","Badminton / Tue / 22:00
Booked Mon / 17:50",NO 1 of 4,1 of 4,NO,YES,NO,NO
R-414,"Pool / Fri / 07:00 / Wed 04:25
Pool / Fri / 19:00 / Thu 07:55
Tennis / Mon / 19:00 / Fri 04:35","Pool / Tue / 08:00
Nudge Mon / 17:05","Pool / Wed / 19:00
Booked Mon / 18:15",NO 1 of 4,1 of 4,YES,NO,NO,NO
R-370,"Gym / Fri / 21:00 / Fri 03:30
Gym / Tue / 07:00 / Mon 19:20
Pool / Fri / 07:00 / Thu 20:35","Gym / Tue / 08:00
Nudge Mon / 18:05","Gym / Tue / 07:00
Booked Mon / 18:25",NO 3 of 4,3 of 4,YES,YES,NO,YES
R-253,"Pool / Fri / 07:00 / Wed 07:00
Gym / Mon / 20:00 / Mon 02:25
Gym / Tue / 07:00 / Mon 12:55","Gym / Tue / 06:00
Nudge Mon / 18:05","Gym / Tue / 06:00
Booked Mon / 18:30",YES 4 of 4,4 of 4,YES,YES,YES,YES
R-330,"Gym / Tue / 20:00 / Tue 12:45
Badminton / Mon / 12:00 / Sun 10:10
Badminton / Mon / 20:00 / Mon 11:05","Badminton / Tue / 18:00
Nudge Mon / 20:05","Badminton / Tue / 21:00
Booked Mon / 19:40",NO 3 of 4,3 of 4,YES,YES,NO,YES
R-403,"Badminton / Sun / 20:00 / Sat 04:10
Pool / Sat / 21:00 / Sat 15:15
Badminton / Wed / 20:00 / Wed 02:10","Badminton / Tue / 20:00
Nudge Mon / 20:05","Gym / Tue / 21:00
Booked Mon / 19:55",NO 2 of 4,2 of 4,NO,YES,NO,YES
R-221,"Pool / Fri / 08:00 / Thu 18:15
Gym / Fri / 07:00 / Fri 00:15
Tennis / Wed / 06:00 / Mon 13:00","Gym / Tue / 08:00
Nudge Mon / 20:00","Gym / Tue / 06:00
Booked Mon / 20:00",NO 3 of 4,3 of 4,YES,YES,NO,YES
R-420,"Gym / Fri / 07:00 / Thu 04:40
Gym / Wed / 06:00 / Wed 03:25
Gym / Thu / 08:00 / Wed 17:55","Gym / Tue / 08:00
Nudge Mon / 20:30","Gym / Tue / 06:00
Booked Mon / 20:20",NO 3 of 4,3 of 4,YES,YES,NO,YES
R-174,"Gym / Sun / 06:00 / Sat 19:15
Gym / Mon / 08:00 / Sun 12:45
Pool / Mon / 06:00 / Mon 03:00","Gym / Tue / 08:00
Nudge Mon / 22:05","Gym / Tue / 06:00
Booked Mon / 21:25",NO 3 of 4,3 of 4,YES,YES,NO,YES
R-119,"Gym / Mon / 07:00 / Sun 16:40
Gym / Mon / 06:00 / Sun 16:50
Gym / Mon / 08:00 / Mon 00:10","Gym / Tue / 07:00
Nudge Mon / 23:00","Gym / Tue / 07:00
Booked Mon / 22:25",YES 4 of 4,4 of 4,YES,YES,YES,YES
R-167,"Gym / Tue / 08:00 / Mon 05:20
Pool / Fri / 06:00 / Thu 07:30
Gym / Fri / 07:00 / Thu 15:50","Gym / Tue / 06:00
Nudge Mon / 21:50","Gym / Tue / 11:00
Booked Mon / 22:45",NO 3 of 4,3 of 4,YES,YES,NO,YES
R-366,"Gym / Fri / 19:00 / Fri 03:55
Pool / Mon / 08:00 / Fri 17:15
Gym / Tue / 06:00 / Mon 08:00","Gym / Tue / 08:00
Nudge Mon / 23:40","Gym / Tue / 21:00
Booked Tue / 00:00",NO 2 of 4,2 of 4,YES,YES,NO,NO
R-139,"Pool / Sun / 19:00 / Fri 14:10
Tennis / Mon / 19:00 / Sat 03:40
Tennis / Wed / 19:00 / Sat 12:50","Gym / Wed / 18:00
Nudge Wed / 02:05","Gym / Tue / 19:00
Booked Tue / 00:05",NO 1 of 4,1 of 4,YES,NO,NO,NO
R-203,"Tennis / Thu / 08:00 / Wed 02:10
Tennis / Sat / 08:00 / Fri 10:20
Gym / Thu / 21:00 / Thu 16:10","Gym / Tue / 08:00
Nudge Tue / 01:30","Tennis / Wed / 06:00
Booked Tue / 00:35",NO 0 of 4,0 of 4,NO,NO,NO,NO
R-237,"Tennis / Thu / 20:00 / Wed 09:40
Pool / Sun / 18:00 / Sun 07:00","Gym / Tue / 18:00
Nudge Tue / 01:00","Pool / Tue / 17:00
Booked Tue / 00:40",NO 2 of 4,2 of 4,NO,YES,NO,YES
R-154,"Badminton / Fri / 18:00 / Fri 02:45
Pool / Wed / 19:00 / Tue 01:00
Pool / Thu / 19:00 / Thu 10:20","Gym / Tue / 19:00
Nudge Tue / 02:30","Badminton / Wed / 18:00
Booked Tue / 00:40",NO 0 of 4,0 of 4,NO,NO,NO,NO
R-242,"Pool / Fri / 08:00 / Fri 01:25
Pool / Fri / 07:00 / Fri 03:05
Gym / Mon / 07:00 / Sun 14:10","Gym / Tue / 18:00
Nudge Tue / 02:05","Pool / Tue / 08:00
Booked Tue / 00:45",NO 1 of 4,1 of 4,NO,YES,NO,NO
R-243,"Badminton / Tue / 18:00 / Mon 22:10
Pool / Wed / 19:00 / Wed 12:55
Badminton / Fri / 20:00 / Thu 08:10","Badminton / Tue / 19:00
Nudge Tue / 00:50","Pool / Tue / 21:00
Booked Tue / 01:15",NO 2 of 4,2 of 4,NO,YES,NO,YES
R-149,"Badminton / Tue / 19:00 / Mon 22:55
Pool / Thu / 20:00 / Thu 05:50
Badminton / Fri / 21:00 / Fri 01:15","Gym / Tue / 18:00
Nudge Tue / 01:20","Pool / Tue / 19:00
Booked Tue / 01:50",NO 2 of 4,2 of 4,NO,YES,NO,YES
R-102,"Tennis / Wed / 06:00 / Mon 06:10
Gym / Mon / 18:00 / Mon 10:40
Gym / Thu / 08:00 / Wed 20:45","Gym / Tue / 08:00
Nudge Tue / 01:40","Gym / Wed / 07:00
Booked Tue / 02:55",NO 1 of 4,1 of 4,YES,NO,NO,NO
R-221,"Gym / Fri / 07:00 / Fri 00:15
Tennis / Wed / 06:00 / Mon 13:00
Gym / Tue / 06:00 / Mon 20:00","Gym / Tue / 08:00
Nudge Tue / 03:20","Gym / Tue / 07:00
Booked Tue / 02:55",NO 3 of 4,3 of 4,YES,YES,NO,YES
R-353,"Badminton / Mon / 19:00 / Mon 09:00
Tennis / Tue / 21:00 / Tue 01:20
Badminton / Sat / 18:00 / Fri 19:10","Badminton / Wed / 20:00
Nudge Wed / 03:10","Gym / Tue / 21:00
Booked Tue / 03:25",NO 0 of 4,0 of 4,NO,NO,NO,NO
R-267,"Badminton / Wed / 19:00 / Tue 01:05
Badminton / Wed / 11:00 / Tue 19:00
Gym / Thu / 20:00 / Wed 20:05","Badminton / Wed / 20:00
Nudge Wed / 03:35","Gym / Tue / 21:00
Booked Tue / 03:40",NO 0 of 4,0 of 4,NO,NO,NO,NO
R-440,"Tennis / Sat / 08:00 / Fri 08:00
Gym / Mon / 06:00 / Sun 18:55
Gym / Wed / 06:00 / Tue 20:45","Gym / Tue / 07:00
Nudge Tue / 02:50","Gym / Tue / 08:00
Booked Tue / 03:45",NO 3 of 4,3 of 4,YES,YES,NO,YES
R-328,"Pool / Wed / 07:00 / Tue 17:25
Pool / Mon / 17:00 / Mon 06:35
Gym / Fri / 12:00 / Fri 05:45","Gym / Tue / 18:00
Nudge Tue / 06:35","Pool / Tue / 18:00
Booked Tue / 05:25",NO 2 of 4,2 of 4,NO,YES,YES,NO
R-239,"Tennis / Sat / 19:00 / Sat 01:25
Badminton / Sat / 21:00 / Sat 11:45
Badminton / Fri / 18:00 / Fri 11:40","Badminton / Tue / 19:00
Nudge Tue / 05:40","Pool / Tue / 18:00
Booked Tue / 07:15",NO 1 of 4,1 of 4,NO,YES,NO,NO
R-163,"Gym / Mon / 08:00 / Sun 22:55
Gym / Fri / 08:00 / Fri 04:30
Gym / Wed / 17:00 / Wed 09:00","Gym / Tue / 08:00
Nudge Mon / 12:30","Gym / Tue / 14:00
Booked Tue / 07:20",NO 2 of 4,2 of 4,YES,YES,NO,NO
R-404,"Gym / Sun / 19:00 / Sun 04:45
Gym / Mon / 18:00 / Mon 02:25
Badminton / Tue / 22:00 / Mon 17:50","Badminton / Tue / 18:00
Nudge Tue / 05:35","Badminton / Tue / 20:00
Booked Tue / 07:25",NO 2 of 4,2 of 4,YES,YES,NO,NO
R-432,"Tennis / Thu / 08:00 / Tue 21:45
Gym / Mon / 08:00 / Sun 20:35
Pool / Tue / 06:00 / Mon 06:25","Gym / Wed / 07:00
Nudge Tue / 09:00","Gym / Wed / 08:00
Booked Tue / 07:55",NO 2 of 4,2 of 4,YES,YES,NO,NO
R-353,"Tennis / Tue / 21:00 / Tue 01:20
Badminton / Sat / 18:00 / Fri 19:10
Gym / Tue / 21:00 / Tue 03:25","Badminton / Tue / 21:00
Nudge Tue / 06:05","Gym / Tue / 19:00
Booked Tue / 07:55",NO 1 of 4,1 of 4,NO,YES,NO,NO
R-212,"Pool / Thu / 20:00 / Mon 20:00
Tennis / Sat / 18:00 / Sat 02:20
Pool / Sun / 08:00 / Sun 03:30","Pool / Tue / 18:00
Nudge Tue / 08:05","Pool / Fri / 08:00
Booked Tue / 08:00",NO 1 of 4,1 of 4,YES,NO,NO,NO
R-373,"Tennis / Tue / 21:00 / Mon 04:15
Pool / Tue / 18:00 / Tue 04:00
Badminton / Sat / 21:00 / Sat 06:00","Gym / Tue / 18:00
Nudge Tue / 09:00","Badminton / Tue / 19:00
Booked Tue / 08:15",NO 2 of 4,2 of 4,NO,YES,NO,YES
R-240,"Pool / Mon / 06:00 / Sun 23:40
Gym / Thu / 08:00 / Wed 13:35
Gym / Fri / 08:00 / Thu 19:35","Gym / Wed / 08:00
Nudge Tue / 12:30","Gym / Tue / 18:00
Booked Tue / 08:30",NO 1 of 4,1 of 4,YES,NO,NO,NO
R-277,"Gym / Tue / 21:00 / Tue 11:25
Tennis / Thu / 20:00 / Thu 03:25
Gym / Sat / 18:00 / Thu 18:15","Badminton / Wed / 21:00
Nudge Wed / 05:40","Gym / Tue / 21:00
Booked Tue / 08:50",NO 1 of 4,1 of 4,NO,NO,YES,NO
R-257,"Pool / Sat / 19:00 / Sat 12:35
Badminton / Thu / 21:00 / Wed 15:05
Pool / Fri / 11:00 / Fri 00:50","Badminton / Wed / 18:00
Nudge Wed / 03:50","Pool / Tue / 17:00
Booked Tue / 09:00",NO 0 of 4,0 of 4,NO,NO,NO,NO
R-162,"Gym / Wed / 19:00 / Wed 13:10
Pool / Fri / 07:00 / Thu 04:20
Gym / Mon / 07:00 / Sun 19:20","Gym / Tue / 08:00
Nudge Mon / 12:25","Gym / Wed / 08:00
Booked Tue / 09:10",NO 2 of 4,2 of 4,YES,NO,YES,NO
R-194,"Pool / Sun / 17:00 / Sun 06:50
Pool / Wed / 17:00 / Tue 10:25
Gym / Mon / 16:00 / Sun 13:25","Pool / Wed / 18:00
Nudge Wed / 08:20","Badminton / Tue / 21:00
Booked Tue / 09:20",NO 0 of 4,0 of 4,NO,NO,NO,NO
R-396,"Badminton / Mon / 16:00 / Mon 08:00
Pool / Fri / 12:00 / Fri 02:40
Badminton / Mon / 19:00 / Sun 23:25","Gym / Tue / 19:00
Nudge Tue / 09:30","Gym / Tue / 19:00
Booked Tue / 09:25",YES 4 of 4,4 of 4,YES,YES,YES,YES
R-411,"Gym / Mon / 18:00 / Mon 05:30
Pool / Sun / 06:00 / Sat 17:30
Pool / Sun / 08:00 / Sat 16:40","Gym / Tue / 18:00
Nudge Tue / 10:35","Pool / Wed / 09:00
Booked Tue / 09:25",NO 0 of 4,0 of 4,NO,NO,NO,NO
R-362,"Badminton / Sat / 19:00 / Sat 06:15
Gym / Thu / 18:00 / Thu 13:45
Badminton / Fri / 21:00 / Fri 13:30","Gym / Tue / 18:00
Nudge Tue / 10:55","Gym / Tue / 20:00
Booked Tue / 10:30",NO 3 of 4,3 of 4,YES,YES,NO,YES
R-144,"Gym / Fri / 08:00 / Thu 12:25
Tennis / Sat / 08:00 / Fri 13:45
Gym / Mon / 07:00 / Mon 00:15","Gym / Wed / 08:00
Nudge Tue / 12:20","Gym / Wed / 06:00
Booked Tue / 10:30",NO 2 of 4,2 of 4,YES,YES,NO,NO
R-228,"Pool / Thu / 20:00 / Thu 02:00
Pool / Mon / 18:00 / Mon 03:55
Badminton / Thu / 19:00 / Tue 15:15","Gym / Tue / 20:00
Nudge Tue / 11:05","Pool / Wed / 21:00
Booked Tue / 11:00",NO 0 of 4,0 of 4,NO,NO,NO,NO
R-263,"Tennis / Sun / 07:00 / Fri 23:50
Gym / Mon / 07:00 / Sun 23:40
Tennis / Tue / 08:00 / Mon 00:10","Gym / Wed / 08:00
Nudge Tue / 12:45","Gym / Wed / 06:00
Booked Tue / 11:00",NO 2 of 4,2 of 4,YES,YES,NO,NO
R-223,"Gym / Sun / 19:00 / Sun 16:10
Gym / Tue / 13:00 / Tue 04:50
Badminton / Mon / 12:00 / Sun 17:05","Gym / Tue / 18:00
Nudge Tue / 11:50","Pool / Tue / 18:00
Booked Tue / 11:15",NO 3 of 4,3 of 4,NO,YES,YES,YES
R-228,"Pool / Mon / 18:00 / Mon 03:55
Badminton / Thu / 19:00 / Tue 15:15
Pool / Wed / 21:00 / Tue 11:00","Gym / Tue / 18:00
Nudge Tue / 10:35","Gym / Wed / 12:00
Booked Tue / 13:30",NO 1 of 4,1 of 4,YES,NO,NO,NO
R-446,"Pool / Tue / 06:00 / Mon 16:10
Pool / Tue / 14:00 / Tue 03:20
Gym / Mon / 08:00 / Mon 03:55","Gym / Wed / 06:00
Nudge Tue / 14:05","Tennis / Wed / 08:00
Booked Tue / 13:50",NO 2 of 4,2 of 4,NO,YES,NO,YES
R-448,"Pool / Fri / 20:00 / Fri 03:15
Badminton / Mon / 20:00 / Mon 09:25
Gym / Fri / 19:00 / Thu 22:20","Badminton / Wed / 21:00
Nudge Wed / 02:55","Gym / Tue / 21:00
Booked Tue / 14:25",NO 1 of 4,1 of 4,NO,NO,YES,NO
R-286,"Badminton / Thu / 18:00 / Thu 00:55
Badminton / Sat / 19:00 / Fri 22:10
Tennis / Sun / 17:00 / Sat 21:10","Badminton / Wed / 20:00
Nudge Tue / 21:45","Gym / Wed / 21:00
Booked Tue / 15:00",NO 1 of 4,1 of 4,NO,YES,NO,NO
R-150,"Pool / Mon / 08:00 / Sun 16:20
Tennis / Thu / 15:00 / Tue 13:45
Gym / Wed / 18:00 / Wed 01:35","Gym / Wed / 08:00
Nudge Tue / 15:35","Gym / Wed / 07:00
Booked Tue / 15:10",NO 3 of 4,3 of 4,YES,YES,NO,YES
R-306,"Tennis / Mon / 19:00 / Sun 14:55
Gym / Wed / 19:00 / Wed 07:20
Pool / Tue / 19:00 / Sun 07:20","Gym / Wed / 07:00
Nudge Tue / 16:20","Gym / Wed / 06:00
Booked Tue / 15:15",NO 2 of 4,2 of 4,YES,YES,NO,NO
R-381,"Tennis / Fri / 08:00 / Mon 10:10
Badminton / Sat / 07:00 / Fri 02:05
Gym / Sat / 12:00 / Fri 09:00","Badminton / Wed / 08:00
Nudge Tue / 14:35","Badminton / Thu / 18:00
Booked Tue / 16:45",NO 1 of 4,1 of 4,YES,NO,NO,NO
R-358,"Gym / Wed / 16:00 / Tue 21:20
Gym / Fri / 06:00 / Wed 20:30
Gym / Fri / 07:00 / Wed 21:20","Gym / Wed / 06:00
Nudge Tue / 16:40","Gym / Wed / 08:00
Booked Tue / 16:50",NO 3 of 4,3 of 4,YES,YES,NO,YES
R-361,"Tennis / Sat / 06:00 / Thu 11:55
Gym / Fri / 07:00 / Fri 01:55
Gym / Mon / 07:00 / Sun 19:10","Gym / Wed / 06:00
Nudge Tue / 17:45","Gym / Wed / 07:00
Booked Tue / 17:15",NO 3 of 4,3 of 4,YES,YES,NO,YES
R-177,"Badminton / Sat / 18:00 / Fri 18:45
Pool / Mon / 19:00 / Mon 06:25
Clubhouse / Mon / 12:00 / Mon 00:45","Gym / Wed / 19:00
Nudge Wed / 01:05","Pool / Wed / 18:00
Booked Tue / 17:20",NO 1 of 4,1 of 4,NO,YES,NO,NO
R-155,"Pool / Thu / 06:00 / Wed 23:30
Gym / Fri / 07:00 / Fri 01:25
Gym / Tue / 08:00 / Mon 09:40","Gym / Wed / 06:00
Nudge Tue / 17:40","Gym / Wed / 06:00
Booked Tue / 17:55",YES 4 of 4,4 of 4,YES,YES,YES,YES
R-397,"Pool / Wed / 20:00 / Wed 12:05
Pool / Thu / 20:00 / Thu 04:00
Pool / Mon / 18:00 / Mon 11:55","Tennis / Wed / 18:00
Nudge Tue / 18:40","Badminton / Wed / 21:00
Booked Tue / 18:00",NO 2 of 4,2 of 4,NO,YES,NO,YES
R-118,"Gym / Wed / 07:00 / Tue 17:00
Tennis / Thu / 06:00 / Wed 17:00
Gym / Mon / 07:00 / Sun 12:15","Gym / Wed / 08:00
Nudge Tue / 18:45","Pool / Wed / 06:00
Booked Tue / 18:10",NO 2 of 4,2 of 4,NO,YES,NO,YES
R-272,"Badminton / Thu / 19:00 / Thu 04:45
Gym / Sat / 20:00 / Sat 03:30
Tennis / Mon / 20:00 / Mon 06:55","Badminton / Wed / 20:00
Nudge Tue / 20:40","Tennis / Thu / 19:00
Booked Tue / 19:10",NO 0 of 4,0 of 4,NO,NO,NO,NO
R-329,"Gym / Fri / 18:00 / Fri 01:00
Gym / Thu / 07:00 / Tue 12:05
Gym / Wed / 07:00 / Tue 22:25","Gym / Wed / 06:00
Nudge Tue / 19:25","Gym / Wed / 07:00
Booked Tue / 19:35",NO 3 of 4,3 of 4,YES,YES,NO,YES
R-353,"Badminton / Sat / 18:00 / Fri 19:10
Gym / Tue / 21:00 / Tue 03:25
Gym / Tue / 19:00 / Tue 07:55","Badminton / Wed / 21:00
Nudge Tue / 21:00","Gym / Wed / 19:00
Booked Tue / 21:40",NO 2 of 4,2 of 4,NO,YES,NO,YES
R-434,"Pool / Fri / 06:00 / Thu 08:50
Pool / Mon / 08:00 / Sat 22:55
Tennis / Tue / 07:00 / Mon 02:20","Gym / Wed / 08:00
Nudge Tue / 22:55","Pool / Wed / 12:00
Booked Tue / 23:25",NO 2 of 4,2 of 4,NO,YES,NO,YES
R-428,"Gym / Thu / 15:00 / Thu 03:25
Gym / Tue / 22:00 / Mon 12:55
Gym / Tue / 06:00 / Mon 15:10","Gym / Wed / 08:00
Nudge Wed / 00:20","Gym / Wed / 06:00
Booked Tue / 23:40",NO 2 of 4,2 of 4,YES,YES,NO,NO
R-145,"Gym / Thu / 06:00 / Wed 18:55
Gym / Sat / 06:00 / Fri 14:05
Gym / Mon / 07:00 / Sun 14:40","Gym / Wed / 08:00
Nudge Wed / 00:30","Pool / Wed / 07:00
Booked Tue / 23:45",NO 1 of 4,1 of 4,NO,YES,NO,NO
R-360,"Pool / Fri / 19:00 / Wed 17:50
Badminton / Sat / 19:00 / Sat 06:15
Tennis / Tue / 19:00 / Mon 07:10","Gym / Wed / 20:00
Nudge Wed / 02:25","Pool / Wed / 19:00
Booked Wed / 01:15",NO 1 of 4,1 of 4,NO,YES,NO,NO
R-430,"Gym / Fri / 20:00 / Fri 08:55
Gym / Sat / 22:00 / Sat 14:15
Badminton / Mon / 19:00 / Sun 19:35","Gym / Wed / 18:00
Nudge Wed / 01:35","Badminton / Wed / 19:00
Booked Wed / 01:20",NO 2 of 4,2 of 4,NO,YES,NO,YES
R-156,"Tennis / Fri / 08:00 / Wed 18:35
Tennis / Mon / 07:00 / Sun 14:35
Pool / Mon / 08:00 / Sun 18:10","Gym / Wed / 08:00
Nudge Wed / 02:25","Pool / Thu / 08:00
Booked Wed / 01:35",NO 1 of 4,1 of 4,NO,NO,YES,NO
R-145,"Gym / Sat / 06:00 / Fri 14:05
Gym / Mon / 07:00 / Sun 14:40
Pool / Wed / 07:00 / Tue 23:45","Gym / Thu / 08:00
Nudge Thu / 02:20","Gym / Wed / 06:00
Booked Wed / 01:40",NO 1 of 4,1 of 4,YES,NO,NO,NO
R-437,"Gym / Sun / 20:00 / Sat 15:10
Gym / Wed / 19:00 / Tue 22:00
Gym / Mon / 21:00 / Mon 15:20","Gym / Wed / 21:00
Nudge Wed / 03:25","Badminton / Wed / 18:00
Booked Wed / 01:45",NO 1 of 4,1 of 4,NO,YES,NO,NO
R-293,"Gym / Wed / 11:00 / Tue 19:30
Badminton / Sat / 19:00 / Fri 10:20
Gym / Mon / 20:00 / Mon 12:45","Badminton / Wed / 21:00
Nudge Wed / 01:35","Badminton / Wed / 18:00
Booked Wed / 01:50",NO 3 of 4,3 of 4,YES,YES,NO,YES
R-104,"Gym / Thu / 20:00 / Thu 11:20
Badminton / Fri / 18:00 / Fri 02:00
Gym / Mon / 19:00 / Mon 12:40","Badminton / Wed / 21:00
Nudge Wed / 04:30","Gym / Wed / 20:00
Booked Wed / 03:20",NO 1 of 4,1 of 4,NO,YES,NO,NO
R-215,"Gym / Fri / 18:00 / Fri 07:20
Pool / Fri / 20:00 / Fri 16:30
Tennis / Mon / 08:00 / Fri 16:55","Badminton / Wed / 20:00
Nudge Wed / 04:10","Badminton / Wed / 21:00
Booked Wed / 04:00",NO 3 of 4,3 of 4,YES,YES,NO,YES
R-296,"Badminton / Fri / 19:00 / Fri 00:45
Tennis / Thu / 18:00 / Thu 12:55
Badminton / Wed / 19:00 / Wed 08:00","Badminton / Thu / 21:00
Nudge Thu / 06:10","Badminton / Wed / 21:00
Booked Wed / 06:00",NO 2 of 4,2 of 4,YES,NO,YES,NO
R-442,"Pool / Fri / 07:00 / Wed 00:05
Gym / Thu / 08:00 / Wed 22:50
Gym / Wed / 19:00 / Wed 05:55","Gym / Thu / 07:00
Nudge Wed / 11:10","Pool / Wed / 17:00
Booked Wed / 06:55",NO 0 of 4,0 of 4,NO,NO,NO,NO
R-361,"Gym / Fri / 07:00 / Fri 01:55
Gym / Mon / 07:00 / Sun 19:10
Gym / Wed / 07:00 / Tue 17:15","Gym / Thu / 08:00
Nudge Wed / 11:45","Gym / Wed / 18:00
Booked Wed / 07:20",NO 1 of 4,1 of 4,YES,NO,NO,NO
R-227,"Badminton / Fri / 20:00 / Fri 01:20
Pool / Sat / 18:00 / Fri 16:20
Gym / Mon / 19:00 / Sun 17:30","Gym / Wed / 18:00
Nudge Wed / 10:10","Badminton / Thu / 17:00
Booked Wed / 09:10",NO 0 of 4,0 of 4,NO,NO,NO,NO
R-412,"Gym / Mon / 20:00 / Mon 09:35
Tennis / Wed / 20:00 / Tue 12:25
Tennis / Tue / 19:00 / Sat 12:20","Gym / Wed / 20:00
Nudge Wed / 12:45","Gym / Wed / 20:00
Booked Wed / 12:25",YES 4 of 4,4 of 4,YES,YES,YES,YES
R-281,"Badminton / Tue / 21:00 / Tue 07:55
Badminton / Wed / 21:00 / Tue 22:15
Pool / Sat / 20:00 / Sat 14:00","Badminton / Thu / 20:00
Nudge Thu / 04:15","Gym / Wed / 19:00
Booked Wed / 12:35",NO 0 of 4,0 of 4,NO,NO,NO,NO
R-102,"Gym / Mon / 18:00 / Mon 10:40
Gym / Thu / 08:00 / Wed 20:45
Gym / Wed / 07:00 / Tue 02:55","Gym / Thu / 08:00
Nudge Wed / 12:45","Tennis / Fri / 07:00
Booked Wed / 12:45",NO 0 of 4,0 of 4,NO,NO,NO,NO
R-110,"Tennis / Mon / 06:00 / Sun 17:25
Gym / Mon / 08:00 / Sun 20:10
Gym / Mon / 19:00 / Mon 09:45","Gym / Thu / 07:00
Nudge Wed / 14:00","Tennis / Thu / 08:00
Booked Wed / 13:20",NO 2 of 4,2 of 4,NO,YES,NO,YES
R-441,"Gym / Wed / 20:00 / Wed 12:35
Gym / Wed / 21:00 / Wed 14:05
Gym / Sat / 18:00 / Sat 02:45","Badminton / Thu / 20:00
Nudge Thu / 02:05","Badminton / Thu / 17:00
Booked Wed / 13:30",NO 2 of 4,2 of 4,YES,YES,NO,NO
R-279,"Pool / Fri / 19:00 / Thu 15:20
Pool / Mon / 19:00 / Sat 18:25
Gym / Tue / 19:00 / Mon 17:25","Pool / Thu / 08:00
Nudge Wed / 14:50","Pool / Thu / 19:00
Booked Wed / 13:55",NO 3 of 4,3 of 4,YES,YES,NO,YES
R-226,"Badminton / Sun / 11:00 / Sat 22:40
Hall / Fri / 18:00 / Tue 23:55
Hall / Fri / 19:00 / Sun 02:25","Clubhouse / Thu / 19:00
Nudge Wed / 16:45","Clubhouse / Fri / 11:00
Booked Wed / 14:10",NO 1 of 4,1 of 4,YES,NO,NO,NO
R-227,"Pool / Sat / 18:00 / Fri 16:20
Gym / Mon / 19:00 / Sun 17:30
Badminton / Thu / 17:00 / Wed 09:10","Badminton / Thu / 18:00
Nudge Wed / 19:25","Badminton / Thu / 13:00
Booked Wed / 15:55",NO 2 of 4,2 of 4,YES,YES,NO,NO
R-286,"Badminton / Sat / 19:00 / Fri 22:10
Tennis / Sun / 17:00 / Sat 21:10
Gym / Wed / 21:00 / Tue 15:00","Badminton / Thu / 20:00
Nudge Wed / 21:00","Pool / Thu / 20:00
Booked Wed / 16:00",NO 2 of 4,2 of 4,NO,YES,YES,NO
R-279,"Pool / Mon / 19:00 / Sat 18:25
Gym / Tue / 19:00 / Mon 17:25
Pool / Thu / 19:00 / Wed 13:55","Pool / Thu / 08:00
Nudge Wed / 15:30","Gym / Thu / 06:00
Booked Wed / 16:25",NO 2 of 4,2 of 4,NO,YES,NO,YES
R-391,"Gym / Thu / 08:00 / Wed 20:25
Gym / Sun / 08:00 / Sat 19:00
Pool / Mon / 08:00 / Sun 18:40","Gym / Thu / 07:00
Nudge Wed / 16:20","Gym / Thu / 08:00
Booked Wed / 16:30",NO 3 of 4,3 of 4,YES,YES,NO,YES
R-319,"Tennis / Wed / 07:00 / Mon 19:30
Pool / Thu / 08:00 / Wed 03:10
Pool / Wed / 07:00 / Tue 17:30","Gym / Thu / 07:00
Nudge Wed / 17:25","Pool / Thu / 17:00
Booked Wed / 17:45",NO 2 of 4,2 of 4,NO,YES,NO,YES
R-142,"Gym / Fri / 19:00 / Fri 07:35
Badminton / Sun / 19:00 / Sun 04:00
Badminton / Mon / 18:00 / Mon 06:35","Gym / Thu / 21:00
Nudge Thu / 04:50","Badminton / Thu / 18:00
Booked Wed / 18:15",NO 1 of 4,1 of 4,NO,YES,NO,NO
R-428,"Gym / Tue / 22:00 / Mon 12:55
Gym / Tue / 06:00 / Mon 15:10
Gym / Wed / 06:00 / Tue 23:40","Gym / Thu / 08:00
Nudge Wed / 18:35","Gym / Thu / 07:00
Booked Wed / 18:20",NO 3 of 4,3 of 4,YES,YES,NO,YES
R-293,"Badminton / Sat / 19:00 / Fri 10:20
Gym / Mon / 20:00 / Mon 12:45
Badminton / Wed / 18:00 / Wed 01:50","Badminton / Thu / 18:00
Nudge Wed / 18:45","Gym / Thu / 18:00
Booked Wed / 18:35",NO 3 of 4,3 of 4,NO,YES,YES,YES
R-218,"Gym / Sat / 22:00 / Sat 16:10
Badminton / Tue / 20:00 / Mon 06:10
Badminton / Mon / 18:00 / Mon 07:45","Badminton / Thu / 20:00
Nudge Wed / 19:25","Pool / Thu / 19:00
Booked Wed / 18:45",NO 2 of 4,2 of 4,NO,YES,NO,YES
R-140,"Badminton / Thu / 20:00 / Wed 08:05
Badminton / Fri / 13:00 / Thu 17:40
Badminton / Sat / 21:00 / Fri 14:40","Badminton / Thu / 18:00
Nudge Wed / 19:10","Tennis / Thu / 21:00
Booked Wed / 19:05",NO 2 of 4,2 of 4,NO,YES,NO,YES
R-265,"Gym / Tue / 18:00 / Tue 02:45
Badminton / Sat / 07:00 / Fri 06:50
Pool / Tue / 08:00 / Mon 20:45","Gym / Thu / 18:00
Nudge Wed / 22:20","Pool / Thu / 11:00
Booked Wed / 20:45",NO 1 of 4,1 of 4,NO,YES,NO,NO
R-434,"Pool / Mon / 08:00 / Sat 22:55
Tennis / Tue / 07:00 / Mon 02:20
Pool / Wed / 12:00 / Tue 23:25","Gym / Thu / 06:00
Nudge Wed / 19:50","Pool / Thu / 06:00
Booked Wed / 20:45",NO 3 of 4,3 of 4,NO,YES,YES,YES
R-162,"Pool / Fri / 07:00 / Thu 04:20
Gym / Mon / 07:00 / Sun 19:20
Gym / Wed / 08:00 / Tue 09:10","Gym / Thu / 08:00
Nudge Wed / 22:05","Gym / Thu / 08:00
Booked Wed / 21:05",NO 3 of 4,3 of 4,YES,YES,YES,NO
R-155,"Gym / Fri / 07:00 / Fri 01:25
Gym / Tue / 08:00 / Mon 09:40
Gym / Wed / 06:00 / Tue 17:55","Gym / Thu / 08:00
Nudge Wed / 22:05","Pool / Thu / 09:00
Booked Wed / 22:05",NO 2 of 4,2 of 4,NO,YES,NO,YES
R-353,"Gym / Tue / 21:00 / Tue 03:25
Gym / Tue / 19:00 / Tue 07:55
Gym / Wed / 19:00 / Tue 21:40","Badminton / Thu / 20:00
Nudge Wed / 21:00","Gym / Thu / 19:00
Booked Wed / 22:25",NO 1 of 4,1 of 4,NO,YES,NO,NO
R-210,"Badminton / Sun / 08:00 / Sat 22:05
Tennis / Mon / 06:00 / Sun 14:20
Gym / Tue / 06:00 / Mon 13:45","Gym / Thu / 07:00
Nudge Wed / 23:10","Gym / Thu / 09:00
Booked Wed / 22:30",NO 3 of 4,3 of 4,YES,YES,NO,YES
R-155,"Gym / Tue / 08:00 / Mon 09:40
Gym / Wed / 06:00 / Tue 17:55
Pool / Thu / 09:00 / Wed 22:05","Gym / Fri / 06:00
Nudge Thu / 22:40","Gym / Thu / 08:00
Booked Wed / 23:25",NO 1 of 4,1 of 4,YES,NO,NO,NO
R-297,"Gym / Sun / 08:00 / Sun 00:15
Badminton / Tue / 06:00 / Mon 20:05
Pool / Sun / 12:00 / Sun 01:40","Gym / Thu / 18:00
Nudge Thu / 01:40","Tennis / Thu / 12:00
Booked Wed / 23:50",NO 1 of 4,1 of 4,NO,YES,NO,NO
R-423,"Gym / Thu / 08:00 / Wed 11:45
Pool / Mon / 06:00 / Sat 15:45
Gym / Tue / 06:00 / Sun 11:45","Gym / Thu / 06:00
Nudge Wed / 23:10","Pool / Thu / 08:00
Booked Thu / 00:20",NO 1 of 4,1 of 4,NO,YES,NO,NO
R-448,"Badminton / Mon / 20:00 / Mon 09:25
Gym / Fri / 19:00 / Thu 22:20
Gym / Tue / 21:00 / Tue 14:25","Badminton / Thu / 20:00
Nudge Thu / 00:30","Tennis / Thu / 18:00
Booked Thu / 00:40",NO 2 of 4,2 of 4,NO,YES,NO,YES
R-307,"Pool / Thu / 07:00 / Wed 12:10
Pool / Fri / 19:00 / Thu 08:35
Pool / Sun / 12:00 / Sat 21:00","Pool / Thu / 07:00
Nudge Wed / 21:00","Gym / Thu / 12:00
Booked Thu / 00:50",NO 1 of 4,1 of 4,NO,YES,NO,NO
R-443,"Gym / Thu / 18:00 / Thu 05:45
Badminton / Sat / 20:00 / Sat 06:45
Badminton / Sun / 21:00 / Sat 19:30","Badminton / Thu / 18:00
Nudge Thu / 01:15","Gym / Thu / 20:00
Booked Thu / 01:25",NO 2 of 4,2 of 4,NO,YES,NO,YES
R-213,"Badminton / Tue / 18:00 / Sun 11:20
Tennis / Thu / 18:00 / Mon 18:00
Badminton / Fri / 10:00 / Tue 21:10","Badminton / Thu / 21:00
Nudge Thu / 03:40","Badminton / Fri / 21:00
Booked Thu / 03:20",NO 2 of 4,2 of 4,YES,NO,YES,NO
R-208,"Badminton / Tue / 18:00 / Mon 18:30
Pool / Tue / 20:00 / Tue 09:35
Badminton / Fri / 20:00 / Fri 01:15","Tennis / Thu / 20:00
Nudge Thu / 00:50","Badminton / Fri / 10:00
Booked Thu / 04:20",NO 0 of 4,0 of 4,NO,NO,NO,NO
R-401,"Tennis / Fri / 07:00 / Thu 19:15
Gym / Fri / 11:00 / Fri 03:25
Gym / Tue / 06:00 / Mon 15:45","Gym / Thu / 08:00
Nudge Wed / 12:40","Gym / Fri / 07:00
Booked Thu / 06:05",NO 1 of 4,1 of 4,YES,NO,NO,NO
R-151,"Pool / Mon / 21:00 / Sun 03:10
Badminton / Mon / 20:00 / Mon 10:50
Tennis / Wed / 18:00 / Tue 00:20","Badminton / Thu / 18:00
Nudge Thu / 06:05","Badminton / Thu / 17:00
Booked Thu / 06:40",NO 3 of 4,3 of 4,YES,YES,NO,YES
R-215,"Pool / Fri / 20:00 / Fri 16:30
Tennis / Mon / 08:00 / Fri 16:55
Badminton / Wed / 21:00 / Wed 04:00","Badminton / Thu / 20:00
Nudge Thu / 06:05","Tennis / Fri / 19:00
Booked Thu / 06:55",NO 0 of 4,0 of 4,NO,NO,NO,NO
R-146,"Badminton / Mon / 18:00 / Sun 17:55
Gym / Fri / 18:00 / Fri 09:25
Gym / Mon / 19:00 / Sun 22:30","Badminton / Thu / 18:00
Nudge Thu / 05:00","Gym / Thu / 19:00
Booked Thu / 07:30",NO 1 of 4,1 of 4,NO,YES,NO,NO
R-234,"Pool / Sat / 19:00 / Sat 12:15
Pool / Mon / 19:00 / Mon 12:05
Gym / Mon / 19:00 / Sun 16:25","Gym / Thu / 07:00
Nudge Wed / 11:25","Pool / Thu / 19:00
Booked Thu / 07:40",NO 1 of 4,1 of 4,NO,YES,NO,NO
R-397,"Pool / Thu / 20:00 / Thu 04:00
Pool / Mon / 18:00 / Mon 11:55
Badminton / Wed / 21:00 / Tue 18:00","Badminton / Thu / 18:00
Nudge Thu / 03:50","Pool / Thu / 20:00
Booked Thu / 08:35",NO 1 of 4,1 of 4,NO,YES,NO,NO
R-188,"Gym / Tue / 06:00 / Sun 06:45
Gym / Thu / 06:00 / Tue 22:55
Gym / Tue / 06:00 / Mon 09:40","Gym / Fri / 08:00
Nudge Thu / 11:40","Gym / Thu / 20:00
Booked Thu / 08:40",NO 1 of 4,1 of 4,YES,NO,NO,NO
R-401,"Gym / Fri / 11:00 / Fri 03:25
Gym / Tue / 06:00 / Mon 15:45
Gym / Fri / 07:00 / Thu 06:05","Gym / Fri / 08:00
Nudge Thu / 12:20","Gym / Fri / 08:00
Booked Thu / 09:10",NO 3 of 4,3 of 4,YES,YES,YES,NO
R-359,"Badminton / Sat / 20:00 / Wed 23:40
Gym / Fri / 08:00 / Thu 13:05
Gym / Thu / 19:00 / Thu 16:15","Gym / Thu / 18:00
Nudge Thu / 10:10","Badminton / Sat / 18:00
Booked Thu / 09:25",NO 1 of 4,1 of 4,NO,NO,YES,NO
R-364,"Badminton / Thu / 21:00 / Thu 06:25
Pool / Sat / 21:00 / Sat 08:00
Badminton / Sat / 19:00 / Sat 03:10","Gym / Thu / 20:00
Nudge Thu / 09:10","Gym / Thu / 19:00
Booked Thu / 09:45",NO 3 of 4,3 of 4,YES,YES,NO,YES
R-314,"Badminton / Fri / 20:00 / Thu 15:45
Badminton / Mon / 20:00 / Sun 19:45
Badminton / Mon / 22:00 / Mon 04:45","Gym / Thu / 20:00
Nudge Thu / 10:15","Badminton / Thu / 19:00
Booked Thu / 10:00",NO 2 of 4,2 of 4,NO,YES,NO,YES
R-225,"Pool / Tue / 19:00 / Mon 12:35
Gym / Fri / 19:00 / Fri 10:15
Gym / Tue / 19:00 / Mon 10:30","Pool / Fri / 08:00
Nudge Thu / 13:55","Gym / Fri / 06:00
Booked Thu / 10:15",NO 1 of 4,1 of 4,NO,YES,NO,NO
R-124,"Pool / Mon / 20:00 / Sun 17:40
Gym / Fri / 13:00 / Thu 14:40
Badminton / Mon / 21:00 / Sun 18:10","Tennis / Thu / 20:00
Nudge Wed / 23:10","Badminton / Thu / 22:00
Booked Thu / 11:10",NO 1 of 4,1 of 4,NO,YES,NO,NO
R-281,"Badminton / Wed / 21:00 / Tue 22:15
Pool / Sat / 20:00 / Sat 14:00
Gym / Wed / 19:00 / Wed 12:35","Gym / Thu / 20:00
Nudge Thu / 13:45","Pool / Thu / 19:00
Booked Thu / 12:50",NO 2 of 4,2 of 4,NO,YES,NO,YES
R-362,"Gym / Thu / 18:00 / Thu 13:45
Badminton / Fri / 21:00 / Fri 13:30
Gym / Tue / 20:00 / Tue 10:30","Gym / Fri / 18:00
Nudge Fri / 12:25","Badminton / Thu / 18:00
Booked Thu / 13:05",NO 1 of 4,1 of 4,NO,NO,YES,NO
R-447,"Tennis / Mon / 18:00 / Mon 00:20
Tennis / Tue / 20:00 / Mon 13:55
Pool / Sun / 21:00 / Sun 03:00","Gym / Thu / 18:00
Nudge Thu / 12:35","Badminton / Thu / 21:00
Booked Thu / 13:35",NO 2 of 4,2 of 4,NO,YES,NO,YES
R-187,"Badminton / Mon / 19:00 / Sun 21:10
Badminton / Wed / 20:00 / Wed 03:25
Pool / Mon / 21:00 / Sat 05:25","Gym / Thu / 18:00
Nudge Thu / 05:00","Gym / Thu / 21:00
Booked Thu / 15:20",NO 2 of 4,2 of 4,YES,YES,NO,NO
R-302,"Badminton / Thu / 18:00 / Wed 02:10
Badminton / Tue / 07:00 / Sun 18:25
Tennis / Fri / 08:00 / Wed 09:00","Gym / Fri / 19:00
Nudge Fri / 09:45","Pool / Fri / 07:00
Booked Thu / 15:40",NO 1 of 4,1 of 4,NO,YES,NO,NO
R-160,"Gym / Sat / 20:00 / Sat 10:55
Pool / Thu / 18:00 / Thu 07:20
Gym / Thu / 21:00 / Thu 15:35","Gym / Thu / 18:00
Nudge Thu / 07:15","Tennis / Fri / 21:00
Booked Thu / 15:50",NO 0 of 4,0 of 4,NO,NO,NO,NO
R-375,"Pool / Mon / 06:00 / Sun 06:30
Gym / Wed / 06:00 / Tue 20:10
Pool / Fri / 15:00 / Thu 23:20","Gym / Fri / 06:00
Nudge Thu / 16:35","Gym / Fri / 07:00
Booked Thu / 16:20",NO 3 of 4,3 of 4,YES,YES,NO,YES
R-358,"Gym / Fri / 06:00 / Wed 20:30
Gym / Fri / 07:00 / Wed 21:20
Gym / Wed / 08:00 / Tue 16:50","Gym / Fri / 08:00
Nudge Thu / 18:45","Gym / Fri / 06:00
Booked Thu / 18:15",NO 3 of 4,3 of 4,YES,YES,NO,YES
R-373,"Pool / Tue / 18:00 / Tue 04:00
Badminton / Sat / 21:00 / Sat 06:00
Badminton / Tue / 19:00 / Tue 08:15","Badminton / Fri / 18:00
Nudge Thu / 19:00","Badminton / Fri / 20:00
Booked Thu / 18:50",NO 3 of 4,3 of 4,YES,YES,NO,YES
R-162,"Gym / Mon / 07:00 / Sun 19:20
Gym / Wed / 08:00 / Tue 09:10
Gym / Thu / 08:00 / Wed 21:05","Gym / Fri / 08:00
Nudge Thu / 20:00","Gym / Fri / 08:00
Booked Thu / 20:15",YES 4 of 4,4 of 4,YES,YES,YES,YES
R-427,"Hall / Sun / 19:00 / Thu 17:30
Clubhouse / Sat / 11:00 / Fri 07:20
Hall / Fri / 19:00 / Mon 05:15","Clubhouse / Fri / 15:00
Nudge Thu / 15:05","Pool / Fri / 18:00
Booked Thu / 20:20",NO 1 of 4,1 of 4,NO,YES,NO,NO
R-260,"Gym / Thu / 21:00 / Thu 17:05
Badminton / Fri / 20:00 / Fri 09:50
Gym / Mon / 21:00 / Mon 02:30","Badminton / Fri / 18:00
Nudge Thu / 20:50","Tennis / Fri / 18:00
Booked Thu / 20:30",NO 3 of 4,3 of 4,NO,YES,YES,YES
R-366,"Pool / Mon / 08:00 / Fri 17:15
Gym / Tue / 06:00 / Mon 08:00
Gym / Tue / 21:00 / Tue 00:00","Gym / Fri / 08:00
Nudge Thu / 20:00","Gym / Fri / 08:00
Booked Thu / 20:30",YES 4 of 4,4 of 4,YES,YES,YES,YES
R-242,"Pool / Fri / 07:00 / Fri 03:05
Gym / Mon / 07:00 / Sun 14:10
Pool / Tue / 08:00 / Tue 00:45","Gym / Fri / 08:00
Nudge Thu / 22:30","Pool / Fri / 21:00
Booked Thu / 21:20",NO 1 of 4,1 of 4,NO,YES,NO,NO
R-215,"Tennis / Mon / 08:00 / Fri 16:55
Badminton / Wed / 21:00 / Wed 04:00
Tennis / Fri / 19:00 / Thu 06:55","Badminton / Fri / 20:00
Nudge Thu / 21:20","Badminton / Fri / 20:00
Booked Thu / 21:45",YES 4 of 4,4 of 4,YES,YES,YES,YES
R-159,"Gym / Mon / 07:00 / Sat 07:20
Gym / Tue / 06:00 / Mon 08:20
Gym / Wed / 07:00 / Tue 06:05","Gym / Fri / 06:00
Nudge Thu / 22:15","Gym / Fri / 07:00
Booked Thu / 22:20",NO 3 of 4,3 of 4,YES,YES,NO,YES
R-437,"Gym / Wed / 19:00 / Tue 22:00
Gym / Mon / 21:00 / Mon 15:20
Badminton / Wed / 18:00 / Wed 01:45","Gym / Fri / 18:00
Nudge Thu / 23:20","Badminton / Fri / 21:00
Booked Thu / 22:20",NO 1 of 4,1 of 4,NO,YES,NO,NO
R-413,"Gym / Wed / 06:00 / Wed 00:15
Gym / Sat / 18:00 / Sat 05:35
Pool / Wed / 06:00 / Tue 22:00","Gym / Fri / 07:00
Nudge Thu / 22:15","Gym / Fri / 06:00
Booked Thu / 22:35",NO 3 of 4,3 of 4,YES,YES,NO,YES
R-102,"Gym / Thu / 08:00 / Wed 20:45
Gym / Wed / 07:00 / Tue 02:55
Tennis / Fri / 07:00 / Wed 12:45","Gym / Fri / 07:00
Nudge Thu / 23:25","Gym / Fri / 06:00
Booked Thu / 23:15",NO 3 of 4,3 of 4,YES,YES,NO,YES
R-307,"Pool / Fri / 19:00 / Thu 08:35
Pool / Sun / 12:00 / Sat 21:00
Gym / Thu / 12:00 / Thu 00:50","Gym / Fri / 08:00
Nudge Thu / 23:15","Badminton / Sat / 07:00
Booked Thu / 23:25",NO 0 of 4,0 of 4,NO,NO,NO,NO
R-412,"Tennis / Wed / 20:00 / Tue 12:25
Tennis / Tue / 19:00 / Sat 12:20
Gym / Wed / 20:00 / Wed 12:25","Gym / Fri / 18:00
Nudge Thu / 23:25","Badminton / Fri / 18:00
Booked Thu / 23:25",NO 3 of 4,3 of 4,NO,YES,YES,YES
R-145,"Gym / Mon / 07:00 / Sun 14:40
Pool / Wed / 07:00 / Tue 23:45
Gym / Wed / 06:00 / Wed 01:40","Gym / Fri / 08:00
Nudge Fri / 01:50","Gym / Fri / 06:00
Booked Fri / 00:15",NO 2 of 4,2 of 4,YES,YES,NO,NO
R-156,"Tennis / Mon / 07:00 / Sun 14:35
Pool / Mon / 08:00 / Sun 18:10
Pool / Thu / 08:00 / Wed 01:35","Gym / Fri / 08:00
Nudge Fri / 01:50","Gym / Fri / 11:00
Booked Fri / 00:20",NO 2 of 4,2 of 4,YES,YES,NO,NO
R-347,"Gym / Mon / 08:00 / Sun 17:25
Gym / Wed / 08:00 / Tue 21:50
Tennis / Fri / 07:00 / Thu 00:50","Gym / Fri / 06:00
Nudge Fri / 00:50","Tennis / Fri / 08:00
Booked Fri / 00:55",NO 2 of 4,2 of 4,NO,YES,NO,YES
R-257,"Badminton / Thu / 21:00 / Wed 15:05
Pool / Fri / 11:00 / Fri 00:50
Pool / Tue / 17:00 / Tue 09:00","Badminton / Fri / 18:00
Nudge Fri / 01:05","Pool / Sat / 17:00
Booked Fri / 01:55",NO 0 of 4,0 of 4,NO,NO,NO,NO
R-227,"Gym / Mon / 19:00 / Sun 17:30
Badminton / Thu / 17:00 / Wed 09:10
Badminton / Thu / 13:00 / Wed 15:55","Badminton / Fri / 18:00
Nudge Fri / 04:35","Gym / Fri / 18:00
Booked Fri / 04:10",NO 3 of 4,3 of 4,NO,YES,YES,YES
R-306,"Gym / Wed / 19:00 / Wed 07:20
Pool / Tue / 19:00 / Sun 07:20
Gym / Wed / 06:00 / Tue 15:15","Pool / Fri / 06:00
Nudge Thu / 13:25","Pool / Fri / 19:00
Booked Fri / 05:10",NO 2 of 4,2 of 4,YES,YES,NO,NO
R-139,"Tennis / Mon / 19:00 / Sat 03:40
Tennis / Wed / 19:00 / Sat 12:50
Gym / Tue / 19:00 / Tue 00:05","Gym / Fri / 18:00
Nudge Fri / 06:55","Gym / Fri / 19:00
Booked Fri / 06:00",NO 3 of 4,3 of 4,YES,YES,NO,YES
R-169,"Badminton / Fri / 18:00 / Fri 07:10
Pool / Mon / 20:00 / Mon 02:55
Badminton / Mon / 21:00 / Mon 13:50","Badminton / Fri / 18:00
Nudge Fri / 05:45","Pool / Fri / 20:00
Booked Fri / 06:15",NO 2 of 4,2 of 4,NO,YES,NO,YES
R-281,"Pool / Sat / 20:00 / Sat 14:00
Gym / Wed / 19:00 / Wed 12:35
Pool / Thu / 19:00 / Thu 12:50","Badminton / Fri / 18:00
Nudge Fri / 06:10","Gym / Fri / 21:00
Booked Fri / 06:40",NO 2 of 4,2 of 4,NO,YES,NO,YES
R-272,"Gym / Sat / 20:00 / Sat 03:30
Tennis / Mon / 20:00 / Mon 06:55
Tennis / Thu / 19:00 / Tue 19:10","Badminton / Fri / 20:00
Nudge Fri / 06:45","Gym / Fri / 18:00
Booked Fri / 06:45",NO 2 of 4,2 of 4,NO,YES,NO,YES
R-207,"Gym / Wed / 08:00 / Tue 08:20
Tennis / Mon / 17:00 / Mon 00:15
Pool / Mon / 07:00 / Sun 17:40","Gym / Sat / 07:00
Nudge Fri / 11:05","Gym / Sat / 07:00
Booked Fri / 07:20",NO 3 of 4,3 of 4,YES,YES,YES,NO
R-350,"Pool / Sat / 16:00 / Sat 11:25
Pool / Sat / 18:00 / Fri 17:30
Pool / Sat / 17:00 / Sat 02:00","Pool / Sat / 18:00
Nudge Sat / 03:55","Pool / Sat / 15:00
Booked Fri / 08:00",NO 2 of 4,2 of 4,YES,YES,NO,NO
R-403,"Pool / Sat / 21:00 / Sat 15:15
Badminton / Wed / 20:00 / Wed 02:10
Gym / Tue / 21:00 / Mon 19:55","Badminton / Fri / 21:00
Nudge Fri / 07:15","Gym / Fri / 18:00
Booked Fri / 09:00",NO 1 of 4,1 of 4,NO,YES,NO,NO
R-138,"Pool / Sun / 18:00 / Fri 21:40
Gym / Sat / 10:00 / Sat 05:45
Pool / Sat / 17:00 / Sat 14:40","Pool / Sat / 15:00
Nudge Fri / 19:55","Pool / Sat / 14:00
Booked Fri / 14:15",NO 2 of 4,2 of 4,YES,YES,NO,NO
R-220,"Clubhouse / Sun / 14:00 / Thu 15:30
Clubhouse / Sun / 16:00 / Sat 06:20
Pool / Sat / 15:00 / Thu 16:35","Pool / Sat / 10:00
Nudge Fri / 17:00","Clubhouse / Sun / 16:00
Booked Fri / 15:20",NO 0 of 4,0 of 4,NO,NO,NO,NO
R-426,"Tennis / Fri / 19:00 / Wed 09:20
Pool / Wed / 20:00 / Wed 11:30
Gym / Mon / 14:00 / Mon 09:20","Gym / Sat / 20:00
Nudge Sat / 11:15","Gym / Fri / 21:00
Booked Fri / 15:40",NO 1 of 4,1 of 4,YES,NO,NO,NO
R-140,"Badminton / Fri / 13:00 / Thu 17:40
Badminton / Sat / 21:00 / Fri 14:40
Tennis / Thu / 21:00 / Wed 19:05","Gym / Sat / 18:00
Nudge Sat / 04:05","Tennis / Sat / 19:00
Booked Fri / 16:35",NO 1 of 4,1 of 4,NO,YES,NO,NO
R-385,"Hall / Fri / 12:00 / Tue 05:30
Pool / Sat / 18:00 / Sat 00:10
Pool / Sat / 08:00 / Fri 20:55","Clubhouse / Sat / 11:00
Nudge Fri / 15:15","Clubhouse / Sat / 11:00
Booked Fri / 17:15",NO 3 of 4,3 of 4,YES,YES,YES,NO
R-392,"Pool / Sun / 16:00 / Sun 03:30
Pool / Mon / 18:00 / Sun 05:30
Gym / Sun / 10:00 / Sun 06:00","Pool / Sat / 18:00
Nudge Fri / 21:00","Pool / Sat / 14:00
Booked Fri / 17:15",NO 2 of 4,2 of 4,YES,YES,NO,NO
R-448,"Gym / Fri / 19:00 / Thu 22:20
Gym / Tue / 21:00 / Tue 14:25
Tennis / Thu / 18:00 / Thu 00:40","Pool / Sat / 20:00
Nudge Sat / 00:10","Badminton / Sat / 21:00
Booked Fri / 19:55",NO 1 of 4,1 of 4,NO,YES,NO,NO
R-211,"Pool / Sun / 16:00 / Sat 12:40
Pool / Tue / 15:00 / Tue 05:25
Pool / Sun / 10:00 / Sat 18:15","Clubhouse / Sat / 14:00
Nudge Fri / 17:10","Pool / Sat / 16:00
Booked Fri / 20:55",NO 1 of 4,1 of 4,NO,YES,NO,NO
R-322,"Pool / Sat / 15:00 / Sat 11:40
Pool / Sat / 16:00 / Fri 20:45
Clubhouse / Sat / 16:00 / Fri 05:45","Pool / Sat / 15:00
Nudge Fri / 23:55","Pool / Sat / 15:00
Booked Fri / 23:40",YES 4 of 4,4 of 4,YES,YES,YES,YES
R-168,"Clubhouse / Thu / 15:00 / Wed 10:55
Clubhouse / Sun / 10:00 / Fri 01:35
Pool / Sat / 15:00 / Fri 17:05","Pool / Sat / 14:00
Nudge Sat / 02:50","Pool / Sat / 11:00
Booked Sat / 00:20",NO 2 of 4,2 of 4,YES,YES,NO,NO
R-349,"Clubhouse / Sun / 18:00 / Fri 16:05
Pool / Sun / 17:00 / Sat 00:00
Pool / Sat / 14:00 / Sat 08:15","Pool / Sat / 18:00
Nudge Sat / 03:45","Clubhouse / Sun / 15:00
Booked Sat / 01:50",NO 0 of 4,0 of 4,NO,NO,NO,NO
R-113,"Pool / Sun / 17:00 / Sat 14:55
Pool / Sun / 10:00 / Sun 04:10
Clubhouse / Sat / 10:00 / Mon 17:00","Pool / Sat / 18:00
Nudge Sat / 05:40","Pool / Sat / 14:00
Booked Sat / 02:10",NO 2 of 4,2 of 4,YES,YES,NO,NO
R-376,"Pool / Sat / 14:00 / Fri 21:00
Pool / Sun / 18:00 / Sun 01:50
Pool / Sun / 17:00 / Sun 06:00","Pool / Sat / 10:00
Nudge Sat / 02:10","Clubhouse / Sun / 15:00
Booked Sat / 02:20",NO 0 of 4,0 of 4,NO,NO,NO,NO
R-276,"Pool / Sat / 14:00 / Fri 21:20
Pool / Sat / 17:00 / Sat 02:15
Pool / Wed / 17:00 / Wed 03:45","Pool / Sat / 18:00
Nudge Sat / 04:30","Pool / Sat / 15:00
Booked Sat / 02:25",NO 2 of 4,2 of 4,YES,YES,NO,NO
R-213,"Tennis / Thu / 18:00 / Mon 18:00
Badminton / Fri / 10:00 / Tue 21:10
Badminton / Fri / 21:00 / Thu 03:20","Badminton / Sat / 20:00
Nudge Sat / 02:30","Gym / Sat / 20:00
Booked Sat / 02:55",NO 3 of 4,3 of 4,NO,YES,YES,YES
R-276,"Pool / Sat / 17:00 / Sat 02:15
Pool / Wed / 17:00 / Wed 03:45
Pool / Sat / 15:00 / Sat 02:25","Pool / Sat / 16:00
Nudge Sat / 05:00","Pool / Sat / 18:00
Booked Sat / 04:00",NO 2 of 4,2 of 4,YES,YES,NO,NO
R-273,"Pool / Sun / 11:00 / Sun 04:00
Pool / Sun / 16:00 / Sun 02:55
Clubhouse / Sat / 10:00 / Fri 13:50","Pool / Sat / 16:00
Nudge Sat / 05:50","Pool / Sat / 17:00
Booked Sat / 05:50",NO 3 of 4,3 of 4,YES,YES,NO,YES
R-242,"Gym / Mon / 07:00 / Sun 14:10
Pool / Tue / 08:00 / Tue 00:45
Pool / Fri / 21:00 / Thu 21:20","Gym / Sat / 18:00
Nudge Sat / 08:00","Pool / Sat / 17:00
Booked Sat / 06:05",NO 1 of 4,1 of 4,NO,YES,NO,NO
R-426,"Pool / Wed / 20:00 / Wed 11:30
Gym / Mon / 14:00 / Mon 09:20
Gym / Fri / 21:00 / Fri 15:40","Gym / Sat / 18:00
Nudge Sat / 09:25","Badminton / Sat / 21:00
Booked Sat / 08:35",NO 2 of 4,2 of 4,NO,YES,NO,YES
R-312,"Gym / Sat / 15:00 / Fri 23:10
Pool / Sun / 18:00 / Sun 12:30
Pool / Sat / 15:00 / Sat 00:15","Pool / Sat / 16:00
Nudge Sat / 07:55","Pool / Sat / 18:00
Booked Sat / 08:35",NO 3 of 4,3 of 4,YES,YES,NO,YES
R-367,"Gym / Tue / 08:00 / Mon 06:25
Pool / Sat / 07:00 / Sat 02:10
Tennis / Wed / 12:00 / Tue 15:50","Gym / Sat / 08:00
Nudge Fri / 13:00","Tennis / Sat / 17:00
Booked Sat / 08:55",NO 1 of 4,1 of 4,NO,YES,NO,NO
R-381,"Badminton / Sat / 07:00 / Fri 02:05
Gym / Sat / 12:00 / Fri 09:00
Badminton / Thu / 18:00 / Tue 16:45","Gym / Sat / 08:00
Nudge Fri / 13:50","Pool / Sat / 19:00
Booked Sat / 10:40",NO 1 of 4,1 of 4,NO,YES,NO,NO
R-430,"Gym / Sat / 22:00 / Sat 14:15
Badminton / Mon / 19:00 / Sun 19:35
Badminton / Wed / 19:00 / Wed 01:20","Gym / Sat / 20:00
Nudge Sat / 11:15","Badminton / Sat / 20:00
Booked Sat / 11:10",NO 3 of 4,3 of 4,NO,YES,YES,YES
R-194,"Pool / Wed / 17:00 / Tue 10:25
Gym / Mon / 16:00 / Sun 13:25
Badminton / Tue / 21:00 / Tue 09:20","Pool / Sat / 18:00
Nudge Sat / 09:00","Pool / Sat / 19:00
Booked Sat / 11:20",NO 2 of 4,2 of 4,YES,YES,NO,NO
R-272,"Tennis / Mon / 20:00 / Mon 06:55
Tennis / Thu / 19:00 / Tue 19:10
Gym / Fri / 18:00 / Fri 06:45","Gym / Sat / 20:00
Nudge Sat / 11:55","Badminton / Sat / 20:00
Booked Sat / 11:50",NO 3 of 4,3 of 4,NO,YES,YES,YES
R-394,"Pool / Sat / 11:00 / Fri 14:45
Pool / Sat / 15:00 / Fri 00:00
Pool / Sat / 18:00 / Sat 04:00","Pool / Sun / 10:00
Nudge Sat / 20:50","Pool / Sun / 06:00
Booked Sat / 21:55",NO 2 of 4,2 of 4,YES,YES,NO,NO
R-350,"Pool / Sat / 18:00 / Fri 17:30
Pool / Sat / 17:00 / Sat 02:00
Pool / Sat / 15:00 / Fri 08:00","Pool / Sun / 17:00
Nudge Sun / 03:30","Pool / Sun / 16:00
Booked Sun / 00:05",NO 2 of 4,2 of 4,YES,YES,NO,NO
R-100,"Clubhouse / Sun / 11:00 / Sun 11:20
Pool / Fri / 14:00 / Thu 18:55
Pool / Sun / 17:00 / Fri 13:55","Pool / Sun / 10:00
Nudge Sun / 01:45","Clubhouse / Sun / 18:00
Booked Sun / 03:55",NO 1 of 4,1 of 4,NO,YES,NO,NO
R-405,"Pool / Sat / 14:00 / Fri 07:45
Pool / Sat / 11:00 / Sat 00:20
Pool / Sun / 16:00 / Sat 19:40","Pool / Sun / 18:00
Nudge Sun / 08:30","Pool / Sun / 17:00
Booked Sun / 08:30",NO 3 of 4,3 of 4,YES,YES,NO,YES
