resident_id,facility_id,booking_timestamp,usage_timestamp
R-192,Clubhouse,2026-01-01 08:35:00,2026-01-02 15:00:00
R-412,Badminton,2026-01-01 11:05:00,2026-01-02 21:00:00
R-197,Pool,2026-01-01 12:15:00,2026-01-04 10:00:00
R-195,Pool,2026-01-01 17:35:00,2026-01-03 19:00:00
R-301,Badminton,2026-01-01 17:35:00,2026-01-02 19:00:00
R-358,Gym,2026-01-01 18:10:00,2026-01-02 08:00:00
R-418,Gym,2026-01-01 19:35:00,2026-01-02 07:00:00
R-227,Badminton,2026-01-01 20:10:00,2026-01-02 20:00:00
R-434,Gym,2026-01-01 20:20:00,2026-01-02 06:00:00
R-145,Gym,2026-01-01 21:05:00,2026-01-02 14:00:00
R-335,Badminton,2026-01-01 22:45:00,2026-01-05 10:00:00
R-137,Gym,2026-01-02 03:30:00,2026-01-02 08:00:00
R-379,Hall,2026-01-02 03:55:00,2026-01-11 11:00:00
R-309,Pool,2026-01-02 05:30:00,2026-01-02 17:00:00
R-435,Pool,2026-01-02 05:45:00,2026-01-03 14:00:00
R-432,Tennis,2026-01-02 06:35:00,2026-01-07 06:00:00
R-132,Clubhouse,2026-01-02 08:05:00,2026-01-03 14:00:00
R-279,Gym,2026-01-02 08:15:00,2026-01-04 08:00:00
R-365,Gym,2026-01-02 10:15:00,2026-01-02 18:00:00
R-277,Badminton,2026-01-02 11:20:00,2026-01-03 21:00:00
R-121,Hall,2026-01-02 15:15:00,2026-01-11 22:00:00
R-301,Gym,2026-01-02 15:20:00,2026-01-03 08:00:00
R-319,Pool,2026-01-02 15:45:00,2026-01-03 17:00:00
R-285,Pool,2026-01-02 16:30:00,2026-01-03 16:00:00
R-432,Gym,2026-01-02 17:10:00,2026-01-03 06:00:00
R-218,Badminton,2026-01-02 18:05:00,2026-01-03 19:00:00
R-134,Hall,2026-01-02 18:35:00,2026-01-16 18:00:00
R-279,Tennis,2026-01-02 19:10:00,2026-01-06 07:00:00
R-309,Gym,2026-01-02 19:55:00,2026-01-04 17:00:00
R-388,Badminton,2026-01-02 20:10:00,2026-01-03 20:00:00
R-391,Pool,2026-01-02 20:15:00,2026-01-03 08:00:00
R-213,Tennis,2026-01-02 20:55:00,2026-01-06 18:00:00
R-414,Tennis,2026-01-02 20:55:00,2026-01-05 07:00:00
R-252,Gym,2026-01-02 21:25:00,2026-01-03 19:00:00
R-387,Pool,2026-01-02 21:40:00,2026-01-03 15:00:00
R-257,Badminton,2026-01-02 22:00:00,2026-01-03 19:00:00
R-215,Badminton,2026-01-02 23:30:00,2026-01-03 20:00:00
R-423,Tennis,2026-01-02 23:45:00,2026-01-06 08:00:00
R-329,Tennis,2026-01-03 00:30:00,2026-01-03 06:00:00
R-448,Gym,2026-01-03 00:50:00,2026-01-03 11:00:00
R-376,Clubhouse,2026-01-03 01:15:00,2026-01-07 18:00:00
R-102,Gym,2026-01-03 01:40:00,2026-01-03 08:00:00
R-142,Tennis,2026-01-03 02:20:00,2026-01-04 18:00:00
R-249,Badminton,2026-01-03 02:25:00,2026-01-06 18:00:00
R-376,Pool,2026-01-03 03:05:00,2026-01-03 18:00:00
R-255,Pool,2026-01-03 03:45:00,2026-01-03 16:00:00
R-272,Gym,2026-01-03 04:00:00,2026-01-03 18:00:00
R-330,Gym,2026-01-03 04:05:00,2026-01-03 18:00:00
R-192,Clubhouse,2026-01-03 04:05:00,2026-01-03 16:00:00
R-183,Clubhouse,2026-01-03 05:50:00,2026-01-04 14:00:00
R-423,Gym,2026-01-03 06:00:00,2026-01-05 06:00:00
R-138,Pool,2026-01-03 06:25:00,2026-01-03 16:00:00
R-123,Gym,2026-01-03 06:40:00,2026-01-03 11:00:00
R-174,Gym,2026-01-03 08:05:00,2026-01-03 13:00:00
R-161,Pool,2026-01-03 08:45:00,2026-01-03 16:00:00
R-323,Gym,2026-01-03 08:50:00,2026-01-03 20:00:00
R-401,Tennis,2026-01-03 10:50:00,2026-01-06 06:00:00
R-350,Pool,2026-01-03 11:05:00,2026-01-04 19:00:00
R-411,Gym,2026-01-03 11:30:00,2026-01-03 19:00:00
R-397,Gym,2026-01-03 11:50:00,2026-01-03 18:00:00
R-327,Pool,2026-01-03 13:30:00,2026-01-04 12:00:00
R-254,Badminton,2026-01-03 13:35:00,2026-01-05 07:00:00
R-218,Gym,2026-01-03 13:45:00,2026-01-03 21:00:00
R-270,Clubhouse,2026-01-03 14:10:00,2026-01-06 15:00:00
R-403,Badminton,2026-01-03 14:15:00,2026-01-04 18:00:00
R-397,Gym,2026-01-03 15:10:00,2026-01-03 21:00:00
R-311,Pool,2026-01-03 15:15:00,2026-01-04 17:00:00
R-167,Gym,2026-01-03 17:05:00,2026-01-04 11:00:00
R-110,Gym,2026-01-03 17:10:00,2026-01-04 20:00:00
R-448,Badminton,2026-01-03 19:00:00,2026-01-05 08:00:00
R-391,Gym,2026-01-03 21:20:00,2026-01-04 07:00:00
R-401,Pool,2026-01-03 22:30:00,2026-01-05 07:00:00
R-337,Pool,2026-01-03 23:55:00,2026-01-04 07:00:00
R-168,Pool,2026-01-04 00:10:00,2026-01-04 07:00:00
R-152,Gym,2026-01-04 00:35:00,2026-01-04 17:00:00
R-218,Badminton,2026-01-04 01:45:00,2026-01-06 21:00:00
R-300,Pool,2026-01-04 01:55:00,2026-01-04 15:00:00
R-271,Tennis,2026-01-04 01:55:00,2026-01-05 07:00:00
R-115,Pool,2026-01-04 02:05:00,2026-01-04 14:00:00
R-435,Pool,2026-01-04 02:25:00,2026-01-04 16:00:00
R-421,Gym,2026-01-04 03:20:00,2026-01-05 08:00:00
R-174,Gym,2026-01-04 03:20:00,2026-01-04 08:00:00
R-242,Pool,2026-01-04 03:40:00,2026-01-04 12:00:00
R-376,Pool,2026-01-04 03:50:00,2026-01-04 14:00:00
R-118,Tennis,2026-01-04 03:55:00,2026-01-05 08:00:00
R-233,Badminton,2026-01-04 04:30:00,2026-01-04 15:00:00
R-400,Gym,2026-01-04 04:35:00,2026-01-04 11:00:00
R-434,Pool,2026-01-04 06:30:00,2026-01-05 18:00:00
R-270,Gym,2026-01-04 06:50:00,2026-01-04 15:00:00
R-217,Gym,2026-01-04 07:05:00,2026-01-04 12:00:00
R-431,Pool,2026-01-04 07:15:00,2026-01-04 18:00:00
R-424,Gym,2026-01-04 07:20:00,2026-01-05 08:00:00
R-238,Gym,2026-01-04 07:25:00,2026-01-04 18:00:00
R-243,Gym,2026-01-04 07:35:00,2026-01-05 20:00:00
R-225,Gym,2026-01-04 08:50:00,2026-01-05 06:00:00
R-216,Pool,2026-01-04 08:50:00,2026-01-07 08:00:00
R-137,Tennis,2026-01-04 09:05:00,2026-01-05 19:00:00
R-106,Tennis,2026-01-04 09:50:00,2026-01-06 17:00:00
R-437,Badminton,2026-01-04 10:50:00,2026-01-04 18:00:00
R-292,Clubhouse,2026-01-04 11:45:00,2026-01-11 11:00:00
R-119,Gym,2026-01-04 11:55:00,2026-01-04 19:00:00
R-306,Gym,2026-01-04 12:25:00,2026-01-06 07:00:00
R-404,Tennis,2026-01-04 12:35:00,2026-01-05 21:00:00
R-119,Gym,2026-01-04 12:40:00,2026-01-05 06:00:00
R-227,Badminton,2026-01-04 13:35:00,2026-01-05 21:00:00
R-170,Tennis,2026-01-04 13:55:00,2026-01-07 13:00:00
R-102,Tennis,2026-01-04 14:20:00,2026-01-06 07:00:00
R-274,Badminton,2026-01-04 14:40:00,2026-01-07 19:00:00
R-248,Gym,2026-01-04 14:45:00,2026-01-04 21:00:00
R-353,Gym,2026-01-04 15:15:00,2026-01-05 20:00:00
R-272,Badminton,2026-01-04 15:30:00,2026-01-05 21:00:00
R-168,Clubhouse,2026-01-04 16:25:00,2026-01-11 16:00:00
R-424,Gym,2026-01-04 16:50:00,2026-01-05 06:00:00
R-203,Tennis,2026-01-04 17:35:00,2026-01-06 08:00:00
R-155,Gym,2026-01-04 17:55:00,2026-01-06 07:00:00
R-215,Badminton,2026-01-04 18:50:00,2026-01-05 18:00:00
R-448,Badminton,2026-01-04 19:35:00,2026-01-06 15:00:00
R-434,Gym,2026-01-04 20:35:00,2026-01-05 06:00:00
R-361,Badminton,2026-01-04 20:35:00,2026-01-06 06:00:00
R-184,Hall,2026-01-04 20:40:00,2026-01-09 12:00:00
R-339,Gym,2026-01-04 21:55:00,2026-01-05 07:00:00
R-403,Gym,2026-01-04 22:05:00,2026-01-06 20:00:00
R-434,Pool,2026-01-04 22:10:00,2026-01-06 08:00:00
R-234,Gym,2026-01-04 22:10:00,2026-01-06 07:00:00
R-126,Gym,2026-01-04 22:15:00,2026-01-05 07:00:00
R-223,Gym,2026-01-04 23:00:00,2026-01-05 12:00:00
R-159,Gym,2026-01-04 23:15:00,2026-01-05 07:00:00
R-257,Badminton,2026-01-05 01:05:00,2026-01-06 20:00:00
R-119,Gym,2026-01-05 01:10:00,2026-01-05 08:00:00
R-110,Gym,2026-01-05 01:25:00,2026-01-05 07:00:00
R-329,Tennis,2026-01-05 01:55:00,2026-01-06 06:00:00
R-399,Clubhouse,2026-01-05 02:00:00,2026-01-09 12:00:00
R-306,Gym,2026-01-05 02:15:00,2026-01-06 06:00:00
R-246,Pool,2026-01-05 03:05:00,2026-01-05 07:00:00
R-374,Gym,2026-01-05 03:10:00,2026-01-05 20:00:00
R-187,Badminton,2026-01-05 03:50:00,2026-01-05 21:00:00
R-403,Badminton,2026-01-05 04:10:00,2026-01-06 06:00:00
R-443,Badminton,2026-01-05 05:50:00,2026-01-05 21:00:00
R-353,Gym,2026-01-05 07:40:00,2026-01-05 21:00:00
R-244,Gym,2026-01-05 07:55:00,2026-01-05 20:00:00
R-358,Tennis,2026-01-05 09:35:00,2026-01-05 16:00:00
R-377,Clubhouse,2026-01-05 11:25:00,2026-01-09 18:00:00
R-370,Gym,2026-01-05 11:35:00,2026-01-06 06:00:00
R-171,Gym,2026-01-05 11:35:00,2026-01-06 19:00:00
R-418,Gym,2026-01-05 12:15:00,2026-01-06 08:00:00
R-193,Clubhouse,2026-01-05 12:20:00,2026-01-12 12:00:00
R-183,Hall,2026-01-05 13:00:00,2026-01-10 17:00:00
R-228,Badminton,2026-01-05 13:45:00,2026-01-06 18:00:00
R-432,Tennis,2026-01-05 13:45:00,2026-01-06 08:00:00
R-442,Gym,2026-01-05 14:20:00,2026-01-06 08:00:00
R-366,Gym,2026-01-05 14:25:00,2026-01-06 07:00:00
R-366,Gym,2026-01-05 15:05:00,2026-01-06 08:00:00
R-116,Pool,2026-01-05 16:15:00,2026-01-06 20:00:00
R-256,Gym,2026-01-05 16:25:00,2026-01-07 07:00:00
R-122,Pool,2026-01-05 17:15:00,2026-01-06 08:00:00
R-257,Tennis,2026-01-05 17:20:00,2026-01-06 21:00:00
R-414,Gym,2026-01-05 17:25:00,2026-01-06 08:00:00
R-353,Tennis,2026-01-05 17:40:00,2026-01-06 19:00:00
R-194,Clubhouse,2026-01-05 17:50:00,2026-01-09 12:00:00
R-213,Badminton,2026-01-05 18:00:00,2026-01-09 18:00:00
R-188,Tennis,2026-01-05 18:05:00,2026-01-06 07:00:00
R-426,Badminton,2026-01-05 18:10:00,2026-01-06 21:00:00
R-328,Tennis,2026-01-05 18:20:00,2026-01-07 12:00:00
R-167,Gym,2026-01-05 18:40:00,2026-01-06 07:00:00
R-423,Gym,2026-01-05 18:45:00,2026-01-06 06:00:00
R-341,Pool,2026-01-05 18:55:00,2026-01-06 14:00:00
R-117,Tennis,2026-01-05 18:55:00,2026-01-06 06:00:00
R-227,Tennis,2026-01-05 19:05:00,2026-01-08 18:00:00
R-351,Tennis,2026-01-05 20:35:00,2026-01-09 08:00:00
R-335,Gym,2026-01-05 20:50:00,2026-01-06 16:00:00
R-412,Badminton,2026-01-05 21:00:00,2026-01-09 21:00:00
R-391,Gym,2026-01-05 21:10:00,2026-01-06 06:00:00
R-277,Gym,2026-01-05 21:20:00,2026-01-06 18:00:00
R-119,Tennis,2026-01-05 21:25:00,2026-01-06 06:00:00
R-105,Tennis,2026-01-05 21:30:00,2026-01-07 07:00:00
R-142,Badminton,2026-01-05 22:00:00,2026-01-06 21:00:00
R-151,Badminton,2026-01-05 22:35:00,2026-01-06 20:00:00
R-187,Tennis,2026-01-05 23:10:00,2026-01-06 19:00:00
R-339,Tennis,2026-01-05 23:15:00,2026-01-07 08:00:00
R-194,Badminton,2026-01-05 23:20:00,2026-01-08 19:00:00
R-414,Pool,2026-01-05 23:35:00,2026-01-06 07:00:00
R-171,Badminton,2026-01-05 23:45:00,2026-01-08 07:00:00
R-142,Badminton,2026-01-05 23:45:00,2026-01-07 19:00:00
R-117,Pool,2026-01-05 23:50:00,2026-01-07 07:00:00
R-404,Badminton,2026-01-06 00:00:00,2026-01-06 19:00:00
R-156,Gym,2026-01-06 01:10:00,2026-01-06 06:00:00
R-286,Gym,2026-01-06 01:20:00,2026-01-06 20:00:00
R-389,Gym,2026-01-06 01:50:00,2026-01-07 06:00:00
R-227,Gym,2026-01-06 02:10:00,2026-01-06 06:00:00
R-420,Gym,2026-01-06 02:45:00,2026-01-06 06:00:00
R-104,Tennis,2026-01-06 02:55:00,2026-01-07 18:00:00
R-250,Gym,2026-01-06 02:55:00,2026-01-07 08:00:00
R-132,Clubhouse,2026-01-06 03:00:00,2026-01-11 12:00:00
R-269,Pool,2026-01-06 03:25:00,2026-01-06 07:00:00
R-437,Gym,2026-01-06 03:30:00,2026-01-06 20:00:00
R-174,Gym,2026-01-06 05:25:00,2026-01-07 07:00:00
R-288,Hall,2026-01-06 05:35:00,2026-01-10 15:00:00
R-198,Tennis,2026-01-06 06:10:00,2026-01-06 21:00:00
R-279,Gym,2026-01-06 06:25:00,2026-01-08 06:00:00
R-434,Tennis,2026-01-06 06:30:00,2026-01-08 07:00:00
R-391,Tennis,2026-01-06 07:05:00,2026-01-07 06:00:00
R-277,Gym,2026-01-06 07:20:00,2026-01-06 21:00:00
R-243,Badminton,2026-01-06 07:30:00,2026-01-07 18:00:00
R-420,Pool,2026-01-06 08:15:00,2026-01-07 08:00:00
R-261,Tennis,2026-01-06 08:25:00,2026-01-07 18:00:00
R-335,Gym,2026-01-06 08:50:00,2026-01-06 21:00:00
R-403,Gym,2026-01-06 09:30:00,2026-01-06 21:00:00
R-413,Gym,2026-01-06 09:40:00,2026-01-07 07:00:00
R-366,Gym,2026-01-06 10:25:00,2026-01-07 08:00:00
R-156,Gym,2026-01-06 10:50:00,2026-01-07 08:00:00
R-240,Gym,2026-01-06 11:55:00,2026-01-07 10:00:00
R-390,Gym,2026-01-06 12:25:00,2026-01-06 17:00:00
R-219,Gym,2026-01-06 12:25:00,2026-01-07 20:00:00
R-243,Badminton,2026-01-06 12:45:00,2026-01-07 19:00:00
R-112,Pool,2026-01-06 13:05:00,2026-01-07 07:00:00
R-150,Gym,2026-01-06 13:15:00,2026-01-08 06:00:00
R-126,Gym,2026-01-06 13:15:00,2026-01-06 20:00:00
R-210,Tennis,2026-01-06 13:40:00,2026-01-08 07:00:00
R-274,Badminton,2026-01-06 14:05:00,2026-01-07 12:00:00
R-349,Gym,2026-01-06 14:10:00,2026-01-06 22:00:00
R-286,Badminton,2026-01-06 14:10:00,2026-01-06 21:00:00
R-155,Gym,2026-01-06 14:25:00,2026-01-07 08:00:00
R-353,Badminton,2026-01-06 14:30:00,2026-01-08 20:00:00
R-345,Gym,2026-01-06 15:30:00,2026-01-07 07:00:00
R-414,Tennis,2026-01-06 15:30:00,2026-01-09 08:00:00
R-145,Tennis,2026-01-06 15:35:00,2026-01-07 08:00:00
R-111,Badminton,2026-01-06 15:35:00,2026-01-07 17:00:00
R-144,Badminton,2026-01-06 16:30:00,2026-01-07 08:00:00
R-381,Pool,2026-01-06 18:35:00,2026-01-09 18:00:00
R-358,Gym,2026-01-06 18:50:00,2026-01-07 06:00:00
R-218,Gym,2026-01-06 18:50:00,2026-01-08 18:00:00
R-102,Gym,2026-01-06 19:20:00,2026-01-07 06:00:00
R-114,Gym,2026-01-06 19:40:00,2026-01-07 06:00:00
R-428,Gym,2026-01-06 19:40:00,2026-01-07 07:00:00
R-418,Gym,2026-01-06 20:05:00,2026-01-08 06:00:00
R-155,Gym,2026-01-06 20:40:00,2026-01-07 07:00:00
R-446,Gym,2026-01-06 21:00:00,2026-01-07 06:00:00
R-174,Tennis,2026-01-06 21:05:00,2026-01-07 06:00:00
R-146,Gym,2026-01-06 21:25:00,2026-01-07 08:00:00
R-144,Gym,2026-01-06 21:30:00,2026-01-07 07:00:00
R-361,Gym,2026-01-06 21:30:00,2026-01-07 07:00:00
R-274,Badminton,2026-01-06 21:50:00,2026-01-07 21:00:00
R-423,Gym,2026-01-06 22:00:00,2026-01-08 08:00:00
R-277,Badminton,2026-01-06 22:15:00,2026-01-07 18:00:00
R-341,Gym,2026-01-06 22:20:00,2026-01-07 07:00:00
R-246,Gym,2026-01-06 22:25:00,2026-01-07 08:00:00
R-248,Badminton,2026-01-06 22:35:00,2026-01-08 21:00:00
R-221,Pool,2026-01-06 23:00:00,2026-01-07 06:00:00
R-391,Gym,2026-01-06 23:05:00,2026-01-07 07:00:00
R-102,Tennis,2026-01-06 23:25:00,2026-01-08 08:00:00
R-154,Badminton,2026-01-06 23:30:00,2026-01-07 21:00:00
R-112,Tennis,2026-01-07 00:20:00,2026-01-08 08:00:00
R-118,Gym,2026-01-07 00:25:00,2026-01-07 08:00:00
R-437,Tennis,2026-01-07 00:35:00,2026-01-08 19:00:00
R-277,Gym,2026-01-07 01:05:00,2026-01-07 20:00:00
R-377,Gym,2026-01-07 01:10:00,2026-01-07 08:00:00
R-142,Badminton,2026-01-07 01:35:00,2026-01-07 18:00:00
R-198,Gym,2026-01-07 01:50:00,2026-01-07 07:00:00
R-432,Gym,2026-01-07 01:50:00,2026-01-08 07:00:00
R-114,Gym,2026-01-07 01:55:00,2026-01-07 08:00:00
R-126,Gym,2026-01-07 01:55:00,2026-01-07 20:00:00
R-246,Gym,2026-01-07 02:15:00,2026-01-07 07:00:00
R-446,Tennis,2026-01-07 02:40:00,2026-01-07 08:00:00
R-278,Gym,2026-01-07 04:00:00,2026-01-07 21:00:00
R-333,Tennis,2026-01-07 04:15:00,2026-01-07 21:00:00
R-369,Tennis,2026-01-07 04:15:00,2026-01-09 07:00:00
R-200,Badminton,2026-01-07 04:20:00,2026-01-07 12:00:00
R-281,Badminton,2026-01-07 04:20:00,2026-01-07 20:00:00
R-271,Gym,2026-01-07 04:40:00,2026-01-08 06:00:00
R-232,Pool,2026-01-07 04:55:00,2026-01-07 17:00:00
R-306,Pool,2026-01-07 05:20:00,2026-01-08 06:00:00
R-142,Badminton,2026-01-07 05:40:00,2026-01-08 18:00:00
R-272,Badminton,2026-01-07 05:50:00,2026-01-07 21:00:00
R-418,Gym,2026-01-07 06:05:00,2026-01-08 14:00:00
R-306,Gym,2026-01-07 06:30:00,2026-01-08 08:00:00
R-228,Badminton,2026-01-07 06:35:00,2026-01-07 19:00:00
R-221,Gym,2026-01-07 06:35:00,2026-01-08 08:00:00
R-449,Pool,2026-01-07 07:20:00,2026-01-07 14:00:00
R-252,Tennis,2026-01-07 07:30:00,2026-01-08 17:00:00
R-239,Gym,2026-01-07 07:35:00,2026-01-07 20:00:00
R-140,Badminton,2026-01-07 07:45:00,2026-01-08 20:00:00
R-228,Gym,2026-01-07 08:05:00,2026-01-07 20:00:00
R-211,Clubhouse,2026-01-07 08:05:00,2026-01-11 15:00:00
R-113,Pool,2026-01-07 08:10:00,2026-01-07 15:00:00
R-443,Tennis,2026-01-07 08:50:00,2026-01-07 19:00:00
R-274,Badminton,2026-01-07 09:05:00,2026-01-08 21:00:00
R-146,Badminton,2026-01-07 09:05:00,2026-01-07 21:00:00
R-208,Badminton,2026-01-07 09:20:00,2026-01-08 19:00:00
R-145,Tennis,2026-01-07 09:30:00,2026-01-08 08:00:00
R-380,Pool,2026-01-07 09:50:00,2026-01-07 17:00:00
R-286,Gym,2026-01-07 12:10:00,2026-01-07 21:00:00
R-219,Gym,2026-01-07 12:30:00,2026-01-07 21:00:00
R-404,Gym,2026-01-07 12:55:00,2026-01-07 21:00:00
R-323,Gym,2026-01-07 13:25:00,2026-01-07 18:00:00
R-441,Badminton,2026-01-07 14:05:00,2026-01-10 18:00:00
R-225,Gym,2026-01-07 14:40:00,2026-01-08 09:00:00
R-414,Gym,2026-01-07 18:05:00,2026-01-08 06:00:00
R-219,Gym,2026-01-07 18:25:00,2026-01-09 18:00:00
R-443,Badminton,2026-01-07 18:50:00,2026-01-08 19:00:00
R-252,Badminton,2026-01-07 19:00:00,2026-01-08 19:00:00
R-127,Hall,2026-01-07 19:10:00,2026-01-11 11:00:00
R-370,Pool,2026-01-07 19:15:00,2026-01-08 08:00:00
R-156,Pool,2026-01-07 19:25:00,2026-01-08 11:00:00
R-170,Gym,2026-01-07 19:40:00,2026-01-08 06:00:00
R-155,Tennis,2026-01-07 19:55:00,2026-01-08 10:00:00
R-428,Tennis,2026-01-07 20:00:00,2026-01-09 07:00:00
R-249,Gym,2026-01-07 20:35:00,2026-01-09 20:00:00
R-431,Clubhouse,2026-01-07 20:50:00,2026-01-08 16:00:00
R-418,Gym,2026-01-07 20:55:00,2026-01-08 08:00:00
R-194,Badminton,2026-01-07 20:55:00,2026-01-08 17:00:00
R-240,Gym,2026-01-07 21:25:00,2026-01-08 08:00:00
R-240,Gym,2026-01-07 21:45:00,2026-01-08 07:00:00
R-293,Gym,2026-01-07 22:00:00,2026-01-08 18:00:00
R-366,Gym,2026-01-07 22:00:00,2026-01-08 21:00:00
R-149,Badminton,2026-01-07 22:30:00,2026-01-08 11:00:00
R-369,Gym,2026-01-07 22:55:00,2026-01-08 06:00:00
R-198,Gym,2026-01-07 23:15:00,2026-01-08 08:00:00
R-303,Gym,2026-01-07 23:45:00,2026-01-08 07:00:00
R-156,Pool,2026-01-07 23:55:00,2026-01-08 09:00:00
R-159,Pool,2026-01-08 00:15:00,2026-01-09 07:00:00
R-293,Badminton,2026-01-08 00:35:00,2026-01-09 18:00:00
R-271,Gym,2026-01-08 00:45:00,2026-01-08 10:00:00
R-174,Tennis,2026-01-08 01:45:00,2026-01-08 08:00:00
R-413,Gym,2026-01-08 02:10:00,2026-01-09 07:00:00
R-391,Gym,2026-01-08 02:15:00,2026-01-09 06:00:00
R-281,Badminton,2026-01-08 03:55:00,2026-01-08 20:00:00
R-248,Gym,2026-01-08 04:00:00,2026-01-09 20:00:00
R-306,Pool,2026-01-08 04:10:00,2026-01-09 08:00:00
R-423,Gym,2026-01-08 04:35:00,2026-01-09 08:00:00
R-338,Badminton,2026-01-08 05:10:00,2026-01-08 18:00:00
R-447,Tennis,2026-01-08 05:20:00,2026-01-08 21:00:00
R-192,Gym,2026-01-08 05:35:00,2026-01-08 15:00:00
R-215,Badminton,2026-01-08 05:55:00,2026-01-09 20:00:00
R-102,Tennis,2026-01-08 06:05:00,2026-01-09 06:00:00
R-105,Gym,2026-01-08 06:40:00,2026-01-08 17:00:00
R-443,Gym,2026-01-08 07:40:00,2026-01-08 18:00:00
R-286,Badminton,2026-01-08 08:05:00,2026-01-10 19:00:00
R-323,Badminton,2026-01-08 08:20:00,2026-01-08 20:00:00
R-361,Gym,2026-01-08 08:40:00,2026-01-09 08:00:00
R-403,Badminton,2026-01-08 08:50:00,2026-01-09 08:00:00
R-371,Gym,2026-01-08 09:50:00,2026-01-09 07:00:00
R-378,Clubhouse,2026-01-08 10:05:00,2026-01-10 17:00:00
R-140,Gym,2026-01-08 10:30:00,2026-01-08 19:00:00
R-151,Gym,2026-01-08 10:35:00,2026-01-08 18:00:00
R-120,Pool,2026-01-08 10:45:00,2026-01-10 12:00:00
R-149,Gym,2026-01-08 11:25:00,2026-01-09 12:00:00
R-110,Clubhouse,2026-01-08 12:20:00,2026-01-10 17:00:00
R-240,Gym,2026-01-08 13:20:00,2026-01-09 07:00:00
R-124,Gym,2026-01-08 14:05:00,2026-01-08 21:00:00
R-116,Tennis,2026-01-08 14:10:00,2026-01-09 07:00:00
R-170,Gym,2026-01-08 14:30:00,2026-01-09 06:00:00
R-110,Gym,2026-01-08 14:50:00,2026-01-09 08:00:00
R-314,Gym,2026-01-08 15:10:00,2026-01-08 21:00:00
R-145,Badminton,2026-01-08 15:15:00,2026-01-09 07:00:00
R-170,Gym,2026-01-08 15:45:00,2026-01-08 21:00:00
R-309,Pool,2026-01-08 15:45:00,2026-01-10 17:00:00
R-369,Gym,2026-01-08 16:15:00,2026-01-09 08:00:00
R-304,Gym,2026-01-08 16:20:00,2026-01-09 08:00:00
R-175,Clubhouse,2026-01-08 16:30:00,2026-01-10 18:00:00
R-295,Badminton,2026-01-08 16:30:00,2026-01-09 13:00:00
R-105,Gym,2026-01-08 16:55:00,2026-01-09 07:00:00
R-219,Gym,2026-01-08 16:55:00,2026-01-09 21:00:00
R-183,Clubhouse,2026-01-08 17:10:00,2026-01-11 19:00:00
R-279,Gym,2026-01-08 17:10:00,2026-01-09 08:00:00
R-125,Gym,2026-01-08 17:30:00,2026-01-09 08:00:00
R-432,Gym,2026-01-08 17:35:00,2026-01-09 07:00:00
R-358,Gym,2026-01-08 17:40:00,2026-01-09 08:00:00
R-414,Gym,2026-01-08 18:05:00,2026-01-09 06:00:00
R-309,Clubhouse,2026-01-08 18:05:00,2026-01-10 11:00:00
R-166,Badminton,2026-01-08 18:25:00,2026-01-10 18:00:00
R-150,Gym,2026-01-08 18:35:00,2026-01-09 08:00:00
R-423,Gym,2026-01-08 19:25:00,2026-01-09 07:00:00
R-448,Gym,2026-01-08 19:40:00,2026-01-09 21:00:00
R-208,Gym,2026-01-08 20:05:00,2026-01-09 21:00:00
R-110,Gym,2026-01-08 20:35:00,2026-01-09 07:00:00
R-116,Gym,2026-01-08 20:40:00,2026-01-09 08:00:00
R-356,Pool,2026-01-08 20:40:00,2026-01-09 11:00:00
R-170,Tennis,2026-01-08 20:40:00,2026-01-09 08:00:00
R-145,Gym,2026-01-08 20:50:00,2026-01-09 06:00:00
R-210,Pool,2026-01-08 20:50:00,2026-01-09 06:00:00
R-401,Tennis,2026-01-08 20:55:00,2026-01-09 06:00:00
R-437,Badminton,2026-01-08 21:05:00,2026-01-09 17:00:00
R-328,Gym,2026-01-08 21:05:00,2026-01-09 12:00:00
R-232,Badminton,2026-01-08 21:10:00,2026-01-09 19:00:00
R-188,Gym,2026-01-08 21:35:00,2026-01-09 08:00:00
R-432,Gym,2026-01-08 21:40:00,2026-01-09 11:00:00
R-171,Pool,2026-01-08 21:40:00,2026-01-09 06:00:00
R-269,Pool,2026-01-08 21:45:00,2026-01-09 11:00:00
R-155,Gym,2026-01-08 21:50:00,2026-01-09 08:00:00
R-105,Gym,2026-01-08 22:35:00,2026-01-09 06:00:00
R-118,Gym,2026-01-08 22:50:00,2026-01-09 08:00:00
R-109,Pool,2026-01-08 23:00:00,2026-01-11 11:00:00
R-388,Gym,2026-01-09 00:05:00,2026-01-09 18:00:00
R-228,Badminton,2026-01-09 00:20:00,2026-01-10 19:00:00
R-324,Gym,2026-01-09 01:10:00,2026-01-09 11:00:00
R-254,Gym,2026-01-09 01:30:00,2026-01-09 08:00:00
R-274,Badminton,2026-01-09 02:15:00,2026-01-09 20:00:00
R-271,Gym,2026-01-09 02:40:00,2026-01-09 06:00:00
R-313,Badminton,2026-01-09 02:40:00,2026-01-09 19:00:00
R-136,Pool,2026-01-09 02:50:00,2026-01-09 19:00:00
R-374,Badminton,2026-01-09 04:00:00,2026-01-09 20:00:00
R-444,Gym,2026-01-09 04:15:00,2026-01-10 07:00:00
R-225,Tennis,2026-01-09 04:20:00,2026-01-12 08:00:00
R-100,Clubhouse,2026-01-09 04:20:00,2026-01-15 15:00:00
R-213,Badminton,2026-01-09 05:40:00,2026-01-10 19:00:00
R-286,Hall,2026-01-09 05:45:00,2026-01-12 13:00:00
R-353,Gym,2026-01-09 05:50:00,2026-01-09 17:00:00
R-140,Gym,2026-01-09 06:00:00,2026-01-09 18:00:00
R-144,Gym,2026-01-09 06:30:00,2026-01-09 22:00:00
R-271,Gym,2026-01-09 06:40:00,2026-01-11 06:00:00
R-417,Pool,2026-01-09 06:45:00,2026-01-10 16:00:00
R-252,Gym,2026-01-09 06:50:00,2026-01-10 06:00:00
R-435,Pool,2026-01-09 07:00:00,2026-01-11 10:00:00
R-391,Pool,2026-01-09 07:05:00,2026-01-10 07:00:00
R-437,Gym,2026-01-09 07:10:00,2026-01-09 12:00:00
R-142,Badminton,2026-01-09 07:35:00,2026-01-09 18:00:00
R-277,Badminton,2026-01-09 08:25:00,2026-01-10 21:00:00
R-149,Badminton,2026-01-09 08:30:00,2026-01-09 19:00:00
R-344,Pool,2026-01-09 09:30:00,2026-01-10 15:00:00
R-100,Pool,2026-01-09 09:30:00,2026-01-11 17:00:00
R-324,Gym,2026-01-09 10:05:00,2026-01-09 18:00:00
R-124,Gym,2026-01-09 10:15:00,2026-01-09 19:00:00
R-349,Pool,2026-01-09 10:25:00,2026-01-11 18:00:00
R-431,Tennis,2026-01-09 10:45:00,2026-01-10 11:00:00
R-360,Gym,2026-01-09 10:45:00,2026-01-09 20:00:00
R-376,Pool,2026-01-09 11:05:00,2026-01-10 18:00:00
R-129,Pool,2026-01-09 11:15:00,2026-01-09 19:00:00
R-281,Badminton,2026-01-09 11:35:00,2026-01-09 18:00:00
R-397,Badminton,2026-01-09 12:25:00,2026-01-10 20:00:00
R-353,Badminton,2026-01-09 13:20:00,2026-01-11 20:00:00
R-142,Gym,2026-01-09 14:40:00,2026-01-09 21:00:00
R-257,Gym,2026-01-09 15:00:00,2026-01-09 19:00:00
R-426,Badminton,2026-01-09 15:30:00,2026-01-10 07:00:00
R-248,Badminton,2026-01-09 15:35:00,2026-01-10 20:00:00
R-257,Tennis,2026-01-09 15:40:00,2026-01-10 21:00:00
R-286,Badminton,2026-01-09 15:40:00,2026-01-10 21:00:00
R-282,Pool,2026-01-09 16:45:00,2026-01-10 10:00:00
R-270,Pool,2026-01-09 17:00:00,2026-01-10 15:00:00
R-388,Gym,2026-01-09 18:00:00,2026-01-09 21:00:00
R-392,Clubhouse,2026-01-09 18:10:00,2026-01-10 15:00:00
R-419,Pool,2026-01-09 20:25:00,2026-01-10 10:00:00
R-132,Clubhouse,2026-01-09 21:35:00,2026-01-11 15:00:00
R-229,Gym,2026-01-09 22:55:00,2026-01-10 07:00:00
R-132,Pool,2026-01-09 23:25:00,2026-01-10 16:00:00
R-113,Pool,2026-01-10 00:20:00,2026-01-10 18:00:00
R-109,Pool,2026-01-10 00:35:00,2026-01-10 16:00:00
R-353,Tennis,2026-01-10 00:45:00,2026-01-10 19:00:00
R-304,Tennis,2026-01-10 01:00:00,2026-01-12 06:00:00
R-165,Hall,2026-01-10 01:35:00,2026-01-21 12:00:00
R-195,Pool,2026-01-10 02:35:00,2026-01-10 16:00:00
R-431,Pool,2026-01-10 02:35:00,2026-01-10 14:00:00
R-212,Pool,2026-01-10 02:45:00,2026-01-10 12:00:00
R-123,Clubhouse,2026-01-10 03:25:00,2026-01-10 15:00:00
R-285,Pool,2026-01-10 03:35:00,2026-01-10 11:00:00
R-406,Gym,2026-01-10 03:50:00,2026-01-10 08:00:00
R-215,Gym,2026-01-10 03:55:00,2026-01-10 21:00:00
R-193,Gym,2026-01-10 04:25:00,2026-01-10 08:00:00
R-272,Badminton,2026-01-10 04:35:00,2026-01-10 21:00:00
R-417,Pool,2026-01-10 04:55:00,2026-01-10 14:00:00
R-243,Badminton,2026-01-10 05:05:00,2026-01-10 14:00:00
R-363,Pool,2026-01-10 05:50:00,2026-01-10 16:00:00
R-123,Gym,2026-01-10 06:05:00,2026-01-10 11:00:00
R-279,Gym,2026-01-10 06:55:00,2026-01-12 06:00:00
R-225,Tennis,2026-01-10 07:40:00,2026-01-12 07:00:00
R-149,Gym,2026-01-10 07:50:00,2026-01-10 18:00:00
R-255,Pool,2026-01-10 08:10:00,2026-01-11 14:00:00
R-448,Pool,2026-01-10 08:15:00,2026-01-10 19:00:00
R-434,Gym,2026-01-10 08:30:00,2026-01-12 08:00:00
R-281,Gym,2026-01-10 09:15:00,2026-01-10 21:00:00
R-360,Gym,2026-01-10 09:30:00,2026-01-10 20:00:00
R-115,Pool,2026-01-10 10:15:00,2026-01-11 14:00:00
R-285,Pool,2026-01-10 10:35:00,2026-01-10 18:00:00
R-219,Gym,2026-01-10 10:45:00,2026-01-10 20:00:00
R-363,Pool,2026-01-10 10:55:00,2026-01-10 17:00:00
R-373,Gym,2026-01-10 11:00:00,2026-01-10 20:00:00
R-435,Pool,2026-01-10 11:00:00,2026-01-10 21:00:00
R-448,Gym,2026-01-10 11:05:00,2026-01-10 21:00:00
R-173,Badminton,2026-01-10 11:10:00,2026-01-11 21:00:00
R-275,Pool,2026-01-10 11:15:00,2026-01-11 10:00:00
R-377,Tennis,2026-01-10 11:15:00,2026-01-10 21:00:00
R-282,Pool,2026-01-10 11:30:00,2026-01-10 16:00:00
R-374,Gym,2026-01-10 12:45:00,2026-01-10 18:00:00
R-219,Gym,2026-01-10 12:50:00,2026-01-10 19:00:00
R-449,Pool,2026-01-10 13:05:00,2026-01-11 08:00:00
R-374,Gym,2026-01-10 13:10:00,2026-01-10 19:00:00
R-434,Gym,2026-01-10 13:30:00,2026-01-11 07:00:00
R-300,Gym,2026-01-10 13:40:00,2026-01-10 18:00:00
R-349,Pool,2026-01-10 13:50:00,2026-01-11 06:00:00
R-406,Pool,2026-01-10 14:00:00,2026-01-11 16:00:00
R-310,Pool,2026-01-10 15:15:00,2026-01-11 17:00:00
R-188,Tennis,2026-01-10 15:20:00,2026-01-11 12:00:00
R-119,Gym,2026-01-10 15:35:00,2026-01-11 07:00:00
R-232,Pool,2026-01-10 15:45:00,2026-01-11 07:00:00
R-423,Pool,2026-01-10 15:50:00,2026-01-12 07:00:00
R-170,Tennis,2026-01-10 15:55:00,2026-01-13 06:00:00
R-441,Gym,2026-01-10 16:00:00,2026-01-10 21:00:00
R-208,Gym,2026-01-10 16:50:00,2026-01-10 21:00:00
R-300,Gym,2026-01-10 17:25:00,2026-01-11 18:00:00
R-439,Hall,2026-01-10 17:45:00,2026-01-17 11:00:00
R-298,Pool,2026-01-10 18:10:00,2026-01-12 08:00:00
R-150,Pool,2026-01-10 18:20:00,2026-01-12 06:00:00
R-197,Pool,2026-01-10 19:00:00,2026-01-11 14:00:00
R-405,Gym,2026-01-10 19:00:00,2026-01-11 11:00:00
R-434,Pool,2026-01-10 19:55:00,2026-01-13 08:00:00
R-300,Clubhouse,2026-01-10 20:00:00,2026-01-11 17:00:00
R-239,Hall,2026-01-10 21:20:00,2026-01-12 21:00:00
R-414,Gym,2026-01-10 21:20:00,2026-01-12 08:00:00
R-387,Gym,2026-01-10 21:45:00,2026-01-11 18:00:00
R-392,Pool,2026-01-10 21:50:00,2026-01-11 10:00:00
R-229,Pool,2026-01-10 21:50:00,2026-01-11 07:00:00
R-215,Badminton,2026-01-10 22:05:00,2026-01-11 07:00:00
R-400,Gym,2026-01-10 22:50:00,2026-01-11 07:00:00
R-155,Tennis,2026-01-10 22:55:00,2026-01-12 18:00:00
R-210,Gym,2026-01-10 23:10:00,2026-01-12 08:00:00
R-105,Gym,2026-01-10 23:45:00,2026-01-11 08:00:00
R-274,Tennis,2026-01-11 00:00:00,2026-01-14 20:00:00
R-373,Badminton,2026-01-11 00:05:00,2026-01-11 09:00:00
R-277,Badminton,2026-01-11 00:20:00,2026-01-12 19:00:00
R-414,Gym,2026-01-11 01:20:00,2026-01-12 06:00:00
R-110,Pool,2026-01-11 01:40:00,2026-01-13 07:00:00
R-138,Clubhouse,2026-01-11 02:35:00,2026-01-11 14:00:00
R-218,Tennis,2026-01-11 03:55:00,2026-01-13 20:00:00
R-151,Badminton,2026-01-11 04:05:00,2026-01-11 21:00:00
R-284,Clubhouse,2026-01-11 04:10:00,2026-01-12 18:00:00
R-108,Hall,2026-01-11 04:25:00,2026-01-16 12:00:00
R-286,Badminton,2026-01-11 04:40:00,2026-01-12 20:00:00
R-313,Badminton,2026-01-11 04:40:00,2026-01-12 19:00:00
R-132,Pool,2026-01-11 04:45:00,2026-01-11 18:00:00
R-197,Pool,2026-01-11 05:20:00,2026-01-11 10:00:00
R-132,Pool,2026-01-11 05:45:00,2026-01-11 11:00:00
R-123,Gym,2026-01-11 06:10:00,2026-01-11 18:00:00
R-228,Badminton,2026-01-11 06:25:00,2026-01-12 18:00:00
R-184,Clubhouse,2026-01-11 06:35:00,2026-01-12 16:00:00
R-113,Pool,2026-01-11 07:05:00,2026-01-11 17:00:00
R-135,Hall,2026-01-11 07:15:00,2026-01-23 11:00:00
R-428,Gym,2026-01-11 07:25:00,2026-01-12 08:00:00
R-396,Badminton,2026-01-11 08:50:00,2026-01-14 07:00:00
R-252,Badminton,2026-01-11 09:05:00,2026-01-12 21:00:00
R-441,Badminton,2026-01-11 09:25:00,2026-01-12 19:00:00
R-145,Tennis,2026-01-11 09:30:00,2026-01-12 08:00:00
R-403,Badminton,2026-01-11 09:35:00,2026-01-12 20:00:00
R-389,Tennis,2026-01-11 09:50:00,2026-01-13 08:00:00
R-102,Badminton,2026-01-11 11:20:00,2026-01-12 07:00:00
R-208,Pool,2026-01-11 12:05:00,2026-01-12 09:00:00
R-100,Pool,2026-01-11 13:25:00,2026-01-11 18:00:00
R-271,Tennis,2026-01-11 13:40:00,2026-01-12 08:00:00
R-391,Tennis,2026-01-11 15:10:00,2026-01-12 06:00:00
R-358,Gym,2026-01-11 15:40:00,2026-01-12 07:00:00
R-366,Gym,2026-01-11 16:00:00,2026-01-12 07:00:00
R-222,Badminton,2026-01-11 16:05:00,2026-01-12 10:00:00
R-179,Badminton,2026-01-11 16:50:00,2026-01-12 06:00:00
R-151,Badminton,2026-01-11 17:00:00,2026-01-12 18:00:00
R-188,Gym,2026-01-11 17:05:00,2026-01-12 06:00:00
R-170,Tennis,2026-01-11 17:20:00,2026-01-12 08:00:00
R-110,Pool,2026-01-11 17:25:00,2026-01-13 08:00:00
R-418,Gym,2026-01-11 17:35:00,2026-01-12 21:00:00
R-257,Badminton,2026-01-11 18:05:00,2026-01-12 14:00:00
R-432,Gym,2026-01-11 18:30:00,2026-01-12 08:00:00
R-222,Tennis,2026-01-11 19:20:00,2026-01-12 21:00:00
R-351,Gym,2026-01-11 19:20:00,2026-01-12 07:00:00
R-261,Gym,2026-01-11 19:30:00,2026-01-13 19:00:00
R-408,Hall,2026-01-11 19:45:00,2026-01-25 19:00:00
R-434,Gym,2026-01-11 19:50:00,2026-01-12 06:00:00
R-446,Tennis,2026-01-11 19:55:00,2026-01-12 06:00:00
R-193,Badminton,2026-01-11 19:55:00,2026-01-12 18:00:00
R-277,Badminton,2026-01-11 20:10:00,2026-01-13 21:00:00
R-401,Gym,2026-01-11 20:10:00,2026-01-12 08:00:00
R-140,Badminton,2026-01-11 20:35:00,2026-01-12 21:00:00
R-250,Gym,2026-01-11 20:40:00,2026-01-12 06:00:00
R-241,Badminton,2026-01-11 20:50:00,2026-01-13 06:00:00
R-290,Clubhouse,2026-01-11 21:40:00,2026-01-12 19:00:00
R-166,Tennis,2026-01-11 22:25:00,2026-01-12 17:00:00
R-401,Gym,2026-01-11 22:45:00,2026-01-12 09:00:00
R-306,Gym,2026-01-11 23:00:00,2026-01-12 06:00:00
R-140,Gym,2026-01-11 23:20:00,2026-01-13 06:00:00
R-149,Gym,2026-01-11 23:20:00,2026-01-12 18:00:00
R-379,Hall,2026-01-12 00:10:00,2026-01-18 12:00:00
R-432,Gym,2026-01-12 00:10:00,2026-01-12 06:00:00
R-144,Gym,2026-01-12 00:15:00,2026-01-12 06:00:00
R-304,Gym,2026-01-12 00:45:00,2026-01-12 07:00:00
R-234,Gym,2026-01-12 00:55:00,2026-01-12 06:00:00
R-213,Gym,2026-01-12 01:10:00,2026-01-12 18:00:00
R-163,Gym,2026-01-12 01:15:00,2026-01-12 06:00:00
R-122,Badminton,2026-01-12 01:30:00,2026-01-13 08:00:00
R-432,Gym,2026-01-12 01:45:00,2026-01-13 06:00:00
R-361,Gym,2026-01-12 02:35:00,2026-01-12 06:00:00
R-175,Gym,2026-01-12 03:05:00,2026-01-12 07:00:00
R-234,Tennis,2026-01-12 03:15:00,2026-01-13 15:00:00
R-338,Gym,2026-01-12 03:25:00,2026-01-12 20:00:00
R-428,Pool,2026-01-12 03:30:00,2026-01-13 06:00:00
R-361,Gym,2026-01-12 04:05:00,2026-01-13 07:00:00
R-155,Gym,2026-01-12 04:15:00,2026-01-13 08:00:00
R-279,Gym,2026-01-12 04:45:00,2026-01-12 08:00:00
R-210,Gym,2026-01-12 05:00:00,2026-01-12 07:00:00
R-434,Gym,2026-01-12 05:40:00,2026-01-13 07:00:00
R-219,Badminton,2026-01-12 05:45:00,2026-01-12 20:00:00
R-274,Badminton,2026-01-12 06:35:00,2026-01-13 19:00:00
R-179,Badminton,2026-01-12 06:35:00,2026-01-12 18:00:00
R-156,Gym,2026-01-12 07:00:00,2026-01-13 06:00:00
R-418,Gym,2026-01-12 07:10:00,2026-01-12 14:00:00
R-108,Hall,2026-01-12 07:20:00,2026-01-18 12:00:00
R-219,Badminton,2026-01-12 07:35:00,2026-01-13 06:00:00
R-172,Gym,2026-01-12 07:45:00,2026-01-14 07:00:00
R-447,Gym,2026-01-12 08:05:00,2026-01-12 21:00:00
R-281,Gym,2026-01-12 08:25:00,2026-01-12 18:00:00
R-228,Gym,2026-01-12 09:25:00,2026-01-12 20:00:00
R-256,Pool,2026-01-12 09:30:00,2026-01-13 06:00:00
R-102,Gym,2026-01-12 09:55:00,2026-01-12 15:00:00
R-228,Gym,2026-01-12 10:30:00,2026-01-12 22:00:00
R-423,Gym,2026-01-12 10:50:00,2026-01-14 08:00:00
R-274,Badminton,2026-01-12 11:10:00,2026-01-13 18:00:00
R-243,Gym,2026-01-12 11:40:00,2026-01-12 21:00:00
R-443,Badminton,2026-01-12 13:00:00,2026-01-13 07:00:00
R-173,Gym,2026-01-12 13:20:00,2026-01-12 21:00:00
R-184,Hall,2026-01-12 14:00:00,2026-01-24 18:00:00
R-277,Badminton,2026-01-12 14:10:00,2026-01-14 19:00:00
R-247,Tennis,2026-01-12 14:35:00,2026-01-16 19:00:00
R-347,Tennis,2026-01-12 15:00:00,2026-01-13 16:00:00
R-240,Gym,2026-01-12 15:00:00,2026-01-13 06:00:00
R-356,Badminton,2026-01-12 15:30:00,2026-01-13 16:00:00
R-341,Gym,2026-01-12 16:05:00,2026-01-13 07:00:00
R-102,Gym,2026-01-12 17:00:00,2026-01-13 06:00:00
R-144,Tennis,2026-01-12 17:25:00,2026-01-13 15:00:00
R-151,Badminton,2026-01-12 17:35:00,2026-01-13 20:00:00
R-279,Gym,2026-01-12 17:35:00,2026-01-14 08:00:00
R-324,Badminton,2026-01-12 17:45:00,2026-01-13 17:00:00
R-111,Gym,2026-01-12 18:10:00,2026-01-13 07:00:00
R-175,Gym,2026-01-12 18:15:00,2026-01-13 07:00:00
R-358,Gym,2026-01-12 18:30:00,2026-01-13 07:00:00
R-112,Pool,2026-01-12 18:40:00,2026-01-13 07:00:00
R-323,Badminton,2026-01-12 18:50:00,2026-01-13 20:00:00
R-174,Gym,2026-01-12 19:00:00,2026-01-13 07:00:00
R-329,Gym,2026-01-12 19:05:00,2026-01-13 09:00:00
R-104,Badminton,2026-01-12 19:10:00,2026-01-13 19:00:00
R-424,Tennis,2026-01-12 19:25:00,2026-01-13 08:00:00
R-173,Badminton,2026-01-12 19:35:00,2026-01-14 21:00:00
R-181,Badminton,2026-01-12 19:45:00,2026-01-15 18:00:00
R-414,Gym,2026-01-12 20:10:00,2026-01-14 07:00:00
R-225,Gym,2026-01-12 20:30:00,2026-01-14 08:00:00
R-313,Badminton,2026-01-12 20:35:00,2026-01-13 18:00:00
R-326,Gym,2026-01-12 20:35:00,2026-01-13 07:00:00
R-274,Tennis,2026-01-12 21:25:00,2026-01-15 21:00:00
R-105,Gym,2026-01-12 21:25:00,2026-01-14 07:00:00
R-448,Pool,2026-01-12 21:25:00,2026-01-13 21:00:00
R-414,Tennis,2026-01-12 22:00:00,2026-01-15 08:00:00
R-218,Badminton,2026-01-12 22:10:00,2026-01-14 20:00:00
R-112,Gym,2026-01-12 22:45:00,2026-01-13 06:00:00
R-428,Tennis,2026-01-12 23:25:00,2026-01-14 07:00:00
R-104,Gym,2026-01-12 23:30:00,2026-01-13 20:00:00
R-447,Badminton,2026-01-12 23:50:00,2026-01-14 06:00:00
R-174,Pool,2026-01-12 23:55:00,2026-01-14 07:00:00
R-271,Gym,2026-01-13 00:35:00,2026-01-13 06:00:00
R-132,Clubhouse,2026-01-13 00:45:00,2026-01-18 11:00:00
R-403,Gym,2026-01-13 01:00:00,2026-01-13 20:00:00
R-314,Gym,2026-01-13 01:20:00,2026-01-13 08:00:00
R-145,Gym,2026-01-13 01:20:00,2026-01-13 07:00:00
R-142,Gym,2026-01-13 01:35:00,2026-01-13 19:00:00
R-174,Pool,2026-01-13 01:40:00,2026-01-13 08:00:00
R-215,Badminton,2026-01-13 01:50:00,2026-01-14 20:00:00
R-424,Gym,2026-01-13 02:10:00,2026-01-13 06:00:00
R-241,Pool,2026-01-13 02:25:00,2026-01-15 07:00:00
R-279,Tennis,2026-01-13 02:25:00,2026-01-16 06:00:00
R-366,Gym,2026-01-13 03:10:00,2026-01-13 08:00:00
R-154,Badminton,2026-01-13 03:25:00,2026-01-14 20:00:00
R-339,Gym,2026-01-13 03:25:00,2026-01-13 12:00:00
R-249,Badminton,2026-01-13 03:40:00,2026-01-13 18:00:00
R-241,Tennis,2026-01-13 03:50:00,2026-01-14 07:00:00
R-210,Gym,2026-01-13 04:05:00,2026-01-13 07:00:00
R-145,Gym,2026-01-13 04:15:00,2026-01-14 06:00:00
R-163,Pool,2026-01-13 04:20:00,2026-01-13 06:00:00
R-188,Gym,2026-01-13 04:35:00,2026-01-13 19:00:00
R-119,Gym,2026-01-13 04:40:00,2026-01-13 12:00:00
R-105,Gym,2026-01-13 04:50:00,2026-01-13 16:00:00
R-110,Tennis,2026-01-13 05:20:00,2026-01-14 06:00:00
R-437,Badminton,2026-01-13 05:20:00,2026-01-13 18:00:00
R-432,Gym,2026-01-13 05:25:00,2026-01-14 07:00:00
R-122,Gym,2026-01-13 05:25:00,2026-01-13 17:00:00
R-328,Pool,2026-01-13 05:35:00,2026-01-13 17:00:00
R-137,Pool,2026-01-13 05:40:00,2026-01-13 18:00:00
R-102,Tennis,2026-01-13 05:40:00,2026-01-15 07:00:00
R-447,Gym,2026-01-13 06:05:00,2026-01-13 11:00:00
R-126,Badminton,2026-01-13 06:05:00,2026-01-13 19:00:00
R-213,Badminton,2026-01-13 06:15:00,2026-01-13 20:00:00
R-171,Gym,2026-01-13 06:15:00,2026-01-14 07:00:00
R-231,Gym,2026-01-13 06:40:00,2026-01-13 21:00:00
R-444,Pool,2026-01-13 07:00:00,2026-01-14 07:00:00
R-443,Gym,2026-01-13 07:20:00,2026-01-13 18:00:00
R-262,Hall,2026-01-13 07:25:00,2026-01-16 16:00:00
R-151,Badminton,2026-01-13 07:25:00,2026-01-13 19:00:00
R-208,Badminton,2026-01-13 07:40:00,2026-01-14 18:00:00
R-151,Gym,2026-01-13 08:40:00,2026-01-13 18:00:00
R-448,Tennis,2026-01-13 08:40:00,2026-01-14 18:00:00
R-434,Tennis,2026-01-13 08:45:00,2026-01-16 07:00:00
R-187,Gym,2026-01-13 09:00:00,2026-01-13 20:00:00
R-210,Tennis,2026-01-13 09:00:00,2026-01-14 08:00:00
R-188,Gym,2026-01-13 09:05:00,2026-01-13 16:00:00
R-391,Tennis,2026-01-13 09:15:00,2026-01-15 06:00:00
R-271,Gym,2026-01-13 09:25:00,2026-01-13 14:00:00
R-142,Badminton,2026-01-13 09:30:00,2026-01-13 21:00:00
R-281,Badminton,2026-01-13 10:20:00,2026-01-13 21:00:00
R-388,Gym,2026-01-13 10:25:00,2026-01-13 20:00:00
R-338,Gym,2026-01-13 10:25:00,2026-01-14 20:00:00
R-156,Gym,2026-01-13 10:35:00,2026-01-14 08:00:00
R-385,Gym,2026-01-13 12:55:00,2026-01-13 16:00:00
R-380,Badminton,2026-01-13 13:00:00,2026-01-14 12:00:00
R-354,Badminton,2026-01-13 13:00:00,2026-01-14 07:00:00
R-257,Gym,2026-01-13 13:00:00,2026-01-13 18:00:00
R-330,Gym,2026-01-13 14:20:00,2026-01-13 21:00:00
R-286,Gym,2026-01-13 15:20:00,2026-01-14 18:00:00
R-358,Tennis,2026-01-13 15:30:00,2026-01-15 06:00:00
R-426,Gym,2026-01-13 15:50:00,2026-01-14 20:00:00
R-156,Gym,2026-01-13 15:55:00,2026-01-14 18:00:00
R-150,Pool,2026-01-13 16:00:00,2026-01-14 16:00:00
R-370,Gym,2026-01-13 16:15:00,2026-01-14 16:00:00
R-224,Gym,2026-01-13 16:20:00,2026-01-15 07:00:00
R-358,Tennis,2026-01-13 16:35:00,2026-01-14 06:00:00
R-434,Tennis,2026-01-13 16:40:00,2026-01-14 12:00:00
R-116,Tennis,2026-01-13 17:10:00,2026-01-14 07:00:00
R-252,Badminton,2026-01-13 17:30:00,2026-01-14 21:00:00
R-271,Gym,2026-01-13 17:40:00,2026-01-14 06:00:00
R-151,Gym,2026-01-13 17:45:00,2026-01-14 19:00:00
R-171,Tennis,2026-01-13 18:05:00,2026-01-14 08:00:00
R-366,Gym,2026-01-13 18:10:00,2026-01-14 07:00:00
R-420,Tennis,2026-01-13 18:30:00,2026-01-15 06:00:00
R-116,Gym,2026-01-13 18:30:00,2026-01-14 06:00:00
R-287,Badminton,2026-01-13 19:30:00,2026-01-14 17:00:00
R-243,Badminton,2026-01-13 19:30:00,2026-01-14 19:00:00
R-215,Badminton,2026-01-13 19:45:00,2026-01-14 22:00:00
R-446,Pool,2026-01-13 20:00:00,2026-01-14 06:00:00
R-225,Pool,2026-01-13 21:30:00,2026-01-16 08:00:00
R-102,Gym,2026-01-13 21:45:00,2026-01-14 08:00:00
R-361,Clubhouse,2026-01-13 21:55:00,2026-01-15 20:00:00
R-435,Pool,2026-01-13 22:00:00,2026-01-14 16:00:00
R-144,Gym,2026-01-13 22:20:00,2026-01-14 06:00:00
R-188,Gym,2026-01-13 22:55:00,2026-01-14 07:00:00
R-275,Clubhouse,2026-01-13 23:00:00,2026-01-18 18:00:00
R-171,Tennis,2026-01-13 23:25:00,2026-01-15 06:00:00
R-401,Tennis,2026-01-13 23:25:00,2026-01-14 07:00:00
R-308,Badminton,2026-01-13 23:30:00,2026-01-14 21:00:00
R-157,Pool,2026-01-14 00:25:00,2026-01-14 11:00:00
R-401,Gym,2026-01-14 00:30:00,2026-01-14 06:00:00
R-227,Badminton,2026-01-14 00:40:00,2026-01-14 20:00:00
R-274,Badminton,2026-01-14 01:00:00,2026-01-16 20:00:00
R-170,Tennis,2026-01-14 01:00:00,2026-01-15 07:00:00
R-119,Gym,2026-01-14 01:05:00,2026-01-15 08:00:00
R-243,Pool,2026-01-14 01:40:00,2026-01-15 19:00:00
R-353,Badminton,2026-01-14 02:10:00,2026-01-16 14:00:00
R-278,Gym,2026-01-14 03:10:00,2026-01-14 20:00:00
R-102,Pool,2026-01-14 03:35:00,2026-01-16 06:00:00
R-118,Gym,2026-01-14 03:45:00,2026-01-14 08:00:00
R-437,Gym,2026-01-14 03:50:00,2026-01-14 16:00:00
R-156,Gym,2026-01-14 04:15:00,2026-01-14 17:00:00
R-389,Gym,2026-01-14 04:30:00,2026-01-14 08:00:00
R-159,Tennis,2026-01-14 04:55:00,2026-01-15 08:00:00
R-117,Gym,2026-01-14 05:30:00,2026-01-15 06:00:00
R-437,Badminton,2026-01-14 05:45:00,2026-01-14 19:00:00
R-277,Badminton,2026-01-14 05:55:00,2026-01-15 19:00:00
R-146,Gym,2026-01-14 06:00:00,2026-01-14 19:00:00
R-105,Gym,2026-01-14 06:25:00,2026-01-16 06:00:00
R-361,Badminton,2026-01-14 06:40:00,2026-01-15 07:00:00
R-227,Badminton,2026-01-14 07:35:00,2026-01-14 21:00:00
R-281,Tennis,2026-01-14 08:00:00,2026-01-17 20:00:00
R-301,Badminton,2026-01-14 08:00:00,2026-01-15 21:00:00
R-159,Tennis,2026-01-14 08:50:00,2026-01-15 07:00:00
R-423,Gym,2026-01-14 09:15:00,2026-01-16 06:00:00
R-349,Clubhouse,2026-01-14 09:25:00,2026-01-17 11:00:00
R-373,Badminton,2026-01-14 09:40:00,2026-01-14 19:00:00
R-237,Tennis,2026-01-14 09:40:00,2026-01-15 20:00:00
R-324,Gym,2026-01-14 10:00:00,2026-01-14 20:00:00
R-100,Clubhouse,2026-01-14 10:55:00,2026-01-18 18:00:00
R-219,Gym,2026-01-14 11:00:00,2026-01-14 18:00:00
R-366,Gym,2026-01-14 11:10:00,2026-01-15 06:00:00
R-288,Hall,2026-01-14 12:00:00,2026-01-23 19:00:00
R-140,Gym,2026-01-14 12:45:00,2026-01-14 20:00:00
R-388,Badminton,2026-01-14 12:55:00,2026-01-14 18:00:00
R-431,Badminton,2026-01-14 13:10:00,2026-01-17 15:00:00
R-102,Tennis,2026-01-14 13:40:00,2026-01-16 08:00:00
R-225,Gym,2026-01-14 14:20:00,2026-01-15 06:00:00
R-145,Gym,2026-01-14 14:30:00,2026-01-15 06:00:00
R-155,Gym,2026-01-14 14:45:00,2026-01-15 11:00:00
R-167,Gym,2026-01-14 14:50:00,2026-01-15 07:00:00
R-293,Tennis,2026-01-14 15:10:00,2026-01-15 18:00:00
R-136,Gym,2026-01-14 15:15:00,2026-01-15 18:00:00
R-119,Gym,2026-01-14 15:45:00,2026-01-14 22:00:00
R-423,Gym,2026-01-14 16:00:00,2026-01-15 06:00:00
R-401,Badminton,2026-01-14 16:10:00,2026-01-15 07:00:00
R-414,Gym,2026-01-14 16:20:00,2026-01-15 06:00:00
R-155,Gym,2026-01-14 16:30:00,2026-01-15 07:00:00
R-213,Badminton,2026-01-14 16:50:00,2026-01-15 21:00:00
R-110,Gym,2026-01-14 17:45:00,2026-01-15 08:00:00
R-421,Gym,2026-01-14 18:30:00,2026-01-15 08:00:00
R-360,Badminton,2026-01-14 18:40:00,2026-01-15 18:00:00
R-312,Pool,2026-01-14 18:45:00,2026-01-17 08:00:00
R-361,Gym,2026-01-14 18:55:00,2026-01-15 16:00:00
R-257,Badminton,2026-01-14 19:15:00,2026-01-15 21:00:00
R-117,Gym,2026-01-14 19:20:00,2026-01-15 21:00:00
R-304,Tennis,2026-01-14 20:10:00,2026-01-15 08:00:00
R-235,Gym,2026-01-14 20:10:00,2026-01-15 09:00:00
R-116,Pool,2026-01-14 20:15:00,2026-01-15 08:00:00
R-221,Pool,2026-01-14 20:25:00,2026-01-16 07:00:00
R-114,Pool,2026-01-14 20:25:00,2026-01-15 07:00:00
R-227,Badminton,2026-01-14 20:35:00,2026-01-15 19:00:00
R-170,Gym,2026-01-14 20:40:00,2026-01-15 08:00:00
R-156,Gym,2026-01-14 20:55:00,2026-01-15 08:00:00
R-126,Gym,2026-01-14 21:35:00,2026-01-15 18:00:00
R-354,Gym,2026-01-14 22:15:00,2026-01-15 08:00:00
R-144,Tennis,2026-01-14 22:30:00,2026-01-15 08:00:00
R-373,Gym,2026-01-14 22:55:00,2026-01-15 18:00:00
R-125,Gym,2026-01-14 23:15:00,2026-01-16 07:00:00
R-219,Gym,2026-01-14 23:20:00,2026-01-15 20:00:00
R-112,Tennis,2026-01-14 23:20:00,2026-01-15 07:00:00
R-268,Pool,2026-01-14 23:50:00,2026-01-15 12:00:00
R-156,Gym,2026-01-14 23:55:00,2026-01-15 07:00:00
R-202,Gym,2026-01-14 23:55:00,2026-01-15 08:00:00
R-170,Gym,2026-01-14 23:55:00,2026-01-15 06:00:00
R-145,Gym,2026-01-15 00:05:00,2026-01-15 07:00:00
R-246,Gym,2026-01-15 00:15:00,2026-01-15 18:00:00
R-198,Pool,2026-01-15 00:20:00,2026-01-15 08:00:00
R-124,Badminton,2026-01-15 01:25:00,2026-01-15 19:00:00
R-174,Gym,2026-01-15 02:15:00,2026-01-15 07:00:00
R-155,Gym,2026-01-15 03:10:00,2026-01-16 12:00:00
R-244,Gym,2026-01-15 03:20:00,2026-01-15 21:00:00
R-188,Tennis,2026-01-15 03:20:00,2026-01-16 06:00:00
R-133,Clubhouse,2026-01-15 03:30:00,2026-01-16 15:00:00
R-230,Pool,2026-01-15 04:10:00,2026-01-15 16:00:00
R-330,Badminton,2026-01-15 04:30:00,2026-01-16 20:00:00
R-366,Tennis,2026-01-15 04:45:00,2026-01-16 06:00:00
R-277,Gym,2026-01-15 05:00:00,2026-01-15 21:00:00
R-111,Gym,2026-01-15 05:20:00,2026-01-15 07:00:00
R-300,Clubhouse,2026-01-15 06:00:00,2026-01-17 11:00:00
R-443,Gym,2026-01-15 06:00:00,2026-01-15 21:00:00
R-122,Tennis,2026-01-15 06:55:00,2026-01-16 12:00:00
R-215,Gym,2026-01-15 08:05:00,2026-01-16 20:00:00
R-155,Gym,2026-01-15 08:05:00,2026-01-16 06:00:00
R-437,Badminton,2026-01-15 08:15:00,2026-01-15 20:00:00
R-261,Badminton,2026-01-15 08:20:00,2026-01-16 19:00:00
R-216,Gym,2026-01-15 08:30:00,2026-01-15 20:00:00
R-128,Badminton,2026-01-15 09:30:00,2026-01-15 21:00:00
R-119,Gym,2026-01-15 09:35:00,2026-01-16 08:00:00
R-221,Tennis,2026-01-15 09:50:00,2026-01-16 08:00:00
R-446,Gym,2026-01-15 09:55:00,2026-01-15 17:00:00
R-371,Tennis,2026-01-15 09:55:00,2026-01-16 06:00:00
R-358,Pool,2026-01-15 10:40:00,2026-01-16 07:00:00
R-215,Badminton,2026-01-15 11:00:00,2026-01-15 19:00:00
R-254,Gym,2026-01-15 11:00:00,2026-01-15 21:00:00
R-104,Badminton,2026-01-15 11:05:00,2026-01-15 20:00:00
R-119,Gym,2026-01-15 11:15:00,2026-01-16 06:00:00
R-257,Badminton,2026-01-15 11:30:00,2026-01-16 18:00:00
R-420,Tennis,2026-01-15 11:55:00,2026-01-16 08:00:00
R-218,Gym,2026-01-15 12:10:00,2026-01-15 20:00:00
R-239,Gym,2026-01-15 12:15:00,2026-01-15 18:00:00
R-251,Tennis,2026-01-15 12:15:00,2026-01-17 08:00:00
R-428,Gym,2026-01-15 12:20:00,2026-01-16 06:00:00
R-190,Pool,2026-01-15 13:10:00,2026-01-17 16:00:00
R-218,Gym,2026-01-15 13:15:00,2026-01-16 10:00:00
R-391,Gym,2026-01-15 14:05:00,2026-01-16 06:00:00
R-221,Gym,2026-01-15 14:05:00,2026-01-16 06:00:00
R-159,Gym,2026-01-15 14:15:00,2026-01-16 06:00:00
R-215,Gym,2026-01-15 14:25:00,2026-01-17 13:00:00
R-124,Badminton,2026-01-15 15:05:00,2026-01-16 21:00:00
R-112,Gym,2026-01-15 15:15:00,2026-01-16 07:00:00
R-170,Gym,2026-01-15 15:45:00,2026-01-16 08:00:00
R-447,Gym,2026-01-15 16:05:00,2026-01-15 19:00:00
R-350,Pool,2026-01-15 16:30:00,2026-01-17 10:00:00
R-403,Badminton,2026-01-15 18:20:00,2026-01-16 11:00:00
R-218,Badminton,2026-01-15 19:15:00,2026-01-16 21:00:00
R-370,Gym,2026-01-15 19:35:00,2026-01-16 06:00:00
R-243,Tennis,2026-01-15 20:00:00,2026-01-17 18:00:00
R-150,Gym,2026-01-15 20:05:00,2026-01-16 07:00:00
R-126,Badminton,2026-01-15 20:35:00,2026-01-16 19:00:00
R-295,Tennis,2026-01-15 20:45:00,2026-01-20 20:00:00
R-377,Gym,2026-01-15 23:00:00,2026-01-16 08:00:00
R-274,Gym,2026-01-15 23:05:00,2026-01-16 19:00:00
R-174,Gym,2026-01-15 23:35:00,2026-01-16 06:00:00
R-306,Gym,2026-01-15 23:40:00,2026-01-16 08:00:00
R-388,Tennis,2026-01-15 23:55:00,2026-01-16 19:00:00
R-159,Gym,2026-01-16 00:05:00,2026-01-16 08:00:00
R-448,Gym,2026-01-16 00:10:00,2026-01-16 16:00:00
R-442,Gym,2026-01-16 00:15:00,2026-01-16 12:00:00
R-126,Badminton,2026-01-16 00:15:00,2026-01-16 21:00:00
R-428,Pool,2026-01-16 00:20:00,2026-01-16 08:00:00
R-208,Hall,2026-01-16 01:10:00,2026-01-20 19:00:00
R-156,Gym,2026-01-16 01:20:00,2026-01-16 06:00:00
R-423,Gym,2026-01-16 01:50:00,2026-01-16 08:00:00
R-260,Gym,2026-01-16 02:15:00,2026-01-16 20:00:00
R-239,Badminton,2026-01-16 02:15:00,2026-01-16 20:00:00
R-227,Badminton,2026-01-16 02:35:00,2026-01-16 18:00:00
R-309,Clubhouse,2026-01-16 03:10:00,2026-01-21 11:00:00
R-210,Gym,2026-01-16 03:55:00,2026-01-16 07:00:00
R-357,Gym,2026-01-16 04:10:00,2026-01-16 18:00:00
R-431,Clubhouse,2026-01-16 04:15:00,2026-01-18 11:00:00
R-335,Badminton,2026-01-16 04:15:00,2026-01-16 20:00:00
R-443,Badminton,2026-01-16 04:45:00,2026-01-16 19:00:00
R-168,Clubhouse,2026-01-16 05:10:00,2026-01-17 16:00:00
R-353,Gym,2026-01-16 05:50:00,2026-01-16 20:00:00
R-174,Gym,2026-01-16 05:50:00,2026-01-16 08:00:00
R-238,Gym,2026-01-16 06:00:00,2026-01-17 14:00:00
R-448,Badminton,2026-01-16 06:45:00,2026-01-16 19:00:00
R-366,Pool,2026-01-16 06:55:00,2026-01-19 06:00:00
R-149,Gym,2026-01-16 07:05:00,2026-01-16 21:00:00
R-400,Pool,2026-01-16 07:25:00,2026-01-17 14:00:00
R-428,Tennis,2026-01-16 07:55:00,2026-01-21 07:00:00
R-403,Badminton,2026-01-16 08:05:00,2026-01-18 18:00:00
R-302,Tennis,2026-01-16 08:10:00,2026-01-17 17:00:00
R-447,Badminton,2026-01-16 08:40:00,2026-01-16 18:00:00
R-433,Pool,2026-01-16 08:50:00,2026-01-17 11:00:00
R-134,Clubhouse,2026-01-16 09:05:00,2026-01-17 16:00:00
R-208,Tennis,2026-01-16 09:20:00,2026-01-17 18:00:00
R-141,Gym,2026-01-16 09:35:00,2026-01-16 12:00:00
R-106,Badminton,2026-01-16 10:40:00,2026-01-17 12:00:00
R-312,Pool,2026-01-16 10:50:00,2026-01-17 16:00:00
R-192,Badminton,2026-01-16 10:55:00,2026-01-17 10:00:00
R-272,Badminton,2026-01-16 11:30:00,2026-01-17 19:00:00
R-384,Pool,2026-01-16 11:35:00,2026-01-17 10:00:00
R-132,Badminton,2026-01-16 11:45:00,2026-01-17 13:00:00
R-355,Pool,2026-01-16 11:45:00,2026-01-17 10:00:00
R-313,Gym,2026-01-16 12:05:00,2026-01-16 21:00:00
R-441,Gym,2026-01-16 12:40:00,2026-01-16 18:00:00
R-279,Gym,2026-01-16 13:25:00,2026-01-17 06:00:00
R-392,Clubhouse,2026-01-16 13:45:00,2026-01-17 10:00:00
R-244,Gym,2026-01-16 14:10:00,2026-01-16 20:00:00
R-174,Gym,2026-01-16 15:20:00,2026-01-16 22:00:00
R-159,Gym,2026-01-16 15:25:00,2026-01-17 06:00:00
R-271,Gym,2026-01-16 15:25:00,2026-01-17 06:00:00
R-376,Tennis,2026-01-16 15:35:00,2026-01-17 18:00:00
R-300,Clubhouse,2026-01-16 15:50:00,2026-01-17 16:00:00
R-344,Pool,2026-01-16 16:05:00,2026-01-17 10:00:00
R-281,Badminton,2026-01-16 16:10:00,2026-01-16 21:00:00
R-145,Gym,2026-01-16 16:10:00,2026-01-17 07:00:00
R-281,Gym,2026-01-16 16:25:00,2026-01-16 20:00:00
R-227,Tennis,2026-01-16 16:50:00,2026-01-17 15:00:00
R-412,Badminton,2026-01-16 17:15:00,2026-01-17 21:00:00
R-428,Tennis,2026-01-16 17:25:00,2026-01-18 08:00:00
R-323,Tennis,2026-01-16 17:30:00,2026-01-17 20:00:00
R-151,Gym,2026-01-16 17:45:00,2026-01-17 18:00:00
R-353,Gym,2026-01-16 18:00:00,2026-01-17 19:00:00
R-225,Gym,2026-01-16 18:15:00,2026-01-17 14:00:00
R-180,Badminton,2026-01-16 18:30:00,2026-01-17 08:00:00
R-356,Pool,2026-01-16 18:40:00,2026-01-18 15:00:00
R-310,Pool,2026-01-16 18:50:00,2026-01-17 10:00:00
R-113,Clubhouse,2026-01-16 19:20:00,2026-01-17 17:00:00
R-401,Gym,2026-01-16 20:00:00,2026-01-17 07:00:00
R-319,Pool,2026-01-16 20:15:00,2026-01-18 09:00:00
R-381,Pool,2026-01-16 20:40:00,2026-01-17 12:00:00
R-274,Gym,2026-01-16 21:00:00,2026-01-17 14:00:00
R-350,Clubhouse,2026-01-16 21:05:00,2026-01-18 10:00:00
R-211,Gym,2026-01-16 21:10:00,2026-01-17 10:00:00
R-432,Gym,2026-01-16 21:30:00,2026-01-17 08:00:00
R-128,Badminton,2026-01-16 21:55:00,2026-01-17 19:00:00
R-227,Badminton,2026-01-16 22:00:00,2026-01-19 19:00:00
R-386,Pool,2026-01-16 22:20:00,2026-01-17 06:00:00
R-111,Clubhouse,2026-01-16 22:35:00,2026-01-19 18:00:00
R-236,Pool,2026-01-16 22:55:00,2026-01-17 11:00:00
R-271,Tennis,2026-01-16 22:55:00,2026-01-19 07:00:00
R-293,Badminton,2026-01-17 00:00:00,2026-01-17 21:00:00
R-120,Gym,2026-01-17 00:15:00,2026-01-18 07:00:00
R-119,Tennis,2026-01-17 00:20:00,2026-01-19 06:00:00
R-350,Pool,2026-01-17 00:20:00,2026-01-17 16:00:00
R-292,Pool,2026-01-17 00:30:00,2026-01-17 11:00:00
R-257,Gym,2026-01-17 00:30:00,2026-01-17 20:00:00
R-300,Gym,2026-01-17 01:25:00,2026-01-17 14:00:00
R-284,Gym,2026-01-17 01:30:00,2026-01-17 14:00:00
R-185,Clubhouse,2026-01-17 01:40:00,2026-01-18 15:00:00
R-376,Gym,2026-01-17 01:40:00,2026-01-17 15:00:00
R-353,Gym,2026-01-17 01:50:00,2026-01-17 13:00:00
R-121,Hall,2026-01-17 02:05:00,2026-01-23 11:00:00
R-121,Pool,2026-01-17 02:05:00,2026-01-17 15:00:00
R-358,Tennis,2026-01-17 02:20:00,2026-01-19 06:00:00
R-414,Pool,2026-01-17 02:20:00,2026-01-19 06:00:00
R-330,Badminton,2026-01-17 02:35:00,2026-01-17 21:00:00
R-339,Gym,2026-01-17 02:40:00,2026-01-17 08:00:00
R-185,Hall,2026-01-17 03:05:00,2026-01-23 15:00:00
R-146,Badminton,2026-01-17 03:15:00,2026-01-17 21:00:00
R-136,Pool,2026-01-17 03:25:00,2026-01-17 08:00:00
R-433,Pool,2026-01-17 04:10:00,2026-01-17 18:00:00
R-231,Badminton,2026-01-17 04:40:00,2026-01-17 18:00:00
R-350,Gym,2026-01-17 04:40:00,2026-01-17 11:00:00
R-387,Gym,2026-01-17 04:45:00,2026-01-17 10:00:00
R-211,Clubhouse,2026-01-17 05:00:00,2026-01-18 18:00:00
R-238,Pool,2026-01-17 05:25:00,2026-01-18 17:00:00
R-161,Pool,2026-01-17 05:25:00,2026-01-17 16:00:00
R-255,Pool,2026-01-17 06:15:00,2026-01-17 14:00:00
R-376,Pool,2026-01-17 07:00:00,2026-01-18 10:00:00
R-113,Pool,2026-01-17 07:20:00,2026-01-17 18:00:00
R-138,Pool,2026-01-17 07:30:00,2026-01-17 16:00:00
R-214,Pool,2026-01-17 09:00:00,2026-01-17 17:00:00
R-435,Pool,2026-01-17 09:05:00,2026-01-18 11:00:00
R-192,Pool,2026-01-17 09:05:00,2026-01-17 14:00:00
R-358,Gym,2026-01-17 10:40:00,2026-01-19 08:00:00
R-165,Hall,2026-01-17 11:05:00,2026-01-31 11:00:00
R-292,Pool,2026-01-17 11:50:00,2026-01-18 11:00:00
R-298,Gym,2026-01-17 11:55:00,2026-01-18 07:00:00
R-426,Tennis,2026-01-17 12:00:00,2026-01-19 18:00:00
R-136,Pool,2026-01-17 12:15:00,2026-01-18 18:00:00
R-104,Gym,2026-01-17 12:15:00,2026-01-17 18:00:00
R-230,Clubhouse,2026-01-17 13:40:00,2026-01-18 22:00:00
R-183,Pool,2026-01-17 13:45:00,2026-01-18 10:00:00
R-255,Pool,2026-01-17 13:45:00,2026-01-18 15:00:00
R-388,Badminton,2026-01-17 13:50:00,2026-01-17 20:00:00
R-144,Gym,2026-01-17 14:20:00,2026-01-18 06:00:00
R-240,Badminton,2026-01-17 15:10:00,2026-01-19 07:00:00
R-167,Tennis,2026-01-17 16:15:00,2026-01-19 06:00:00
R-419,Clubhouse,2026-01-17 16:25:00,2026-01-18 15:00:00
R-376,Pool,2026-01-17 16:50:00,2026-01-18 07:00:00
R-106,Pool,2026-01-17 16:55:00,2026-01-19 19:00:00
R-167,Gym,2026-01-17 17:20:00,2026-01-18 08:00:00
R-306,Tennis,2026-01-17 18:10:00,2026-01-20 06:00:00
R-145,Gym,2026-01-17 18:10:00,2026-01-18 07:00:00
R-242,Tennis,2026-01-17 18:20:00,2026-01-19 18:00:00
R-100,Pool,2026-01-17 18:25:00,2026-01-18 10:00:00
R-149,Gym,2026-01-17 18:50:00,2026-01-17 21:00:00
R-332,Gym,2026-01-17 20:05:00,2026-01-18 11:00:00
R-100,Pool,2026-01-17 20:25:00,2026-01-18 15:00:00
R-353,Badminton,2026-01-17 21:55:00,2026-01-19 06:00:00
R-423,Gym,2026-01-17 22:15:00,2026-01-19 06:00:00
R-274,Badminton,2026-01-17 22:30:00,2026-01-19 18:00:00
R-285,Badminton,2026-01-17 22:30:00,2026-01-18 16:00:00
R-157,Gym,2026-01-17 22:35:00,2026-01-18 17:00:00
R-398,Pool,2026-01-17 23:45:00,2026-01-18 11:00:00
R-386,Pool,2026-01-17 23:55:00,2026-01-18 15:00:00
R-205,Pool,2026-01-18 00:05:00,2026-01-18 15:00:00
R-286,Badminton,2026-01-18 00:10:00,2026-01-19 09:00:00
R-344,Pool,2026-01-18 00:55:00,2026-01-18 15:00:00
R-391,Tennis,2026-01-18 01:05:00,2026-01-19 08:00:00
R-187,Badminton,2026-01-18 01:20:00,2026-01-18 20:00:00
R-398,Pool,2026-01-18 01:25:00,2026-01-18 15:00:00
R-132,Pool,2026-01-18 01:40:00,2026-01-18 10:00:00
R-309,Pool,2026-01-18 02:45:00,2026-01-18 16:00:00
R-132,Pool,2026-01-18 02:55:00,2026-01-18 14:00:00
R-414,Clubhouse,2026-01-18 03:10:00,2026-01-19 12:00:00
R-398,Gym,2026-01-18 03:45:00,2026-01-18 14:00:00
R-341,Tennis,2026-01-18 04:00:00,2026-01-20 12:00:00
R-370,Tennis,2026-01-18 04:10:00,2026-01-20 07:00:00
R-172,Gym,2026-01-18 04:25:00,2026-01-18 12:00:00
R-353,Gym,2026-01-18 04:30:00,2026-01-18 21:00:00
R-177,Badminton,2026-01-18 04:40:00,2026-01-18 19:00:00
R-396,Pool,2026-01-18 05:20:00,2026-01-18 17:00:00
R-341,Tennis,2026-01-18 05:40:00,2026-01-20 07:00:00
R-437,Gym,2026-01-18 05:55:00,2026-01-18 19:00:00
R-363,Pool,2026-01-18 06:35:00,2026-01-18 14:00:00
R-404,Badminton,2026-01-18 07:00:00,2026-01-19 18:00:00
R-404,Badminton,2026-01-18 07:05:00,2026-01-18 19:00:00
R-246,Tennis,2026-01-18 07:10:00,2026-01-19 06:00:00
R-144,Tennis,2026-01-18 07:15:00,2026-01-19 07:00:00
R-400,Pool,2026-01-18 07:55:00,2026-01-18 14:00:00
R-118,Gym,2026-01-18 08:10:00,2026-01-19 07:00:00
R-225,Gym,2026-01-18 08:25:00,2026-01-19 07:00:00
R-195,Pool,2026-01-18 09:05:00,2026-01-18 14:00:00
R-184,Pool,2026-01-18 09:10:00,2026-01-18 15:00:00
R-154,Tennis,2026-01-18 09:30:00,2026-01-20 18:00:00
R-250,Pool,2026-01-18 09:50:00,2026-01-21 07:00:00
R-210,Badminton,2026-01-18 09:50:00,2026-01-19 06:00:00
R-336,Pool,2026-01-18 10:00:00,2026-01-18 15:00:00
R-118,Tennis,2026-01-18 10:05:00,2026-01-20 07:00:00
R-431,Clubhouse,2026-01-18 10:15:00,2026-01-18 22:00:00
R-353,Tennis,2026-01-18 10:35:00,2026-01-19 19:00:00
R-279,Tennis,2026-01-18 11:15:00,2026-01-23 07:00:00
R-297,Tennis,2026-01-18 11:20:00,2026-01-19 08:00:00
R-401,Tennis,2026-01-18 11:20:00,2026-01-19 07:00:00
R-145,Gym,2026-01-18 11:25:00,2026-01-20 07:00:00
R-329,Gym,2026-01-18 11:25:00,2026-01-19 08:00:00
R-170,Tennis,2026-01-18 12:40:00,2026-01-19 08:00:00
R-298,Gym,2026-01-18 12:50:00,2026-01-19 07:00:00
R-222,Badminton,2026-01-18 13:00:00,2026-01-19 21:00:00
R-267,Badminton,2026-01-18 13:15:00,2026-01-20 18:00:00
R-170,Gym,2026-01-18 14:45:00,2026-01-19 06:00:00
R-126,Badminton,2026-01-18 15:05:00,2026-01-19 20:00:00
R-225,Gym,2026-01-18 15:30:00,2026-01-19 08:00:00
R-112,Gym,2026-01-18 15:45:00,2026-01-19 06:00:00
R-365,Badminton,2026-01-18 15:50:00,2026-01-19 20:00:00
R-283,Hall,2026-01-18 16:10:00,2026-02-01 16:00:00
R-221,Gym,2026-01-18 16:55:00,2026-01-19 07:00:00
R-142,Badminton,2026-01-18 17:45:00,2026-01-19 21:00:00
R-306,Gym,2026-01-18 17:55:00,2026-01-19 06:00:00
R-243,Badminton,2026-01-18 18:10:00,2026-01-19 17:00:00
R-428,Gym,2026-01-18 18:30:00,2026-01-19 06:00:00
R-159,Gym,2026-01-18 18:40:00,2026-01-19 08:00:00
R-397,Gym,2026-01-18 19:10:00,2026-01-19 18:00:00
R-102,Gym,2026-01-18 19:20:00,2026-01-19 08:00:00
R-124,Tennis,2026-01-18 19:30:00,2026-01-19 17:00:00
R-293,Badminton,2026-01-18 19:35:00,2026-01-19 08:00:00
R-424,Tennis,2026-01-18 19:55:00,2026-01-19 07:00:00
R-102,Gym,2026-01-18 20:35:00,2026-01-20 08:00:00
R-156,Gym,2026-01-18 20:45:00,2026-01-19 06:00:00
R-173,Gym,2026-01-18 20:50:00,2026-01-20 20:00:00
R-401,Tennis,2026-01-18 21:05:00,2026-01-20 07:00:00
R-198,Gym,2026-01-18 21:10:00,2026-01-19 08:00:00
R-327,Clubhouse,2026-01-18 21:50:00,2026-01-23 18:00:00
R-117,Gym,2026-01-18 22:00:00,2026-01-19 06:00:00
R-339,Gym,2026-01-18 22:05:00,2026-01-19 07:00:00
R-145,Gym,2026-01-18 22:10:00,2026-01-19 08:00:00
R-421,Gym,2026-01-18 22:35:00,2026-01-19 08:00:00
R-167,Gym,2026-01-18 22:55:00,2026-01-19 07:00:00
R-105,Gym,2026-01-18 22:55:00,2026-01-19 07:00:00
R-155,Gym,2026-01-18 23:55:00,2026-01-19 21:00:00
R-281,Tennis,2026-01-19 00:00:00,2026-01-19 19:00:00
R-389,Gym,2026-01-19 00:35:00,2026-01-19 07:00:00
R-361,Gym,2026-01-19 00:35:00,2026-01-19 06:00:00
R-435,Pool,2026-01-19 00:40:00,2026-01-19 10:00:00
R-171,Gym,2026-01-19 00:50:00,2026-01-20 07:00:00
R-428,Pool,2026-01-19 01:05:00,2026-01-19 07:00:00
R-174,Gym,2026-01-19 01:10:00,2026-01-19 08:00:00
R-367,Badminton,2026-01-19 01:15:00,2026-01-19 17:00:00
R-136,Pool,2026-01-19 02:10:00,2026-01-19 19:00:00
R-389,Gym,2026-01-19 02:20:00,2026-01-19 06:00:00
R-366,Pool,2026-01-19 03:20:00,2026-01-20 07:00:00
R-170,Gym,2026-01-19 03:20:00,2026-01-20 07:00:00
R-271,Gym,2026-01-19 03:35:00,2026-01-19 06:00:00
R-126,Pool,2026-01-19 04:30:00,2026-01-19 19:00:00
R-118,Tennis,2026-01-19 04:45:00,2026-01-20 08:00:00
R-177,Gym,2026-01-19 05:05:00,2026-01-19 18:00:00
R-446,Gym,2026-01-19 05:20:00,2026-01-19 08:00:00
R-228,Badminton,2026-01-19 05:35:00,2026-01-19 21:00:00
R-218,Gym,2026-01-19 05:40:00,2026-01-19 21:00:00
R-447,Gym,2026-01-19 06:00:00,2026-01-19 19:00:00
R-171,Gym,2026-01-19 06:05:00,2026-01-20 12:00:00
R-110,Tennis,2026-01-19 06:50:00,2026-01-20 08:00:00
R-150,Gym,2026-01-19 07:25:00,2026-01-20 08:00:00
R-229,Tennis,2026-01-19 07:40:00,2026-01-20 12:00:00
R-156,Tennis,2026-01-19 08:10:00,2026-01-21 07:00:00
R-244,Gym,2026-01-19 08:25:00,2026-01-19 17:00:00
R-128,Badminton,2026-01-19 08:35:00,2026-01-19 18:00:00
R-391,Gym,2026-01-19 08:55:00,2026-01-19 21:00:00
R-144,Tennis,2026-01-19 09:00:00,2026-01-20 06:00:00
R-248,Gym,2026-01-19 10:05:00,2026-01-19 20:00:00
R-151,Badminton,2026-01-19 10:30:00,2026-01-19 21:00:00
R-449,Pool,2026-01-19 10:45:00,2026-01-19 20:00:00
R-104,Gym,2026-01-19 11:05:00,2026-01-19 19:00:00
R-347,Tennis,2026-01-19 11:35:00,2026-01-21 07:00:00
R-122,Badminton,2026-01-19 11:40:00,2026-01-20 17:00:00
R-105,Gym,2026-01-19 12:00:00,2026-01-20 06:00:00
R-218,Badminton,2026-01-19 12:10:00,2026-01-20 21:00:00
R-243,Gym,2026-01-19 12:20:00,2026-01-19 21:00:00
R-441,Gym,2026-01-19 12:20:00,2026-01-19 21:00:00
R-277,Badminton,2026-01-19 12:35:00,2026-01-20 21:00:00
R-149,Gym,2026-01-19 12:40:00,2026-01-20 18:00:00
R-428,Gym,2026-01-19 13:10:00,2026-01-20 06:00:00
R-441,Gym,2026-01-19 13:40:00,2026-01-19 20:00:00
R-222,Gym,2026-01-19 14:15:00,2026-01-20 14:00:00
R-104,Badminton,2026-01-19 14:40:00,2026-01-20 18:00:00
R-412,Tennis,2026-01-19 14:50:00,2026-01-20 21:00:00
R-257,Badminton,2026-01-19 15:15:00,2026-01-20 21:00:00
R-159,Gym,2026-01-19 15:40:00,2026-01-20 07:00:00
R-102,Gym,2026-01-19 16:00:00,2026-01-19 20:00:00
R-234,Tennis,2026-01-19 16:10:00,2026-01-20 08:00:00
R-102,Gym,2026-01-19 16:30:00,2026-01-20 06:00:00
R-271,Tennis,2026-01-19 17:00:00,2026-01-21 06:00:00
R-377,Badminton,2026-01-19 17:00:00,2026-01-20 14:00:00
R-188,Tennis,2026-01-19 17:10:00,2026-01-21 06:00:00
R-119,Gym,2026-01-19 17:45:00,2026-01-20 07:00:00
R-188,Tennis,2026-01-19 18:10:00,2026-01-21 08:00:00
R-105,Gym,2026-01-19 18:30:00,2026-01-20 08:00:00
R-448,Badminton,2026-01-19 18:45:00,2026-01-20 19:00:00
R-267,Gym,2026-01-19 19:20:00,2026-01-21 19:00:00
R-339,Tennis,2026-01-19 19:50:00,2026-01-23 07:00:00
R-434,Pool,2026-01-19 20:00:00,2026-01-20 06:00:00
R-257,Badminton,2026-01-19 20:40:00,2026-01-20 19:00:00
R-318,Pool,2026-01-19 20:45:00,2026-01-20 18:00:00
R-155,Gym,2026-01-19 21:00:00,2026-01-20 06:00:00
R-423,Tennis,2026-01-19 21:35:00,2026-01-22 06:00:00
R-145,Gym,2026-01-19 21:45:00,2026-01-20 06:00:00
R-434,Gym,2026-01-19 22:05:00,2026-01-20 17:00:00
R-441,Tennis,2026-01-19 23:25:00,2026-01-20 20:00:00
R-241,Pool,2026-01-19 23:30:00,2026-01-20 06:00:00
R-145,Gym,2026-01-19 23:40:00,2026-01-20 08:00:00
R-413,Tennis,2026-01-20 00:50:00,2026-01-22 18:00:00
R-179,Badminton,2026-01-20 01:05:00,2026-01-20 18:00:00
R-397,Gym,2026-01-20 02:05:00,2026-01-20 20:00:00
R-239,Badminton,2026-01-20 02:20:00,2026-01-20 19:00:00
R-219,Badminton,2026-01-20 02:40:00,2026-01-21 20:00:00
R-366,Gym,2026-01-20 02:50:00,2026-01-21 06:00:00
R-238,Pool,2026-01-20 03:10:00,2026-01-20 10:00:00
R-286,Gym,2026-01-20 03:30:00,2026-01-21 20:00:00
R-401,Gym,2026-01-20 03:30:00,2026-01-21 06:00:00
R-149,Badminton,2026-01-20 03:30:00,2026-01-20 19:00:00
R-338,Gym,2026-01-20 03:35:00,2026-01-20 21:00:00
R-118,Gym,2026-01-20 03:40:00,2026-01-20 22:00:00
R-156,Gym,2026-01-20 04:10:00,2026-01-20 07:00:00
R-128,Gym,2026-01-20 04:30:00,2026-01-20 21:00:00
R-167,Tennis,2026-01-20 05:30:00,2026-01-21 06:00:00
R-215,Badminton,2026-01-20 05:30:00,2026-01-20 20:00:00
R-225,Gym,2026-01-20 06:00:00,2026-01-21 07:00:00
R-272,Badminton,2026-01-20 06:10:00,2026-01-21 19:00:00
R-177,Pool,2026-01-20 06:50:00,2026-01-20 18:00:00
R-284,Gym,2026-01-20 07:00:00,2026-01-20 16:00:00
R-221,Tennis,2026-01-20 07:05:00,2026-01-21 08:00:00
R-116,Tennis,2026-01-20 07:15:00,2026-01-21 07:00:00
R-150,Gym,2026-01-20 08:05:00,2026-01-21 07:00:00
R-443,Gym,2026-01-20 08:15:00,2026-01-20 20:00:00
R-243,Badminton,2026-01-20 08:40:00,2026-01-23 18:00:00
R-373,Badminton,2026-01-20 08:40:00,2026-01-20 21:00:00
R-215,Badminton,2026-01-20 08:45:00,2026-01-21 21:00:00
R-150,Tennis,2026-01-20 09:00:00,2026-01-21 06:00:00
R-242,Tennis,2026-01-20 09:00:00,2026-01-20 17:00:00
R-281,Gym,2026-01-20 09:20:00,2026-01-20 18:00:00
R-218,Gym,2026-01-20 09:20:00,2026-01-21 19:00:00
R-365,Gym,2026-01-20 09:45:00,2026-01-20 19:00:00
R-414,Gym,2026-01-20 10:20:00,2026-01-21 07:00:00
R-361,Gym,2026-01-20 11:20:00,2026-01-21 06:00:00
R-243,Badminton,2026-01-20 11:30:00,2026-01-20 20:00:00
R-446,Gym,2026-01-20 11:35:00,2026-01-21 08:00:00
R-351,Gym,2026-01-20 11:50:00,2026-01-22 08:00:00
R-274,Gym,2026-01-20 12:15:00,2026-01-20 20:00:00
R-256,Gym,2026-01-20 13:10:00,2026-01-21 07:00:00
R-366,Gym,2026-01-20 13:20:00,2026-01-21 07:00:00
R-104,Gym,2026-01-20 13:35:00,2026-01-20 21:00:00
R-401,Tennis,2026-01-20 14:45:00,2026-01-21 08:00:00
R-306,Tennis,2026-01-20 15:10:00,2026-01-23 07:00:00
R-250,Gym,2026-01-20 15:45:00,2026-01-21 08:00:00
R-155,Gym,2026-01-20 16:05:00,2026-01-21 07:00:00
R-413,Gym,2026-01-20 16:10:00,2026-01-21 06:00:00
R-279,Gym,2026-01-20 16:15:00,2026-01-22 07:00:00
R-144,Gym,2026-01-20 17:40:00,2026-01-20 21:00:00
R-446,Gym,2026-01-20 18:25:00,2026-01-21 06:00:00
R-423,Gym,2026-01-20 18:50:00,2026-01-21 08:00:00
R-121,Hall,2026-01-20 18:50:00,2026-02-03 18:00:00
R-338,Badminton,2026-01-20 19:10:00,2026-01-21 21:00:00
R-274,Badminton,2026-01-20 19:15:00,2026-01-21 19:00:00
R-281,Badminton,2026-01-20 19:20:00,2026-01-22 20:00:00
R-252,Badminton,2026-01-20 20:15:00,2026-01-21 20:00:00
R-286,Gym,2026-01-20 20:25:00,2026-01-21 18:00:00
R-281,Badminton,2026-01-20 20:40:00,2026-01-21 18:00:00
R-154,Badminton,2026-01-20 20:45:00,2026-01-21 18:00:00
R-339,Gym,2026-01-20 20:50:00,2026-01-21 07:00:00
R-423,Pool,2026-01-20 20:50:00,2026-01-21 17:00:00
R-424,Gym,2026-01-20 21:05:00,2026-01-21 06:00:00
R-243,Badminton,2026-01-20 22:15:00,2026-01-22 18:00:00
R-271,Gym,2026-01-20 22:20:00,2026-01-22 06:00:00
R-102,Gym,2026-01-20 22:35:00,2026-01-21 08:00:00
R-389,Gym,2026-01-20 23:10:00,2026-01-21 07:00:00
R-173,Gym,2026-01-20 23:20:00,2026-01-21 08:00:00
R-142,Badminton,2026-01-20 23:40:00,2026-01-21 18:00:00
R-309,Clubhouse,2026-01-20 23:45:00,2026-01-24 18:00:00
R-144,Pool,2026-01-20 23:50:00,2026-01-21 07:00:00
R-434,Gym,2026-01-21 00:10:00,2026-01-21 08:00:00
R-223,Tennis,2026-01-21 00:30:00,2026-01-21 18:00:00
R-144,Badminton,2026-01-21 00:35:00,2026-01-22 07:00:00
R-171,Pool,2026-01-21 00:55:00,2026-01-21 08:00:00
R-271,Tennis,2026-01-21 01:15:00,2026-01-22 08:00:00
R-331,Tennis,2026-01-21 01:50:00,2026-01-22 16:00:00
R-376,Pool,2026-01-21 01:55:00,2026-01-21 16:00:00
R-414,Pool,2026-01-21 02:10:00,2026-01-23 06:00:00
R-176,Hall,2026-01-21 02:30:00,2026-01-24 15:00:00
R-392,Clubhouse,2026-01-21 02:35:00,2026-01-24 17:00:00
R-366,Gym,2026-01-21 03:10:00,2026-01-21 16:00:00
R-441,Gym,2026-01-21 03:30:00,2026-01-21 21:00:00
R-424,Gym,2026-01-21 03:45:00,2026-01-21 08:00:00
R-149,Badminton,2026-01-21 04:10:00,2026-01-21 19:00:00
R-174,Gym,2026-01-21 04:20:00,2026-01-21 08:00:00
R-202,Badminton,2026-01-21 05:15:00,2026-01-21 19:00:00
R-114,Gym,2026-01-21 05:45:00,2026-01-21 10:00:00
R-213,Badminton,2026-01-21 06:00:00,2026-01-23 20:00:00
R-236,Pool,2026-01-21 06:10:00,2026-01-21 15:00:00
R-401,Gym,2026-01-21 06:35:00,2026-01-22 09:00:00
R-146,Badminton,2026-01-21 07:00:00,2026-01-22 19:00:00
R-441,Badminton,2026-01-21 07:50:00,2026-01-22 19:00:00
R-358,Gym,2026-01-21 08:15:00,2026-01-22 08:00:00
R-277,Badminton,2026-01-21 09:30:00,2026-01-22 11:00:00
R-300,Clubhouse,2026-01-21 09:50:00,2026-01-25 18:00:00
R-306,Tennis,2026-01-21 10:30:00,2026-01-23 08:00:00
R-257,Badminton,2026-01-21 10:40:00,2026-01-21 18:00:00
R-437,Badminton,2026-01-21 11:35:00,2026-01-22 21:00:00
R-443,Badminton,2026-01-21 11:35:00,2026-01-22 19:00:00
R-279,Gym,2026-01-21 11:35:00,2026-01-23 08:00:00
R-167,Gym,2026-01-21 12:00:00,2026-01-22 06:00:00
R-274,Gym,2026-01-21 13:50:00,2026-01-21 21:00:00
R-448,Gym,2026-01-21 13:50:00,2026-01-21 19:00:00
R-306,Gym,2026-01-21 14:00:00,2026-01-22 07:00:00
R-424,Gym,2026-01-21 14:30:00,2026-01-22 07:00:00
R-418,Pool,2026-01-21 14:50:00,2026-01-22 08:00:00
R-155,Pool,2026-01-21 14:50:00,2026-01-23 07:00:00
R-210,Gym,2026-01-21 15:25:00,2026-01-22 06:00:00
R-401,Gym,2026-01-21 15:50:00,2026-01-22 06:00:00
R-117,Tennis,2026-01-21 16:10:00,2026-01-22 06:00:00
R-314,Badminton,2026-01-21 17:05:00,2026-01-22 20:00:00
R-391,Gym,2026-01-21 17:50:00,2026-01-22 07:00:00
R-181,Badminton,2026-01-21 17:55:00,2026-01-22 20:00:00
R-163,Gym,2026-01-21 18:00:00,2026-01-22 08:00:00
R-420,Tennis,2026-01-21 18:25:00,2026-01-22 21:00:00
R-252,Badminton,2026-01-21 18:25:00,2026-01-23 21:00:00
R-329,Gym,2026-01-21 19:00:00,2026-01-22 08:00:00
R-267,Badminton,2026-01-21 20:00:00,2026-01-23 15:00:00
R-105,Gym,2026-01-21 20:05:00,2026-01-23 07:00:00
R-246,Gym,2026-01-21 20:20:00,2026-01-22 07:00:00
R-274,Badminton,2026-01-21 20:20:00,2026-01-22 19:00:00
R-272,Badminton,2026-01-21 20:25:00,2026-01-22 18:00:00
R-432,Gym,2026-01-21 20:30:00,2026-01-22 07:00:00
R-306,Pool,2026-01-21 20:35:00,2026-01-22 08:00:00
R-171,Gym,2026-01-21 20:50:00,2026-01-22 07:00:00
R-117,Gym,2026-01-21 21:15:00,2026-01-22 08:00:00
R-401,Gym,2026-01-21 21:30:00,2026-01-22 08:00:00
R-110,Gym,2026-01-21 21:55:00,2026-01-22 07:00:00
R-432,Pool,2026-01-21 22:05:00,2026-01-22 06:00:00
R-414,Gym,2026-01-21 22:10:00,2026-01-23 22:00:00
R-428,Gym,2026-01-21 22:15:00,2026-01-22 08:00:00
R-225,Gym,2026-01-21 22:35:00,2026-01-22 06:00:00
R-155,Gym,2026-01-21 23:40:00,2026-01-22 06:00:00
R-218,Gym,2026-01-21 23:50:00,2026-01-22 18:00:00
R-443,Badminton,2026-01-21 23:50:00,2026-01-22 18:00:00
R-218,Gym,2026-01-21 23:55:00,2026-01-22 21:00:00
R-174,Gym,2026-01-22 00:10:00,2026-01-22 13:00:00
R-170,Gym,2026-01-22 00:15:00,2026-01-22 06:00:00
R-418,Gym,2026-01-22 00:30:00,2026-01-22 06:00:00
R-432,Gym,2026-01-22 00:45:00,2026-01-22 08:00:00
R-265,Pool,2026-01-22 01:00:00,2026-01-22 07:00:00
R-219,Gym,2026-01-22 01:25:00,2026-01-22 19:00:00
R-119,Gym,2026-01-22 01:30:00,2026-01-22 07:00:00
R-211,Pool,2026-01-22 01:30:00,2026-01-22 17:00:00
R-181,Badminton,2026-01-22 01:45:00,2026-01-23 21:00:00
R-428,Pool,2026-01-22 01:50:00,2026-01-23 19:00:00
R-222,Badminton,2026-01-22 02:40:00,2026-01-22 21:00:00
R-448,Gym,2026-01-22 02:45:00,2026-01-22 14:00:00
R-210,Gym,2026-01-22 02:55:00,2026-01-22 12:00:00
R-159,Gym,2026-01-22 03:00:00,2026-01-22 15:00:00
R-373,Gym,2026-01-22 03:20:00,2026-01-22 18:00:00
R-219,Gym,2026-01-22 03:30:00,2026-01-22 09:00:00
R-363,Clubhouse,2026-01-22 03:30:00,2026-01-25 14:00:00
R-125,Gym,2026-01-22 03:55:00,2026-01-23 08:00:00
R-112,Gym,2026-01-22 04:00:00,2026-01-23 06:00:00
R-208,Badminton,2026-01-22 04:20:00,2026-01-22 20:00:00
R-274,Gym,2026-01-22 04:25:00,2026-01-22 20:00:00
R-350,Clubhouse,2026-01-22 04:50:00,2026-01-24 18:00:00
R-391,Tennis,2026-01-22 05:10:00,2026-01-23 07:00:00
R-219,Gym,2026-01-22 05:35:00,2026-01-22 18:00:00
R-260,Badminton,2026-01-22 05:50:00,2026-01-23 06:00:00
R-228,Gym,2026-01-22 09:00:00,2026-01-22 20:00:00
R-138,Clubhouse,2026-01-22 09:15:00,2026-01-25 15:00:00
R-286,Gym,2026-01-22 09:30:00,2026-01-22 21:00:00
R-349,Clubhouse,2026-01-22 09:55:00,2026-01-25 15:00:00
R-274,Gym,2026-01-22 10:10:00,2026-01-23 20:00:00
R-227,Gym,2026-01-22 10:10:00,2026-01-22 20:00:00
R-165,Hall,2026-01-22 10:30:00,2026-01-31 18:00:00
R-374,Gym,2026-01-22 10:45:00,2026-01-22 19:00:00
R-358,Gym,2026-01-22 11:40:00,2026-01-23 07:00:00
R-115,Pool,2026-01-22 11:45:00,2026-01-24 11:00:00
R-257,Gym,2026-01-22 11:55:00,2026-01-22 19:00:00
R-225,Gym,2026-01-22 12:30:00,2026-01-23 07:00:00
R-208,Badminton,2026-01-22 12:30:00,2026-01-23 18:00:00
R-296,Badminton,2026-01-22 12:50:00,2026-01-23 18:00:00
R-401,Tennis,2026-01-22 13:25:00,2026-01-23 06:00:00
R-126,Badminton,2026-01-22 13:50:00,2026-01-23 18:00:00
R-242,Pool,2026-01-22 13:55:00,2026-01-22 19:00:00
R-290,Gym,2026-01-22 14:20:00,2026-01-22 21:00:00
R-437,Badminton,2026-01-22 14:30:00,2026-01-23 21:00:00
R-118,Gym,2026-01-22 14:50:00,2026-01-22 21:00:00
R-150,Gym,2026-01-22 16:05:00,2026-01-23 06:00:00
R-339,Gym,2026-01-22 16:40:00,2026-01-23 08:00:00
R-434,Gym,2026-01-22 17:15:00,2026-01-23 07:00:00
R-225,Gym,2026-01-22 18:15:00,2026-01-23 06:00:00
R-309,Pool,2026-01-22 18:35:00,2026-01-25 18:00:00
R-110,Gym,2026-01-22 19:15:00,2026-01-23 07:00:00
R-391,Tennis,2026-01-22 19:35:00,2026-01-23 06:00:00
R-219,Gym,2026-01-22 19:55:00,2026-01-23 20:00:00
R-324,Gym,2026-01-22 21:55:00,2026-01-23 21:00:00
R-132,Clubhouse,2026-01-22 22:40:00,2026-01-25 14:00:00
R-213,Badminton,2026-01-22 22:45:00,2026-01-24 19:00:00
R-109,Pool,2026-01-22 23:20:00,2026-01-24 14:00:00
R-324,Gym,2026-01-22 23:25:00,2026-01-23 19:00:00
R-286,Gym,2026-01-22 23:30:00,2026-01-23 19:00:00
R-129,Gym,2026-01-22 23:30:00,2026-01-23 12:00:00
R-201,Pool,2026-01-22 23:40:00,2026-01-23 07:00:00
R-432,Tennis,2026-01-22 23:45:00,2026-01-23 12:00:00
R-203,Gym,2026-01-22 23:50:00,2026-01-23 06:00:00
R-248,Badminton,2026-01-23 00:15:00,2026-01-23 20:00:00
R-114,Pool,2026-01-23 01:20:00,2026-01-23 08:00:00
R-281,Badminton,2026-01-23 01:20:00,2026-01-23 20:00:00
R-260,Badminton,2026-01-23 01:40:00,2026-01-23 21:00:00
R-433,Clubhouse,2026-01-23 02:25:00,2026-01-24 11:00:00
R-293,Badminton,2026-01-23 03:05:00,2026-01-23 14:00:00
R-405,Pool,2026-01-23 04:15:00,2026-01-23 16:00:00
R-149,Badminton,2026-01-23 05:10:00,2026-01-23 12:00:00
R-113,Pool,2026-01-23 05:30:00,2026-01-24 10:00:00
R-235,Gym,2026-01-23 05:45:00,2026-01-23 19:00:00
R-361,Gym,2026-01-23 05:55:00,2026-01-23 14:00:00
R-277,Badminton,2026-01-23 06:05:00,2026-01-23 20:00:00
R-165,Hall,2026-01-23 06:15:00,2026-01-31 19:00:00
R-146,Gym,2026-01-23 07:00:00,2026-01-23 20:00:00
R-386,Pool,2026-01-23 07:15:00,2026-01-24 17:00:00
R-335,Pool,2026-01-23 08:00:00,2026-01-23 19:00:00
R-423,Gym,2026-01-23 08:25:00,2026-01-24 07:00:00
R-347,Gym,2026-01-23 08:40:00,2026-01-23 15:00:00
R-142,Badminton,2026-01-23 08:50:00,2026-01-23 19:00:00
R-306,Tennis,2026-01-23 09:00:00,2026-01-26 08:00:00
R-400,Pool,2026-01-23 09:45:00,2026-01-24 10:00:00
R-312,Clubhouse,2026-01-23 10:10:00,2026-01-24 18:00:00
R-404,Tennis,2026-01-23 10:40:00,2026-01-23 21:00:00
R-197,Pool,2026-01-23 10:40:00,2026-01-24 09:00:00
R-140,Badminton,2026-01-23 10:40:00,2026-01-23 19:00:00
R-403,Badminton,2026-01-23 12:10:00,2026-01-24 20:00:00
R-260,Gym,2026-01-23 12:35:00,2026-01-23 20:00:00
R-274,Badminton,2026-01-23 12:45:00,2026-01-24 18:00:00
R-435,Clubhouse,2026-01-23 12:50:00,2026-01-24 21:00:00
R-104,Gym,2026-01-23 13:00:00,2026-01-23 18:00:00
R-257,Gym,2026-01-23 13:15:00,2026-01-23 18:00:00
R-192,Pool,2026-01-23 13:30:00,2026-01-24 10:00:00
R-215,Gym,2026-01-23 13:35:00,2026-01-23 19:00:00
R-191,Badminton,2026-01-23 13:35:00,2026-01-24 15:00:00
R-443,Tennis,2026-01-23 14:35:00,2026-01-23 21:00:00
R-132,Clubhouse,2026-01-23 15:05:00,2026-01-25 10:00:00
R-363,Clubhouse,2026-01-23 16:25:00,2026-01-24 14:00:00
R-363,Gym,2026-01-23 18:00:00,2026-01-24 15:00:00
R-243,Badminton,2026-01-23 19:10:00,2026-01-24 19:00:00
R-312,Pool,2026-01-23 19:40:00,2026-01-25 11:00:00
R-176,Hall,2026-01-23 19:55:00,2026-02-06 19:00:00
R-428,Tennis,2026-01-23 21:15:00,2026-01-26 07:00:00
R-137,Pool,2026-01-23 21:20:00,2026-01-24 07:00:00
R-272,Badminton,2026-01-23 21:40:00,2026-01-24 11:00:00
R-236,Pool,2026-01-23 21:40:00,2026-01-24 11:00:00
R-338,Gym,2026-01-23 21:50:00,2026-01-24 18:00:00
R-319,Gym,2026-01-23 22:25:00,2026-01-24 08:00:00
R-339,Gym,2026-01-23 22:25:00,2026-01-24 14:00:00
R-433,Clubhouse,2026-01-23 22:55:00,2026-01-25 14:00:00
R-195,Clubhouse,2026-01-23 23:40:00,2026-01-24 15:00:00
R-376,Pool,2026-01-23 23:40:00,2026-01-24 11:00:00
R-224,Badminton,2026-01-23 23:50:00,2026-01-24 18:00:00
R-183,Pool,2026-01-24 00:20:00,2026-01-24 14:00:00
R-195,Pool,2026-01-24 00:25:00,2026-01-24 11:00:00
R-181,Badminton,2026-01-24 00:30:00,2026-01-24 20:00:00
R-173,Badminton,2026-01-24 00:40:00,2026-01-24 18:00:00
R-389,Gym,2026-01-24 00:55:00,2026-01-25 08:00:00
R-106,Badminton,2026-01-24 01:30:00,2026-01-26 17:00:00
R-414,Pool,2026-01-24 01:30:00,2026-01-24 08:00:00
R-115,Clubhouse,2026-01-24 01:40:00,2026-01-25 17:00:00
R-228,Badminton,2026-01-24 02:00:00,2026-01-24 21:00:00
R-392,Pool,2026-01-24 02:10:00,2026-01-24 10:00:00
R-146,Tennis,2026-01-24 02:10:00,2026-01-24 19:00:00
R-360,Gym,2026-01-24 02:15:00,2026-01-24 18:00:00
R-257,Badminton,2026-01-24 02:20:00,2026-01-24 19:00:00
R-376,Gym,2026-01-24 03:10:00,2026-01-24 18:00:00
R-158,Pool,2026-01-24 03:15:00,2026-01-24 18:00:00
R-156,Gym,2026-01-24 03:15:00,2026-01-24 12:00:00
R-211,Gym,2026-01-24 03:30:00,2026-01-24 11:00:00
R-286,Pool,2026-01-24 03:50:00,2026-01-24 20:00:00
R-231,Badminton,2026-01-24 03:50:00,2026-01-24 19:00:00
R-230,Clubhouse,2026-01-24 04:05:00,2026-01-24 18:00:00
R-132,Gym,2026-01-24 05:15:00,2026-01-24 15:00:00
R-272,Badminton,2026-01-24 05:25:00,2026-01-24 18:00:00
R-396,Pool,2026-01-24 05:40:00,2026-01-24 21:00:00
R-102,Tennis,2026-01-24 06:35:00,2026-01-29 06:00:00
R-431,Pool,2026-01-24 08:30:00,2026-01-24 19:00:00
R-286,Badminton,2026-01-24 08:40:00,2026-01-25 21:00:00
R-353,Gym,2026-01-24 08:50:00,2026-01-24 20:00:00
R-408,Clubhouse,2026-01-24 09:15:00,2026-01-25 11:00:00
R-405,Gym,2026-01-24 09:35:00,2026-01-24 17:00:00
R-211,Clubhouse,2026-01-24 10:10:00,2026-01-25 16:00:00
R-300,Clubhouse,2026-01-24 11:05:00,2026-01-31 11:00:00
R-414,Gym,2026-01-24 11:05:00,2026-01-25 07:00:00
R-168,Pool,2026-01-24 11:10:00,2026-01-24 18:00:00
R-255,Pool,2026-01-24 12:10:00,2026-01-24 17:00:00
R-123,Gym,2026-01-24 12:30:00,2026-01-24 18:00:00
R-283,Clubhouse,2026-01-24 12:40:00,2026-01-25 15:00:00
R-206,Tennis,2026-01-24 13:05:00,2026-01-28 12:00:00
R-145,Tennis,2026-01-24 13:30:00,2026-01-26 06:00:00
R-234,Tennis,2026-01-24 13:35:00,2026-01-25 13:00:00
R-238,Pool,2026-01-24 13:40:00,2026-01-25 14:00:00
R-401,Badminton,2026-01-24 13:50:00,2026-01-25 06:00:00
R-306,Tennis,2026-01-24 14:25:00,2026-01-27 07:00:00
R-192,Pool,2026-01-24 14:40:00,2026-01-25 14:00:00
R-228,Tennis,2026-01-24 14:50:00,2026-01-26 20:00:00
R-323,Gym,2026-01-24 15:20:00,2026-01-24 21:00:00
R-227,Gym,2026-01-24 15:45:00,2026-01-24 19:00:00
R-331,Gym,2026-01-24 17:15:00,2026-01-24 21:00:00
R-141,Gym,2026-01-24 18:45:00,2026-01-26 14:00:00
R-212,Badminton,2026-01-24 19:20:00,2026-01-26 12:00:00
R-406,Pool,2026-01-24 20:25:00,2026-01-25 10:00:00
R-113,Clubhouse,2026-01-24 22:30:00,2026-01-25 14:00:00
R-142,Tennis,2026-01-24 22:40:00,2026-01-25 19:00:00
R-277,Tennis,2026-01-24 22:50:00,2026-01-26 19:00:00
R-103,Pool,2026-01-24 23:35:00,2026-01-25 10:00:00
R-221,Gym,2026-01-25 00:05:00,2026-01-25 06:00:00
R-215,Badminton,2026-01-25 00:35:00,2026-01-26 06:00:00
R-332,Gym,2026-01-25 00:40:00,2026-01-25 18:00:00
R-277,Badminton,2026-01-25 00:40:00,2026-01-25 19:00:00
R-134,Hall,2026-01-25 00:40:00,2026-01-30 19:00:00
R-441,Badminton,2026-01-25 00:55:00,2026-01-26 19:00:00
R-165,Hall,2026-01-25 01:05:00,2026-02-06 21:00:00
R-392,Gym,2026-01-25 01:05:00,2026-01-25 18:00:00
R-119,Gym,2026-01-25 01:35:00,2026-01-25 06:00:00
R-252,Gym,2026-01-25 01:45:00,2026-01-25 20:00:00
R-286,Badminton,2026-01-25 02:05:00,2026-01-26 18:00:00
R-218,Badminton,2026-01-25 02:15:00,2026-01-25 20:00:00
R-171,Gym,2026-01-25 02:25:00,2026-01-26 08:00:00
R-386,Pool,2026-01-25 03:25:00,2026-01-25 16:00:00
R-423,Gym,2026-01-25 03:25:00,2026-01-26 17:00:00
R-292,Gym,2026-01-25 05:25:00,2026-01-25 17:00:00
R-261,Badminton,2026-01-25 05:30:00,2026-01-26 21:00:00
R-219,Badminton,2026-01-25 05:30:00,2026-01-26 20:00:00
R-250,Tennis,2026-01-25 05:45:00,2026-01-27 06:00:00
R-392,Gym,2026-01-25 05:45:00,2026-01-25 11:00:00
R-192,Pool,2026-01-25 06:05:00,2026-01-25 10:00:00
R-168,Pool,2026-01-25 06:10:00,2026-01-25 18:00:00
R-329,Gym,2026-01-25 06:40:00,2026-01-26 08:00:00
R-428,Tennis,2026-01-25 06:40:00,2026-01-26 17:00:00
R-439,Pool,2026-01-25 07:10:00,2026-01-25 11:00:00
R-423,Gym,2026-01-25 07:10:00,2026-01-27 07:00:00
R-125,Pool,2026-01-25 07:35:00,2026-01-26 06:00:00
R-360,Badminton,2026-01-25 08:25:00,2026-01-26 06:00:00
R-281,Badminton,2026-01-25 08:25:00,2026-01-26 07:00:00
R-358,Gym,2026-01-25 08:30:00,2026-01-27 08:00:00
R-137,Badminton,2026-01-25 08:40:00,2026-01-25 17:00:00
R-155,Gym,2026-01-25 08:55:00,2026-01-26 06:00:00
R-240,Gym,2026-01-25 09:00:00,2026-01-26 08:00:00
R-117,Gym,2026-01-25 09:15:00,2026-01-26 13:00:00
R-248,Badminton,2026-01-25 09:55:00,2026-01-26 18:00:00
R-363,Gym,2026-01-25 10:00:00,2026-01-25 16:00:00
R-198,Gym,2026-01-25 10:15:00,2026-01-26 08:00:00
R-184,Hall,2026-01-25 10:25:00,2026-02-06 09:00:00
R-155,Pool,2026-01-25 10:30:00,2026-01-26 07:00:00
R-166,Pool,2026-01-25 10:40:00,2026-01-26 08:00:00
R-156,Tennis,2026-01-25 11:05:00,2026-01-26 07:00:00
R-361,Pool,2026-01-25 12:00:00,2026-01-26 08:00:00
R-371,Tennis,2026-01-25 12:10:00,2026-01-26 06:00:00
R-133,Hall,2026-01-25 12:30:00,2026-01-31 18:00:00
R-437,Badminton,2026-01-25 12:30:00,2026-01-26 20:00:00
R-116,Gym,2026-01-25 12:55:00,2026-01-26 07:00:00
R-373,Gym,2026-01-25 13:05:00,2026-01-26 18:00:00
R-250,Gym,2026-01-25 13:15:00,2026-01-26 07:00:00
R-110,Gym,2026-01-25 16:10:00,2026-01-26 06:00:00
R-414,Gym,2026-01-25 16:30:00,2026-01-27 08:00:00
R-117,Tennis,2026-01-25 16:55:00,2026-01-28 08:00:00
R-209,Gym,2026-01-25 17:30:00,2026-01-26 08:00:00
R-279,Gym,2026-01-25 17:50:00,2026-01-26 06:00:00
R-432,Gym,2026-01-25 17:55:00,2026-01-26 08:00:00
R-157,Clubhouse,2026-01-25 18:40:00,2026-02-01 18:00:00
R-441,Badminton,2026-01-25 18:45:00,2026-01-26 21:00:00
R-414,Tennis,2026-01-25 19:05:00,2026-01-29 07:00:00
R-114,Pool,2026-01-25 19:10:00,2026-01-26 06:00:00
R-438,Gym,2026-01-25 19:35:00,2026-01-26 08:00:00
R-403,Gym,2026-01-25 19:50:00,2026-01-26 20:00:00
R-408,Clubhouse,2026-01-25 19:55:00,2026-01-29 15:00:00
R-240,Gym,2026-01-25 20:00:00,2026-01-26 06:00:00
R-227,Tennis,2026-01-25 20:05:00,2026-01-27 20:00:00
R-142,Gym,2026-01-25 20:15:00,2026-01-26 19:00:00
R-369,Gym,2026-01-25 20:20:00,2026-01-26 08:00:00
R-418,Gym,2026-01-25 20:25:00,2026-01-26 06:00:00
R-124,Badminton,2026-01-25 20:55:00,2026-01-28 20:00:00
R-271,Gym,2026-01-25 21:15:00,2026-01-26 08:00:00
R-221,Tennis,2026-01-25 21:25:00,2026-01-27 07:00:00
R-373,Badminton,2026-01-25 21:40:00,2026-01-29 21:00:00
R-366,Gym,2026-01-25 21:50:00,2026-01-27 07:00:00
R-150,Gym,2026-01-25 22:20:00,2026-01-26 08:00:00
R-144,Tennis,2026-01-25 23:00:00,2026-01-26 11:00:00
R-448,Badminton,2026-01-25 23:00:00,2026-01-26 21:00:00
R-306,Gym,2026-01-25 23:20:00,2026-01-26 07:00:00
R-443,Gym,2026-01-25 23:25:00,2026-01-26 20:00:00
R-170,Gym,2026-01-25 23:25:00,2026-01-26 06:00:00
R-146,Badminton,2026-01-25 23:35:00,2026-01-27 20:00:00
R-200,Clubhouse,2026-01-26 00:15:00,2026-01-26 12:00:00
R-124,Badminton,2026-01-26 00:20:00,2026-01-26 19:00:00
R-448,Badminton,2026-01-26 00:30:00,2026-01-26 18:00:00
R-335,Gym,2026-01-26 00:35:00,2026-01-26 19:00:00
R-112,Gym,2026-01-26 01:40:00,2026-01-26 08:00:00
R-366,Gym,2026-01-26 01:40:00,2026-01-26 13:00:00
R-170,Pool,2026-01-26 01:45:00,2026-01-26 07:00:00
R-174,Gym,2026-01-26 01:45:00,2026-01-26 08:00:00
R-193,Pool,2026-01-26 01:50:00,2026-01-26 17:00:00
R-142,Badminton,2026-01-26 02:00:00,2026-01-27 18:00:00
R-119,Gym,2026-01-26 02:05:00,2026-01-26 06:00:00
R-146,Badminton,2026-01-26 02:25:00,2026-01-26 19:00:00
R-215,Badminton,2026-01-26 02:40:00,2026-01-26 20:00:00
R-252,Badminton,2026-01-26 03:10:00,2026-01-26 20:00:00
R-140,Tennis,2026-01-26 03:20:00,2026-01-26 21:00:00
R-347,Gym,2026-01-26 03:55:00,2026-01-26 11:00:00
R-251,Gym,2026-01-26 03:55:00,2026-01-26 18:00:00
R-155,Tennis,2026-01-26 04:30:00,2026-01-27 07:00:00
R-361,Gym,2026-01-26 04:55:00,2026-01-26 19:00:00
R-261,Badminton,2026-01-26 04:55:00,2026-01-27 19:00:00
R-181,Gym,2026-01-26 04:55:00,2026-01-26 20:00:00
R-213,Gym,2026-01-26 05:50:00,2026-01-26 22:00:00
R-243,Gym,2026-01-26 07:10:00,2026-01-27 21:00:00
R-432,Tennis,2026-01-26 07:20:00,2026-01-28 08:00:00
R-145,Tennis,2026-01-26 07:25:00,2026-01-27 06:00:00
R-102,Gym,2026-01-26 08:20:00,2026-01-27 06:00:00
R-236,Pool,2026-01-26 09:25:00,2026-01-26 17:00:00
R-249,Badminton,2026-01-26 10:00:00,2026-01-27 20:00:00
R-311,Clubhouse,2026-01-26 10:45:00,2026-01-29 17:00:00
R-170,Gym,2026-01-26 10:55:00,2026-01-27 08:00:00
R-213,Gym,2026-01-26 10:55:00,2026-01-27 19:00:00
R-215,Gym,2026-01-26 11:00:00,2026-01-26 21:00:00
R-167,Gym,2026-01-26 11:15:00,2026-01-27 07:00:00
R-119,Pool,2026-01-26 11:15:00,2026-01-26 13:00:00
R-188,Tennis,2026-01-26 11:25:00,2026-01-27 07:00:00
R-248,Badminton,2026-01-26 11:40:00,2026-01-27 21:00:00
R-296,Hall,2026-01-26 12:00:00,2026-02-02 18:00:00
R-432,Tennis,2026-01-26 12:15:00,2026-01-29 08:00:00
R-231,Gym,2026-01-26 12:15:00,2026-01-26 21:00:00
R-443,Badminton,2026-01-26 13:20:00,2026-01-28 19:00:00
R-112,Tennis,2026-01-26 13:35:00,2026-01-28 21:00:00
R-225,Pool,2026-01-26 14:05:00,2026-01-27 21:00:00
R-140,Badminton,2026-01-26 14:25:00,2026-01-27 20:00:00
R-225,Gym,2026-01-26 14:30:00,2026-01-27 07:00:00
R-243,Badminton,2026-01-26 14:35:00,2026-01-27 10:00:00
R-397,Gym,2026-01-26 14:50:00,2026-01-26 19:00:00
R-187,Pool,2026-01-26 14:50:00,2026-01-26 20:00:00
R-187,Tennis,2026-01-26 15:30:00,2026-01-28 20:00:00
R-144,Tennis,2026-01-26 15:55:00,2026-01-27 08:00:00
R-272,Badminton,2026-01-26 16:00:00,2026-01-27 18:00:00
R-104,Badminton,2026-01-26 16:05:00,2026-01-27 20:00:00
R-448,Badminton,2026-01-26 16:20:00,2026-01-27 07:00:00
R-379,Hall,2026-01-26 16:40:00,2026-01-31 15:00:00
R-203,Gym,2026-01-26 16:45:00,2026-01-27 08:00:00
R-274,Badminton,2026-01-26 17:05:00,2026-01-27 18:00:00
R-339,Hall,2026-01-26 17:30:00,2026-02-09 17:00:00
R-279,Gym,2026-01-26 18:25:00,2026-01-28 08:00:00
R-418,Gym,2026-01-26 18:25:00,2026-01-27 06:00:00
R-381,Tennis,2026-01-26 18:25:00,2026-01-29 08:00:00
R-434,Tennis,2026-01-26 18:30:00,2026-01-29 06:00:00
R-106,Tennis,2026-01-26 19:55:00,2026-01-31 19:00:00
R-225,Gym,2026-01-26 20:15:00,2026-01-27 10:00:00
R-213,Gym,2026-01-26 20:25:00,2026-01-28 20:00:00
R-391,Gym,2026-01-26 20:45:00,2026-01-28 07:00:00
R-201,Badminton,2026-01-26 20:45:00,2026-01-27 08:00:00
R-151,Gym,2026-01-26 21:25:00,2026-01-27 18:00:00
R-434,Tennis,2026-01-26 21:40:00,2026-01-30 06:00:00
R-306,Tennis,2026-01-26 22:05:00,2026-01-30 06:00:00
R-371,Gym,2026-01-26 22:10:00,2026-01-27 09:00:00
R-423,Tennis,2026-01-26 23:30:00,2026-01-28 07:00:00
R-361,Gym,2026-01-27 00:15:00,2026-01-27 06:00:00
R-145,Gym,2026-01-27 00:25:00,2026-01-27 08:00:00
R-424,Gym,2026-01-27 01:45:00,2026-01-27 08:00:00
R-234,Gym,2026-01-27 02:20:00,2026-01-27 08:00:00
R-145,Gym,2026-01-27 03:40:00,2026-01-27 07:00:00
R-292,Gym,2026-01-27 04:05:00,2026-01-27 10:00:00
R-366,Tennis,2026-01-27 04:10:00,2026-01-28 18:00:00
R-262,Hall,2026-01-27 04:20:00,2026-02-01 16:00:00
R-441,Gym,2026-01-27 05:00:00,2026-01-27 14:00:00
R-315,Clubhouse,2026-01-27 06:10:00,2026-01-28 10:00:00
R-167,Tennis,2026-01-27 06:55:00,2026-01-29 07:00:00
R-272,Badminton,2026-01-27 07:35:00,2026-01-27 21:00:00
R-403,Gym,2026-01-27 07:40:00,2026-01-27 21:00:00
R-115,Clubhouse,2026-01-27 07:50:00,2026-01-28 21:00:00
R-447,Gym,2026-01-27 08:00:00,2026-01-27 20:00:00
R-414,Gym,2026-01-27 08:15:00,2026-01-29 08:00:00
R-277,Gym,2026-01-27 08:30:00,2026-01-27 18:00:00
R-173,Badminton,2026-01-27 08:45:00,2026-01-28 18:00:00
R-293,Gym,2026-01-27 09:15:00,2026-01-28 19:00:00
R-206,Gym,2026-01-27 09:55:00,2026-01-28 17:00:00
R-413,Gym,2026-01-27 10:00:00,2026-01-28 06:00:00
R-330,Tennis,2026-01-27 10:30:00,2026-01-27 20:00:00
R-361,Gym,2026-01-27 11:05:00,2026-01-27 22:00:00
R-441,Gym,2026-01-27 11:20:00,2026-01-27 19:00:00
R-271,Tennis,2026-01-27 11:20:00,2026-01-28 07:00:00
R-353,Pool,2026-01-27 11:20:00,2026-01-29 20:00:00
R-260,Gym,2026-01-27 11:25:00,2026-01-27 21:00:00
R-200,Pool,2026-01-27 12:20:00,2026-01-27 19:00:00
R-366,Gym,2026-01-27 12:40:00,2026-01-29 07:00:00
R-374,Gym,2026-01-27 12:40:00,2026-01-27 20:00:00
R-441,Badminton,2026-01-27 12:55:00,2026-01-27 22:00:00
R-243,Badminton,2026-01-27 13:50:00,2026-01-28 19:00:00
R-150,Gym,2026-01-27 13:55:00,2026-01-28 06:00:00
R-434,Tennis,2026-01-27 13:55:00,2026-01-28 06:00:00
R-240,Gym,2026-01-27 14:10:00,2026-01-29 14:00:00
R-133,Hall,2026-01-27 14:35:00,2026-02-01 18:00:00
R-188,Gym,2026-01-27 14:40:00,2026-01-28 06:00:00
R-366,Gym,2026-01-27 14:45:00,2026-01-28 08:00:00
R-353,Tennis,2026-01-27 14:55:00,2026-01-28 18:00:00
R-159,Gym,2026-01-27 15:30:00,2026-01-28 06:00:00
R-366,Gym,2026-01-27 15:40:00,2026-01-28 17:00:00
R-248,Badminton,2026-01-27 16:45:00,2026-01-28 18:00:00
R-373,Badminton,2026-01-27 17:15:00,2026-01-28 21:00:00
R-423,Gym,2026-01-27 17:15:00,2026-01-28 08:00:00
R-144,Tennis,2026-01-27 17:20:00,2026-01-30 07:00:00
R-423,Gym,2026-01-27 17:50:00,2026-01-28 17:00:00
R-128,Gym,2026-01-27 17:50:00,2026-01-27 21:00:00
R-151,Gym,2026-01-27 18:10:00,2026-01-28 21:00:00
R-218,Tennis,2026-01-27 18:25:00,2026-01-29 20:00:00
R-218,Gym,2026-01-27 19:20:00,2026-01-28 21:00:00
R-167,Gym,2026-01-27 19:35:00,2026-01-28 18:00:00
R-112,Gym,2026-01-27 19:45:00,2026-01-28 08:00:00
R-284,Pool,2026-01-27 19:50:00,2026-01-28 18:00:00
R-446,Pool,2026-01-27 19:55:00,2026-01-28 06:00:00
R-208,Badminton,2026-01-27 20:10:00,2026-01-29 21:00:00
R-306,Pool,2026-01-27 20:20:00,2026-01-28 13:00:00
R-109,Pool,2026-01-27 20:30:00,2026-01-29 10:00:00
R-443,Badminton,2026-01-27 21:05:00,2026-01-28 22:00:00
R-240,Gym,2026-01-27 21:15:00,2026-01-28 08:00:00
R-434,Tennis,2026-01-27 21:15:00,2026-01-29 08:00:00
R-119,Gym,2026-01-27 21:20:00,2026-01-28 07:00:00
R-110,Gym,2026-01-27 21:25:00,2026-01-28 07:00:00
R-277,Badminton,2026-01-27 21:25:00,2026-01-28 20:00:00
R-323,Tennis,2026-01-27 21:40:00,2026-01-28 18:00:00
R-414,Gym,2026-01-27 22:35:00,2026-01-28 07:00:00
R-119,Tennis,2026-01-27 23:10:00,2026-01-28 08:00:00
R-227,Badminton,2026-01-27 23:30:00,2026-01-28 19:00:00
R-401,Gym,2026-01-28 00:00:00,2026-01-28 07:00:00
R-246,Gym,2026-01-28 00:30:00,2026-01-28 08:00:00
R-397,Badminton,2026-01-28 00:40:00,2026-01-28 19:00:00
R-281,Badminton,2026-01-28 01:05:00,2026-01-28 21:00:00
R-403,Badminton,2026-01-28 01:45:00,2026-01-28 18:00:00
R-210,Gym,2026-01-28 03:25:00,2026-01-28 07:00:00
R-252,Gym,2026-01-28 04:00:00,2026-01-28 21:00:00
R-428,Clubhouse,2026-01-28 04:35:00,2026-02-03 12:00:00
R-134,Hall,2026-01-28 04:45:00,2026-01-30 16:00:00
R-437,Badminton,2026-01-28 05:35:00,2026-01-28 20:00:00
R-149,Badminton,2026-01-28 05:50:00,2026-01-29 06:00:00
R-271,Gym,2026-01-28 06:00:00,2026-01-28 18:00:00
R-228,Badminton,2026-01-28 07:00:00,2026-01-29 20:00:00
R-283,Hall,2026-01-28 07:25:00,2026-01-30 15:00:00
R-144,Gym,2026-01-28 07:45:00,2026-01-29 06:00:00
R-314,Badminton,2026-01-28 08:05:00,2026-01-29 19:00:00
R-110,Gym,2026-01-28 08:05:00,2026-01-29 06:00:00
R-213,Badminton,2026-01-28 08:05:00,2026-01-29 18:00:00
R-261,Gym,2026-01-28 08:20:00,2026-01-28 21:00:00
R-438,Gym,2026-01-28 08:40:00,2026-01-29 06:00:00
R-432,Gym,2026-01-28 10:00:00,2026-01-29 06:00:00
R-155,Tennis,2026-01-28 10:00:00,2026-01-31 07:00:00
R-211,Clubhouse,2026-01-28 10:25:00,2026-02-02 12:00:00
R-338,Gym,2026-01-28 10:30:00,2026-01-28 21:00:00
R-142,Badminton,2026-01-28 10:40:00,2026-01-28 20:00:00
R-213,Badminton,2026-01-28 10:55:00,2026-01-31 11:00:00
R-221,Gym,2026-01-28 11:10:00,2026-01-29 08:00:00
R-215,Badminton,2026-01-28 11:10:00,2026-01-29 20:00:00
R-301,Gym,2026-01-28 11:20:00,2026-01-28 21:00:00
R-266,Badminton,2026-01-28 11:20:00,2026-01-29 17:00:00
R-240,Gym,2026-01-28 11:30:00,2026-01-28 18:00:00
R-381,Badminton,2026-01-28 12:25:00,2026-01-29 19:00:00
R-243,Gym,2026-01-28 12:50:00,2026-01-28 21:00:00
R-219,Badminton,2026-01-28 13:05:00,2026-01-29 21:00:00
R-155,Gym,2026-01-28 13:25:00,2026-01-29 06:00:00
R-192,Clubhouse,2026-01-28 13:55:00,2026-02-01 14:00:00
R-102,Pool,2026-01-28 14:05:00,2026-01-30 07:00:00
R-305,Gym,2026-01-28 15:30:00,2026-01-29 06:00:00
R-102,Pool,2026-01-28 15:35:00,2026-01-29 07:00:00
R-181,Gym,2026-01-28 15:35:00,2026-01-28 20:00:00
R-339,Gym,2026-01-28 17:15:00,2026-01-29 08:00:00
R-353,Badminton,2026-01-28 17:25:00,2026-01-29 18:00:00
R-401,Gym,2026-01-28 17:40:00,2026-01-29 06:00:00
R-174,Tennis,2026-01-28 18:55:00,2026-01-29 07:00:00
R-175,Gym,2026-01-28 19:15:00,2026-01-29 09:00:00
R-382,Clubhouse,2026-01-28 19:15:00,2026-01-31 10:00:00
R-423,Gym,2026-01-28 19:25:00,2026-01-29 08:00:00
R-391,Gym,2026-01-28 19:45:00,2026-01-29 06:00:00
R-170,Gym,2026-01-28 19:45:00,2026-01-29 06:00:00
R-156,Gym,2026-01-28 20:50:00,2026-01-29 06:00:00
R-150,Gym,2026-01-28 21:05:00,2026-01-29 08:00:00
R-198,Gym,2026-01-28 21:35:00,2026-01-29 07:00:00
R-106,Clubhouse,2026-01-28 22:00:00,2026-02-01 12:00:00
R-255,Pool,2026-01-28 22:10:00,2026-01-31 10:00:00
R-173,Tennis,2026-01-28 22:45:00,2026-01-30 20:00:00
R-174,Gym,2026-01-28 23:00:00,2026-01-29 08:00:00
R-218,Badminton,2026-01-28 23:05:00,2026-01-30 09:00:00
R-271,Gym,2026-01-28 23:35:00,2026-01-29 08:00:00
R-377,Pool,2026-01-29 00:05:00,2026-01-30 20:00:00
R-240,Gym,2026-01-29 00:10:00,2026-01-29 08:00:00
R-112,Gym,2026-01-29 00:35:00,2026-01-29 16:00:00
R-105,Gym,2026-01-29 01:00:00,2026-01-29 18:00:00
R-305,Gym,2026-01-29 01:20:00,2026-01-29 08:00:00
R-441,Gym,2026-01-29 02:20:00,2026-01-29 18:00:00
R-353,Gym,2026-01-29 02:55:00,2026-01-30 18:00:00
R-339,Gym,2026-01-29 03:05:00,2026-01-30 08:00:00
R-187,Gym,2026-01-29 03:20:00,2026-01-29 21:00:00
R-115,Pool,2026-01-29 03:30:00,2026-01-30 12:00:00
R-244,Gym,2026-01-29 03:30:00,2026-01-29 19:00:00
R-323,Badminton,2026-01-29 03:35:00,2026-01-29 18:00:00
R-413,Gym,2026-01-29 03:40:00,2026-01-29 08:00:00
R-239,Tennis,2026-01-29 04:10:00,2026-01-29 18:00:00
R-335,Tennis,2026-01-29 04:30:00,2026-01-30 20:00:00
R-146,Badminton,2026-01-29 04:55:00,2026-01-29 19:00:00
R-212,Pool,2026-01-29 04:55:00,2026-01-29 17:00:00
R-208,Badminton,2026-01-29 05:00:00,2026-01-29 18:00:00
R-163,Pool,2026-01-29 05:10:00,2026-01-29 08:00:00
R-366,Pool,2026-01-29 05:15:00,2026-01-30 06:00:00
R-279,Gym,2026-01-29 05:25:00,2026-01-30 08:00:00
R-243,Gym,2026-01-29 05:40:00,2026-01-29 16:00:00
R-252,Hall,2026-01-29 06:20:00,2026-02-03 11:00:00
R-106,Badminton,2026-01-29 06:30:00,2026-01-30 19:00:00
R-188,Gym,2026-01-29 07:15:00,2026-01-29 17:00:00
R-239,Badminton,2026-01-29 07:25:00,2026-01-29 19:00:00
R-200,Pool,2026-01-29 07:40:00,2026-01-29 17:00:00
R-412,Gym,2026-01-29 07:55:00,2026-01-30 09:00:00
R-391,Tennis,2026-01-29 09:00:00,2026-01-30 08:00:00
R-219,Gym,2026-01-29 09:10:00,2026-01-29 19:00:00
R-251,Tennis,2026-01-29 09:30:00,2026-01-31 18:00:00
R-281,Gym,2026-01-29 09:50:00,2026-01-29 18:00:00
R-414,Tennis,2026-01-29 10:50:00,2026-01-30 07:00:00
R-108,Badminton,2026-01-29 11:35:00,2026-01-30 12:00:00
R-112,Gym,2026-01-29 11:50:00,2026-01-30 08:00:00
R-420,Gym,2026-01-29 11:55:00,2026-01-29 21:00:00
R-298,Gym,2026-01-29 12:10:00,2026-01-30 07:00:00
R-432,Tennis,2026-01-29 12:15:00,2026-01-30 07:00:00
R-250,Gym,2026-01-29 12:35:00,2026-01-30 07:00:00
R-132,Clubhouse,2026-01-29 12:40:00,2026-01-31 18:00:00
R-434,Gym,2026-01-29 12:55:00,2026-01-30 10:00:00
R-114,Gym,2026-01-29 13:25:00,2026-01-30 07:00:00
R-197,Pool,2026-01-29 13:35:00,2026-01-31 11:00:00
R-271,Gym,2026-01-29 13:55:00,2026-01-30 06:00:00
R-244,Gym,2026-01-29 14:10:00,2026-01-29 21:00:00
R-155,Gym,2026-01-29 14:25:00,2026-01-30 06:00:00
R-347,Gym,2026-01-29 15:20:00,2026-01-30 06:00:00
R-247,Gym,2026-01-29 15:30:00,2026-01-29 21:00:00
R-428,Gym,2026-01-29 17:25:00,2026-01-30 08:00:00
R-132,Pool,2026-01-29 17:55:00,2026-01-31 10:00:00
R-136,Pool,2026-01-29 18:00:00,2026-01-30 18:00:00
R-244,Gym,2026-01-29 18:10:00,2026-01-31 18:00:00
R-118,Gym,2026-01-29 18:10:00,2026-01-30 08:00:00
R-432,Gym,2026-01-29 18:30:00,2026-01-30 06:00:00
R-234,Gym,2026-01-29 18:55:00,2026-01-30 06:00:00
R-247,Badminton,2026-01-29 19:10:00,2026-01-30 20:00:00
R-448,Badminton,2026-01-29 19:35:00,2026-01-30 18:00:00
R-121,Clubhouse,2026-01-29 19:50:00,2026-01-30 16:00:00
R-174,Gym,2026-01-29 20:35:00,2026-01-30 07:00:00
R-306,Gym,2026-01-29 20:45:00,2026-01-30 14:00:00
R-293,Tennis,2026-01-29 20:55:00,2026-01-30 20:00:00
R-104,Badminton,2026-01-29 21:35:00,2026-01-30 20:00:00
R-225,Pool,2026-01-29 21:45:00,2026-01-30 17:00:00
R-428,Gym,2026-01-29 22:05:00,2026-01-30 06:00:00
R-184,Tennis,2026-01-29 22:20:00,2026-01-30 19:00:00
R-240,Gym,2026-01-29 22:25:00,2026-01-30 06:00:00
R-260,Gym,2026-01-29 22:35:00,2026-01-30 18:00:00
R-110,Gym,2026-01-29 23:00:00,2026-01-30 07:00:00
R-304,Gym,2026-01-29 23:10:00,2026-01-30 06:00:00
R-329,Pool,2026-01-29 23:40:00,2026-01-30 08:00:00
R-119,Gym,2026-01-29 23:55:00,2026-01-30 07:00:00
R-188,Gym,2026-01-29 23:55:00,2026-01-30 06:00:00
R-441,Gym,2026-01-30 00:05:00,2026-01-30 18:00:00
R-377,Gym,2026-01-30 01:15:00,2026-01-30 17:00:00
R-117,Gym,2026-01-30 01:20:00,2026-01-30 08:00:00
R-410,Gym,2026-01-30 01:25:00,2026-01-30 19:00:00
R-186,Pool,2026-01-30 02:05:00,2026-01-30 18:00:00
R-286,Badminton,2026-01-30 02:45:00,2026-01-30 18:00:00
R-271,Gym,2026-01-30 03:10:00,2026-01-31 07:00:00
R-413,Tennis,2026-01-30 03:15:00,2026-02-02 08:00:00
R-146,Badminton,2026-01-30 03:45:00,2026-01-30 22:00:00
R-432,Gym,2026-01-30 03:45:00,2026-01-30 08:00:00
R-274,Gym,2026-01-30 03:55:00,2026-01-30 21:00:00
R-401,Gym,2026-01-30 04:25:00,2026-01-30 08:00:00
R-239,Gym,2026-01-30 04:35:00,2026-01-30 20:00:00
R-190,Pool,2026-01-30 04:50:00,2026-01-30 09:00:00
R-235,Badminton,2026-01-30 04:50:00,2026-01-30 20:00:00
R-111,Badminton,2026-01-30 04:55:00,2026-01-30 19:00:00
R-391,Tennis,2026-01-30 05:05:00,2026-02-02 06:00:00
R-312,Clubhouse,2026-01-30 05:10:00,2026-01-31 18:00:00
R-187,Gym,2026-01-30 05:15:00,2026-01-31 22:00:00
R-285,Tennis,2026-01-30 06:05:00,2026-01-31 17:00:00
R-286,Gym,2026-01-30 07:00:00,2026-01-30 19:00:00
R-366,Pool,2026-01-30 08:05:00,2026-02-01 07:00:00
R-252,Badminton,2026-01-30 08:20:00,2026-01-31 20:00:00
R-213,Gym,2026-01-30 08:45:00,2026-01-31 21:00:00
R-281,Badminton,2026-01-30 09:30:00,2026-01-30 20:00:00
R-412,Gym,2026-01-30 10:50:00,2026-01-30 21:00:00
R-435,Clubhouse,2026-01-30 11:00:00,2026-02-01 15:00:00
R-111,Pool,2026-01-30 11:55:00,2026-01-30 17:00:00
R-266,Badminton,2026-01-30 12:35:00,2026-02-01 17:00:00
R-277,Gym,2026-01-30 12:40:00,2026-01-30 18:00:00
R-431,Clubhouse,2026-01-30 12:45:00,2026-01-31 16:00:00
R-413,Gym,2026-01-30 13:00:00,2026-01-31 06:00:00
R-146,Badminton,2026-01-30 13:05:00,2026-01-30 21:00:00
R-215,Badminton,2026-01-30 13:45:00,2026-01-31 18:00:00
R-312,Clubhouse,2026-01-30 13:55:00,2026-01-31 17:00:00
R-376,Clubhouse,2026-01-30 15:20:00,2026-02-01 16:00:00
R-349,Clubhouse,2026-01-30 16:05:00,2026-02-01 18:00:00
R-213,Badminton,2026-01-30 16:20:00,2026-01-31 19:00:00
R-309,Clubhouse,2026-01-30 16:20:00,2026-01-31 18:00:00
R-104,Pool,2026-01-30 16:35:00,2026-01-30 21:00:00
R-210,Gym,2026-01-30 16:40:00,2026-01-31 06:00:00
R-397,Gym,2026-01-30 16:50:00,2026-01-30 21:00:00
R-228,Badminton,2026-01-30 16:55:00,2026-01-31 20:00:00
R-274,Gym,2026-01-30 17:15:00,2026-01-31 20:00:00
R-138,Pool,2026-01-30 17:15:00,2026-01-31 11:00:00
R-197,Pool,2026-01-30 17:15:00,2026-01-31 10:00:00
R-443,Badminton,2026-01-30 17:50:00,2026-01-31 09:00:00
R-267,Gym,2026-01-30 17:55:00,2026-01-31 19:00:00
R-227,Gym,2026-01-30 18:35:00,2026-01-31 20:00:00
R-288,Hall,2026-01-30 19:15:00,2026-02-13 19:00:00
R-285,Pool,2026-01-30 19:15:00,2026-01-31 07:00:00
R-192,Pool,2026-01-30 20:15:00,2026-01-31 14:00:00
R-215,Badminton,2026-01-30 20:40:00,2026-01-31 20:00:00
R-300,Pool,2026-01-30 20:50:00,2026-01-31 16:00:00
R-417,Pool,2026-01-30 21:45:00,2026-01-31 14:00:00
R-211,Pool,2026-01-30 21:45:00,2026-02-01 10:00:00
R-161,Pool,2026-01-30 22:55:00,2026-01-31 17:00:00
R-208,Gym,2026-01-30 23:05:00,2026-01-31 20:00:00
R-275,Pool,2026-01-30 23:15:00,2026-01-31 11:00:00
R-142,Gym,2026-01-30 23:25:00,2026-01-31 13:00:00
R-382,Pool,2026-01-31 00:10:00,2026-02-01 17:00:00
R-310,Gym,2026-01-31 00:50:00,2026-01-31 14:00:00
R-273,Pool,2026-01-31 00:50:00,2026-01-31 11:00:00
R-178,Clubhouse,2026-01-31 02:30:00,2026-01-31 19:00:00
R-386,Pool,2026-01-31 03:20:00,2026-02-01 15:00:00
R-238,Pool,2026-01-31 03:30:00,2026-02-01 10:00:00
R-361,Gym,2026-01-31 03:35:00,2026-02-01 06:00:00
R-127,Pool,2026-01-31 04:40:00,2026-01-31 18:00:00
R-431,Pool,2026-01-31 04:50:00,2026-02-01 16:00:00
R-150,Gym,2026-01-31 05:05:00,2026-02-01 07:00:00
R-170,Tennis,2026-01-31 05:05:00,2026-02-02 08:00:00
R-115,Gym,2026-01-31 05:20:00,2026-01-31 17:00:00
R-194,Gym,2026-01-31 06:10:00,2026-01-31 17:00:00
R-157,Pool,2026-01-31 06:15:00,2026-01-31 21:00:00
R-434,Pool,2026-01-31 06:25:00,2026-02-02 07:00:00
R-100,Pool,2026-01-31 06:35:00,2026-01-31 17:00:00
R-144,Gym,2026-01-31 06:55:00,2026-01-31 15:00:00
R-327,Pool,2026-01-31 07:00:00,2026-01-31 17:00:00
R-435,Pool,2026-01-31 07:15:00,2026-01-31 16:00:00
R-146,Gym,2026-01-31 08:10:00,2026-01-31 18:00:00
R-323,Badminton,2026-01-31 08:20:00,2026-01-31 18:00:00
R-373,Gym,2026-01-31 08:30:00,2026-01-31 20:00:00
R-312,Pool,2026-01-31 08:45:00,2026-01-31 14:00:00
R-156,Gym,2026-01-31 09:00:00,2026-02-01 06:00:00
R-376,Pool,2026-01-31 09:10:00,2026-02-01 11:00:00
R-281,Gym,2026-01-31 09:25:00,2026-01-31 19:00:00
R-211,Clubhouse,2026-01-31 09:35:00,2026-02-01 14:00:00
R-335,Gym,2026-01-31 09:40:00,2026-01-31 20:00:00
R-300,Pool,2026-01-31 09:55:00,2026-01-31 15:00:00
R-102,Badminton,2026-01-31 10:05:00,2026-02-02 06:00:00
R-149,Gym,2026-01-31 10:25:00,2026-01-31 19:00:00
R-138,Pool,2026-01-31 10:30:00,2026-01-31 17:00:00
R-443,Gym,2026-01-31 10:35:00,2026-01-31 20:00:00
R-416,Pool,2026-01-31 11:30:00,2026-02-01 09:00:00
R-239,Badminton,2026-01-31 11:40:00,2026-01-31 20:00:00
R-366,Tennis,2026-01-31 12:10:00,2026-02-02 06:00:00
R-417,Gym,2026-01-31 12:15:00,2026-01-31 16:00:00
R-404,Gym,2026-01-31 13:15:00,2026-01-31 17:00:00
R-355,Pool,2026-01-31 13:40:00,2026-01-31 17:00:00
R-260,Badminton,2026-01-31 14:50:00,2026-01-31 21:00:00
R-132,Pool,2026-01-31 15:15:00,2026-02-01 18:00:00
R-228,Gym,2026-01-31 15:20:00,2026-01-31 21:00:00
R-351,Gym,2026-01-31 16:00:00,2026-02-02 08:00:00
R-161,Pool,2026-01-31 16:20:00,2026-02-01 14:00:00
R-225,Pool,2026-01-31 16:35:00,2026-02-02 16:00:00
R-113,Clubhouse,2026-01-31 16:55:00,2026-02-01 20:00:00
R-335,Badminton,2026-01-31 17:40:00,2026-02-02 19:00:00
R-412,Badminton,2026-01-31 18:00:00,2026-02-02 20:00:00
R-378,Pool,2026-01-31 18:10:00,2026-02-01 18:00:00
R-329,Tennis,2026-01-31 18:25:00,2026-02-04 11:00:00
R-443,Badminton,2026-01-31 18:45:00,2026-02-01 10:00:00
R-365,Gym,2026-01-31 18:50:00,2026-01-31 21:00:00
R-191,Clubhouse,2026-01-31 18:55:00,2026-02-07 18:00:00
R-277,Badminton,2026-01-31 19:10:00,2026-02-04 19:00:00
R-248,Badminton,2026-01-31 20:15:00,2026-02-03 08:00:00
R-210,Pool,2026-01-31 21:05:00,2026-02-01 06:00:00
R-102,Gym,2026-01-31 21:15:00,2026-02-02 07:00:00
R-284,Pool,2026-01-31 21:45:00,2026-02-01 10:00:00
R-168,Gym,2026-01-31 21:55:00,2026-02-01 14:00:00
R-370,Pool,2026-01-31 22:05:00,2026-02-01 07:00:00
R-300,Pool,2026-01-31 22:10:00,2026-02-01 15:00:00
R-283,Hall,2026-01-31 23:00:00,2026-02-14 15:00:00
R-363,Gym,2026-01-31 23:30:00,2026-02-01 10:00:00
R-219,Tennis,2026-02-01 00:10:00,2026-02-01 21:00:00
R-274,Badminton,2026-02-01 00:30:00,2026-02-04 07:00:00
R-159,Gym,2026-02-01 00:35:00,2026-02-01 08:00:00
R-303,Badminton,2026-02-01 00:55:00,2026-02-03 07:00:00
R-341,Gym,2026-02-01 01:05:00,2026-02-01 09:00:00
R-198,Tennis,2026-02-01 01:25:00,2026-02-02 06:00:00
R-132,Pool,2026-02-01 02:10:00,2026-02-01 17:00:00
R-406,Pool,2026-02-01 03:05:00,2026-02-01 15:00:00
R-431,Pool,2026-02-01 03:20:00,2026-02-01 15:00:00
R-361,Tennis,2026-02-01 03:25:00,2026-02-02 06:00:00
R-121,Clubhouse,2026-02-01 03:40:00,2026-02-01 19:00:00
R-100,Gym,2026-02-01 04:15:00,2026-02-01 10:00:00
R-448,Pool,2026-02-01 06:10:00,2026-02-02 09:00:00
R-358,Pool,2026-02-01 06:25:00,2026-02-04 06:00:00
R-155,Pool,2026-02-01 06:55:00,2026-02-04 06:00:00
R-242,Badminton,2026-02-01 07:50:00,2026-02-02 13:00:00
R-279,Pool,2026-02-01 09:10:00,2026-02-02 08:00:00
R-404,Badminton,2026-02-01 09:10:00,2026-02-02 18:00:00
R-145,Gym,2026-02-01 12:20:00,2026-02-02 07:00:00
R-186,Badminton,2026-02-01 12:30:00,2026-02-02 17:00:00
R-231,Badminton,2026-02-01 12:40:00,2026-02-02 21:00:00
R-187,Gym,2026-02-01 12:50:00,2026-02-01 20:00:00
R-246,Tennis,2026-02-01 12:55:00,2026-02-02 07:00:00
R-110,Tennis,2026-02-01 13:05:00,2026-02-03 07:00:00
R-138,Clubhouse,2026-02-01 13:40:00,2026-02-04 14:00:00
R-161,Pool,2026-02-01 13:50:00,2026-02-01 18:00:00
R-227,Tennis,2026-02-01 14:10:00,2026-02-03 18:00:00
R-267,Badminton,2026-02-01 14:15:00,2026-02-03 19:00:00
R-212,Pool,2026-02-01 14:40:00,2026-02-02 19:00:00
R-225,Gym,2026-02-01 15:00:00,2026-02-02 06:00:00
R-329,Pool,2026-02-01 15:30:00,2026-02-02 06:00:00
R-421,Pool,2026-02-01 15:50:00,2026-02-02 08:00:00
R-215,Tennis,2026-02-01 16:50:00,2026-02-02 18:00:00
R-358,Gym,2026-02-01 16:55:00,2026-02-02 06:00:00
R-136,Gym,2026-02-01 17:25:00,2026-02-02 17:00:00
R-420,Gym,2026-02-01 17:55:00,2026-02-02 07:00:00
R-208,Clubhouse,2026-02-01 17:55:00,2026-02-02 21:00:00
R-397,Badminton,2026-02-01 18:40:00,2026-02-02 20:00:00
R-381,Pool,2026-02-01 18:40:00,2026-02-02 12:00:00
R-286,Gym,2026-02-01 19:00:00,2026-02-02 20:00:00
R-428,Gym,2026-02-01 19:20:00,2026-02-02 08:00:00
R-444,Gym,2026-02-01 19:25:00,2026-02-02 08:00:00
R-397,Badminton,2026-02-01 19:30:00,2026-02-02 15:00:00
R-167,Gym,2026-02-01 19:35:00,2026-02-02 07:00:00
R-283,Clubhouse,2026-02-01 19:45:00,2026-02-08 19:00:00
R-244,Badminton,2026-02-01 20:15:00,2026-02-02 18:00:00
R-279,Pool,2026-02-01 20:30:00,2026-02-03 06:00:00
R-284,Clubhouse,2026-02-01 20:35:00,2026-02-04 16:00:00
R-159,Gym,2026-02-01 21:10:00,2026-02-02 07:00:00
R-225,Pool,2026-02-01 21:25:00,2026-02-03 07:00:00
R-110,Tennis,2026-02-01 22:15:00,2026-02-05 06:00:00
R-361,Gym,2026-02-01 22:20:00,2026-02-02 07:00:00
R-358,Gym,2026-02-01 22:45:00,2026-02-02 07:00:00
R-401,Gym,2026-02-01 22:45:00,2026-02-02 08:00:00
R-389,Gym,2026-02-01 22:55:00,2026-02-02 07:00:00
R-305,Badminton,2026-02-01 22:55:00,2026-02-02 07:00:00
R-252,Badminton,2026-02-01 22:55:00,2026-02-02 15:00:00
R-250,Gym,2026-02-01 23:10:00,2026-02-02 07:00:00
R-105,Gym,2026-02-01 23:15:00,2026-02-02 22:00:00
R-309,Pool,2026-02-01 23:20:00,2026-02-02 18:00:00
R-369,Gym,2026-02-01 23:35:00,2026-02-02 22:00:00
R-218,Gym,2026-02-01 23:55:00,2026-02-02 18:00:00
R-373,Badminton,2026-02-02 00:25:00,2026-02-02 18:00:00
R-428,Gym,2026-02-02 00:50:00,2026-02-02 06:00:00
R-347,Gym,2026-02-02 00:55:00,2026-02-02 06:00:00
R-252,Tennis,2026-02-02 01:50:00,2026-02-02 13:00:00
R-235,Gym,2026-02-02 02:00:00,2026-02-02 21:00:00
R-251,Pool,2026-02-02 02:15:00,2026-02-03 07:00:00
R-146,Tennis,2026-02-02 02:45:00,2026-02-03 11:00:00
R-236,Pool,2026-02-02 03:00:00,2026-02-02 15:00:00
R-106,Pool,2026-02-02 03:55:00,2026-02-02 19:00:00
R-252,Tennis,2026-02-02 04:05:00,2026-02-03 18:00:00
R-279,Gym,2026-02-02 04:15:00,2026-02-03 07:00:00
R-295,Gym,2026-02-02 04:40:00,2026-02-02 21:00:00
R-338,Badminton,2026-02-02 05:05:00,2026-02-02 21:00:00
R-126,Badminton,2026-02-02 05:05:00,2026-02-02 19:00:00
R-330,Badminton,2026-02-02 06:20:00,2026-02-03 12:00:00
R-397,Badminton,2026-02-02 06:45:00,2026-02-02 22:00:00
R-434,Gym,2026-02-02 07:00:00,2026-02-03 08:00:00
R-313,Badminton,2026-02-02 07:00:00,2026-02-02 20:00:00
R-173,Gym,2026-02-02 07:10:00,2026-02-02 12:00:00
R-145,Gym,2026-02-02 08:00:00,2026-02-02 10:00:00
R-361,Tennis,2026-02-02 08:35:00,2026-02-04 06:00:00
R-274,Badminton,2026-02-02 08:45:00,2026-02-04 16:00:00
R-366,Tennis,2026-02-02 09:05:00,2026-02-03 06:00:00
R-428,Tennis,2026-02-02 09:25:00,2026-02-03 07:00:00
R-187,Badminton,2026-02-02 09:30:00,2026-02-05 19:00:00
R-446,Gym,2026-02-02 09:40:00,2026-02-02 21:00:00
R-186,Gym,2026-02-02 09:55:00,2026-02-03 17:00:00
R-438,Gym,2026-02-02 09:55:00,2026-02-03 06:00:00
R-219,Gym,2026-02-02 10:00:00,2026-02-02 18:00:00
R-225,Gym,2026-02-02 10:35:00,2026-02-03 08:00:00
R-227,Badminton,2026-02-02 11:20:00,2026-02-02 19:00:00
R-301,Gym,2026-02-02 11:30:00,2026-02-02 18:00:00
R-423,Gym,2026-02-02 11:40:00,2026-02-03 06:00:00
R-227,Gym,2026-02-02 12:20:00,2026-02-02 18:00:00
R-105,Gym,2026-02-02 12:20:00,2026-02-03 07:00:00
R-218,Badminton,2026-02-02 13:10:00,2026-02-03 20:00:00
R-201,Gym,2026-02-02 13:25:00,2026-02-02 19:00:00
R-437,Gym,2026-02-02 14:05:00,2026-02-02 21:00:00
R-244,Badminton,2026-02-02 14:10:00,2026-02-04 18:00:00
R-240,Tennis,2026-02-02 14:50:00,2026-02-05 06:00:00
R-370,Gym,2026-02-02 15:15:00,2026-02-03 07:00:00
R-110,Tennis,2026-02-02 15:20:00,2026-02-03 08:00:00
R-102,Gym,2026-02-02 16:00:00,2026-02-03 07:00:00
R-184,Hall,2026-02-02 16:05:00,2026-02-08 16:00:00
R-125,Tennis,2026-02-02 16:15:00,2026-02-03 08:00:00
R-104,Badminton,2026-02-02 16:20:00,2026-02-03 14:00:00
R-193,Pool,2026-02-02 16:25:00,2026-02-03 07:00:00
R-142,Gym,2026-02-02 16:30:00,2026-02-02 20:00:00
R-358,Gym,2026-02-02 16:35:00,2026-02-03 08:00:00
R-203,Tennis,2026-02-02 17:55:00,2026-02-03 08:00:00
R-144,Pool,2026-02-02 18:50:00,2026-02-03 07:00:00
R-403,Badminton,2026-02-02 19:05:00,2026-02-04 20:00:00
R-170,Gym,2026-02-02 19:50:00,2026-02-03 07:00:00
R-163,Gym,2026-02-02 20:00:00,2026-02-03 06:00:00
R-420,Gym,2026-02-02 20:05:00,2026-02-03 06:00:00
R-241,Gym,2026-02-02 20:25:00,2026-02-04 06:00:00
R-151,Tennis,2026-02-02 20:30:00,2026-02-04 21:00:00
R-234,Gym,2026-02-02 20:40:00,2026-02-03 06:00:00
R-434,Tennis,2026-02-02 20:55:00,2026-02-03 07:00:00
R-256,Gym,2026-02-02 21:00:00,2026-02-03 06:00:00
R-177,Tennis,2026-02-02 21:00:00,2026-02-03 07:00:00
R-254,Tennis,2026-02-02 21:40:00,2026-02-04 06:00:00
R-257,Tennis,2026-02-02 21:50:00,2026-02-03 11:00:00
R-177,Pool,2026-02-02 21:55:00,2026-02-03 17:00:00
R-374,Tennis,2026-02-02 22:25:00,2026-02-03 21:00:00
R-240,Gym,2026-02-02 22:35:00,2026-02-03 07:00:00
R-265,Badminton,2026-02-02 22:40:00,2026-02-03 08:00:00
R-391,Gym,2026-02-02 23:00:00,2026-02-03 08:00:00
R-246,Gym,2026-02-02 23:05:00,2026-02-03 06:00:00
R-119,Gym,2026-02-02 23:30:00,2026-02-03 08:00:00
R-329,Gym,2026-02-02 23:35:00,2026-02-03 07:00:00
R-412,Tennis,2026-02-02 23:45:00,2026-02-03 20:00:00
R-434,Pool,2026-02-02 23:55:00,2026-02-03 06:00:00
R-414,Gym,2026-02-02 23:55:00,2026-02-03 06:00:00
R-351,Tennis,2026-02-03 00:15:00,2026-02-04 07:00:00
R-213,Gym,2026-02-03 02:00:00,2026-02-04 15:00:00
R-329,Gym,2026-02-03 02:15:00,2026-02-03 21:00:00
R-295,Gym,2026-02-03 03:40:00,2026-02-03 21:00:00
R-447,Gym,2026-02-03 04:05:00,2026-02-03 19:00:00
R-271,Tennis,2026-02-03 04:15:00,2026-02-04 08:00:00
R-337,Clubhouse,2026-02-03 04:40:00,2026-02-07 18:00:00
R-228,Badminton,2026-02-03 04:55:00,2026-02-04 19:00:00
R-118,Gym,2026-02-03 05:05:00,2026-02-03 17:00:00
R-448,Badminton,2026-02-03 05:15:00,2026-02-03 19:00:00
R-272,Badminton,2026-02-03 05:15:00,2026-02-03 21:00:00
R-306,Pool,2026-02-03 05:30:00,2026-02-04 06:00:00
R-447,Badminton,2026-02-03 06:10:00,2026-02-03 20:00:00
R-243,Gym,2026-02-03 06:20:00,2026-02-03 15:00:00
R-337,Clubhouse,2026-02-03 07:05:00,2026-02-07 11:00:00
R-171,Gym,2026-02-03 07:10:00,2026-02-05 07:00:00
R-219,Gym,2026-02-03 08:25:00,2026-02-03 20:00:00
R-434,Gym,2026-02-03 08:30:00,2026-02-04 06:00:00
R-423,Tennis,2026-02-03 09:25:00,2026-02-05 13:00:00
R-293,Badminton,2026-02-03 09:30:00,2026-02-03 19:00:00
R-421,Tennis,2026-02-03 09:35:00,2026-02-04 06:00:00
R-247,Badminton,2026-02-03 09:50:00,2026-02-03 21:00:00
R-227,Tennis,2026-02-03 09:55:00,2026-02-04 20:00:00
R-423,Pool,2026-02-03 10:35:00,2026-02-04 06:00:00
R-381,Pool,2026-02-03 11:15:00,2026-02-04 06:00:00
R-167,Tennis,2026-02-03 11:30:00,2026-02-06 08:00:00
R-239,Gym,2026-02-03 11:40:00,2026-02-03 21:00:00
R-149,Gym,2026-02-03 12:10:00,2026-02-03 22:00:00
R-163,Pool,2026-02-03 12:35:00,2026-02-04 07:00:00
R-128,Gym,2026-02-03 13:00:00,2026-02-03 19:00:00
R-428,Gym,2026-02-03 13:10:00,2026-02-05 07:00:00
R-337,Clubhouse,2026-02-03 13:35:00,2026-02-08 12:00:00
R-193,Tennis,2026-02-03 14:20:00,2026-02-05 17:00:00
R-179,Gym,2026-02-03 15:10:00,2026-02-03 19:00:00
R-118,Gym,2026-02-03 15:10:00,2026-02-04 06:00:00
R-272,Badminton,2026-02-03 15:25:00,2026-02-04 18:00:00
R-328,Gym,2026-02-03 16:05:00,2026-02-03 21:00:00
R-301,Gym,2026-02-03 16:35:00,2026-02-03 21:00:00
R-385,Hall,2026-02-03 17:20:00,2026-02-06 12:00:00
R-391,Pool,2026-02-03 17:35:00,2026-02-04 08:00:00
R-391,Gym,2026-02-03 17:50:00,2026-02-04 07:00:00
R-272,Badminton,2026-02-03 18:10:00,2026-02-04 20:00:00
R-353,Tennis,2026-02-03 18:20:00,2026-02-04 21:00:00
R-228,Tennis,2026-02-03 18:35:00,2026-02-06 18:00:00
R-211,Clubhouse,2026-02-03 18:40:00,2026-02-06 16:00:00
R-142,Badminton,2026-02-03 18:50:00,2026-02-04 19:00:00
R-404,Tennis,2026-02-03 19:25:00,2026-02-04 18:00:00
R-290,Badminton,2026-02-03 19:40:00,2026-02-04 19:00:00
R-428,Tennis,2026-02-03 19:55:00,2026-02-04 06:00:00
R-301,Badminton,2026-02-03 20:15:00,2026-02-04 21:00:00
R-432,Gym,2026-02-03 20:15:00,2026-02-04 06:00:00
R-119,Gym,2026-02-03 20:45:00,2026-02-04 08:00:00
R-198,Gym,2026-02-03 21:00:00,2026-02-04 08:00:00
R-279,Gym,2026-02-03 21:15:00,2026-02-04 06:00:00
R-221,Gym,2026-02-03 21:35:00,2026-02-05 06:00:00
R-339,Gym,2026-02-03 21:45:00,2026-02-04 14:00:00
R-401,Gym,2026-02-03 21:45:00,2026-02-04 06:00:00
R-117,Gym,2026-02-03 21:50:00,2026-02-04 07:00:00
R-366,Pool,2026-02-03 22:05:00,2026-02-05 07:00:00
R-108,Hall,2026-02-03 22:15:00,2026-02-06 19:00:00
R-119,Gym,2026-02-03 22:20:00,2026-02-04 06:00:00
R-225,Gym,2026-02-03 22:20:00,2026-02-05 08:00:00
R-218,Gym,2026-02-03 22:25:00,2026-02-04 21:00:00
R-184,Clubhouse,2026-02-03 22:45:00,2026-02-07 20:00:00
R-361,Gym,2026-02-03 23:45:00,2026-02-04 08:00:00
R-112,Gym,2026-02-04 00:05:00,2026-02-04 07:00:00
R-231,Gym,2026-02-04 00:40:00,2026-02-04 08:00:00
R-432,Gym,2026-02-04 00:45:00,2026-02-04 07:00:00
R-353,Gym,2026-02-04 01:25:00,2026-02-04 19:00:00
R-401,Gym,2026-02-04 01:45:00,2026-02-04 08:00:00
R-117,Pool,2026-02-04 02:15:00,2026-02-06 21:00:00
R-119,Gym,2026-02-04 02:30:00,2026-02-04 07:00:00
R-170,Gym,2026-02-04 02:40:00,2026-02-04 08:00:00
R-423,Tennis,2026-02-04 03:10:00,2026-02-05 06:00:00
R-335,Tennis,2026-02-04 03:20:00,2026-02-04 21:00:00
R-268,Gym,2026-02-04 03:30:00,2026-02-04 16:00:00
R-446,Gym,2026-02-04 03:55:00,2026-02-04 08:00:00
R-104,Gym,2026-02-04 04:15:00,2026-02-04 21:00:00
R-246,Tennis,2026-02-04 04:20:00,2026-02-06 11:00:00
R-301,Pool,2026-02-04 04:35:00,2026-02-04 19:00:00
R-149,Gym,2026-02-04 05:30:00,2026-02-04 20:00:00
R-296,Tennis,2026-02-04 05:45:00,2026-02-04 21:00:00
R-447,Badminton,2026-02-04 06:00:00,2026-02-04 18:00:00
R-124,Badminton,2026-02-04 06:05:00,2026-02-04 18:00:00
R-446,Tennis,2026-02-04 06:35:00,2026-02-05 07:00:00
R-331,Badminton,2026-02-04 06:40:00,2026-02-04 20:00:00
R-283,Clubhouse,2026-02-04 06:50:00,2026-02-08 11:00:00
R-159,Tennis,2026-02-04 08:20:00,2026-02-05 06:00:00
R-126,Badminton,2026-02-04 08:30:00,2026-02-05 21:00:00
R-257,Badminton,2026-02-04 09:05:00,2026-02-06 19:00:00
R-447,Badminton,2026-02-04 09:10:00,2026-02-04 20:00:00
R-324,Gym,2026-02-04 09:25:00,2026-02-04 18:00:00
R-218,Badminton,2026-02-04 10:55:00,2026-02-05 18:00:00
R-401,Tennis,2026-02-04 11:25:00,2026-02-06 06:00:00
R-353,Badminton,2026-02-04 11:30:00,2026-02-05 20:00:00
R-437,Gym,2026-02-04 11:30:00,2026-02-04 21:00:00
R-279,Pool,2026-02-04 12:40:00,2026-02-05 08:00:00
R-240,Gym,2026-02-04 13:00:00,2026-02-05 07:00:00
R-110,Gym,2026-02-04 13:35:00,2026-02-06 07:00:00
R-250,Gym,2026-02-04 13:35:00,2026-02-05 07:00:00
R-378,Badminton,2026-02-04 13:55:00,2026-02-07 17:00:00
R-239,Gym,2026-02-04 14:00:00,2026-02-04 19:00:00
R-428,Tennis,2026-02-04 14:05:00,2026-02-06 08:00:00
R-424,Tennis,2026-02-04 15:15:00,2026-02-05 07:00:00
R-328,Pool,2026-02-04 15:30:00,2026-02-05 19:00:00
R-102,Gym,2026-02-04 15:55:00,2026-02-05 07:00:00
R-121,Hall,2026-02-04 15:55:00,2026-02-08 16:00:00
R-257,Badminton,2026-02-04 16:05:00,2026-02-07 20:00:00
R-145,Gym,2026-02-04 16:30:00,2026-02-05 08:00:00
R-112,Gym,2026-02-04 16:45:00,2026-02-05 06:00:00
R-306,Gym,2026-02-04 17:00:00,2026-02-05 08:00:00
R-271,Gym,2026-02-04 17:25:00,2026-02-05 07:00:00
R-242,Pool,2026-02-04 18:20:00,2026-02-05 08:00:00
R-309,Pool,2026-02-04 18:20:00,2026-02-07 18:00:00
R-159,Gym,2026-02-04 18:30:00,2026-02-05 07:00:00
R-281,Pool,2026-02-04 19:25:00,2026-02-05 18:00:00
R-432,Pool,2026-02-04 19:45:00,2026-02-05 08:00:00
R-358,Gym,2026-02-04 20:10:00,2026-02-05 07:00:00
R-213,Badminton,2026-02-04 20:55:00,2026-02-06 17:00:00
R-243,Gym,2026-02-04 20:55:00,2026-02-05 20:00:00
R-441,Badminton,2026-02-04 21:05:00,2026-02-05 19:00:00
R-298,Pool,2026-02-04 21:05:00,2026-02-05 08:00:00
R-271,Gym,2026-02-04 21:45:00,2026-02-05 11:00:00
R-277,Badminton,2026-02-04 22:15:00,2026-02-05 21:00:00
R-119,Gym,2026-02-04 22:15:00,2026-02-05 07:00:00
R-424,Gym,2026-02-04 22:45:00,2026-02-05 06:00:00
R-210,Tennis,2026-02-04 22:55:00,2026-02-05 07:00:00
R-428,Gym,2026-02-04 22:55:00,2026-02-06 22:00:00
R-243,Badminton,2026-02-04 23:10:00,2026-02-05 21:00:00
R-208,Pool,2026-02-04 23:25:00,2026-02-05 21:00:00
R-361,Gym,2026-02-04 23:35:00,2026-02-05 07:00:00
R-414,Gym,2026-02-04 23:55:00,2026-02-05 06:00:00
R-329,Gym,2026-02-05 00:25:00,2026-02-05 07:00:00
R-331,Tennis,2026-02-05 00:35:00,2026-02-09 18:00:00
R-384,Clubhouse,2026-02-05 01:30:00,2026-02-07 16:00:00
R-301,Badminton,2026-02-05 01:45:00,2026-02-05 20:00:00
R-434,Tennis,2026-02-05 01:50:00,2026-02-06 10:00:00
R-414,Gym,2026-02-05 01:55:00,2026-02-05 13:00:00
R-277,Badminton,2026-02-05 02:05:00,2026-02-06 21:00:00
R-431,Clubhouse,2026-02-05 02:35:00,2026-02-07 10:00:00
R-286,Badminton,2026-02-05 02:40:00,2026-02-07 18:00:00
R-286,Gym,2026-02-05 02:45:00,2026-02-06 20:00:00
R-154,Gym,2026-02-05 02:50:00,2026-02-05 10:00:00
R-156,Gym,2026-02-05 03:20:00,2026-02-05 08:00:00
R-227,Gym,2026-02-05 03:35:00,2026-02-05 20:00:00
R-306,Pool,2026-02-05 03:50:00,2026-02-05 06:00:00
R-170,Gym,2026-02-05 04:05:00,2026-02-06 06:00:00
R-285,Pool,2026-02-05 04:30:00,2026-02-07 18:00:00
R-443,Gym,2026-02-05 05:05:00,2026-02-05 20:00:00
R-105,Gym,2026-02-05 05:10:00,2026-02-06 08:00:00
R-170,Tennis,2026-02-05 05:50:00,2026-02-06 08:00:00
R-293,Hall,2026-02-05 06:35:00,2026-02-11 20:00:00
R-243,Badminton,2026-02-05 06:40:00,2026-02-07 09:00:00
R-293,Badminton,2026-02-05 07:00:00,2026-02-06 18:00:00
R-227,Gym,2026-02-05 07:45:00,2026-02-05 18:00:00
R-286,Gym,2026-02-05 07:55:00,2026-02-05 20:00:00
R-432,Gym,2026-02-05 08:05:00,2026-02-06 07:00:00
R-209,Pool,2026-02-05 08:30:00,2026-02-06 12:00:00
R-213,Badminton,2026-02-05 08:45:00,2026-02-05 18:00:00
R-215,Badminton,2026-02-05 08:45:00,2026-02-05 18:00:00
R-444,Pool,2026-02-05 09:05:00,2026-02-06 07:00:00
R-180,Pool,2026-02-05 10:00:00,2026-02-05 18:00:00
R-310,Pool,2026-02-05 10:10:00,2026-02-07 10:00:00
R-361,Gym,2026-02-05 10:20:00,2026-02-05 18:00:00
R-329,Gym,2026-02-05 10:55:00,2026-02-06 07:00:00
R-353,Badminton,2026-02-05 11:25:00,2026-02-06 18:00:00
R-218,Badminton,2026-02-05 11:55:00,2026-02-06 18:00:00
R-308,Gym,2026-02-05 12:05:00,2026-02-05 20:00:00
R-156,Gym,2026-02-05 12:10:00,2026-02-06 06:00:00
R-221,Gym,2026-02-05 12:20:00,2026-02-05 16:00:00
R-268,Gym,2026-02-05 12:25:00,2026-02-06 07:00:00
R-422,Gym,2026-02-05 12:35:00,2026-02-05 18:00:00
R-246,Gym,2026-02-05 12:45:00,2026-02-06 06:00:00
R-443,Gym,2026-02-05 12:55:00,2026-02-05 18:00:00
R-251,Pool,2026-02-05 13:15:00,2026-02-06 12:00:00
R-381,Pool,2026-02-05 13:50:00,2026-02-08 07:00:00
R-150,Gym,2026-02-05 13:55:00,2026-02-06 06:00:00
R-279,Gym,2026-02-05 14:10:00,2026-02-06 06:00:00
R-102,Tennis,2026-02-05 14:15:00,2026-02-06 07:00:00
R-122,Tennis,2026-02-05 14:30:00,2026-02-06 18:00:00
R-378,Pool,2026-02-05 14:45:00,2026-02-08 14:00:00
R-277,Badminton,2026-02-05 15:00:00,2026-02-07 07:00:00
R-119,Gym,2026-02-05 15:00:00,2026-02-06 08:00:00
R-438,Gym,2026-02-05 15:10:00,2026-02-06 08:00:00
R-247,Badminton,2026-02-05 15:15:00,2026-02-06 15:00:00
R-171,Gym,2026-02-05 15:25:00,2026-02-06 06:00:00
R-145,Tennis,2026-02-05 15:40:00,2026-02-06 11:00:00
R-155,Gym,2026-02-05 16:20:00,2026-02-06 08:00:00
R-423,Gym,2026-02-05 16:35:00,2026-02-06 08:00:00
R-414,Gym,2026-02-05 16:55:00,2026-02-06 06:00:00
R-288,Tennis,2026-02-05 17:10:00,2026-02-06 16:00:00
R-448,Badminton,2026-02-05 17:15:00,2026-02-06 09:00:00
R-167,Gym,2026-02-05 17:25:00,2026-02-06 06:00:00
R-150,Gym,2026-02-05 17:30:00,2026-02-06 17:00:00
R-145,Gym,2026-02-05 17:45:00,2026-02-06 08:00:00
R-170,Pool,2026-02-05 18:50:00,2026-02-06 07:00:00
R-104,Badminton,2026-02-05 20:05:00,2026-02-06 11:00:00
R-102,Gym,2026-02-05 20:20:00,2026-02-06 06:00:00
R-423,Gym,2026-02-05 20:20:00,2026-02-06 07:00:00
R-271,Gym,2026-02-05 20:30:00,2026-02-06 07:00:00
R-306,Gym,2026-02-05 20:30:00,2026-02-06 08:00:00
R-272,Badminton,2026-02-05 20:45:00,2026-02-06 19:00:00
R-216,Badminton,2026-02-05 21:00:00,2026-02-07 08:00:00
R-281,Badminton,2026-02-05 21:15:00,2026-02-06 20:00:00
R-387,Clubhouse,2026-02-05 21:40:00,2026-02-07 11:00:00
R-281,Gym,2026-02-05 21:55:00,2026-02-06 17:00:00
R-118,Gym,2026-02-05 22:15:00,2026-02-06 07:00:00
R-377,Badminton,2026-02-05 22:25:00,2026-02-06 08:00:00
R-435,Clubhouse,2026-02-05 22:30:00,2026-02-07 16:00:00
R-414,Gym,2026-02-05 22:40:00,2026-02-06 07:00:00
R-313,Gym,2026-02-05 23:10:00,2026-02-06 19:00:00
R-426,Badminton,2026-02-05 23:10:00,2026-02-07 22:00:00
R-122,Pool,2026-02-05 23:20:00,2026-02-06 08:00:00
R-144,Tennis,2026-02-05 23:30:00,2026-02-06 08:00:00
R-424,Gym,2026-02-05 23:35:00,2026-02-06 06:00:00
R-151,Badminton,2026-02-05 23:55:00,2026-02-06 19:00:00
R-252,Gym,2026-02-06 00:50:00,2026-02-06 19:00:00
R-114,Gym,2026-02-06 01:15:00,2026-02-06 07:00:00
R-444,Gym,2026-02-06 01:20:00,2026-02-06 06:00:00
R-142,Badminton,2026-02-06 02:30:00,2026-02-06 20:00:00
R-257,Badminton,2026-02-06 03:00:00,2026-02-07 18:00:00
R-128,Badminton,2026-02-06 03:05:00,2026-02-06 19:00:00
R-140,Badminton,2026-02-06 03:10:00,2026-02-06 20:00:00
R-203,Gym,2026-02-06 03:15:00,2026-02-06 06:00:00
R-281,Badminton,2026-02-06 05:45:00,2026-02-06 21:00:00
R-432,Gym,2026-02-06 05:50:00,2026-02-06 08:00:00
R-110,Gym,2026-02-06 06:05:00,2026-02-06 12:00:00
R-257,Gym,2026-02-06 06:15:00,2026-02-06 20:00:00
R-404,Tennis,2026-02-06 06:45:00,2026-02-06 20:00:00
R-140,Badminton,2026-02-06 06:55:00,2026-02-07 07:00:00
R-374,Pool,2026-02-06 07:50:00,2026-02-06 20:00:00
R-320,Tennis,2026-02-06 08:25:00,2026-02-08 17:00:00
R-225,Tennis,2026-02-06 08:35:00,2026-02-09 08:00:00
R-377,Tennis,2026-02-06 08:40:00,2026-02-08 19:00:00
R-290,Badminton,2026-02-06 08:50:00,2026-02-06 18:00:00
R-303,Badminton,2026-02-06 09:20:00,2026-02-07 17:00:00
R-426,Badminton,2026-02-06 09:45:00,2026-02-07 18:00:00
R-244,Badminton,2026-02-06 09:55:00,2026-02-06 20:00:00
R-192,Pool,2026-02-06 10:20:00,2026-02-07 14:00:00
R-260,Badminton,2026-02-06 11:20:00,2026-02-07 07:00:00
R-208,Gym,2026-02-06 12:20:00,2026-02-06 20:00:00
R-290,Gym,2026-02-06 13:15:00,2026-02-06 19:00:00
R-261,Badminton,2026-02-06 14:05:00,2026-02-07 20:00:00
R-300,Pool,2026-02-06 14:20:00,2026-02-07 11:00:00
R-394,Clubhouse,2026-02-06 15:00:00,2026-02-07 11:00:00
R-146,Gym,2026-02-06 15:20:00,2026-02-06 21:00:00
R-243,Tennis,2026-02-06 15:50:00,2026-02-07 21:00:00
R-195,Clubhouse,2026-02-06 16:00:00,2026-02-07 11:00:00
R-278,Badminton,2026-02-06 16:00:00,2026-02-07 16:00:00
R-104,Gym,2026-02-06 16:55:00,2026-02-06 21:00:00
R-252,Badminton,2026-02-06 17:25:00,2026-02-07 15:00:00
R-288,Hall,2026-02-06 17:55:00,2026-02-16 15:00:00
R-447,Badminton,2026-02-06 18:05:00,2026-02-07 09:00:00
R-311,Pool,2026-02-06 18:10:00,2026-02-07 18:00:00
R-201,Tennis,2026-02-06 18:50:00,2026-02-08 18:00:00
R-227,Badminton,2026-02-06 19:00:00,2026-02-07 21:00:00
R-434,Tennis,2026-02-06 19:20:00,2026-02-08 07:00:00
R-100,Pool,2026-02-06 19:25:00,2026-02-07 15:00:00
R-161,Pool,2026-02-06 19:35:00,2026-02-07 14:00:00
R-220,Pool,2026-02-06 20:00:00,2026-02-07 11:00:00
R-254,Gym,2026-02-06 20:10:00,2026-02-07 08:00:00
R-119,Gym,2026-02-06 20:15:00,2026-02-07 06:00:00
R-124,Badminton,2026-02-06 20:25:00,2026-02-07 19:00:00
R-301,Tennis,2026-02-06 20:35:00,2026-02-08 20:00:00
R-126,Badminton,2026-02-06 21:10:00,2026-02-07 19:00:00
R-423,Pool,2026-02-06 21:15:00,2026-02-09 06:00:00
R-183,Pool,2026-02-06 22:15:00,2026-02-07 10:00:00
R-406,Pool,2026-02-06 22:20:00,2026-02-07 17:00:00
R-104,Badminton,2026-02-06 22:45:00,2026-02-07 19:00:00
R-277,Badminton,2026-02-06 23:10:00,2026-02-07 21:00:00
R-349,Pool,2026-02-07 00:00:00,2026-02-08 17:00:00
R-433,Pool,2026-02-07 00:35:00,2026-02-07 18:00:00
R-392,Pool,2026-02-07 00:35:00,2026-02-07 18:00:00
R-122,Pool,2026-02-07 00:35:00,2026-02-07 17:00:00
R-277,Tennis,2026-02-07 00:35:00,2026-02-11 11:00:00
R-423,Gym,2026-02-07 00:50:00,2026-02-08 06:00:00
R-353,Badminton,2026-02-07 00:55:00,2026-02-09 20:00:00
R-222,Gym,2026-02-07 01:10:00,2026-02-07 20:00:00
R-284,Pool,2026-02-07 02:00:00,2026-02-07 15:00:00
R-260,Gym,2026-02-07 02:15:00,2026-02-07 15:00:00
R-336,Pool,2026-02-07 02:45:00,2026-02-07 14:00:00
R-219,Badminton,2026-02-07 02:50:00,2026-02-07 20:00:00
R-363,Clubhouse,2026-02-07 02:50:00,2026-02-08 11:00:00
R-272,Tennis,2026-02-07 03:15:00,2026-02-07 20:00:00
R-312,Clubhouse,2026-02-07 03:25:00,2026-02-08 15:00:00
R-350,Pool,2026-02-07 04:00:00,2026-02-07 15:00:00
R-447,Badminton,2026-02-07 04:20:00,2026-02-07 20:00:00
R-248,Gym,2026-02-07 04:20:00,2026-02-07 21:00:00
R-400,Pool,2026-02-07 04:30:00,2026-02-07 15:00:00
R-205,Pool,2026-02-07 04:50:00,2026-02-08 11:00:00
R-243,Badminton,2026-02-07 05:15:00,2026-02-07 19:00:00
R-167,Tennis,2026-02-07 05:25:00,2026-02-09 21:00:00
R-356,Gym,2026-02-07 06:25:00,2026-02-07 16:00:00
R-216,Tennis,2026-02-07 06:30:00,2026-02-07 17:00:00
R-103,Gym,2026-02-07 06:55:00,2026-02-07 17:00:00
R-224,Clubhouse,2026-02-07 07:05:00,2026-02-07 19:00:00
R-149,Badminton,2026-02-07 07:25:00,2026-02-07 21:00:00
R-248,Badminton,2026-02-07 07:35:00,2026-02-08 18:00:00
R-437,Badminton,2026-02-07 07:50:00,2026-02-09 14:00:00
R-225,Tennis,2026-02-07 08:35:00,2026-02-12 08:00:00
R-236,Gym,2026-02-07 08:40:00,2026-02-07 14:00:00
R-138,Pool,2026-02-07 08:50:00,2026-02-08 14:00:00
R-181,Gym,2026-02-07 09:25:00,2026-02-07 20:00:00
R-192,Pool,2026-02-07 09:25:00,2026-02-08 15:00:00
R-426,Gym,2026-02-07 09:50:00,2026-02-08 18:00:00
R-384,Pool,2026-02-07 09:55:00,2026-02-08 15:00:00
R-312,Pool,2026-02-07 10:10:00,2026-02-08 10:00:00
R-146,Gym,2026-02-07 11:15:00,2026-02-07 18:00:00
R-310,Pool,2026-02-07 11:50:00,2026-02-08 16:00:00
R-146,Badminton,2026-02-07 11:55:00,2026-02-09 09:00:00
R-220,Clubhouse,2026-02-07 12:05:00,2026-02-08 16:00:00
R-108,Hall,2026-02-07 12:15:00,2026-02-21 12:00:00
R-201,Gym,2026-02-07 12:45:00,2026-02-07 21:00:00
R-394,Pool,2026-02-07 12:50:00,2026-02-08 11:00:00
R-426,Gym,2026-02-07 13:00:00,2026-02-07 21:00:00
R-281,Gym,2026-02-07 13:00:00,2026-02-07 18:00:00
R-175,Badminton,2026-02-07 13:25:00,2026-02-08 15:00:00
R-127,Badminton,2026-02-07 13:55:00,2026-02-08 16:00:00
R-222,Badminton,2026-02-07 14:30:00,2026-02-09 20:00:00
R-356,Clubhouse,2026-02-07 14:40:00,2026-02-14 14:00:00
R-353,Gym,2026-02-07 14:50:00,2026-02-07 20:00:00
R-326,Pool,2026-02-07 15:20:00,2026-02-08 19:00:00
R-228,Badminton,2026-02-07 15:30:00,2026-02-08 07:00:00
R-448,Gym,2026-02-07 16:20:00,2026-02-07 20:00:00
R-112,Tennis,2026-02-07 16:35:00,2026-02-08 07:00:00
R-312,Clubhouse,2026-02-07 17:20:00,2026-02-14 17:00:00
R-123,Pool,2026-02-07 17:25:00,2026-02-08 17:00:00
R-300,Pool,2026-02-07 17:35:00,2026-02-08 11:00:00
R-259,Pool,2026-02-07 18:50:00,2026-02-08 17:00:00
R-300,Pool,2026-02-07 19:15:00,2026-02-08 10:00:00
R-313,Badminton,2026-02-07 19:25:00,2026-02-09 19:00:00
R-211,Pool,2026-02-07 19:35:00,2026-02-08 15:00:00
R-109,Clubhouse,2026-02-07 20:50:00,2026-02-09 16:00:00
R-405,Pool,2026-02-07 21:15:00,2026-02-08 10:00:00
R-449,Tennis,2026-02-07 21:20:00,2026-02-08 19:00:00
R-361,Gym,2026-02-07 22:25:00,2026-02-09 06:00:00
R-104,Badminton,2026-02-08 00:00:00,2026-02-09 14:00:00
R-190,Pool,2026-02-08 00:05:00,2026-02-08 14:00:00
R-310,Pool,2026-02-08 00:25:00,2026-02-08 11:00:00
R-255,Pool,2026-02-08 00:45:00,2026-02-08 08:00:00
R-197,Pool,2026-02-08 01:00:00,2026-02-08 17:00:00
R-272,Badminton,2026-02-08 01:05:00,2026-02-09 13:00:00
R-379,Pool,2026-02-08 02:15:00,2026-02-08 16:00:00
R-223,Badminton,2026-02-08 03:10:00,2026-02-08 13:00:00
R-292,Pool,2026-02-08 03:10:00,2026-02-08 16:00:00
R-248,Badminton,2026-02-08 03:15:00,2026-02-09 21:00:00
R-318,Gym,2026-02-08 03:30:00,2026-02-08 12:00:00
R-225,Gym,2026-02-08 03:35:00,2026-02-09 06:00:00
R-232,Badminton,2026-02-08 04:10:00,2026-02-08 17:00:00
R-373,Badminton,2026-02-08 04:30:00,2026-02-09 21:00:00
R-271,Gym,2026-02-08 04:50:00,2026-02-09 08:00:00
R-273,Pool,2026-02-08 05:05:00,2026-02-08 11:00:00
R-213,Clubhouse,2026-02-08 05:10:00,2026-02-11 19:00:00
R-208,Badminton,2026-02-08 05:15:00,2026-02-09 21:00:00
R-154,Badminton,2026-02-08 05:45:00,2026-02-09 20:00:00
R-329,Gym,2026-02-08 05:45:00,2026-02-09 06:00:00
R-106,Pool,2026-02-08 06:00:00,2026-02-09 18:00:00
R-256,Gym,2026-02-08 06:10:00,2026-02-09 06:00:00
R-414,Tennis,2026-02-08 07:30:00,2026-02-10 06:00:00
R-438,Gym,2026-02-08 07:40:00,2026-02-09 06:00:00
R-261,Badminton,2026-02-08 09:20:00,2026-02-09 20:00:00
R-270,Pool,2026-02-08 09:45:00,2026-02-08 14:00:00
R-414,Gym,2026-02-08 10:40:00,2026-02-09 07:00:00
R-211,Pool,2026-02-08 10:40:00,2026-02-08 16:00:00
R-218,Badminton,2026-02-08 11:10:00,2026-02-10 19:00:00
R-165,Hall,2026-02-08 11:30:00,2026-02-14 21:00:00
R-324,Badminton,2026-02-08 11:40:00,2026-02-09 19:00:00
R-192,Pool,2026-02-08 12:30:00,2026-02-08 14:00:00
R-171,Gym,2026-02-08 13:00:00,2026-02-09 07:00:00
R-443,Gym,2026-02-08 13:35:00,2026-02-09 21:00:00
R-377,Gym,2026-02-08 13:40:00,2026-02-08 18:00:00
R-144,Tennis,2026-02-08 13:45:00,2026-02-09 06:00:00
R-221,Gym,2026-02-08 14:10:00,2026-02-09 06:00:00
R-388,Gym,2026-02-08 15:10:00,2026-02-09 19:00:00
R-281,Gym,2026-02-08 15:10:00,2026-02-09 18:00:00
R-112,Gym,2026-02-08 15:35:00,2026-02-09 06:00:00
R-329,Gym,2026-02-08 15:50:00,2026-02-09 22:00:00
R-279,Tennis,2026-02-08 16:35:00,2026-02-10 08:00:00
R-170,Tennis,2026-02-08 18:00:00,2026-02-11 07:00:00
R-155,Gym,2026-02-08 18:15:00,2026-02-09 08:00:00
R-165,Hall,2026-02-08 18:20:00,2026-02-22 18:00:00
R-174,Tennis,2026-02-08 18:25:00,2026-02-09 06:00:00
R-448,Badminton,2026-02-08 18:45:00,2026-02-09 19:00:00
R-203,Pool,2026-02-08 19:20:00,2026-02-09 06:00:00
R-156,Tennis,2026-02-08 19:35:00,2026-02-09 06:00:00
R-366,Gym,2026-02-08 19:50:00,2026-02-09 06:00:00
R-224,Pool,2026-02-08 20:40:00,2026-02-09 07:00:00
R-102,Gym,2026-02-08 20:40:00,2026-02-09 07:00:00
R-272,Badminton,2026-02-08 21:05:00,2026-02-09 18:00:00
R-426,Tennis,2026-02-08 21:10:00,2026-02-09 10:00:00
R-227,Badminton,2026-02-08 21:20:00,2026-02-09 18:00:00
R-240,Gym,2026-02-08 21:30:00,2026-02-09 07:00:00
R-397,Gym,2026-02-08 23:35:00,2026-02-09 21:00:00
R-140,Badminton,2026-02-08 23:35:00,2026-02-09 18:00:00
R-434,Gym,2026-02-09 00:15:00,2026-02-10 08:00:00
R-361,Gym,2026-02-09 00:30:00,2026-02-09 08:00:00
R-119,Gym,2026-02-09 00:35:00,2026-02-09 08:00:00
R-423,Pool,2026-02-09 00:45:00,2026-02-10 07:00:00
R-250,Pool,2026-02-09 01:00:00,2026-02-09 18:00:00
R-119,Gym,2026-02-09 01:35:00,2026-02-09 07:00:00
R-391,Gym,2026-02-09 02:15:00,2026-02-09 07:00:00
R-159,Gym,2026-02-09 02:20:00,2026-02-09 08:00:00
R-308,Gym,2026-02-09 02:35:00,2026-02-09 19:00:00
R-324,Badminton,2026-02-09 02:35:00,2026-02-09 18:00:00
R-366,Gym,2026-02-09 04:05:00,2026-02-09 21:00:00
R-267,Tennis,2026-02-09 04:25:00,2026-02-10 20:00:00
R-219,Gym,2026-02-09 05:20:00,2026-02-09 18:00:00
R-408,Hall,2026-02-09 05:20:00,2026-02-15 19:00:00
R-177,Tennis,2026-02-09 05:30:00,2026-02-09 18:00:00
R-105,Pool,2026-02-09 06:00:00,2026-02-10 07:00:00
R-145,Gym,2026-02-09 06:20:00,2026-02-10 09:00:00
R-414,Tennis,2026-02-09 06:40:00,2026-02-11 06:00:00
R-353,Tennis,2026-02-09 07:05:00,2026-02-12 21:00:00
R-403,Tennis,2026-02-09 07:05:00,2026-02-10 07:00:00
R-243,Gym,2026-02-09 07:25:00,2026-02-09 18:00:00
R-330,Gym,2026-02-09 08:00:00,2026-02-09 18:00:00
R-339,Gym,2026-02-09 08:00:00,2026-02-10 06:00:00
R-281,Gym,2026-02-09 08:10:00,2026-02-09 20:00:00
R-114,Gym,2026-02-09 08:30:00,2026-02-09 17:00:00
R-155,Gym,2026-02-09 08:30:00,2026-02-11 08:00:00
R-293,Badminton,2026-02-09 08:50:00,2026-02-10 16:00:00
R-140,Badminton,2026-02-09 09:10:00,2026-02-10 06:00:00
R-388,Gym,2026-02-09 09:55:00,2026-02-09 18:00:00
R-225,Gym,2026-02-09 10:00:00,2026-02-10 07:00:00
R-181,Gym,2026-02-09 10:35:00,2026-02-09 20:00:00
R-104,Gym,2026-02-09 10:55:00,2026-02-10 20:00:00
R-267,Badminton,2026-02-09 11:15:00,2026-02-10 13:00:00
R-421,Gym,2026-02-09 11:35:00,2026-02-10 08:00:00
R-145,Tennis,2026-02-09 12:35:00,2026-02-10 06:00:00
R-244,Tennis,2026-02-09 12:55:00,2026-02-10 20:00:00
R-339,Gym,2026-02-09 13:05:00,2026-02-10 08:00:00
R-105,Gym,2026-02-09 14:20:00,2026-02-10 06:00:00
R-119,Gym,2026-02-09 14:20:00,2026-02-10 06:00:00
R-128,Badminton,2026-02-09 15:15:00,2026-02-09 21:00:00
R-114,Pool,2026-02-09 15:15:00,2026-02-09 18:00:00
R-256,Gym,2026-02-09 15:15:00,2026-02-11 06:00:00
R-114,Tennis,2026-02-09 15:25:00,2026-02-11 07:00:00
R-414,Gym,2026-02-09 15:45:00,2026-02-11 08:00:00
R-361,Gym,2026-02-09 15:50:00,2026-02-10 08:00:00
R-243,Pool,2026-02-09 16:10:00,2026-02-09 21:00:00
R-240,Gym,2026-02-09 16:30:00,2026-02-10 06:00:00
R-145,Gym,2026-02-09 16:55:00,2026-02-10 08:00:00
R-300,Pool,2026-02-09 17:00:00,2026-02-10 11:00:00
R-286,Gym,2026-02-09 17:30:00,2026-02-10 19:00:00
R-301,Badminton,2026-02-09 17:45:00,2026-02-10 21:00:00
R-213,Badminton,2026-02-09 18:15:00,2026-02-13 18:00:00
R-145,Pool,2026-02-09 18:35:00,2026-02-11 07:00:00
R-414,Tennis,2026-02-09 18:55:00,2026-02-12 06:00:00
R-286,Badminton,2026-02-09 19:40:00,2026-02-10 21:00:00
R-290,Gym,2026-02-09 19:50:00,2026-02-10 20:00:00
R-142,Badminton,2026-02-09 19:50:00,2026-02-11 20:00:00
R-265,Badminton,2026-02-09 20:00:00,2026-02-10 17:00:00
R-112,Gym,2026-02-09 20:15:00,2026-02-10 07:00:00
R-329,Gym,2026-02-09 20:15:00,2026-02-10 07:00:00
R-212,Gym,2026-02-09 20:35:00,2026-02-10 07:00:00
R-114,Gym,2026-02-09 20:55:00,2026-02-10 07:00:00
R-170,Gym,2026-02-09 21:00:00,2026-02-10 07:00:00
R-353,Badminton,2026-02-09 21:10:00,2026-02-10 19:00:00
R-339,Gym,2026-02-09 21:20:00,2026-02-11 08:00:00
R-150,Gym,2026-02-09 22:20:00,2026-02-10 06:00:00
R-112,Gym,2026-02-09 22:40:00,2026-02-10 06:00:00
R-125,Tennis,2026-02-09 23:05:00,2026-02-11 07:00:00
R-203,Pool,2026-02-09 23:15:00,2026-02-10 08:00:00
R-420,Gym,2026-02-09 23:15:00,2026-02-10 18:00:00
R-222,Gym,2026-02-09 23:25:00,2026-02-10 20:00:00
R-418,Gym,2026-02-09 23:45:00,2026-02-10 12:00:00
R-186,Tennis,2026-02-09 23:50:00,2026-02-12 08:00:00
R-156,Gym,2026-02-09 23:55:00,2026-02-10 06:00:00
R-215,Badminton,2026-02-09 23:55:00,2026-02-10 20:00:00
R-423,Gym,2026-02-10 00:10:00,2026-02-10 12:00:00
R-432,Tennis,2026-02-10 00:40:00,2026-02-10 08:00:00
R-432,Gym,2026-02-10 01:05:00,2026-02-10 07:00:00
R-366,Gym,2026-02-10 01:30:00,2026-02-10 10:00:00
R-200,Clubhouse,2026-02-10 02:00:00,2026-02-10 17:00:00
R-388,Badminton,2026-02-10 02:35:00,2026-02-10 20:00:00
R-361,Pool,2026-02-10 02:45:00,2026-02-11 08:00:00
R-155,Gym,2026-02-10 03:45:00,2026-02-10 08:00:00
R-354,Gym,2026-02-10 04:00:00,2026-02-10 13:00:00
R-272,Gym,2026-02-10 04:00:00,2026-02-10 19:00:00
R-218,Badminton,2026-02-10 04:20:00,2026-02-10 21:00:00
R-331,Badminton,2026-02-10 04:30:00,2026-02-11 18:00:00
R-165,Hall,2026-02-10 04:40:00,2026-02-13 11:00:00
R-393,Pool,2026-02-10 05:20:00,2026-02-10 19:00:00
R-370,Gym,2026-02-10 05:25:00,2026-02-11 08:00:00
R-239,Badminton,2026-02-10 06:10:00,2026-02-10 21:00:00
R-243,Badminton,2026-02-10 06:30:00,2026-02-10 18:00:00
R-208,Badminton,2026-02-10 06:40:00,2026-02-11 20:00:00
R-418,Pool,2026-02-10 06:45:00,2026-02-10 16:00:00
R-172,Pool,2026-02-10 07:00:00,2026-02-11 17:00:00
R-239,Badminton,2026-02-10 07:05:00,2026-02-10 19:00:00
R-243,Gym,2026-02-10 07:15:00,2026-02-10 20:00:00
R-402,Gym,2026-02-10 07:15:00,2026-02-10 19:00:00
R-175,Gym,2026-02-10 07:45:00,2026-02-11 12:00:00
R-271,Tennis,2026-02-10 07:45:00,2026-02-11 08:00:00
R-339,Tennis,2026-02-10 07:50:00,2026-02-11 07:00:00
R-155,Gym,2026-02-10 08:15:00,2026-02-12 08:00:00
R-279,Pool,2026-02-10 08:55:00,2026-02-11 07:00:00
R-341,Gym,2026-02-10 09:35:00,2026-02-10 19:00:00
R-448,Tennis,2026-02-10 10:05:00,2026-02-10 20:00:00
R-171,Gym,2026-02-10 10:40:00,2026-02-12 07:00:00
R-242,Badminton,2026-02-10 10:40:00,2026-02-11 07:00:00
R-102,Tennis,2026-02-10 10:45:00,2026-02-11 08:00:00
R-228,Badminton,2026-02-10 10:55:00,2026-02-11 20:00:00
R-150,Gym,2026-02-10 10:55:00,2026-02-11 07:00:00
R-272,Gym,2026-02-10 11:10:00,2026-02-10 21:00:00
R-446,Gym,2026-02-10 11:30:00,2026-02-10 22:00:00
R-159,Tennis,2026-02-10 13:05:00,2026-02-12 09:00:00
R-222,Gym,2026-02-10 13:10:00,2026-02-10 21:00:00
R-219,Badminton,2026-02-10 13:10:00,2026-02-11 20:00:00
R-404,Badminton,2026-02-10 13:30:00,2026-02-11 18:00:00
R-432,Gym,2026-02-10 13:40:00,2026-02-11 06:00:00
R-219,Tennis,2026-02-10 13:50:00,2026-02-14 17:00:00
R-434,Gym,2026-02-10 14:00:00,2026-02-11 08:00:00
R-112,Clubhouse,2026-02-10 14:05:00,2026-02-13 23:00:00
R-119,Gym,2026-02-10 14:25:00,2026-02-11 06:00:00
R-268,Gym,2026-02-10 15:00:00,2026-02-10 21:00:00
R-144,Tennis,2026-02-10 15:15:00,2026-02-11 12:00:00
R-391,Tennis,2026-02-10 15:30:00,2026-02-12 06:00:00
R-272,Tennis,2026-02-10 15:30:00,2026-02-13 20:00:00
R-323,Badminton,2026-02-10 16:10:00,2026-02-11 06:00:00
R-370,Gym,2026-02-10 16:20:00,2026-02-12 07:00:00
R-102,Gym,2026-02-10 16:25:00,2026-02-11 07:00:00
R-391,Gym,2026-02-10 16:55:00,2026-02-11 07:00:00
R-117,Gym,2026-02-10 17:00:00,2026-02-11 07:00:00
R-261,Badminton,2026-02-10 17:05:00,2026-02-12 13:00:00
R-257,Badminton,2026-02-10 17:10:00,2026-02-12 18:00:00
R-241,Gym,2026-02-10 17:25:00,2026-02-12 08:00:00
R-108,Hall,2026-02-10 17:50:00,2026-02-20 19:00:00
R-213,Badminton,2026-02-10 17:55:00,2026-02-11 18:00:00
R-118,Gym,2026-02-10 17:55:00,2026-02-11 07:00:00
R-174,Gym,2026-02-10 18:55:00,2026-02-11 08:00:00
R-401,Gym,2026-02-10 18:55:00,2026-02-11 06:00:00
R-222,Badminton,2026-02-10 19:10:00,2026-02-11 21:00:00
R-156,Gym,2026-02-10 19:30:00,2026-02-11 06:00:00
R-184,Hall,2026-02-10 19:30:00,2026-02-15 15:00:00
R-179,Badminton,2026-02-10 19:40:00,2026-02-11 19:00:00
R-296,Badminton,2026-02-10 20:55:00,2026-02-11 19:00:00
R-418,Gym,2026-02-10 21:10:00,2026-02-11 06:00:00
R-279,Gym,2026-02-10 21:15:00,2026-02-11 15:00:00
R-198,Pool,2026-02-10 22:05:00,2026-02-13 06:00:00
R-110,Gym,2026-02-10 22:15:00,2026-02-11 07:00:00
R-213,Badminton,2026-02-10 22:35:00,2026-02-13 19:00:00
R-391,Gym,2026-02-10 23:00:00,2026-02-11 06:00:00
R-441,Gym,2026-02-10 23:20:00,2026-02-11 18:00:00
R-421,Gym,2026-02-10 23:30:00,2026-02-11 06:00:00
R-150,Tennis,2026-02-11 00:10:00,2026-02-12 06:00:00
R-447,Badminton,2026-02-11 00:30:00,2026-02-11 19:00:00
R-156,Gym,2026-02-11 01:50:00,2026-02-11 08:00:00
R-279,Pool,2026-02-11 02:05:00,2026-02-11 17:00:00
R-432,Pool,2026-02-11 03:30:00,2026-02-13 07:00:00
R-210,Gym,2026-02-11 04:00:00,2026-02-12 07:00:00
R-361,Gym,2026-02-11 04:50:00,2026-02-11 12:00:00
R-208,Badminton,2026-02-11 05:00:00,2026-02-12 20:00:00
R-225,Tennis,2026-02-11 05:50:00,2026-02-12 06:00:00
R-156,Gym,2026-02-11 05:50:00,2026-02-12 06:00:00
R-434,Pool,2026-02-11 06:05:00,2026-02-12 07:00:00
R-441,Badminton,2026-02-11 06:35:00,2026-02-12 18:00:00
R-397,Gym,2026-02-11 06:55:00,2026-02-11 18:00:00
R-180,Tennis,2026-02-11 07:10:00,2026-02-12 12:00:00
R-286,Gym,2026-02-11 07:30:00,2026-02-11 19:00:00
R-434,Pool,2026-02-11 08:15:00,2026-02-12 06:00:00
R-446,Gym,2026-02-11 08:25:00,2026-02-12 06:00:00
R-397,Gym,2026-02-11 09:00:00,2026-02-11 21:00:00
R-413,Gym,2026-02-11 09:40:00,2026-02-13 07:00:00
R-250,Badminton,2026-02-11 09:50:00,2026-02-11 22:00:00
R-448,Gym,2026-02-11 09:50:00,2026-02-12 20:00:00
R-373,Badminton,2026-02-11 10:00:00,2026-02-12 18:00:00
R-145,Gym,2026-02-11 10:05:00,2026-02-11 19:00:00
R-145,Gym,2026-02-11 10:10:00,2026-02-11 20:00:00
R-353,Tennis,2026-02-11 10:25:00,2026-02-12 19:00:00
R-155,Gym,2026-02-11 10:55:00,2026-02-12 06:00:00
R-374,Gym,2026-02-11 12:15:00,2026-02-11 18:00:00
R-286,Badminton,2026-02-11 12:50:00,2026-02-12 20:00:00
R-290,Gym,2026-02-11 13:10:00,2026-02-11 19:00:00
R-446,Gym,2026-02-11 13:35:00,2026-02-12 07:00:00
R-240,Tennis,2026-02-11 13:35:00,2026-02-12 07:00:00
R-227,Gym,2026-02-11 13:35:00,2026-02-11 21:00:00
R-247,Badminton,2026-02-11 13:50:00,2026-02-12 20:00:00
R-150,Gym,2026-02-11 14:45:00,2026-02-12 07:00:00
R-110,Gym,2026-02-11 15:25:00,2026-02-12 06:00:00
R-401,Gym,2026-02-11 15:40:00,2026-02-12 06:00:00
R-434,Tennis,2026-02-11 15:40:00,2026-02-12 08:00:00
R-145,Gym,2026-02-11 16:05:00,2026-02-12 07:00:00
R-222,Gym,2026-02-11 16:25:00,2026-02-12 21:00:00
R-398,Pool,2026-02-11 16:25:00,2026-02-14 16:00:00
R-218,Gym,2026-02-11 16:35:00,2026-02-11 19:00:00
R-185,Hall,2026-02-11 16:40:00,2026-02-25 16:00:00
R-358,Gym,2026-02-11 17:30:00,2026-02-12 07:00:00
R-397,Badminton,2026-02-11 17:30:00,2026-02-12 18:00:00
R-339,Gym,2026-02-11 17:40:00,2026-02-12 08:00:00
R-361,Gym,2026-02-11 18:00:00,2026-02-13 06:00:00
R-428,Gym,2026-02-11 18:25:00,2026-02-12 06:00:00
R-241,Gym,2026-02-11 18:35:00,2026-02-12 06:00:00
R-140,Badminton,2026-02-11 19:05:00,2026-02-14 20:00:00
R-381,Badminton,2026-02-11 19:30:00,2026-02-12 12:00:00
R-221,Gym,2026-02-11 20:00:00,2026-02-12 08:00:00
R-309,Pool,2026-02-11 20:05:00,2026-02-14 16:00:00
R-231,Badminton,2026-02-11 20:05:00,2026-02-12 21:00:00
R-250,Gym,2026-02-11 20:20:00,2026-02-12 06:00:00
R-132,Clubhouse,2026-02-11 20:25:00,2026-02-13 17:00:00
R-140,Badminton,2026-02-11 20:50:00,2026-02-12 20:00:00
R-219,Tennis,2026-02-11 21:00:00,2026-02-12 20:00:00
R-424,Gym,2026-02-11 21:35:00,2026-02-12 06:00:00
R-159,Gym,2026-02-11 22:05:00,2026-02-12 06:00:00
R-212,Gym,2026-02-11 22:15:00,2026-02-12 12:00:00
R-329,Gym,2026-02-11 22:15:00,2026-02-12 08:00:00
R-366,Gym,2026-02-11 22:40:00,2026-02-12 07:00:00
R-221,Gym,2026-02-11 22:45:00,2026-02-12 06:00:00
R-223,Badminton,2026-02-11 23:10:00,2026-02-12 17:00:00
R-412,Gym,2026-02-11 23:15:00,2026-02-12 20:00:00
R-271,Gym,2026-02-11 23:20:00,2026-02-12 07:00:00
R-432,Tennis,2026-02-11 23:25:00,2026-02-13 08:00:00
R-227,Badminton,2026-02-11 23:35:00,2026-02-12 19:00:00
R-146,Badminton,2026-02-11 23:40:00,2026-02-13 09:00:00
R-247,Badminton,2026-02-11 23:45:00,2026-02-12 08:00:00
R-272,Gym,2026-02-11 23:50:00,2026-02-12 06:00:00
R-156,Tennis,2026-02-12 00:25:00,2026-02-13 07:00:00
R-444,Gym,2026-02-12 00:25:00,2026-02-12 17:00:00
R-298,Gym,2026-02-12 00:30:00,2026-02-12 06:00:00
R-155,Hall,2026-02-12 00:45:00,2026-02-16 21:00:00
R-305,Gym,2026-02-12 01:00:00,2026-02-12 08:00:00
R-267,Badminton,2026-02-12 01:00:00,2026-02-14 19:00:00
R-112,Gym,2026-02-12 01:05:00,2026-02-12 08:00:00
R-401,Gym,2026-02-12 01:05:00,2026-02-12 07:00:00
R-195,Clubhouse,2026-02-12 01:10:00,2026-02-14 14:00:00
R-412,Pool,2026-02-12 01:40:00,2026-02-12 18:00:00
R-391,Gym,2026-02-12 02:30:00,2026-02-12 07:00:00
R-397,Tennis,2026-02-12 02:55:00,2026-02-14 21:00:00
R-394,Clubhouse,2026-02-12 03:55:00,2026-02-14 11:00:00
R-300,Pool,2026-02-12 03:55:00,2026-02-14 15:00:00
R-257,Badminton,2026-02-12 04:20:00,2026-02-12 21:00:00
R-426,Gym,2026-02-12 05:10:00,2026-02-13 20:00:00
R-291,Clubhouse,2026-02-12 05:25:00,2026-02-14 15:00:00
R-272,Badminton,2026-02-12 05:45:00,2026-02-12 21:00:00
R-326,Gym,2026-02-12 06:15:00,2026-02-12 12:00:00
R-185,Hall,2026-02-12 06:30:00,2026-02-20 16:00:00
R-370,Gym,2026-02-12 06:40:00,2026-02-13 07:00:00
R-122,Badminton,2026-02-12 06:40:00,2026-02-13 17:00:00
R-269,Badminton,2026-02-12 06:45:00,2026-02-13 08:00:00
R-446,Gym,2026-02-12 07:55:00,2026-02-12 14:00:00
R-118,Tennis,2026-02-12 08:30:00,2026-02-13 06:00:00
R-146,Tennis,2026-02-12 08:40:00,2026-02-14 18:00:00
R-149,Tennis,2026-02-12 08:40:00,2026-02-12 20:00:00
R-397,Badminton,2026-02-12 08:45:00,2026-02-13 07:00:00
R-110,Gym,2026-02-12 09:00:00,2026-02-13 08:00:00
R-358,Gym,2026-02-12 09:15:00,2026-02-13 06:00:00
R-351,Pool,2026-02-12 09:25:00,2026-02-12 21:00:00
R-319,Gym,2026-02-12 09:35:00,2026-02-12 18:00:00
R-203,Pool,2026-02-12 09:55:00,2026-02-13 06:00:00
R-106,Tennis,2026-02-12 10:05:00,2026-02-13 18:00:00
R-274,Gym,2026-02-12 10:15:00,2026-02-12 20:00:00
R-392,Pool,2026-02-12 10:35:00,2026-02-14 11:00:00
R-293,Pool,2026-02-12 10:35:00,2026-02-12 21:00:00
R-244,Gym,2026-02-12 10:40:00,2026-02-12 20:00:00
R-366,Gym,2026-02-12 11:10:00,2026-02-13 07:00:00
R-121,Clubhouse,2026-02-12 11:15:00,2026-02-13 18:00:00
R-385,Pool,2026-02-12 12:20:00,2026-02-13 11:00:00
R-221,Gym,2026-02-12 12:25:00,2026-02-13 06:00:00
R-313,Gym,2026-02-12 12:30:00,2026-02-12 19:00:00
R-267,Badminton,2026-02-12 12:55:00,2026-02-13 18:00:00
R-137,Pool,2026-02-12 13:10:00,2026-02-13 09:00:00
R-326,Pool,2026-02-12 14:25:00,2026-02-14 08:00:00
R-167,Gym,2026-02-12 14:45:00,2026-02-13 08:00:00
R-306,Gym,2026-02-12 14:50:00,2026-02-13 07:00:00
R-309,Pool,2026-02-12 15:00:00,2026-02-15 15:00:00
R-397,Badminton,2026-02-12 15:50:00,2026-02-12 21:00:00
R-446,Tennis,2026-02-12 16:15:00,2026-02-13 06:00:00
R-296,Gym,2026-02-12 16:20:00,2026-02-13 21:00:00
R-306,Gym,2026-02-12 16:25:00,2026-02-13 14:00:00
R-140,Gym,2026-02-12 16:35:00,2026-02-12 21:00:00
R-155,Gym,2026-02-12 16:50:00,2026-02-13 08:00:00
R-192,Pool,2026-02-12 17:00:00,2026-02-14 16:00:00
R-391,Gym,2026-02-12 17:50:00,2026-02-13 07:00:00
R-431,Clubhouse,2026-02-12 18:25:00,2026-02-14 17:00:00
R-232,Badminton,2026-02-12 18:25:00,2026-02-14 18:00:00
R-166,Tennis,2026-02-12 18:35:00,2026-02-14 08:00:00
R-215,Badminton,2026-02-12 18:35:00,2026-02-13 20:00:00
R-397,Tennis,2026-02-12 19:00:00,2026-02-14 18:00:00
R-248,Badminton,2026-02-12 19:00:00,2026-02-13 14:00:00
R-220,Pool,2026-02-12 19:05:00,2026-02-14 14:00:00
R-212,Pool,2026-02-12 19:15:00,2026-02-13 12:00:00
R-102,Gym,2026-02-12 19:15:00,2026-02-13 08:00:00
R-217,Pool,2026-02-12 19:25:00,2026-02-14 10:00:00
R-298,Gym,2026-02-12 19:40:00,2026-02-13 07:00:00
R-389,Gym,2026-02-12 19:50:00,2026-02-13 06:00:00
R-350,Pool,2026-02-12 20:15:00,2026-02-14 11:00:00
R-401,Gym,2026-02-12 20:50:00,2026-02-13 06:00:00
R-310,Clubhouse,2026-02-12 20:55:00,2026-02-13 15:00:00
R-155,Gym,2026-02-12 21:30:00,2026-02-13 06:00:00
R-119,Tennis,2026-02-12 21:45:00,2026-02-13 07:00:00
R-314,Badminton,2026-02-12 22:20:00,2026-02-13 19:00:00
R-268,Gym,2026-02-12 23:00:00,2026-02-13 07:00:00
R-145,Gym,2026-02-12 23:10:00,2026-02-13 06:00:00
R-401,Pool,2026-02-12 23:15:00,2026-02-13 16:00:00
R-447,Badminton,2026-02-12 23:40:00,2026-02-13 20:00:00
R-104,Tennis,2026-02-12 23:45:00,2026-02-14 19:00:00
R-223,Tennis,2026-02-13 00:05:00,2026-02-14 08:00:00
R-149,Badminton,2026-02-13 00:25:00,2026-02-13 21:00:00
R-125,Gym,2026-02-13 00:35:00,2026-02-13 09:00:00
R-234,Gym,2026-02-13 01:10:00,2026-02-13 06:00:00
R-424,Tennis,2026-02-13 01:25:00,2026-02-13 10:00:00
R-267,Badminton,2026-02-13 01:25:00,2026-02-13 19:00:00
R-277,Tennis,2026-02-13 01:35:00,2026-02-13 18:00:00
R-100,Pool,2026-02-13 01:40:00,2026-02-14 15:00:00
R-283,Hall,2026-02-13 01:50:00,2026-02-22 12:00:00
R-347,Pool,2026-02-13 02:20:00,2026-02-13 08:00:00
R-428,Gym,2026-02-13 02:25:00,2026-02-13 08:00:00
R-448,Badminton,2026-02-13 02:45:00,2026-02-13 08:00:00
R-174,Gym,2026-02-13 03:00:00,2026-02-13 08:00:00
R-288,Clubhouse,2026-02-13 03:45:00,2026-02-14 16:00:00
R-397,Badminton,2026-02-13 04:05:00,2026-02-13 21:00:00
R-142,Badminton,2026-02-13 04:55:00,2026-02-14 18:00:00
R-218,Gym,2026-02-13 05:00:00,2026-02-13 21:00:00
R-279,Gym,2026-02-13 05:00:00,2026-02-14 07:00:00
R-170,Gym,2026-02-13 05:05:00,2026-02-13 08:00:00
R-397,Badminton,2026-02-13 05:10:00,2026-02-13 20:00:00
R-441,Gym,2026-02-13 05:10:00,2026-02-13 21:00:00
R-302,Gym,2026-02-13 05:50:00,2026-02-13 19:00:00
R-335,Badminton,2026-02-13 06:00:00,2026-02-13 15:00:00
R-247,Badminton,2026-02-13 06:10:00,2026-02-13 21:00:00
R-381,Clubhouse,2026-02-13 06:15:00,2026-02-14 12:00:00
R-142,Badminton,2026-02-13 06:40:00,2026-02-13 18:00:00
R-443,Gym,2026-02-13 06:55:00,2026-02-13 18:00:00
R-449,Gym,2026-02-13 07:05:00,2026-02-13 19:00:00
R-308,Badminton,2026-02-13 07:30:00,2026-02-14 12:00:00
R-285,Clubhouse,2026-02-13 07:35:00,2026-02-14 14:00:00
R-185,Pool,2026-02-13 07:45:00,2026-02-13 11:00:00
R-219,Gym,2026-02-13 08:00:00,2026-02-13 19:00:00
R-221,Pool,2026-02-13 08:05:00,2026-02-13 17:00:00
R-126,Badminton,2026-02-13 09:05:00,2026-02-13 18:00:00
R-371,Gym,2026-02-13 10:00:00,2026-02-13 21:00:00
R-180,Gym,2026-02-13 11:10:00,2026-02-13 19:00:00
R-177,Clubhouse,2026-02-13 11:30:00,2026-02-19 17:00:00
R-274,Gym,2026-02-13 11:40:00,2026-02-13 19:00:00
R-222,Badminton,2026-02-13 11:45:00,2026-02-14 19:00:00
R-435,Pool,2026-02-13 12:20:00,2026-02-14 15:00:00
R-323,Badminton,2026-02-13 12:30:00,2026-02-13 20:00:00
R-274,Badminton,2026-02-13 12:40:00,2026-02-14 20:00:00
R-404,Pool,2026-02-13 13:00:00,2026-02-13 19:00:00
R-260,Gym,2026-02-13 14:15:00,2026-02-13 21:00:00
R-257,Tennis,2026-02-13 15:10:00,2026-02-15 19:00:00
R-350,Clubhouse,2026-02-13 15:35:00,2026-02-15 18:00:00
R-178,Hall,2026-02-13 15:35:00,2026-02-20 11:00:00
R-106,Pool,2026-02-13 16:10:00,2026-02-14 10:00:00
R-448,Gym,2026-02-13 16:20:00,2026-02-13 19:00:00
R-215,Badminton,2026-02-13 16:55:00,2026-02-14 18:00:00
R-103,Pool,2026-02-13 17:45:00,2026-02-15 10:00:00
R-217,Clubhouse,2026-02-13 18:40:00,2026-02-14 17:00:00
R-301,Badminton,2026-02-13 18:50:00,2026-02-14 20:00:00
R-154,Badminton,2026-02-13 19:10:00,2026-02-14 19:00:00
R-335,Badminton,2026-02-13 20:20:00,2026-02-14 21:00:00
R-358,Gym,2026-02-13 20:25:00,2026-02-14 07:00:00
R-300,Pool,2026-02-13 21:20:00,2026-02-14 17:00:00
R-217,Pool,2026-02-13 22:10:00,2026-02-14 16:00:00
R-436,Pool,2026-02-13 22:40:00,2026-02-15 14:00:00
R-158,Pool,2026-02-13 22:40:00,2026-02-14 18:00:00
R-113,Pool,2026-02-13 23:00:00,2026-02-14 11:00:00
R-248,Badminton,2026-02-14 00:00:00,2026-02-14 18:00:00
R-221,Gym,2026-02-14 00:50:00,2026-02-14 07:00:00
R-246,Tennis,2026-02-14 01:20:00,2026-02-14 07:00:00
R-113,Pool,2026-02-14 01:20:00,2026-02-14 17:00:00
R-272,Gym,2026-02-14 01:25:00,2026-02-14 20:00:00
R-190,Gym,2026-02-14 01:40:00,2026-02-14 10:00:00
R-233,Clubhouse,2026-02-14 01:50:00,2026-02-15 18:00:00
R-212,Gym,2026-02-14 01:55:00,2026-02-14 19:00:00
R-115,Pool,2026-02-14 02:10:00,2026-02-14 10:00:00
R-132,Pool,2026-02-14 02:25:00,2026-02-14 18:00:00
R-397,Badminton,2026-02-14 02:25:00,2026-02-15 19:00:00
R-313,Gym,2026-02-14 03:00:00,2026-02-14 20:00:00
R-386,Pool,2026-02-14 03:35:00,2026-02-14 14:00:00
R-435,Gym,2026-02-14 03:55:00,2026-02-14 18:00:00
R-447,Badminton,2026-02-14 04:20:00,2026-02-14 19:00:00
R-225,Tennis,2026-02-14 04:20:00,2026-02-14 21:00:00
R-392,Gym,2026-02-14 05:55:00,2026-02-14 15:00:00
R-398,Tennis,2026-02-14 05:55:00,2026-02-15 17:00:00
R-344,Clubhouse,2026-02-14 06:05:00,2026-02-17 18:00:00
R-192,Clubhouse,2026-02-14 06:05:00,2026-02-14 18:00:00
R-449,Clubhouse,2026-02-14 06:10:00,2026-02-17 19:00:00
R-434,Gym,2026-02-14 06:25:00,2026-02-16 06:00:00
R-197,Clubhouse,2026-02-14 06:25:00,2026-02-14 18:00:00
R-197,Pool,2026-02-14 06:40:00,2026-02-15 11:00:00
R-197,Pool,2026-02-14 06:45:00,2026-02-14 20:00:00
R-243,Badminton,2026-02-14 07:40:00,2026-02-14 21:00:00
R-377,Gym,2026-02-14 08:35:00,2026-02-15 08:00:00
R-435,Pool,2026-02-14 09:15:00,2026-02-14 17:00:00
R-353,Gym,2026-02-14 09:25:00,2026-02-14 20:00:00
R-344,Pool,2026-02-14 09:25:00,2026-02-14 17:00:00
R-366,Gym,2026-02-14 09:40:00,2026-02-16 07:00:00
R-257,Gym,2026-02-14 10:50:00,2026-02-14 20:00:00
R-285,Clubhouse,2026-02-14 11:45:00,2026-02-21 11:00:00
R-192,Pool,2026-02-14 11:55:00,2026-02-14 15:00:00
R-437,Tennis,2026-02-14 12:30:00,2026-02-16 18:00:00
R-363,Pool,2026-02-14 12:35:00,2026-02-15 11:00:00
R-356,Pool,2026-02-14 12:45:00,2026-02-15 17:00:00
R-449,Gym,2026-02-14 12:50:00,2026-02-14 18:00:00
R-189,Pool,2026-02-14 13:55:00,2026-02-15 11:00:00
R-285,Clubhouse,2026-02-14 14:10:00,2026-02-18 10:00:00
R-284,Pool,2026-02-14 15:35:00,2026-02-15 10:00:00
R-312,Clubhouse,2026-02-14 16:20:00,2026-02-15 18:00:00
R-285,Pool,2026-02-14 17:30:00,2026-02-15 10:00:00
R-206,Pool,2026-02-14 17:50:00,2026-02-15 18:00:00
R-254,Tennis,2026-02-14 18:25:00,2026-02-19 18:00:00
R-391,Gym,2026-02-14 19:05:00,2026-02-15 06:00:00
R-279,Gym,2026-02-14 19:40:00,2026-02-16 19:00:00
R-238,Pool,2026-02-14 19:45:00,2026-02-15 18:00:00
R-207,Tennis,2026-02-14 20:20:00,2026-02-15 15:00:00
R-138,Pool,2026-02-14 20:20:00,2026-02-16 15:00:00
R-300,Gym,2026-02-14 20:25:00,2026-02-15 17:00:00
R-305,Gym,2026-02-14 20:25:00,2026-02-15 07:00:00
R-267,Gym,2026-02-14 20:40:00,2026-02-16 20:00:00
R-431,Pool,2026-02-14 21:45:00,2026-02-15 10:00:00
R-354,Pool,2026-02-14 22:05:00,2026-02-15 07:00:00
R-339,Tennis,2026-02-14 22:10:00,2026-02-17 07:00:00
R-115,Pool,2026-02-14 22:30:00,2026-02-15 15:00:00
R-438,Gym,2026-02-14 22:40:00,2026-02-15 07:00:00
R-400,Clubhouse,2026-02-14 23:10:00,2026-02-15 16:00:00
R-142,Tennis,2026-02-15 00:35:00,2026-02-18 17:00:00
R-192,Gym,2026-02-15 00:45:00,2026-02-15 16:00:00
R-358,Pool,2026-02-15 00:45:00,2026-02-16 07:00:00
R-110,Gym,2026-02-15 01:25:00,2026-02-16 06:00:00
R-336,Clubhouse,2026-02-15 02:10:00,2026-02-15 14:00:00
R-431,Clubhouse,2026-02-15 02:15:00,2026-02-15 17:00:00
R-173,Badminton,2026-02-15 02:50:00,2026-02-17 18:00:00
R-193,Gym,2026-02-15 02:55:00,2026-02-15 17:00:00
R-230,Pool,2026-02-15 03:00:00,2026-02-15 10:00:00
R-285,Pool,2026-02-15 03:30:00,2026-02-15 17:00:00
R-435,Pool,2026-02-15 03:35:00,2026-02-15 10:00:00
R-274,Gym,2026-02-15 03:35:00,2026-02-15 21:00:00
R-122,Pool,2026-02-15 03:40:00,2026-02-17 12:00:00
R-171,Gym,2026-02-15 03:50:00,2026-02-16 08:00:00
R-392,Pool,2026-02-15 04:00:00,2026-02-15 18:00:00
R-190,Pool,2026-02-15 04:00:00,2026-02-15 11:00:00
R-105,Tennis,2026-02-15 04:05:00,2026-02-16 06:00:00
R-140,Tennis,2026-02-15 04:40:00,2026-02-17 21:00:00
R-350,Gym,2026-02-15 04:45:00,2026-02-15 10:00:00
R-227,Badminton,2026-02-15 04:45:00,2026-02-15 18:00:00
R-416,Pool,2026-02-15 04:55:00,2026-02-15 17:00:00
R-435,Pool,2026-02-15 05:20:00,2026-02-15 15:00:00
R-273,Pool,2026-02-15 06:05:00,2026-02-15 11:00:00
R-413,Gym,2026-02-15 06:15:00,2026-02-17 06:00:00
R-279,Gym,2026-02-15 06:30:00,2026-02-17 06:00:00
R-394,Pool,2026-02-15 06:30:00,2026-02-15 16:00:00
R-405,Pool,2026-02-15 07:15:00,2026-02-15 14:00:00
R-218,Badminton,2026-02-15 07:30:00,2026-02-16 17:00:00
R-270,Pool,2026-02-15 07:30:00,2026-02-15 16:00:00
R-189,Badminton,2026-02-15 07:50:00,2026-02-16 12:00:00
R-366,Gym,2026-02-15 08:40:00,2026-02-16 06:00:00
R-274,Badminton,2026-02-15 08:50:00,2026-02-17 21:00:00
R-102,Tennis,2026-02-15 09:55:00,2026-02-16 06:00:00
R-431,Clubhouse,2026-02-15 10:35:00,2026-02-22 10:00:00
R-243,Badminton,2026-02-15 12:00:00,2026-02-16 08:00:00
R-401,Gym,2026-02-15 12:15:00,2026-02-16 07:00:00
R-281,Badminton,2026-02-15 12:15:00,2026-02-15 18:00:00
R-351,Pool,2026-02-15 12:15:00,2026-02-16 08:00:00
R-112,Gym,2026-02-15 12:40:00,2026-02-16 08:00:00
R-277,Gym,2026-02-15 13:00:00,2026-02-16 07:00:00
R-388,Badminton,2026-02-15 13:10:00,2026-02-16 19:00:00
R-403,Tennis,2026-02-15 14:15:00,2026-02-17 20:00:00
R-210,Gym,2026-02-15 14:20:00,2026-02-16 07:00:00
R-286,Badminton,2026-02-15 14:25:00,2026-02-16 20:00:00
R-274,Badminton,2026-02-15 14:35:00,2026-02-16 20:00:00
R-112,Tennis,2026-02-15 14:50:00,2026-02-18 07:00:00
R-391,Pool,2026-02-15 16:10:00,2026-02-16 07:00:00
R-184,Hall,2026-02-15 16:30:00,2026-02-22 19:00:00
R-369,Gym,2026-02-15 17:40:00,2026-02-16 06:00:00
R-146,Badminton,2026-02-15 18:20:00,2026-02-16 18:00:00
R-330,Badminton,2026-02-15 18:35:00,2026-02-16 19:00:00
R-249,Badminton,2026-02-15 18:40:00,2026-02-16 19:00:00
R-134,Hall,2026-02-15 18:50:00,2026-02-21 19:00:00
R-193,Pool,2026-02-15 18:55:00,2026-02-16 11:00:00
R-279,Pool,2026-02-15 19:00:00,2026-02-16 17:00:00
R-120,Gym,2026-02-15 19:30:00,2026-02-16 12:00:00
R-414,Pool,2026-02-15 19:30:00,2026-02-16 12:00:00
R-282,Pool,2026-02-15 19:50:00,2026-02-16 16:00:00
R-361,Gym,2026-02-15 21:00:00,2026-02-16 07:00:00
R-300,Pool,2026-02-15 21:00:00,2026-02-16 14:00:00
R-110,Tennis,2026-02-15 21:40:00,2026-02-16 07:00:00
R-174,Gym,2026-02-15 21:50:00,2026-02-16 08:00:00
R-446,Gym,2026-02-15 21:50:00,2026-02-16 07:00:00
R-203,Gym,2026-02-15 21:55:00,2026-02-16 07:00:00
R-166,Gym,2026-02-15 22:30:00,2026-02-16 09:00:00
R-119,Tennis,2026-02-15 22:35:00,2026-02-17 06:00:00
R-404,Tennis,2026-02-15 22:55:00,2026-02-16 18:00:00
R-221,Gym,2026-02-15 23:20:00,2026-02-16 07:00:00
R-423,Gym,2026-02-15 23:35:00,2026-02-17 06:00:00
R-240,Tennis,2026-02-15 23:40:00,2026-02-17 16:00:00
R-222,Badminton,2026-02-15 23:50:00,2026-02-17 18:00:00
R-159,Gym,2026-02-16 00:05:00,2026-02-17 06:00:00
R-271,Pool,2026-02-16 00:35:00,2026-02-16 14:00:00
R-418,Gym,2026-02-16 00:40:00,2026-02-16 06:00:00
R-181,Badminton,2026-02-16 00:50:00,2026-02-16 21:00:00
R-434,Badminton,2026-02-16 00:50:00,2026-02-17 08:00:00
R-432,Gym,2026-02-16 01:25:00,2026-02-16 06:00:00
R-219,Gym,2026-02-16 02:00:00,2026-02-17 21:00:00
R-403,Gym,2026-02-16 02:20:00,2026-02-16 21:00:00
R-156,Gym,2026-02-16 02:50:00,2026-02-16 21:00:00
R-222,Badminton,2026-02-16 02:55:00,2026-02-16 21:00:00
R-271,Gym,2026-02-16 02:55:00,2026-02-16 08:00:00
R-138,Pool,2026-02-16 03:00:00,2026-02-18 14:00:00
R-142,Badminton,2026-02-16 04:10:00,2026-02-16 18:00:00
R-391,Gym,2026-02-16 04:15:00,2026-02-16 08:00:00
R-208,Badminton,2026-02-16 04:50:00,2026-02-16 19:00:00
R-213,Badminton,2026-02-16 05:05:00,2026-02-17 19:00:00
R-256,Gym,2026-02-16 05:15:00,2026-02-17 06:00:00
R-304,Gym,2026-02-16 05:15:00,2026-02-16 18:00:00
R-167,Gym,2026-02-16 05:30:00,2026-02-17 07:00:00
R-213,Gym,2026-02-16 05:35:00,2026-02-17 20:00:00
R-272,Badminton,2026-02-16 06:00:00,2026-02-16 20:00:00
R-331,Gym,2026-02-16 06:00:00,2026-02-16 21:00:00
R-306,Gym,2026-02-16 06:00:00,2026-02-18 06:00:00
R-286,Gym,2026-02-16 06:25:00,2026-02-16 21:00:00
R-215,Gym,2026-02-16 06:55:00,2026-02-16 21:00:00
R-243,Badminton,2026-02-16 08:10:00,2026-02-17 19:00:00
R-231,Badminton,2026-02-16 08:20:00,2026-02-19 21:00:00
R-423,Gym,2026-02-16 08:30:00,2026-02-17 08:00:00
R-341,Gym,2026-02-16 08:55:00,2026-02-16 17:00:00
R-249,Badminton,2026-02-16 10:10:00,2026-02-16 20:00:00
R-366,Gym,2026-02-16 10:45:00,2026-02-17 07:00:00
R-131,Hall,2026-02-16 12:05:00,2026-02-20 18:00:00
R-423,Gym,2026-02-16 12:35:00,2026-02-17 07:00:00
R-186,Tennis,2026-02-16 12:50:00,2026-02-17 18:00:00
R-432,Gym,2026-02-16 12:50:00,2026-02-17 06:00:00
R-142,Gym,2026-02-16 12:50:00,2026-02-17 18:00:00
R-192,Pool,2026-02-16 13:10:00,2026-02-17 11:00:00
R-173,Badminton,2026-02-16 13:20:00,2026-02-20 13:00:00
R-388,Badminton,2026-02-16 13:45:00,2026-02-17 20:00:00
R-110,Tennis,2026-02-16 13:55:00,2026-02-19 06:00:00
R-279,Gym,2026-02-16 14:15:00,2026-02-17 13:00:00
R-293,Badminton,2026-02-16 15:15:00,2026-02-17 20:00:00
R-188,Gym,2026-02-16 15:35:00,2026-02-17 08:00:00
R-323,Gym,2026-02-16 15:50:00,2026-02-16 20:00:00
R-448,Gym,2026-02-16 16:05:00,2026-02-16 21:00:00
R-222,Pool,2026-02-16 16:25:00,2026-02-18 20:00:00
R-122,Pool,2026-02-16 16:45:00,2026-02-17 08:00:00
R-353,Badminton,2026-02-16 17:15:00,2026-02-17 18:00:00
R-434,Gym,2026-02-16 17:35:00,2026-02-17 07:00:00
R-161,Clubhouse,2026-02-16 18:05:00,2026-02-21 21:00:00
R-338,Gym,2026-02-16 18:10:00,2026-02-16 21:00:00
R-284,Clubhouse,2026-02-16 18:15:00,2026-02-21 10:00:00
R-250,Tennis,2026-02-16 18:20:00,2026-02-20 08:00:00
R-144,Pool,2026-02-16 18:50:00,2026-02-17 07:00:00
R-102,Pool,2026-02-16 19:15:00,2026-02-17 08:00:00
R-261,Badminton,2026-02-16 19:30:00,2026-02-17 21:00:00
R-306,Gym,2026-02-16 19:45:00,2026-02-17 16:00:00
R-277,Badminton,2026-02-16 20:00:00,2026-02-17 21:00:00
R-331,Badminton,2026-02-16 20:25:00,2026-02-17 20:00:00
R-240,Tennis,2026-02-16 20:30:00,2026-02-17 06:00:00
R-225,Tennis,2026-02-16 20:30:00,2026-02-18 07:00:00
R-248,Gym,2026-02-16 20:40:00,2026-02-17 18:00:00
R-174,Gym,2026-02-16 20:40:00,2026-02-17 08:00:00
R-218,Badminton,2026-02-16 21:30:00,2026-02-18 19:00:00
R-120,Tennis,2026-02-16 21:45:00,2026-02-17 08:00:00
R-219,Tennis,2026-02-16 21:45:00,2026-02-18 19:00:00
R-119,Tennis,2026-02-16 22:10:00,2026-02-19 08:00:00
R-281,Badminton,2026-02-16 22:50:00,2026-02-17 19:00:00
R-446,Gym,2026-02-16 22:50:00,2026-02-17 07:00:00
R-424,Gym,2026-02-16 22:55:00,2026-02-17 08:00:00
R-404,Tennis,2026-02-16 23:25:00,2026-02-18 18:00:00
R-211,Pool,2026-02-16 23:30:00,2026-02-17 11:00:00
R-391,Tennis,2026-02-16 23:50:00,2026-02-18 08:00:00
R-401,Tennis,2026-02-17 00:45:00,2026-02-17 07:00:00
R-210,Gym,2026-02-17 00:55:00,2026-02-17 07:00:00
R-112,Gym,2026-02-17 01:10:00,2026-02-18 06:00:00
R-197,Clubhouse,2026-02-17 01:15:00,2026-02-22 17:00:00
R-252,Badminton,2026-02-17 02:30:00,2026-02-17 19:00:00
R-173,Gym,2026-02-17 02:45:00,2026-02-17 19:00:00
R-167,Tennis,2026-02-17 03:35:00,2026-02-18 07:00:00
R-335,Gym,2026-02-17 03:55:00,2026-02-17 20:00:00
R-144,Tennis,2026-02-17 03:55:00,2026-02-18 07:00:00
R-346,Hall,2026-02-17 04:45:00,2026-02-22 16:00:00
R-335,Badminton,2026-02-17 05:05:00,2026-02-17 18:00:00
R-366,Gym,2026-02-17 05:55:00,2026-02-18 07:00:00
R-414,Gym,2026-02-17 06:20:00,2026-02-18 08:00:00
R-150,Pool,2026-02-17 06:20:00,2026-02-18 08:00:00
R-154,Badminton,2026-02-17 06:30:00,2026-02-17 20:00:00
R-361,Gym,2026-02-17 06:45:00,2026-02-17 14:00:00
R-392,Badminton,2026-02-17 06:50:00,2026-02-18 17:00:00
R-441,Gym,2026-02-17 07:25:00,2026-02-17 19:00:00
R-200,Gym,2026-02-17 07:30:00,2026-02-17 18:00:00
R-266,Pool,2026-02-17 09:00:00,2026-02-18 08:00:00
R-102,Gym,2026-02-17 09:50:00,2026-02-18 08:00:00
R-151,Badminton,2026-02-17 10:05:00,2026-02-18 21:00:00
R-404,Gym,2026-02-17 10:05:00,2026-02-17 20:00:00
R-146,Gym,2026-02-17 11:45:00,2026-02-17 22:00:00
R-155,Gym,2026-02-17 11:55:00,2026-02-18 08:00:00
R-227,Gym,2026-02-17 12:15:00,2026-02-17 21:00:00
R-112,Gym,2026-02-17 13:20:00,2026-02-18 08:00:00
R-125,Gym,2026-02-17 14:05:00,2026-02-18 08:00:00
R-286,Badminton,2026-02-17 14:10:00,2026-02-18 21:00:00
R-339,Gym,2026-02-17 15:20:00,2026-02-18 07:00:00
R-449,Badminton,2026-02-17 15:20:00,2026-02-18 19:00:00
R-403,Badminton,2026-02-17 15:50:00,2026-02-18 20:00:00
R-240,Gym,2026-02-17 15:50:00,2026-02-18 08:00:00
R-257,Gym,2026-02-17 16:15:00,2026-02-18 20:00:00
R-134,Clubhouse,2026-02-17 16:45:00,2026-02-20 15:00:00
R-361,Gym,2026-02-17 16:55:00,2026-02-18 06:00:00
R-112,Tennis,2026-02-17 17:30:00,2026-02-19 07:00:00
R-156,Gym,2026-02-17 18:05:00,2026-02-18 06:00:00
R-396,Pool,2026-02-17 18:25:00,2026-02-19 18:00:00
R-279,Gym,2026-02-17 18:30:00,2026-02-18 08:00:00
R-370,Tennis,2026-02-17 18:35:00,2026-02-18 16:00:00
R-272,Tennis,2026-02-17 18:50:00,2026-02-18 18:00:00
R-105,Gym,2026-02-17 19:00:00,2026-02-18 08:00:00
R-193,Pool,2026-02-17 19:00:00,2026-02-18 10:00:00
R-210,Pool,2026-02-17 19:25:00,2026-02-18 06:00:00
R-174,Gym,2026-02-17 19:30:00,2026-02-17 21:00:00
R-144,Gym,2026-02-17 19:30:00,2026-02-18 08:00:00
R-305,Gym,2026-02-17 19:50:00,2026-02-18 06:00:00
R-277,Gym,2026-02-17 20:05:00,2026-02-18 19:00:00
R-329,Gym,2026-02-17 20:25:00,2026-02-18 06:00:00
R-222,Badminton,2026-02-17 20:35:00,2026-02-18 18:00:00
R-286,Gym,2026-02-17 20:40:00,2026-02-18 20:00:00
R-210,Gym,2026-02-17 20:55:00,2026-02-18 08:00:00
R-328,Pool,2026-02-17 21:45:00,2026-02-18 08:00:00
R-252,Pool,2026-02-17 21:45:00,2026-02-18 11:00:00
R-250,Gym,2026-02-17 22:00:00,2026-02-18 08:00:00
R-128,Gym,2026-02-17 22:05:00,2026-02-18 19:00:00
R-274,Gym,2026-02-17 22:25:00,2026-02-18 18:00:00
R-170,Gym,2026-02-17 22:35:00,2026-02-19 11:00:00
R-213,Badminton,2026-02-17 22:40:00,2026-02-20 19:00:00
R-438,Tennis,2026-02-17 23:25:00,2026-02-19 08:00:00
R-114,Gym,2026-02-17 23:25:00,2026-02-18 08:00:00
R-119,Gym,2026-02-18 00:25:00,2026-02-18 07:00:00
R-239,Badminton,2026-02-18 00:45:00,2026-02-18 19:00:00
R-423,Gym,2026-02-18 00:55:00,2026-02-18 07:00:00
R-268,Badminton,2026-02-18 00:55:00,2026-02-18 12:00:00
R-203,Gym,2026-02-18 01:30:00,2026-02-18 06:00:00
R-388,Badminton,2026-02-18 01:45:00,2026-02-18 12:00:00
R-381,Gym,2026-02-18 02:40:00,2026-02-18 08:00:00
R-427,Clubhouse,2026-02-18 02:50:00,2026-02-19 19:00:00
R-319,Gym,2026-02-18 03:05:00,2026-02-18 17:00:00
R-319,Pool,2026-02-18 03:20:00,2026-02-18 08:00:00
R-134,Clubhouse,2026-02-18 03:45:00,2026-02-21 18:00:00
R-324,Badminton,2026-02-18 03:55:00,2026-02-18 18:00:00
R-218,Badminton,2026-02-18 04:00:00,2026-02-19 21:00:00
R-179,Tennis,2026-02-18 04:05:00,2026-02-18 20:00:00
R-424,Gym,2026-02-18 04:35:00,2026-02-18 08:00:00
R-100,Clubhouse,2026-02-18 04:55:00,2026-02-21 14:00:00
R-235,Badminton,2026-02-18 05:25:00,2026-02-18 20:00:00
R-437,Badminton,2026-02-18 05:30:00,2026-02-18 19:00:00
R-203,Pool,2026-02-18 06:20:00,2026-02-19 08:00:00
R-256,Gym,2026-02-18 06:35:00,2026-02-20 06:00:00
R-339,Tennis,2026-02-18 06:40:00,2026-02-23 06:00:00
R-380,Pool,2026-02-18 06:55:00,2026-02-18 14:00:00
R-438,Tennis,2026-02-18 08:15:00,2026-02-20 08:00:00
R-293,Badminton,2026-02-18 09:10:00,2026-02-18 20:00:00
R-365,Tennis,2026-02-18 09:45:00,2026-02-18 19:00:00
R-208,Badminton,2026-02-18 11:00:00,2026-02-19 18:00:00
R-260,Badminton,2026-02-18 11:00:00,2026-02-18 20:00:00
R-142,Gym,2026-02-18 11:05:00,2026-02-18 20:00:00
R-225,Gym,2026-02-18 11:10:00,2026-02-19 07:00:00
R-443,Badminton,2026-02-18 12:00:00,2026-02-19 19:00:00
R-219,Badminton,2026-02-18 12:40:00,2026-02-19 18:00:00
R-399,Gym,2026-02-18 12:45:00,2026-02-18 18:00:00
R-240,Gym,2026-02-18 12:55:00,2026-02-19 07:00:00
R-331,Badminton,2026-02-18 13:10:00,2026-02-19 11:00:00
R-155,Gym,2026-02-18 13:30:00,2026-02-20 06:00:00
R-414,Gym,2026-02-18 14:25:00,2026-02-19 08:00:00
R-391,Tennis,2026-02-18 14:25:00,2026-02-19 07:00:00
R-228,Gym,2026-02-18 14:30:00,2026-02-19 18:00:00
R-106,Badminton,2026-02-18 15:25:00,2026-02-20 08:00:00
R-295,Gym,2026-02-18 15:35:00,2026-02-18 20:00:00
R-443,Badminton,2026-02-18 15:45:00,2026-02-19 10:00:00
R-377,Gym,2026-02-18 15:50:00,2026-02-19 08:00:00
R-105,Gym,2026-02-18 15:55:00,2026-02-19 06:00:00
R-155,Gym,2026-02-18 16:25:00,2026-02-19 08:00:00
R-102,Gym,2026-02-18 16:35:00,2026-02-19 08:00:00
R-252,Badminton,2026-02-18 18:00:00,2026-02-19 18:00:00
R-373,Gym,2026-02-18 18:05:00,2026-02-19 19:00:00
R-294,Clubhouse,2026-02-18 18:10:00,2026-02-20 11:00:00
R-434,Gym,2026-02-18 18:20:00,2026-02-19 06:00:00
R-313,Gym,2026-02-18 19:35:00,2026-02-19 08:00:00
R-243,Gym,2026-02-18 20:15:00,2026-02-19 09:00:00
R-227,Badminton,2026-02-18 20:15:00,2026-02-19 12:00:00
R-423,Gym,2026-02-18 20:40:00,2026-02-19 07:00:00
R-260,Badminton,2026-02-18 20:45:00,2026-02-19 19:00:00
R-159,Gym,2026-02-18 20:45:00,2026-02-19 08:00:00
R-306,Gym,2026-02-18 21:10:00,2026-02-19 07:00:00
R-114,Tennis,2026-02-18 21:10:00,2026-02-19 07:00:00
R-287,Badminton,2026-02-18 21:30:00,2026-02-19 12:00:00
R-414,Gym,2026-02-18 21:30:00,2026-02-19 07:00:00
R-424,Gym,2026-02-18 21:35:00,2026-02-19 07:00:00
R-337,Clubhouse,2026-02-18 21:45:00,2026-02-21 14:00:00
R-426,Badminton,2026-02-18 22:25:00,2026-02-19 19:00:00
R-260,Badminton,2026-02-18 23:05:00,2026-02-19 18:00:00
R-116,Gym,2026-02-18 23:05:00,2026-02-19 07:00:00
R-218,Tennis,2026-02-18 23:10:00,2026-02-20 21:00:00
R-145,Pool,2026-02-18 23:20:00,2026-02-19 07:00:00
R-200,Pool,2026-02-18 23:55:00,2026-02-19 08:00:00
R-423,Gym,2026-02-19 00:05:00,2026-02-20 07:00:00
R-361,Gym,2026-02-19 00:20:00,2026-02-19 06:00:00
R-183,Clubhouse,2026-02-19 01:05:00,2026-02-21 17:00:00
R-277,Gym,2026-02-19 01:25:00,2026-02-19 21:00:00
R-271,Gym,2026-02-19 01:55:00,2026-02-19 08:00:00
R-184,Hall,2026-02-19 01:55:00,2026-02-28 18:00:00
R-244,Tennis,2026-02-19 02:05:00,2026-02-20 19:00:00
R-339,Gym,2026-02-19 03:00:00,2026-02-20 06:00:00
R-100,Clubhouse,2026-02-19 04:25:00,2026-02-20 20:00:00
R-269,Pool,2026-02-19 05:30:00,2026-02-19 12:00:00
R-165,Pool,2026-02-19 05:30:00,2026-02-20 20:00:00
R-218,Badminton,2026-02-19 05:40:00,2026-02-20 19:00:00
R-118,Gym,2026-02-19 06:35:00,2026-02-19 08:00:00
R-243,Gym,2026-02-19 06:55:00,2026-02-19 19:00:00
R-248,Badminton,2026-02-19 07:30:00,2026-02-19 21:00:00
R-118,Tennis,2026-02-19 07:30:00,2026-02-20 07:00:00
R-286,Gym,2026-02-19 07:40:00,2026-02-19 18:00:00
R-271,Tennis,2026-02-19 07:50:00,2026-02-20 08:00:00
R-166,Badminton,2026-02-19 08:10:00,2026-02-20 08:00:00
R-448,Gym,2026-02-19 08:45:00,2026-02-19 20:00:00
R-308,Badminton,2026-02-19 09:00:00,2026-02-19 21:00:00
R-397,Badminton,2026-02-19 10:05:00,2026-02-19 20:00:00
R-104,Gym,2026-02-19 10:35:00,2026-02-19 19:00:00
R-366,Tennis,2026-02-19 11:20:00,2026-02-20 18:00:00
R-119,Tennis,2026-02-19 11:30:00,2026-02-20 06:00:00
R-293,Gym,2026-02-19 11:50:00,2026-02-19 18:00:00
R-215,Badminton,2026-02-19 11:55:00,2026-02-21 21:00:00
R-339,Tennis,2026-02-19 12:05:00,2026-02-20 07:00:00
R-323,Gym,2026-02-19 12:15:00,2026-02-19 20:00:00
R-448,Badminton,2026-02-19 12:15:00,2026-02-20 21:00:00
R-106,Gym,2026-02-19 12:25:00,2026-02-21 12:00:00
R-121,Hall,2026-02-19 12:35:00,2026-02-21 15:00:00
R-414,Gym,2026-02-19 12:40:00,2026-02-19 22:00:00
R-374,Gym,2026-02-19 12:50:00,2026-02-19 18:00:00
R-145,Gym,2026-02-19 13:25:00,2026-02-20 08:00:00
R-386,Clubhouse,2026-02-19 13:45:00,2026-02-22 16:00:00
R-228,Tennis,2026-02-19 14:30:00,2026-02-20 13:00:00
R-301,Badminton,2026-02-19 15:10:00,2026-02-20 09:00:00
R-298,Gym,2026-02-19 15:15:00,2026-02-20 06:00:00
R-397,Gym,2026-02-19 16:00:00,2026-02-19 21:00:00
R-391,Gym,2026-02-19 16:10:00,2026-02-21 08:00:00
R-194,Pool,2026-02-19 16:25:00,2026-02-20 17:00:00
R-306,Gym,2026-02-19 16:50:00,2026-02-20 06:00:00
R-350,Clubhouse,2026-02-19 17:50:00,2026-02-22 10:00:00
R-174,Gym,2026-02-19 18:00:00,2026-02-20 06:00:00
R-448,Gym,2026-02-19 18:15:00,2026-02-20 12:00:00
R-424,Gym,2026-02-19 18:25:00,2026-02-20 08:00:00
R-190,Pool,2026-02-19 18:35:00,2026-02-22 18:00:00
R-418,Gym,2026-02-19 18:40:00,2026-02-20 08:00:00
R-170,Gym,2026-02-19 18:50:00,2026-02-20 11:00:00
R-381,Gym,2026-02-19 18:55:00,2026-02-21 18:00:00
R-221,Gym,2026-02-19 18:55:00,2026-02-20 06:00:00
R-221,Gym,2026-02-19 19:20:00,2026-02-20 08:00:00
R-119,Gym,2026-02-19 19:35:00,2026-02-20 08:00:00
R-350,Pool,2026-02-19 19:55:00,2026-02-21 10:00:00
R-243,Tennis,2026-02-19 20:05:00,2026-02-20 20:00:00
R-304,Pool,2026-02-19 20:35:00,2026-02-20 07:00:00
R-434,Gym,2026-02-19 20:40:00,2026-02-20 07:00:00
R-102,Gym,2026-02-19 21:20:00,2026-02-20 07:00:00
R-208,Gym,2026-02-19 21:40:00,2026-02-20 20:00:00
R-297,Gym,2026-02-19 22:25:00,2026-02-20 08:00:00
R-144,Gym,2026-02-19 22:25:00,2026-02-20 06:00:00
R-414,Gym,2026-02-19 22:25:00,2026-02-21 06:00:00
R-414,Pool,2026-02-19 22:50:00,2026-02-20 08:00:00
R-428,Gym,2026-02-19 22:55:00,2026-02-20 06:00:00
R-250,Gym,2026-02-19 23:05:00,2026-02-20 06:00:00
R-428,Gym,2026-02-19 23:55:00,2026-02-20 07:00:00
R-156,Gym,2026-02-20 00:15:00,2026-02-20 06:00:00
R-211,Badminton,2026-02-20 00:25:00,2026-02-21 10:00:00
R-145,Gym,2026-02-20 00:30:00,2026-02-20 06:00:00
R-351,Gym,2026-02-20 00:35:00,2026-02-20 06:00:00
R-140,Badminton,2026-02-20 00:35:00,2026-02-20 19:00:00
R-219,Badminton,2026-02-20 00:55:00,2026-02-21 10:00:00
R-301,Pool,2026-02-20 01:05:00,2026-02-21 21:00:00
R-418,Gym,2026-02-20 01:10:00,2026-02-20 06:00:00
R-232,Pool,2026-02-20 01:40:00,2026-02-20 12:00:00
R-170,Gym,2026-02-20 01:50:00,2026-02-20 06:00:00
R-144,Gym,2026-02-20 02:00:00,2026-02-20 11:00:00
R-407,Clubhouse,2026-02-20 02:05:00,2026-02-21 16:00:00
R-192,Pool,2026-02-20 02:05:00,2026-02-21 10:00:00
R-277,Gym,2026-02-20 02:30:00,2026-02-20 18:00:00
R-271,Gym,2026-02-20 03:00:00,2026-02-20 07:00:00
R-405,Pool,2026-02-20 03:20:00,2026-02-21 14:00:00
R-132,Pool,2026-02-20 03:45:00,2026-02-21 10:00:00
R-174,Pool,2026-02-20 03:50:00,2026-02-20 07:00:00
R-163,Gym,2026-02-20 04:05:00,2026-02-20 08:00:00
R-215,Badminton,2026-02-20 04:35:00,2026-02-20 18:00:00
R-137,Badminton,2026-02-20 04:35:00,2026-02-20 19:00:00
R-144,Tennis,2026-02-20 04:55:00,2026-02-22 06:00:00
R-104,Pool,2026-02-20 05:05:00,2026-02-20 20:00:00
R-191,Gym,2026-02-20 05:40:00,2026-02-21 16:00:00
R-380,Gym,2026-02-20 05:45:00,2026-02-20 17:00:00
R-290,Tennis,2026-02-20 07:25:00,2026-02-20 20:00:00
R-391,Gym,2026-02-20 07:40:00,2026-02-20 19:00:00
R-248,Clubhouse,2026-02-20 08:15:00,2026-02-23 14:00:00
R-414,Tennis,2026-02-20 08:20:00,2026-02-23 08:00:00
R-392,Clubhouse,2026-02-20 09:15:00,2026-02-21 11:00:00
R-433,Pool,2026-02-20 09:50:00,2026-02-20 18:00:00
R-219,Gym,2026-02-20 09:50:00,2026-02-20 18:00:00
R-220,Pool,2026-02-20 10:05:00,2026-02-21 11:00:00
R-289,Pool,2026-02-20 10:15:00,2026-02-20 15:00:00
R-212,Pool,2026-02-20 10:20:00,2026-02-21 12:00:00
R-387,Badminton,2026-02-20 10:40:00,2026-02-21 16:00:00
R-388,Gym,2026-02-20 10:40:00,2026-02-21 06:00:00
R-219,Badminton,2026-02-20 10:55:00,2026-02-21 19:00:00
R-412,Badminton,2026-02-20 10:55:00,2026-02-21 19:00:00
R-403,Badminton,2026-02-20 11:00:00,2026-02-22 21:00:00
R-403,Badminton,2026-02-20 11:25:00,2026-02-21 09:00:00
R-215,Gym,2026-02-20 12:15:00,2026-02-20 22:00:00
R-435,Pool,2026-02-20 12:20:00,2026-02-21 18:00:00
R-215,Gym,2026-02-20 12:30:00,2026-02-21 16:00:00
R-286,Gym,2026-02-20 12:35:00,2026-02-20 21:00:00
R-416,Pool,2026-02-20 12:35:00,2026-02-21 11:00:00
R-272,Gym,2026-02-20 13:00:00,2026-02-20 18:00:00
R-152,Pool,2026-02-20 13:45:00,2026-02-21 15:00:00
R-272,Gym,2026-02-20 14:10:00,2026-02-20 21:00:00
R-126,Tennis,2026-02-20 14:10:00,2026-02-21 19:00:00
R-401,Tennis,2026-02-20 14:20:00,2026-02-21 07:00:00
R-218,Badminton,2026-02-20 15:05:00,2026-02-21 19:00:00
R-293,Gym,2026-02-20 15:15:00,2026-02-20 21:00:00
R-239,Gym,2026-02-20 16:40:00,2026-02-20 21:00:00
R-346,Hall,2026-02-20 17:40:00,2026-02-23 19:00:00
R-332,Clubhouse,2026-02-20 17:50:00,2026-02-22 11:00:00
R-231,Tennis,2026-02-20 18:00:00,2026-02-21 19:00:00
R-356,Gym,2026-02-20 18:15:00,2026-02-21 11:00:00
R-366,Gym,2026-02-20 19:00:00,2026-02-21 16:00:00
R-274,Badminton,2026-02-20 19:30:00,2026-02-21 18:00:00
R-227,Badminton,2026-02-20 19:55:00,2026-02-21 19:00:00
R-379,Pool,2026-02-20 20:10:00,2026-02-21 15:00:00
R-392,Gym,2026-02-20 20:55:00,2026-02-21 15:00:00
R-168,Pool,2026-02-20 21:05:00,2026-02-22 06:00:00
R-100,Pool,2026-02-20 21:35:00,2026-02-21 17:00:00
R-353,Gym,2026-02-20 21:40:00,2026-02-21 21:00:00
R-444,Gym,2026-02-20 22:00:00,2026-02-21 06:00:00
R-211,Clubhouse,2026-02-20 22:55:00,2026-02-21 20:00:00
R-443,Badminton,2026-02-20 23:35:00,2026-02-21 20:00:00
R-172,Pool,2026-02-21 00:15:00,2026-02-21 07:00:00
R-392,Badminton,2026-02-21 00:20:00,2026-02-22 17:00:00
R-137,Pool,2026-02-21 00:25:00,2026-02-21 07:00:00
R-152,Pool,2026-02-21 00:30:00,2026-02-21 10:00:00
R-382,Pool,2026-02-21 01:15:00,2026-02-21 18:00:00
R-144,Pool,2026-02-21 01:40:00,2026-02-21 07:00:00
R-337,Gym,2026-02-21 02:05:00,2026-02-21 17:00:00
R-138,Pool,2026-02-21 02:30:00,2026-02-21 10:00:00
R-122,Gym,2026-02-21 02:40:00,2026-02-21 12:00:00
R-282,Pool,2026-02-21 03:00:00,2026-02-21 17:00:00
R-441,Badminton,2026-02-21 03:10:00,2026-02-21 20:00:00
R-113,Gym,2026-02-21 03:25:00,2026-02-21 10:00:00
R-431,Pool,2026-02-21 03:35:00,2026-02-21 10:00:00
R-285,Pool,2026-02-21 03:35:00,2026-02-21 17:00:00
R-344,Pool,2026-02-21 04:15:00,2026-02-21 17:00:00
R-236,Pool,2026-02-21 04:50:00,2026-02-21 07:00:00
R-300,Pool,2026-02-21 05:10:00,2026-02-22 11:00:00
R-295,Gym,2026-02-21 05:35:00,2026-02-21 18:00:00
R-185,Badminton,2026-02-21 05:40:00,2026-02-22 06:00:00
R-142,Gym,2026-02-21 06:05:00,2026-02-21 21:00:00
R-228,Badminton,2026-02-21 06:25:00,2026-02-21 20:00:00
R-168,Clubhouse,2026-02-21 06:25:00,2026-02-21 18:00:00
R-448,Badminton,2026-02-21 07:00:00,2026-02-21 18:00:00
R-279,Gym,2026-02-21 07:05:00,2026-02-23 07:00:00
R-200,Clubhouse,2026-02-21 07:45:00,2026-02-21 19:00:00
R-309,Gym,2026-02-21 08:15:00,2026-02-21 17:00:00
R-405,Clubhouse,2026-02-21 08:55:00,2026-02-22 11:00:00
R-104,Badminton,2026-02-21 10:00:00,2026-02-21 20:00:00
R-400,Pool,2026-02-21 10:10:00,2026-02-22 16:00:00
R-341,Tennis,2026-02-21 10:45:00,2026-02-23 08:00:00
R-148,Hall,2026-02-21 12:30:00,2026-03-07 12:00:00
R-133,Clubhouse,2026-02-21 12:55:00,2026-02-22 18:00:00
R-293,Gym,2026-02-21 13:15:00,2026-02-21 18:00:00
R-190,Pool,2026-02-21 13:20:00,2026-02-22 15:00:00
R-173,Gym,2026-02-21 13:35:00,2026-02-22 20:00:00
R-344,Clubhouse,2026-02-21 14:15:00,2026-02-22 18:00:00
R-354,Gym,2026-02-21 14:30:00,2026-02-21 19:00:00
R-388,Badminton,2026-02-21 14:45:00,2026-02-22 20:00:00
R-406,Clubhouse,2026-02-21 15:00:00,2026-02-28 15:00:00
R-193,Pool,2026-02-21 15:40:00,2026-02-22 07:00:00
R-155,Tennis,2026-02-21 15:55:00,2026-02-22 14:00:00
R-363,Pool,2026-02-21 17:55:00,2026-02-22 11:00:00
R-394,Clubhouse,2026-02-21 18:15:00,2026-02-22 16:00:00
R-312,Pool,2026-02-21 20:40:00,2026-02-22 10:00:00
R-361,Tennis,2026-02-21 20:40:00,2026-02-22 07:00:00
R-431,Gym,2026-02-21 21:15:00,2026-02-22 11:00:00
R-329,Tennis,2026-02-21 21:20:00,2026-02-23 07:00:00
R-165,Hall,2026-02-21 21:30:00,2026-03-07 21:00:00
R-144,Tennis,2026-02-21 21:40:00,2026-02-23 07:00:00
R-113,Pool,2026-02-21 21:55:00,2026-02-22 10:00:00
R-293,Badminton,2026-02-21 22:15:00,2026-02-22 14:00:00
R-168,Gym,2026-02-21 22:35:00,2026-02-22 14:00:00
R-272,Tennis,2026-02-21 22:45:00,2026-02-24 20:00:00
R-428,Tennis,2026-02-21 22:50:00,2026-02-22 08:00:00
R-211,Pool,2026-02-21 22:55:00,2026-02-22 15:00:00
R-391,Tennis,2026-02-21 23:10:00,2026-02-23 16:00:00
R-385,Hall,2026-02-22 00:50:00,2026-03-01 15:00:00
R-261,Badminton,2026-02-22 01:20:00,2026-02-23 20:00:00
R-328,Gym,2026-02-22 01:35:00,2026-02-22 12:00:00
R-214,Pool,2026-02-22 01:45:00,2026-02-22 18:00:00
R-177,Badminton,2026-02-22 01:55:00,2026-02-23 17:00:00
R-132,Gym,2026-02-22 01:55:00,2026-02-22 15:00:00
R-104,Tennis,2026-02-22 02:10:00,2026-02-23 20:00:00
R-428,Pool,2026-02-22 02:25:00,2026-02-23 06:00:00
R-102,Tennis,2026-02-22 02:30:00,2026-02-24 06:00:00
R-438,Gym,2026-02-22 02:30:00,2026-02-22 06:00:00
R-441,Badminton,2026-02-22 02:40:00,2026-02-23 21:00:00
R-277,Gym,2026-02-22 02:55:00,2026-02-23 18:00:00
R-424,Gym,2026-02-22 03:20:00,2026-02-22 08:00:00
R-134,Clubhouse,2026-02-22 04:15:00,2026-02-22 16:00:00
R-400,Pool,2026-02-22 04:30:00,2026-02-22 18:00:00
R-232,Tennis,2026-02-22 05:00:00,2026-02-23 07:00:00
R-167,Gym,2026-02-22 05:40:00,2026-02-23 06:00:00
R-161,Pool,2026-02-22 05:55:00,2026-02-22 15:00:00
R-419,Pool,2026-02-22 06:00:00,2026-02-22 11:00:00
R-134,Clubhouse,2026-02-22 06:10:00,2026-02-23 18:00:00
R-358,Tennis,2026-02-22 07:05:00,2026-02-24 06:00:00
R-259,Pool,2026-02-22 07:15:00,2026-02-22 15:00:00
R-396,Gym,2026-02-22 07:40:00,2026-02-23 07:00:00
R-225,Gym,2026-02-22 07:50:00,2026-02-23 06:00:00
R-434,Tennis,2026-02-22 08:20:00,2026-02-23 08:00:00
R-109,Pool,2026-02-22 08:35:00,2026-02-22 16:00:00
R-274,Tennis,2026-02-22 09:30:00,2026-02-24 21:00:00
R-103,Pool,2026-02-22 09:40:00,2026-02-22 18:00:00
R-116,Pool,2026-02-22 09:45:00,2026-02-23 08:00:00
R-167,Tennis,2026-02-22 10:40:00,2026-02-26 06:00:00
R-289,Hall,2026-02-22 11:35:00,2026-03-01 12:00:00
R-155,Gym,2026-02-22 11:50:00,2026-02-23 08:00:00
R-279,Tennis,2026-02-22 12:05:00,2026-02-26 06:00:00
R-114,Pool,2026-02-22 12:20:00,2026-02-23 08:00:00
R-363,Pool,2026-02-22 12:25:00,2026-02-22 15:00:00
R-308,Badminton,2026-02-22 12:35:00,2026-02-23 20:00:00
R-426,Tennis,2026-02-22 12:40:00,2026-02-23 06:00:00
R-240,Gym,2026-02-22 12:40:00,2026-02-23 06:00:00
R-279,Tennis,2026-02-22 12:50:00,2026-02-24 08:00:00
R-188,Gym,2026-02-22 12:50:00,2026-02-23 06:00:00
R-105,Gym,2026-02-22 13:05:00,2026-02-23 08:00:00
R-432,Gym,2026-02-22 13:10:00,2026-02-23 07:00:00
R-166,Badminton,2026-02-22 13:20:00,2026-02-23 17:00:00
R-163,Gym,2026-02-22 13:30:00,2026-02-23 06:00:00
R-361,Gym,2026-02-22 15:10:00,2026-02-23 06:00:00
R-379,Pool,2026-02-22 15:30:00,2026-02-23 12:00:00
R-174,Gym,2026-02-22 16:00:00,2026-02-23 07:00:00
R-146,Badminton,2026-02-22 16:10:00,2026-02-23 19:00:00
R-414,Tennis,2026-02-22 16:25:00,2026-02-24 06:00:00
R-105,Gym,2026-02-22 16:45:00,2026-02-23 07:00:00
R-240,Gym,2026-02-22 17:05:00,2026-02-23 07:00:00
R-314,Gym,2026-02-22 17:15:00,2026-02-23 18:00:00
R-252,Badminton,2026-02-22 17:20:00,2026-02-23 11:00:00
R-306,Pool,2026-02-22 17:40:00,2026-02-23 07:00:00
R-243,Gym,2026-02-22 17:50:00,2026-02-23 21:00:00
R-448,Badminton,2026-02-22 18:05:00,2026-02-23 20:00:00
R-418,Gym,2026-02-22 18:10:00,2026-02-23 06:00:00
R-272,Badminton,2026-02-22 18:35:00,2026-02-23 19:00:00
R-256,Gym,2026-02-22 18:35:00,2026-02-23 06:00:00
R-397,Badminton,2026-02-22 20:00:00,2026-02-24 21:00:00
R-156,Gym,2026-02-22 20:00:00,2026-02-23 06:00:00
R-119,Gym,2026-02-22 20:15:00,2026-02-23 08:00:00
R-177,Pool,2026-02-22 20:15:00,2026-02-23 18:00:00
R-306,Gym,2026-02-22 20:20:00,2026-02-23 16:00:00
R-124,Badminton,2026-02-22 20:25:00,2026-02-24 19:00:00
R-119,Gym,2026-02-22 21:20:00,2026-02-23 06:00:00
R-170,Gym,2026-02-22 21:30:00,2026-02-23 06:00:00
R-437,Badminton,2026-02-22 21:35:00,2026-02-23 20:00:00
R-221,Tennis,2026-02-22 22:05:00,2026-02-24 08:00:00
R-161,Clubhouse,2026-02-22 22:35:00,2026-02-24 10:00:00
R-428,Pool,2026-02-22 22:35:00,2026-02-23 08:00:00
R-229,Gym,2026-02-22 22:45:00,2026-02-23 18:00:00
R-446,Gym,2026-02-22 23:00:00,2026-02-23 07:00:00
R-306,Gym,2026-02-22 23:20:00,2026-02-23 22:00:00
R-397,Gym,2026-02-22 23:25:00,2026-02-23 20:00:00
R-221,Gym,2026-02-22 23:25:00,2026-02-23 08:00:00
R-145,Gym,2026-02-23 00:15:00,2026-02-23 06:00:00
R-281,Badminton,2026-02-23 00:50:00,2026-02-24 20:00:00
R-413,Gym,2026-02-23 01:10:00,2026-02-23 08:00:00
R-104,Gym,2026-02-23 01:25:00,2026-02-23 18:00:00
R-210,Gym,2026-02-23 01:25:00,2026-02-23 06:00:00
R-188,Gym,2026-02-23 01:45:00,2026-02-23 08:00:00
R-420,Pool,2026-02-23 01:50:00,2026-02-24 17:00:00
R-225,Gym,2026-02-23 01:55:00,2026-02-23 08:00:00
R-432,Gym,2026-02-23 02:00:00,2026-02-23 08:00:00
R-150,Gym,2026-02-23 02:55:00,2026-02-24 08:00:00
R-443,Badminton,2026-02-23 02:55:00,2026-02-23 19:00:00
R-366,Gym,2026-02-23 03:10:00,2026-02-23 21:00:00
R-142,Badminton,2026-02-23 03:55:00,2026-02-23 19:00:00
R-208,Badminton,2026-02-23 04:00:00,2026-02-24 21:00:00
R-335,Badminton,2026-02-23 04:35:00,2026-02-23 18:00:00
R-446,Gym,2026-02-23 04:40:00,2026-02-23 08:00:00
R-411,Gym,2026-02-23 05:30:00,2026-02-23 18:00:00
R-402,Gym,2026-02-23 05:30:00,2026-02-23 18:00:00
R-296,Gym,2026-02-23 05:35:00,2026-02-23 18:00:00
R-339,Tennis,2026-02-23 06:25:00,2026-02-24 07:00:00
R-424,Tennis,2026-02-23 06:30:00,2026-02-26 07:00:00
R-149,Badminton,2026-02-23 08:05:00,2026-02-23 21:00:00
R-227,Badminton,2026-02-23 08:50:00,2026-02-24 21:00:00
R-140,Badminton,2026-02-23 09:35:00,2026-02-24 15:00:00
R-274,Gym,2026-02-23 09:45:00,2026-02-23 20:00:00
R-219,Gym,2026-02-23 09:55:00,2026-02-23 19:00:00
R-243,Tennis,2026-02-23 11:05:00,2026-02-23 18:00:00
R-102,Gym,2026-02-23 11:50:00,2026-02-24 08:00:00
R-156,Tennis,2026-02-23 12:35:00,2026-02-24 08:00:00
R-227,Badminton,2026-02-23 12:35:00,2026-02-24 19:00:00
R-286,Gym,2026-02-23 12:45:00,2026-02-23 18:00:00
R-255,Clubhouse,2026-02-23 14:10:00,2026-02-28 17:00:00
R-145,Gym,2026-02-23 14:20:00,2026-02-24 06:00:00
R-145,Gym,2026-02-23 15:20:00,2026-02-24 08:00:00
R-448,Badminton,2026-02-23 16:05:00,2026-02-24 13:00:00
R-446,Gym,2026-02-23 16:20:00,2026-02-24 08:00:00
R-369,Gym,2026-02-23 16:25:00,2026-02-24 08:00:00
R-225,Gym,2026-02-23 16:45:00,2026-02-24 08:00:00
R-218,Tennis,2026-02-23 17:05:00,2026-02-25 19:00:00
R-444,Gym,2026-02-23 17:15:00,2026-02-24 07:00:00
R-367,Clubhouse,2026-02-23 17:35:00,2026-02-28 12:00:00
R-314,Gym,2026-02-23 17:40:00,2026-02-23 21:00:00
R-110,Gym,2026-02-23 17:55:00,2026-02-24 07:00:00
R-423,Pool,2026-02-23 18:30:00,2026-02-24 08:00:00
R-142,Gym,2026-02-23 19:00:00,2026-02-24 20:00:00
R-256,Gym,2026-02-23 19:25:00,2026-02-24 08:00:00
R-381,Gym,2026-02-23 21:15:00,2026-02-24 18:00:00
R-353,Badminton,2026-02-23 21:40:00,2026-02-24 18:00:00
R-366,Gym,2026-02-23 21:50:00,2026-02-24 08:00:00
R-414,Tennis,2026-02-23 21:55:00,2026-02-25 06:00:00
R-210,Gym,2026-02-23 22:00:00,2026-02-24 08:00:00
R-188,Gym,2026-02-23 22:05:00,2026-02-24 07:00:00
R-249,Badminton,2026-02-23 22:40:00,2026-02-24 18:00:00
R-279,Gym,2026-02-23 22:40:00,2026-02-25 07:00:00
R-434,Gym,2026-02-23 22:45:00,2026-02-24 19:00:00
R-144,Gym,2026-02-23 22:55:00,2026-02-24 06:00:00
R-428,Tennis,2026-02-23 23:00:00,2026-02-25 08:00:00
R-272,Badminton,2026-02-23 23:20:00,2026-02-24 18:00:00
R-203,Gym,2026-02-23 23:25:00,2026-02-24 15:00:00
R-369,Gym,2026-02-23 23:50:00,2026-02-24 06:00:00
R-305,Tennis,2026-02-23 23:50:00,2026-02-25 06:00:00
R-203,Gym,2026-02-24 00:05:00,2026-02-24 07:00:00
R-240,Gym,2026-02-24 00:15:00,2026-02-24 08:00:00
R-114,Gym,2026-02-24 00:20:00,2026-02-24 07:00:00
R-424,Gym,2026-02-24 00:40:00,2026-02-24 06:00:00
R-116,Gym,2026-02-24 00:45:00,2026-02-24 07:00:00
R-329,Gym,2026-02-24 00:55:00,2026-02-24 08:00:00
R-319,Gym,2026-02-24 01:00:00,2026-02-24 19:00:00
R-187,Badminton,2026-02-24 01:15:00,2026-02-27 15:00:00
R-255,Pool,2026-02-24 01:30:00,2026-02-24 16:00:00
R-174,Gym,2026-02-24 01:30:00,2026-02-24 06:00:00
R-232,Pool,2026-02-24 01:40:00,2026-02-24 11:00:00
R-441,Badminton,2026-02-24 02:05:00,2026-02-25 20:00:00
R-306,Tennis,2026-02-24 02:40:00,2026-02-25 12:00:00
R-397,Badminton,2026-02-24 02:40:00,2026-02-24 19:00:00
R-361,Gym,2026-02-24 03:10:00,2026-02-24 06:00:00
R-122,Gym,2026-02-24 03:20:00,2026-02-25 08:00:00
R-187,Gym,2026-02-24 03:35:00,2026-02-24 21:00:00
R-424,Gym,2026-02-24 03:45:00,2026-02-24 07:00:00
R-173,Badminton,2026-02-24 04:10:00,2026-02-26 19:00:00
R-304,Gym,2026-02-24 04:25:00,2026-02-24 08:00:00
R-278,Badminton,2026-02-24 06:05:00,2026-02-24 20:00:00
R-401,Gym,2026-02-24 06:40:00,2026-02-25 06:00:00
R-129,Badminton,2026-02-24 07:15:00,2026-02-24 22:00:00
R-208,Gym,2026-02-24 07:35:00,2026-02-24 18:00:00
R-306,Tennis,2026-02-24 07:35:00,2026-02-26 06:00:00
R-275,Clubhouse,2026-02-24 08:15:00,2026-02-27 13:00:00
R-110,Tennis,2026-02-24 08:40:00,2026-02-26 08:00:00
R-102,Gym,2026-02-24 09:15:00,2026-02-25 08:00:00
R-347,Tennis,2026-02-24 09:25:00,2026-02-26 07:00:00
R-353,Badminton,2026-02-24 09:55:00,2026-02-24 19:00:00
R-121,Hall,2026-02-24 10:05:00,2026-03-01 18:00:00
R-271,Gym,2026-02-24 10:35:00,2026-02-24 22:00:00
R-358,Tennis,2026-02-24 10:35:00,2026-02-25 07:00:00
R-149,Gym,2026-02-24 10:45:00,2026-02-24 20:00:00
R-215,Gym,2026-02-24 11:10:00,2026-02-24 19:00:00
R-385,Hall,2026-02-24 11:20:00,2026-02-28 15:00:00
R-218,Gym,2026-02-24 11:20:00,2026-02-24 18:00:00
R-206,Tennis,2026-02-24 11:30:00,2026-03-01 07:00:00
R-252,Gym,2026-02-24 11:30:00,2026-02-24 20:00:00
R-154,Badminton,2026-02-24 13:05:00,2026-02-25 18:00:00
R-254,Tennis,2026-02-24 13:20:00,2026-02-26 07:00:00
R-290,Badminton,2026-02-24 13:25:00,2026-02-25 21:00:00
R-279,Gym,2026-02-24 14:05:00,2026-02-26 10:00:00
R-118,Tennis,2026-02-24 14:50:00,2026-02-25 06:00:00
R-219,Badminton,2026-02-24 15:20:00,2026-02-24 21:00:00
R-165,Clubhouse,2026-02-24 15:25:00,2026-03-01 12:00:00
R-277,Badminton,2026-02-24 15:40:00,2026-02-26 13:00:00
R-149,Tennis,2026-02-24 15:40:00,2026-02-24 21:00:00
R-142,Gym,2026-02-24 16:05:00,2026-02-24 22:00:00
R-339,Gym,2026-02-24 16:10:00,2026-02-25 08:00:00
R-252,Badminton,2026-02-24 16:25:00,2026-02-25 18:00:00
R-448,Gym,2026-02-24 16:25:00,2026-02-24 20:00:00
R-156,Gym,2026-02-24 16:30:00,2026-02-25 08:00:00
R-351,Gym,2026-02-24 16:40:00,2026-02-25 07:00:00
R-117,Pool,2026-02-24 16:45:00,2026-02-25 06:00:00
R-154,Badminton,2026-02-24 16:45:00,2026-02-25 20:00:00
R-222,Badminton,2026-02-24 17:15:00,2026-02-25 19:00:00
R-122,Badminton,2026-02-24 17:40:00,2026-02-25 19:00:00
R-434,Pool,2026-02-24 17:50:00,2026-02-26 07:00:00
R-423,Gym,2026-02-24 18:25:00,2026-02-25 07:00:00
R-432,Gym,2026-02-24 19:15:00,2026-02-25 06:00:00
R-243,Gym,2026-02-24 21:00:00,2026-02-26 20:00:00
R-424,Gym,2026-02-24 21:05:00,2026-02-25 06:00:00
R-254,Gym,2026-02-24 21:10:00,2026-02-25 10:00:00
R-254,Gym,2026-02-24 21:30:00,2026-02-25 07:00:00
R-339,Gym,2026-02-24 21:55:00,2026-02-26 07:00:00
R-171,Tennis,2026-02-24 22:00:00,2026-02-27 06:00:00
R-413,Pool,2026-02-24 22:30:00,2026-02-25 08:00:00
R-256,Gym,2026-02-24 23:10:00,2026-02-25 08:00:00
R-145,Tennis,2026-02-25 00:05:00,2026-02-25 06:00:00
R-218,Badminton,2026-02-25 00:40:00,2026-02-25 20:00:00
R-140,Badminton,2026-02-25 00:45:00,2026-02-28 19:00:00
R-118,Gym,2026-02-25 01:10:00,2026-02-25 08:00:00
R-210,Pool,2026-02-25 01:10:00,2026-02-25 07:00:00
R-184,Hall,2026-02-25 01:30:00,2026-02-28 19:00:00
R-361,Gym,2026-02-25 01:45:00,2026-02-25 09:00:00
R-391,Gym,2026-02-25 01:45:00,2026-02-25 07:00:00
R-443,Gym,2026-02-25 01:55:00,2026-02-25 21:00:00
R-432,Gym,2026-02-25 02:50:00,2026-02-26 07:00:00
R-446,Gym,2026-02-25 02:55:00,2026-02-25 06:00:00
R-221,Gym,2026-02-25 03:00:00,2026-02-26 08:00:00
R-323,Gym,2026-02-25 03:25:00,2026-02-25 20:00:00
R-250,Gym,2026-02-25 03:40:00,2026-02-25 20:00:00
R-306,Gym,2026-02-25 03:40:00,2026-02-25 08:00:00
R-384,Clubhouse,2026-02-25 05:35:00,2026-03-01 16:00:00
R-426,Gym,2026-02-25 05:35:00,2026-02-25 18:00:00
R-213,Tennis,2026-02-25 05:45:00,2026-02-27 18:00:00
R-117,Tennis,2026-02-25 05:45:00,2026-02-26 06:00:00
R-248,Badminton,2026-02-25 05:55:00,2026-02-25 18:00:00
R-327,Tennis,2026-02-25 06:45:00,2026-02-27 12:00:00
R-277,Tennis,2026-02-25 07:35:00,2026-02-26 17:00:00
R-360,Badminton,2026-02-25 07:40:00,2026-02-26 19:00:00
R-426,Tennis,2026-02-25 07:50:00,2026-02-25 19:00:00
R-222,Gym,2026-02-25 08:15:00,2026-02-25 18:00:00
R-447,Gym,2026-02-25 08:20:00,2026-02-25 18:00:00
R-215,Badminton,2026-02-25 08:45:00,2026-02-25 18:00:00
R-210,Tennis,2026-02-25 09:20:00,2026-02-26 08:00:00
R-443,Badminton,2026-02-25 09:40:00,2026-02-28 12:00:00
R-384,Clubhouse,2026-02-25 10:05:00,2026-03-01 23:00:00
R-389,Gym,2026-02-25 11:05:00,2026-02-26 08:00:00
R-286,Badminton,2026-02-25 11:15:00,2026-02-25 20:00:00
R-373,Pool,2026-02-25 11:20:00,2026-02-25 21:00:00
R-166,Badminton,2026-02-25 12:00:00,2026-02-26 08:00:00
R-339,Pool,2026-02-25 12:05:00,2026-02-27 12:00:00
R-397,Gym,2026-02-25 12:20:00,2026-02-25 21:00:00
R-339,Gym,2026-02-25 12:40:00,2026-02-26 06:00:00
R-329,Hall,2026-02-25 13:10:00,2026-03-04 11:00:00
R-181,Badminton,2026-02-25 13:55:00,2026-02-27 18:00:00
R-401,Pool,2026-02-25 14:10:00,2026-02-26 08:00:00
R-125,Gym,2026-02-25 14:30:00,2026-02-26 06:00:00
R-443,Badminton,2026-02-25 14:35:00,2026-02-26 19:00:00
R-306,Gym,2026-02-25 14:35:00,2026-02-25 18:00:00
R-227,Gym,2026-02-25 14:40:00,2026-02-25 20:00:00
R-330,Gym,2026-02-25 15:25:00,2026-02-26 10:00:00
R-434,Gym,2026-02-25 15:30:00,2026-02-26 06:00:00
R-225,Gym,2026-02-25 15:30:00,2026-02-27 07:00:00
R-373,Tennis,2026-02-25 15:35:00,2026-02-26 20:00:00
R-329,Pool,2026-02-25 15:50:00,2026-02-27 08:00:00
R-306,Tennis,2026-02-25 15:55:00,2026-02-27 06:00:00
R-249,Badminton,2026-02-25 16:00:00,2026-02-27 20:00:00
R-428,Gym,2026-02-25 16:25:00,2026-02-26 08:00:00
R-308,Badminton,2026-02-25 16:40:00,2026-02-27 19:00:00
R-330,Gym,2026-02-25 16:55:00,2026-02-25 21:00:00
R-272,Badminton,2026-02-25 17:15:00,2026-02-26 18:00:00
R-432,Gym,2026-02-25 17:35:00,2026-02-26 12:00:00
R-401,Gym,2026-02-25 17:35:00,2026-02-26 06:00:00
R-186,Gym,2026-02-25 17:40:00,2026-02-26 17:00:00
R-399,Tennis,2026-02-25 17:50:00,2026-02-28 19:00:00
R-140,Tennis,2026-02-25 18:10:00,2026-02-27 19:00:00
R-102,Tennis,2026-02-25 18:25:00,2026-02-26 08:00:00
R-260,Tennis,2026-02-25 18:35:00,2026-02-27 19:00:00
R-102,Tennis,2026-02-25 18:40:00,2026-02-27 07:00:00
R-222,Gym,2026-02-25 18:45:00,2026-02-26 20:00:00
R-211,Pool,2026-02-25 18:50:00,2026-02-28 18:00:00
R-446,Gym,2026-02-25 18:55:00,2026-02-26 07:00:00
R-155,Gym,2026-02-25 19:05:00,2026-02-26 08:00:00
R-257,Tennis,2026-02-25 19:40:00,2026-02-26 20:00:00
R-142,Badminton,2026-02-25 19:45:00,2026-02-28 21:00:00
R-222,Gym,2026-02-25 19:50:00,2026-02-27 19:00:00
R-448,Badminton,2026-02-25 20:30:00,2026-02-26 18:00:00
R-441,Badminton,2026-02-25 21:25:00,2026-02-26 21:00:00
R-391,Tennis,2026-02-25 21:25:00,2026-02-26 11:00:00
R-119,Gym,2026-02-25 22:15:00,2026-02-26 07:00:00
R-281,Gym,2026-02-25 22:25:00,2026-02-26 18:00:00
R-243,Badminton,2026-02-25 22:30:00,2026-02-27 18:00:00
R-210,Tennis,2026-02-25 23:05:00,2026-02-27 06:00:00
R-155,Tennis,2026-02-25 23:10:00,2026-02-27 08:00:00
R-240,Gym,2026-02-25 23:20:00,2026-02-26 08:00:00
R-112,Gym,2026-02-25 23:25:00,2026-02-26 07:00:00
R-418,Gym,2026-02-25 23:35:00,2026-02-26 06:00:00
R-146,Badminton,2026-02-26 00:05:00,2026-02-27 21:00:00
R-118,Gym,2026-02-26 00:05:00,2026-02-26 08:00:00
R-156,Gym,2026-02-26 00:15:00,2026-02-26 08:00:00
R-306,Gym,2026-02-26 00:35:00,2026-02-26 08:00:00
R-279,Gym,2026-02-26 00:40:00,2026-02-27 06:00:00
R-117,Gym,2026-02-26 00:55:00,2026-02-26 07:00:00
R-313,Badminton,2026-02-26 01:10:00,2026-02-26 20:00:00
R-260,Badminton,2026-02-26 01:20:00,2026-02-26 21:00:00
R-361,Gym,2026-02-26 01:30:00,2026-02-26 08:00:00
R-119,Gym,2026-02-26 01:30:00,2026-02-26 08:00:00
R-159,Gym,2026-02-26 01:55:00,2026-02-26 06:00:00
R-213,Badminton,2026-02-26 02:10:00,2026-02-27 07:00:00
R-167,Gym,2026-02-26 02:15:00,2026-02-26 08:00:00
R-241,Tennis,2026-02-26 02:40:00,2026-02-27 06:00:00
R-186,Gym,2026-02-26 03:35:00,2026-02-26 11:00:00
R-219,Badminton,2026-02-26 03:35:00,2026-02-27 19:00:00
R-128,Gym,2026-02-26 03:40:00,2026-02-26 19:00:00
R-279,Gym,2026-02-26 03:50:00,2026-02-27 07:00:00
R-174,Pool,2026-02-26 04:00:00,2026-02-26 07:00:00
R-243,Badminton,2026-02-26 04:05:00,2026-02-26 19:00:00
R-218,Badminton,2026-02-26 05:30:00,2026-02-26 18:00:00
R-404,Gym,2026-02-26 05:35:00,2026-02-26 19:00:00
R-418,Pool,2026-02-26 05:45:00,2026-02-26 18:00:00
R-436,Clubhouse,2026-02-26 06:05:00,2026-02-28 16:00:00
R-397,Badminton,2026-02-26 06:15:00,2026-02-26 17:00:00
R-350,Tennis,2026-02-26 06:25:00,2026-02-28 18:00:00
R-272,Badminton,2026-02-26 07:05:00,2026-02-27 16:00:00
R-323,Gym,2026-02-26 07:25:00,2026-02-26 18:00:00
R-219,Badminton,2026-02-26 07:35:00,2026-02-26 21:00:00
R-193,Badminton,2026-02-26 08:35:00,2026-02-26 17:00:00
R-112,Tennis,2026-02-26 08:45:00,2026-02-27 07:00:00
R-142,Gym,2026-02-26 08:50:00,2026-02-27 19:00:00
R-177,Gym,2026-02-26 09:20:00,2026-02-26 19:00:00
R-247,Badminton,2026-02-26 09:30:00,2026-02-26 20:00:00
R-443,Tennis,2026-02-26 09:55:00,2026-02-27 21:00:00
R-265,Gym,2026-02-26 10:00:00,2026-02-26 17:00:00
R-248,Gym,2026-02-26 10:00:00,2026-02-26 18:00:00
R-184,Hall,2026-02-26 10:10:00,2026-03-08 19:00:00
R-174,Tennis,2026-02-26 10:50:00,2026-02-27 07:00:00
R-298,Gym,2026-02-26 11:00:00,2026-02-27 08:00:00
R-134,Hall,2026-02-26 12:10:00,2026-03-06 09:00:00
R-102,Pool,2026-02-26 12:20:00,2026-02-27 08:00:00
R-335,Gym,2026-02-26 12:30:00,2026-02-26 19:00:00
R-412,Gym,2026-02-26 12:45:00,2026-02-26 21:00:00
R-126,Badminton,2026-02-26 12:50:00,2026-02-26 18:00:00
R-257,Gym,2026-02-26 13:15:00,2026-02-26 19:00:00
R-307,Badminton,2026-02-26 14:05:00,2026-02-27 08:00:00
R-100,Pool,2026-02-26 14:25:00,2026-03-01 11:00:00
R-155,Gym,2026-02-26 14:25:00,2026-02-27 07:00:00
R-361,Gym,2026-02-26 14:30:00,2026-02-27 13:00:00
R-257,Badminton,2026-02-26 14:40:00,2026-02-27 07:00:00
R-215,Badminton,2026-02-26 14:45:00,2026-02-27 21:00:00
R-120,Gym,2026-02-26 14:55:00,2026-02-28 08:00:00
R-110,Tennis,2026-02-26 15:10:00,2026-02-27 08:00:00
R-391,Pool,2026-02-26 15:20:00,2026-02-27 07:00:00
R-297,Badminton,2026-02-26 15:45:00,2026-02-27 07:00:00
R-418,Gym,2026-02-26 15:45:00,2026-02-27 07:00:00
R-329,Gym,2026-02-26 16:20:00,2026-02-27 06:00:00
R-256,Gym,2026-02-26 16:50:00,2026-02-27 08:00:00
R-423,Gym,2026-02-26 16:55:00,2026-02-27 06:00:00
R-145,Gym,2026-02-26 17:35:00,2026-02-27 07:00:00
R-424,Gym,2026-02-26 17:45:00,2026-02-27 06:00:00
R-215,Badminton,2026-02-26 19:00:00,2026-02-27 13:00:00
R-401,Gym,2026-02-26 19:15:00,2026-02-27 06:00:00
R-272,Badminton,2026-02-26 19:30:00,2026-02-27 19:00:00
R-105,Tennis,2026-02-26 19:40:00,2026-02-27 07:00:00
R-118,Gym,2026-02-26 19:40:00,2026-02-27 08:00:00
R-446,Pool,2026-02-26 19:50:00,2026-02-27 06:00:00
R-435,Clubhouse,2026-02-26 20:20:00,2026-02-28 23:00:00
R-428,Gym,2026-02-26 20:35:00,2026-02-27 06:00:00
R-156,Gym,2026-02-26 20:50:00,2026-02-27 08:00:00
R-227,Badminton,2026-02-26 20:55:00,2026-02-27 20:00:00
R-100,Pool,2026-02-26 21:05:00,2026-02-28 10:00:00
R-353,Badminton,2026-02-26 22:05:00,2026-02-27 18:00:00
R-398,Pool,2026-02-26 22:20:00,2026-02-27 10:00:00
R-432,Gym,2026-02-26 22:30:00,2026-02-27 07:00:00
R-271,Gym,2026-02-26 22:35:00,2026-02-27 08:00:00
R-262,Clubhouse,2026-02-26 22:40:00,2026-03-01 12:00:00
R-403,Badminton,2026-02-26 22:45:00,2026-02-28 21:00:00
R-446,Gym,2026-02-26 22:55:00,2026-02-27 07:00:00
R-150,Tennis,2026-02-26 23:25:00,2026-02-28 07:00:00
R-250,Gym,2026-02-26 23:40:00,2026-02-27 08:00:00
R-330,Badminton,2026-02-27 00:05:00,2026-02-27 20:00:00
R-240,Gym,2026-02-27 01:45:00,2026-02-27 08:00:00
R-277,Badminton,2026-02-27 02:15:00,2026-02-27 21:00:00
R-427,Clubhouse,2026-02-27 02:20:00,2026-02-27 16:00:00
R-353,Badminton,2026-02-27 02:55:00,2026-02-27 21:00:00
R-114,Gym,2026-02-27 02:55:00,2026-02-27 08:00:00
R-104,Gym,2026-02-27 03:15:00,2026-02-27 20:00:00
R-387,Clubhouse,2026-02-27 03:25:00,2026-02-28 16:00:00
R-281,Badminton,2026-02-27 03:55:00,2026-02-27 18:00:00
R-278,Badminton,2026-02-27 04:00:00,2026-02-27 20:00:00
R-186,Pool,2026-02-27 04:30:00,2026-02-28 19:00:00
R-356,Pool,2026-02-27 04:50:00,2026-02-28 15:00:00
R-285,Clubhouse,2026-02-27 04:50:00,2026-02-28 16:00:00
R-448,Gym,2026-02-27 05:55:00,2026-02-27 09:00:00
R-416,Gym,2026-02-27 06:05:00,2026-02-28 14:00:00
R-200,Tennis,2026-02-27 06:10:00,2026-02-27 17:00:00
R-279,Tennis,2026-02-27 06:15:00,2026-03-04 06:00:00
R-161,Clubhouse,2026-02-27 06:40:00,2026-02-28 14:00:00
R-414,Gym,2026-02-27 07:05:00,2026-02-28 07:00:00
R-238,Pool,2026-02-27 07:15:00,2026-02-27 16:00:00
R-278,Clubhouse,2026-02-27 07:20:00,2026-03-02 20:00:00
R-447,Gym,2026-02-27 07:30:00,2026-02-27 19:00:00
R-281,Gym,2026-02-27 07:35:00,2026-02-27 20:00:00
R-272,Gym,2026-02-27 09:30:00,2026-02-28 20:00:00
R-419,Gym,2026-02-27 09:30:00,2026-02-27 15:00:00
R-195,Pool,2026-02-27 09:45:00,2026-02-28 17:00:00
R-222,Gym,2026-02-27 09:55:00,2026-02-28 18:00:00
R-149,Gym,2026-02-27 10:00:00,2026-02-27 18:00:00
R-274,Gym,2026-02-27 10:05:00,2026-02-27 20:00:00
R-386,Pool,2026-02-27 10:20:00,2026-03-01 14:00:00
R-133,Hall,2026-02-27 11:00:00,2026-03-01 12:00:00
R-102,Gym,2026-02-27 11:00:00,2026-02-27 21:00:00
R-212,Tennis,2026-02-27 11:10:00,2026-03-01 07:00:00
R-397,Gym,2026-02-27 11:10:00,2026-02-27 20:00:00
R-208,Gym,2026-02-27 12:15:00,2026-02-27 20:00:00
R-435,Pool,2026-02-27 12:25:00,2026-02-28 14:00:00
R-257,Gym,2026-02-27 12:30:00,2026-02-27 20:00:00
R-260,Gym,2026-02-27 13:10:00,2026-02-27 20:00:00
R-115,Pool,2026-02-27 13:20:00,2026-02-28 18:00:00
R-381,Gym,2026-02-27 13:35:00,2026-02-28 22:00:00
R-300,Clubhouse,2026-02-27 14:45:00,2026-03-01 18:00:00
R-435,Clubhouse,2026-02-27 16:05:00,2026-03-06 16:00:00
R-366,Tennis,2026-02-27 16:45:00,2026-03-01 07:00:00
R-113,Gym,2026-02-27 18:35:00,2026-02-28 10:00:00
R-441,Gym,2026-02-27 19:50:00,2026-02-28 18:00:00
R-256,Tennis,2026-02-27 19:55:00,2026-03-04 07:00:00
R-138,Pool,2026-02-27 20:15:00,2026-02-28 16:00:00
R-262,Gym,2026-02-27 20:30:00,2026-02-28 12:00:00
R-273,Clubhouse,2026-02-27 20:45:00,2026-02-28 18:00:00
R-100,Pool,2026-02-27 21:00:00,2026-02-28 15:00:00
R-235,Gym,2026-02-27 21:20:00,2026-02-28 09:00:00
R-435,Pool,2026-02-27 22:25:00,2026-02-28 18:00:00
R-211,Pool,2026-02-27 22:35:00,2026-03-01 11:00:00
R-196,Clubhouse,2026-02-27 23:10:00,2026-03-01 11:00:00
R-113,Pool,2026-02-27 23:30:00,2026-02-28 11:00:00
R-283,Clubhouse,2026-02-27 23:30:00,2026-03-01 12:00:00
R-300,Pool,2026-02-27 23:55:00,2026-02-28 10:00:00
R-249,Badminton,2026-02-28 00:05:00,2026-02-28 20:00:00
R-104,Gym,2026-02-28 01:10:00,2026-02-28 16:00:00
R-123,Clubhouse,2026-02-28 03:00:00,2026-02-28 17:00:00
R-353,Badminton,2026-02-28 03:05:00,2026-02-28 21:00:00
R-192,Pool,2026-02-28 03:30:00,2026-02-28 15:00:00
R-285,Gym,2026-02-28 04:15:00,2026-02-28 10:00:00
R-443,Badminton,2026-02-28 04:40:00,2026-02-28 20:00:00
R-113,Clubhouse,2026-02-28 05:00:00,2026-02-28 17:00:00
R-350,Pool,2026-02-28 05:20:00,2026-02-28 14:00:00
R-132,Clubhouse,2026-02-28 05:55:00,2026-03-01 16:00:00
R-312,Pool,2026-02-28 06:05:00,2026-02-28 15:00:00
R-279,Tennis,2026-02-28 07:10:00,2026-03-05 07:00:00
R-315,Gym,2026-02-28 07:20:00,2026-02-28 16:00:00
R-355,Gym,2026-02-28 08:00:00,2026-03-01 10:00:00
R-408,Hall,2026-02-28 08:15:00,2026-03-13 19:00:00
R-177,Badminton,2026-02-28 08:35:00,2026-03-01 07:00:00
R-397,Badminton,2026-02-28 08:40:00,2026-02-28 21:00:00
R-181,Badminton,2026-02-28 09:10:00,2026-02-28 18:00:00
R-217,Pool,2026-02-28 09:15:00,2026-02-28 17:00:00
R-192,Pool,2026-02-28 09:15:00,2026-02-28 18:00:00
R-286,Gym,2026-02-28 09:20:00,2026-02-28 18:00:00
R-414,Tennis,2026-02-28 09:20:00,2026-03-02 08:00:00
R-274,Gym,2026-02-28 10:00:00,2026-02-28 21:00:00
R-312,Gym,2026-02-28 10:10:00,2026-02-28 18:00:00
R-257,Tennis,2026-02-28 10:20:00,2026-03-02 18:00:00
R-227,Gym,2026-02-28 10:40:00,2026-02-28 18:00:00
R-356,Clubhouse,2026-02-28 11:25:00,2026-03-01 15:00:00
R-443,Gym,2026-02-28 11:40:00,2026-02-28 21:00:00
R-102,Tennis,2026-02-28 13:40:00,2026-03-03 06:00:00
R-437,Gym,2026-02-28 13:50:00,2026-02-28 20:00:00
R-421,Gym,2026-02-28 14:05:00,2026-03-02 07:00:00
R-218,Badminton,2026-02-28 15:40:00,2026-03-02 18:00:00
R-434,Pool,2026-02-28 16:30:00,2026-03-01 06:00:00
R-279,Gym,2026-02-28 16:35:00,2026-03-02 07:00:00
R-196,Clubhouse,2026-02-28 17:15:00,2026-03-07 17:00:00
R-161,Gym,2026-02-28 19:25:00,2026-03-01 14:00:00
R-271,Pool,2026-02-28 19:30:00,2026-03-02 07:00:00
R-193,Gym,2026-02-28 19:40:00,2026-03-01 08:00:00
R-387,Gym,2026-02-28 20:00:00,2026-03-01 06:00:00
R-225,Tennis,2026-02-28 20:25:00,2026-03-05 07:00:00
R-392,Pool,2026-02-28 20:40:00,2026-03-01 11:00:00
R-433,Pool,2026-02-28 22:05:00,2026-03-01 10:00:00
R-315,Pool,2026-02-28 22:35:00,2026-03-01 15:00:00
R-329,Tennis,2026-02-28 22:45:00,2026-03-02 07:00:00
R-243,Badminton,2026-02-28 23:05:00,2026-03-03 21:00:00
R-386,Pool,2026-02-28 23:15:00,2026-03-01 15:00:00
R-185,Tennis,2026-02-28 23:55:00,2026-03-01 16:00:00
R-155,Tennis,2026-03-01 00:55:00,2026-03-02 06:00:00
R-150,Gym,2026-03-01 01:10:00,2026-03-02 07:00:00
R-389,Tennis,2026-03-01 01:20:00,2026-03-02 07:00:00
R-272,Badminton,2026-03-01 02:25:00,2026-03-01 20:00:00
R-421,Gym,2026-03-01 02:35:00,2026-03-02 09:00:00
R-156,Gym,2026-03-01 03:00:00,2026-03-01 06:00:00
R-391,Tennis,2026-03-01 03:05:00,2026-03-02 06:00:00
R-163,Tennis,2026-03-01 03:15:00,2026-03-03 07:00:00
R-192,Pool,2026-03-01 03:20:00,2026-03-01 18:00:00
R-213,Badminton,2026-03-01 03:50:00,2026-03-03 18:00:00
R-366,Gym,2026-03-01 04:00:00,2026-03-02 15:00:00
R-380,Gym,2026-03-01 04:10:00,2026-03-01 18:00:00
R-406,Pool,2026-03-01 04:10:00,2026-03-01 18:00:00
R-394,Clubhouse,2026-03-01 04:10:00,2026-03-01 16:00:00
R-167,Gym,2026-03-01 04:25:00,2026-03-02 08:00:00
R-449,Pool,2026-03-01 04:35:00,2026-03-01 16:00:00
R-392,Pool,2026-03-01 04:45:00,2026-03-01 14:00:00
R-388,Gym,2026-03-01 04:45:00,2026-03-01 21:00:00
R-378,Gym,2026-03-01 04:55:00,2026-03-01 14:00:00
R-195,Pool,2026-03-01 05:00:00,2026-03-01 17:00:00
R-100,Gym,2026-03-01 05:45:00,2026-03-01 18:00:00
R-113,Clubhouse,2026-03-01 05:45:00,2026-03-01 17:00:00
R-279,Gym,2026-03-01 07:30:00,2026-03-03 07:00:00
R-168,Pool,2026-03-01 08:45:00,2026-03-01 16:00:00
R-308,Tennis,2026-03-01 08:45:00,2026-03-02 18:00:00
R-227,Tennis,2026-03-01 09:30:00,2026-03-02 19:00:00
R-131,Hall,2026-03-01 09:50:00,2026-03-13 18:00:00
R-350,Pool,2026-03-01 10:25:00,2026-03-01 18:00:00
R-242,Gym,2026-03-01 10:50:00,2026-03-01 19:00:00
R-437,Badminton,2026-03-01 11:20:00,2026-03-02 22:00:00
R-400,Pool,2026-03-01 11:20:00,2026-03-01 17:00:00
R-142,Badminton,2026-03-01 12:30:00,2026-03-02 18:00:00
R-123,Pool,2026-03-01 12:35:00,2026-03-01 17:00:00
R-414,Gym,2026-03-01 13:45:00,2026-03-02 06:00:00
R-268,Pool,2026-03-01 14:25:00,2026-03-03 08:00:00
R-144,Tennis,2026-03-01 15:40:00,2026-03-02 07:00:00
R-379,Hall,2026-03-01 16:10:00,2026-03-08 11:00:00
R-423,Pool,2026-03-01 16:15:00,2026-03-03 06:00:00
R-350,Pool,2026-03-01 16:50:00,2026-03-02 17:00:00
R-167,Tennis,2026-03-01 16:55:00,2026-03-03 06:00:00
R-228,Badminton,2026-03-01 17:45:00,2026-03-02 19:00:00
R-135,Hall,2026-03-01 17:50:00,2026-03-05 13:00:00
R-220,Clubhouse,2026-03-01 17:50:00,2026-03-08 17:00:00
R-159,Gym,2026-03-01 17:55:00,2026-03-02 06:00:00
R-277,Tennis,2026-03-01 18:05:00,2026-03-03 18:00:00
R-236,Clubhouse,2026-03-01 18:55:00,2026-03-07 18:00:00
R-234,Gym,2026-03-01 19:20:00,2026-03-02 06:00:00
R-142,Tennis,2026-03-01 19:35:00,2026-03-05 10:00:00
R-371,Pool,2026-03-01 20:10:00,2026-03-02 07:00:00
R-428,Gym,2026-03-01 20:30:00,2026-03-02 07:00:00
R-424,Gym,2026-03-01 20:30:00,2026-03-02 07:00:00
R-418,Gym,2026-03-01 20:35:00,2026-03-02 06:00:00
R-271,Tennis,2026-03-01 21:35:00,2026-03-03 07:00:00
R-304,Tennis,2026-03-01 21:40:00,2026-03-03 06:00:00
R-366,Gym,2026-03-01 21:40:00,2026-03-03 21:00:00
R-243,Badminton,2026-03-01 21:45:00,2026-03-04 10:00:00
R-353,Badminton,2026-03-01 22:10:00,2026-03-03 21:00:00
R-112,Tennis,2026-03-01 22:20:00,2026-03-03 07:00:00
R-119,Gym,2026-03-01 22:25:00,2026-03-02 06:00:00
R-215,Gym,2026-03-01 22:25:00,2026-03-02 19:00:00
R-385,Hall,2026-03-01 23:15:00,2026-03-06 15:00:00
R-165,Pool,2026-03-01 23:40:00,2026-03-04 15:00:00
R-293,Badminton,2026-03-01 23:45:00,2026-03-02 18:00:00
R-221,Gym,2026-03-01 23:50:00,2026-03-02 08:00:00
R-122,Gym,2026-03-01 23:50:00,2026-03-02 07:00:00
R-208,Badminton,2026-03-02 00:05:00,2026-03-02 20:00:00
R-423,Gym,2026-03-02 00:05:00,2026-03-02 20:00:00
R-404,Tennis,2026-03-02 00:10:00,2026-03-02 20:00:00
R-243,Gym,2026-03-02 00:20:00,2026-03-02 21:00:00
R-441,Gym,2026-03-02 00:30:00,2026-03-02 19:00:00
R-281,Badminton,2026-03-02 00:40:00,2026-03-02 20:00:00
R-341,Pool,2026-03-02 00:45:00,2026-03-02 08:00:00
R-105,Gym,2026-03-02 00:45:00,2026-03-02 06:00:00
R-286,Badminton,2026-03-02 01:20:00,2026-03-03 20:00:00
R-170,Tennis,2026-03-02 01:30:00,2026-03-03 08:00:00
R-296,Badminton,2026-03-02 01:35:00,2026-03-02 14:00:00
R-254,Gym,2026-03-02 02:00:00,2026-03-02 07:00:00
R-272,Badminton,2026-03-02 02:35:00,2026-03-02 19:00:00
R-201,Pool,2026-03-02 03:10:00,2026-03-02 15:00:00
R-104,Tennis,2026-03-02 04:10:00,2026-03-03 18:00:00
R-432,Tennis,2026-03-02 04:20:00,2026-03-03 06:00:00
R-167,Gym,2026-03-02 04:40:00,2026-03-03 11:00:00
R-446,Gym,2026-03-02 04:40:00,2026-03-02 07:00:00
R-296,Badminton,2026-03-02 05:30:00,2026-03-02 21:00:00
R-144,Gym,2026-03-02 05:30:00,2026-03-03 08:00:00
R-401,Gym,2026-03-02 05:35:00,2026-03-03 08:00:00
R-335,Badminton,2026-03-02 05:45:00,2026-03-04 18:00:00
R-279,Tennis,2026-03-02 06:05:00,2026-03-05 06:00:00
R-391,Gym,2026-03-02 06:05:00,2026-03-04 06:00:00
R-260,Badminton,2026-03-02 07:05:00,2026-03-02 19:00:00
R-155,Gym,2026-03-02 07:10:00,2026-03-03 06:00:00
R-437,Tennis,2026-03-02 07:20:00,2026-03-02 18:00:00
R-244,Tennis,2026-03-02 07:40:00,2026-03-03 18:00:00
R-432,Gym,2026-03-02 08:05:00,2026-03-03 08:00:00
R-201,Gym,2026-03-02 09:25:00,2026-03-02 20:00:00
R-354,Gym,2026-03-02 09:50:00,2026-03-02 17:00:00
R-423,Pool,2026-03-02 10:10:00,2026-03-03 08:00:00
R-366,Pool,2026-03-02 10:10:00,2026-03-03 07:00:00
R-149,Badminton,2026-03-02 10:45:00,2026-03-02 21:00:00
R-234,Gym,2026-03-02 11:05:00,2026-03-03 06:00:00
R-421,Gym,2026-03-02 12:00:00,2026-03-03 07:00:00
R-369,Tennis,2026-03-02 12:15:00,2026-03-03 13:00:00
R-105,Gym,2026-03-02 12:15:00,2026-03-03 07:00:00
R-174,Tennis,2026-03-02 12:25:00,2026-03-03 07:00:00
R-159,Gym,2026-03-02 12:25:00,2026-03-03 06:00:00
R-404,Gym,2026-03-02 13:55:00,2026-03-02 21:00:00
R-159,Pool,2026-03-02 14:50:00,2026-03-03 11:00:00
R-254,Gym,2026-03-02 15:55:00,2026-03-03 08:00:00
R-167,Gym,2026-03-02 16:20:00,2026-03-03 07:00:00
R-391,Tennis,2026-03-02 16:20:00,2026-03-03 08:00:00
R-277,Gym,2026-03-02 16:55:00,2026-03-02 19:00:00
R-305,Gym,2026-03-02 17:30:00,2026-03-03 08:00:00
R-428,Gym,2026-03-02 17:30:00,2026-03-03 06:00:00
R-414,Gym,2026-03-02 17:55:00,2026-03-04 08:00:00
R-274,Badminton,2026-03-02 18:00:00,2026-03-03 20:00:00
R-278,Badminton,2026-03-02 18:50:00,2026-03-03 18:00:00
R-252,Badminton,2026-03-02 19:20:00,2026-03-03 20:00:00
R-329,Gym,2026-03-02 19:20:00,2026-03-03 06:00:00
R-404,Badminton,2026-03-02 19:30:00,2026-03-03 19:00:00
R-222,Badminton,2026-03-02 19:40:00,2026-03-03 21:00:00
R-116,Pool,2026-03-02 19:45:00,2026-03-03 07:00:00
R-295,Badminton,2026-03-02 20:05:00,2026-03-03 10:00:00
R-150,Gym,2026-03-02 20:10:00,2026-03-03 06:00:00
R-306,Gym,2026-03-02 20:20:00,2026-03-03 08:00:00
R-136,Tennis,2026-03-02 20:40:00,2026-03-04 17:00:00
R-286,Badminton,2026-03-02 21:05:00,2026-03-03 11:00:00
R-267,Badminton,2026-03-02 22:10:00,2026-03-05 20:00:00
R-434,Pool,2026-03-02 22:45:00,2026-03-04 06:00:00
R-412,Gym,2026-03-02 23:40:00,2026-03-04 20:00:00
R-403,Gym,2026-03-02 23:45:00,2026-03-03 18:00:00
R-114,Gym,2026-03-02 23:55:00,2026-03-03 07:00:00
R-373,Gym,2026-03-03 00:00:00,2026-03-03 19:00:00
R-347,Gym,2026-03-03 00:25:00,2026-03-03 07:00:00
R-397,Gym,2026-03-03 00:25:00,2026-03-03 19:00:00
R-154,Tennis,2026-03-03 01:00:00,2026-03-04 21:00:00
R-221,Gym,2026-03-03 01:10:00,2026-03-03 07:00:00
R-243,Badminton,2026-03-03 01:25:00,2026-03-05 19:00:00
R-335,Badminton,2026-03-03 02:00:00,2026-03-04 20:00:00
R-102,Gym,2026-03-03 02:35:00,2026-03-03 08:00:00
R-426,Pool,2026-03-03 02:35:00,2026-03-04 20:00:00
R-159,Gym,2026-03-03 02:40:00,2026-03-03 13:00:00
R-239,Gym,2026-03-03 03:05:00,2026-03-03 06:00:00
R-256,Gym,2026-03-03 03:10:00,2026-03-04 06:00:00
R-373,Gym,2026-03-03 03:10:00,2026-03-03 08:00:00
R-448,Gym,2026-03-03 03:15:00,2026-03-03 18:00:00
R-119,Gym,2026-03-03 03:40:00,2026-03-03 08:00:00
R-388,Badminton,2026-03-03 04:15:00,2026-03-03 20:00:00
R-231,Pool,2026-03-03 04:15:00,2026-03-03 18:00:00
R-328,Pool,2026-03-03 05:00:00,2026-03-04 12:00:00
R-441,Badminton,2026-03-03 05:05:00,2026-03-03 18:00:00
R-434,Tennis,2026-03-03 05:20:00,2026-03-07 08:00:00
R-414,Gym,2026-03-03 05:30:00,2026-03-04 07:00:00
R-222,Gym,2026-03-03 06:10:00,2026-03-03 20:00:00
R-425,Clubhouse,2026-03-03 06:20:00,2026-03-08 19:00:00
R-243,Gym,2026-03-03 08:00:00,2026-03-03 19:00:00
R-268,Gym,2026-03-03 08:00:00,2026-03-03 19:00:00
R-155,Tennis,2026-03-03 08:05:00,2026-03-06 06:00:00
R-145,Tennis,2026-03-03 08:05:00,2026-03-03 21:00:00
R-414,Gym,2026-03-03 08:05:00,2026-03-05 08:00:00
R-155,Badminton,2026-03-03 08:35:00,2026-03-04 06:00:00
R-329,Tennis,2026-03-03 08:40:00,2026-03-04 07:00:00
R-225,Tennis,2026-03-03 08:50:00,2026-03-04 07:00:00
R-447,Tennis,2026-03-03 09:05:00,2026-03-03 21:00:00
R-219,Gym,2026-03-03 09:20:00,2026-03-04 19:00:00
R-447,Badminton,2026-03-03 10:30:00,2026-03-03 18:00:00
R-274,Badminton,2026-03-03 10:35:00,2026-03-04 19:00:00
R-241,Gym,2026-03-03 10:40:00,2026-03-04 08:00:00
R-122,Tennis,2026-03-03 10:40:00,2026-03-04 07:00:00
R-443,Gym,2026-03-03 10:45:00,2026-03-03 19:00:00
R-215,Badminton,2026-03-03 10:55:00,2026-03-03 21:00:00
R-434,Gym,2026-03-03 10:55:00,2026-03-03 21:00:00
R-170,Gym,2026-03-03 11:15:00,2026-03-03 19:00:00
R-141,Badminton,2026-03-03 11:50:00,2026-03-05 18:00:00
R-428,Gym,2026-03-03 12:15:00,2026-03-04 07:00:00
R-225,Gym,2026-03-03 12:30:00,2026-03-04 08:00:00
R-332,Clubhouse,2026-03-03 13:20:00,2026-03-07 16:00:00
R-171,Gym,2026-03-03 13:20:00,2026-03-04 08:00:00
R-155,Tennis,2026-03-03 13:40:00,2026-03-05 11:00:00
R-122,Tennis,2026-03-03 13:55:00,2026-03-04 19:00:00
R-441,Tennis,2026-03-03 14:35:00,2026-03-04 19:00:00
R-225,Gym,2026-03-03 14:45:00,2026-03-04 06:00:00
R-296,Badminton,2026-03-03 14:55:00,2026-03-04 20:00:00
R-413,Gym,2026-03-03 14:55:00,2026-03-04 07:00:00
R-401,Gym,2026-03-03 15:30:00,2026-03-05 08:00:00
R-274,Gym,2026-03-03 16:10:00,2026-03-04 20:00:00
R-391,Gym,2026-03-03 16:10:00,2026-03-05 07:00:00
R-241,Gym,2026-03-03 16:10:00,2026-03-04 07:00:00
R-116,Gym,2026-03-03 17:05:00,2026-03-04 10:00:00
R-180,Pool,2026-03-03 17:05:00,2026-03-04 08:00:00
R-227,Badminton,2026-03-03 17:05:00,2026-03-04 19:00:00
R-414,Gym,2026-03-03 18:00:00,2026-03-04 06:00:00
R-443,Gym,2026-03-03 18:50:00,2026-03-04 21:00:00
R-119,Gym,2026-03-03 19:00:00,2026-03-04 06:00:00
R-351,Tennis,2026-03-03 19:15:00,2026-03-04 20:00:00
R-339,Gym,2026-03-03 19:55:00,2026-03-04 06:00:00
R-102,Gym,2026-03-03 20:05:00,2026-03-04 07:00:00
R-271,Gym,2026-03-03 21:20:00,2026-03-04 11:00:00
R-424,Gym,2026-03-03 21:25:00,2026-03-04 08:00:00
R-145,Gym,2026-03-03 21:35:00,2026-03-04 15:00:00
R-442,Pool,2026-03-03 21:55:00,2026-03-05 12:00:00
R-339,Clubhouse,2026-03-03 21:55:00,2026-03-05 16:00:00
R-102,Gym,2026-03-03 22:00:00,2026-03-05 22:00:00
R-140,Badminton,2026-03-03 22:25:00,2026-03-04 19:00:00
R-171,Gym,2026-03-03 22:35:00,2026-03-05 08:00:00
R-314,Gym,2026-03-03 23:10:00,2026-03-04 19:00:00
R-446,Gym,2026-03-03 23:25:00,2026-03-04 08:00:00
R-210,Gym,2026-03-03 23:30:00,2026-03-04 08:00:00
R-142,Badminton,2026-03-03 23:30:00,2026-03-04 21:00:00
R-163,Gym,2026-03-03 23:40:00,2026-03-04 06:00:00
R-286,Tennis,2026-03-03 23:40:00,2026-03-06 21:00:00
R-194,Pool,2026-03-04 00:10:00,2026-03-04 08:00:00
R-156,Tennis,2026-03-04 00:30:00,2026-03-04 06:00:00
R-145,Gym,2026-03-04 00:40:00,2026-03-04 07:00:00
R-156,Gym,2026-03-04 00:55:00,2026-03-04 07:00:00
R-167,Gym,2026-03-04 01:00:00,2026-03-05 06:00:00
R-174,Gym,2026-03-04 01:05:00,2026-03-05 08:00:00
R-347,Gym,2026-03-04 01:05:00,2026-03-04 06:00:00
R-222,Badminton,2026-03-04 01:15:00,2026-03-04 21:00:00
R-195,Clubhouse,2026-03-04 02:00:00,2026-03-04 14:00:00
R-114,Gym,2026-03-04 02:50:00,2026-03-04 08:00:00
R-286,Tennis,2026-03-04 03:15:00,2026-03-05 21:00:00
R-397,Gym,2026-03-04 03:25:00,2026-03-04 18:00:00
R-353,Tennis,2026-03-04 04:05:00,2026-03-05 09:00:00
R-329,Gym,2026-03-04 04:35:00,2026-03-04 20:00:00
R-285,Clubhouse,2026-03-04 04:50:00,2026-03-08 14:00:00
R-180,Pool,2026-03-04 05:20:00,2026-03-06 07:00:00
R-104,Tennis,2026-03-04 05:35:00,2026-03-05 18:00:00
R-225,Gym,2026-03-04 05:45:00,2026-03-05 06:00:00
R-279,Gym,2026-03-04 06:05:00,2026-03-05 08:00:00
R-235,Gym,2026-03-04 06:15:00,2026-03-04 21:00:00
R-227,Badminton,2026-03-04 06:25:00,2026-03-04 20:00:00
R-235,Badminton,2026-03-04 06:30:00,2026-03-05 18:00:00
R-428,Tennis,2026-03-04 06:40:00,2026-03-06 16:00:00
R-306,Tennis,2026-03-04 06:40:00,2026-03-09 06:00:00
R-313,Gym,2026-03-04 07:00:00,2026-03-04 20:00:00
R-120,Gym,2026-03-04 07:10:00,2026-03-04 19:00:00
R-329,Tennis,2026-03-04 07:30:00,2026-03-09 07:00:00
R-373,Pool,2026-03-04 07:35:00,2026-03-04 21:00:00
R-285,Pool,2026-03-04 07:40:00,2026-03-04 15:00:00
R-379,Clubhouse,2026-03-04 09:20:00,2026-03-05 19:00:00
R-140,Gym,2026-03-04 09:20:00,2026-03-04 21:00:00
R-277,Tennis,2026-03-04 10:15:00,2026-03-06 19:00:00
R-271,Tennis,2026-03-04 10:35:00,2026-03-05 08:00:00
R-204,Clubhouse,2026-03-04 11:00:00,2026-03-07 13:00:00
R-428,Gym,2026-03-04 11:00:00,2026-03-05 07:00:00
R-193,Gym,2026-03-04 11:25:00,2026-03-04 17:00:00
R-125,Pool,2026-03-04 11:50:00,2026-03-05 07:00:00
R-414,Gym,2026-03-04 12:05:00,2026-03-05 07:00:00
R-397,Badminton,2026-03-04 12:05:00,2026-03-07 15:00:00
R-144,Tennis,2026-03-04 12:10:00,2026-03-05 07:00:00
R-188,Tennis,2026-03-04 12:10:00,2026-03-05 08:00:00
R-134,Hall,2026-03-04 12:15:00,2026-03-14 11:00:00
R-155,Gym,2026-03-04 12:35:00,2026-03-05 06:00:00
R-443,Badminton,2026-03-04 12:55:00,2026-03-05 13:00:00
R-432,Gym,2026-03-04 13:20:00,2026-03-04 17:00:00
R-215,Gym,2026-03-04 13:35:00,2026-03-04 20:00:00
R-366,Gym,2026-03-04 14:25:00,2026-03-05 06:00:00
R-401,Gym,2026-03-04 14:55:00,2026-03-05 07:00:00
R-418,Tennis,2026-03-04 15:20:00,2026-03-06 07:00:00
R-146,Gym,2026-03-04 15:25:00,2026-03-04 20:00:00
R-174,Gym,2026-03-04 15:25:00,2026-03-05 06:00:00
R-167,Gym,2026-03-04 16:10:00,2026-03-05 08:00:00
R-432,Tennis,2026-03-04 16:10:00,2026-03-05 15:00:00
R-401,Gym,2026-03-04 17:05:00,2026-03-05 06:00:00
R-293,Gym,2026-03-04 17:10:00,2026-03-04 21:00:00
R-257,Badminton,2026-03-04 17:30:00,2026-03-05 20:00:00
R-212,Pool,2026-03-04 17:55:00,2026-03-05 12:00:00
R-418,Gym,2026-03-04 18:00:00,2026-03-05 08:00:00
R-309,Pool,2026-03-04 18:20:00,2026-03-07 13:00:00
R-159,Tennis,2026-03-04 19:30:00,2026-03-05 08:00:00
R-278,Badminton,2026-03-04 19:40:00,2026-03-05 19:00:00
R-227,Gym,2026-03-04 20:35:00,2026-03-05 18:00:00
R-225,Gym,2026-03-04 21:40:00,2026-03-06 08:00:00
R-351,Pool,2026-03-04 22:05:00,2026-03-06 07:00:00
R-393,Tennis,2026-03-04 22:10:00,2026-03-05 18:00:00
R-306,Gym,2026-03-04 22:15:00,2026-03-05 07:00:00
R-389,Tennis,2026-03-04 22:30:00,2026-03-05 07:00:00
R-285,Clubhouse,2026-03-04 22:35:00,2026-03-07 17:00:00
R-212,Gym,2026-03-04 22:40:00,2026-03-05 08:00:00
R-358,Gym,2026-03-04 22:45:00,2026-03-05 06:00:00
R-377,Pool,2026-03-04 23:20:00,2026-03-05 07:00:00
R-221,Gym,2026-03-04 23:30:00,2026-03-06 08:00:00
R-444,Pool,2026-03-04 23:40:00,2026-03-05 07:00:00
R-142,Badminton,2026-03-05 00:15:00,2026-03-05 20:00:00
R-144,Pool,2026-03-05 00:15:00,2026-03-05 08:00:00
R-281,Tennis,2026-03-05 00:25:00,2026-03-06 09:00:00
R-156,Gym,2026-03-05 00:40:00,2026-03-05 06:00:00
R-119,Gym,2026-03-05 01:00:00,2026-03-05 08:00:00
R-428,Gym,2026-03-05 01:10:00,2026-03-06 08:00:00
R-117,Gym,2026-03-05 01:10:00,2026-03-05 06:00:00
R-174,Gym,2026-03-05 01:15:00,2026-03-05 13:00:00
R-306,Gym,2026-03-05 01:20:00,2026-03-05 06:00:00
R-165,Pool,2026-03-05 01:20:00,2026-03-05 15:00:00
R-156,Pool,2026-03-05 01:30:00,2026-03-05 08:00:00
R-184,Hall,2026-03-05 01:55:00,2026-03-07 18:00:00
R-140,Badminton,2026-03-05 01:55:00,2026-03-05 19:00:00
R-366,Gym,2026-03-05 02:50:00,2026-03-05 14:00:00
R-145,Pool,2026-03-05 03:05:00,2026-03-06 07:00:00
R-369,Gym,2026-03-05 03:15:00,2026-03-05 08:00:00
R-142,Pool,2026-03-05 04:20:00,2026-03-05 18:00:00
R-114,Gym,2026-03-05 04:45:00,2026-03-05 08:00:00
R-338,Badminton,2026-03-05 06:15:00,2026-03-05 21:00:00
R-128,Badminton,2026-03-05 06:15:00,2026-03-06 18:00:00
R-154,Tennis,2026-03-05 06:35:00,2026-03-09 21:00:00
R-404,Gym,2026-03-05 06:55:00,2026-03-05 12:00:00
R-443,Badminton,2026-03-05 07:05:00,2026-03-06 21:00:00
R-385,Clubhouse,2026-03-05 07:15:00,2026-03-06 11:00:00
R-358,Tennis,2026-03-05 07:30:00,2026-03-06 07:00:00
R-272,Badminton,2026-03-05 07:40:00,2026-03-05 18:00:00
R-191,Clubhouse,2026-03-05 08:25:00,2026-03-08 18:00:00
R-403,Gym,2026-03-05 08:50:00,2026-03-05 13:00:00
R-219,Badminton,2026-03-05 09:40:00,2026-03-06 20:00:00
R-281,Gym,2026-03-05 09:45:00,2026-03-05 20:00:00
R-170,Gym,2026-03-05 10:15:00,2026-03-06 06:00:00
R-260,Badminton,2026-03-05 10:25:00,2026-03-05 18:00:00
R-136,Gym,2026-03-05 10:30:00,2026-03-05 19:00:00
R-448,Gym,2026-03-05 10:55:00,2026-03-05 14:00:00
R-141,Tennis,2026-03-05 11:10:00,2026-03-06 19:00:00
R-437,Gym,2026-03-05 11:20:00,2026-03-05 20:00:00
R-171,Gym,2026-03-05 11:30:00,2026-03-06 06:00:00
R-361,Gym,2026-03-05 12:15:00,2026-03-06 08:00:00
R-366,Pool,2026-03-05 12:30:00,2026-03-06 06:00:00
R-156,Gym,2026-03-05 12:50:00,2026-03-06 08:00:00
R-222,Tennis,2026-03-05 13:15:00,2026-03-07 20:00:00
R-286,Pool,2026-03-05 13:25:00,2026-03-06 19:00:00
R-100,Hall,2026-03-05 13:25:00,2026-03-08 16:00:00
R-432,Gym,2026-03-05 13:35:00,2026-03-06 08:00:00
R-436,Clubhouse,2026-03-05 13:45:00,2026-03-07 16:00:00
R-401,Gym,2026-03-05 13:50:00,2026-03-06 06:00:00
R-257,Gym,2026-03-05 15:00:00,2026-03-05 21:00:00
R-170,Gym,2026-03-05 16:00:00,2026-03-06 07:00:00
R-300,Pool,2026-03-05 16:30:00,2026-03-06 09:00:00
R-386,Gym,2026-03-05 17:10:00,2026-03-07 17:00:00
R-119,Gym,2026-03-05 17:50:00,2026-03-06 08:00:00
R-105,Gym,2026-03-05 18:05:00,2026-03-06 08:00:00
R-369,Gym,2026-03-05 18:45:00,2026-03-06 08:00:00
R-243,Badminton,2026-03-05 19:00:00,2026-03-07 21:00:00
R-420,Tennis,2026-03-05 19:50:00,2026-03-06 08:00:00
R-240,Gym,2026-03-05 21:00:00,2026-03-06 06:00:00
R-401,Gym,2026-03-05 21:05:00,2026-03-06 08:00:00
R-443,Badminton,2026-03-05 21:10:00,2026-03-06 19:00:00
R-218,Badminton,2026-03-05 21:20:00,2026-03-07 18:00:00
R-271,Gym,2026-03-05 21:50:00,2026-03-06 08:00:00
R-208,Gym,2026-03-05 21:55:00,2026-03-07 21:00:00
R-379,Hall,2026-03-05 22:05:00,2026-03-08 18:00:00
R-247,Badminton,2026-03-05 22:35:00,2026-03-06 18:00:00
R-271,Gym,2026-03-05 22:40:00,2026-03-06 07:00:00
R-210,Pool,2026-03-05 23:00:00,2026-03-06 06:00:00
R-210,Gym,2026-03-05 23:00:00,2026-03-06 07:00:00
R-443,Gym,2026-03-05 23:05:00,2026-03-06 18:00:00
R-431,Pool,2026-03-06 00:10:00,2026-03-07 06:00:00
R-257,Gym,2026-03-06 00:35:00,2026-03-06 18:00:00
R-350,Clubhouse,2026-03-06 00:45:00,2026-03-07 10:00:00
R-243,Badminton,2026-03-06 01:05:00,2026-03-06 19:00:00
R-211,Pool,2026-03-06 01:10:00,2026-03-07 14:00:00
R-235,Badminton,2026-03-06 01:25:00,2026-03-07 21:00:00
R-431,Pool,2026-03-06 01:30:00,2026-03-07 14:00:00
R-446,Gym,2026-03-06 02:45:00,2026-03-06 08:00:00
R-379,Tennis,2026-03-06 02:55:00,2026-03-06 18:00:00
R-301,Tennis,2026-03-06 03:40:00,2026-03-07 20:00:00
R-145,Gym,2026-03-06 04:15:00,2026-03-06 08:00:00
R-323,Gym,2026-03-06 04:40:00,2026-03-06 10:00:00
R-418,Gym,2026-03-06 04:45:00,2026-03-06 14:00:00
R-293,Badminton,2026-03-06 04:55:00,2026-03-06 11:00:00
R-215,Badminton,2026-03-06 05:00:00,2026-03-06 18:00:00
R-141,Gym,2026-03-06 05:25:00,2026-03-06 12:00:00
R-274,Gym,2026-03-06 05:30:00,2026-03-06 19:00:00
R-432,Gym,2026-03-06 05:35:00,2026-03-06 21:00:00
R-238,Pool,2026-03-06 06:35:00,2026-03-07 11:00:00
R-227,Gym,2026-03-06 07:10:00,2026-03-06 20:00:00
R-274,Gym,2026-03-06 07:25:00,2026-03-06 21:00:00
R-248,Tennis,2026-03-06 07:35:00,2026-03-07 19:00:00
R-124,Gym,2026-03-06 08:05:00,2026-03-06 19:00:00
R-281,Badminton,2026-03-06 08:20:00,2026-03-06 20:00:00
R-274,Gym,2026-03-06 08:55:00,2026-03-06 12:00:00
R-257,Tennis,2026-03-06 08:55:00,2026-03-07 18:00:00
R-149,Badminton,2026-03-06 09:00:00,2026-03-06 18:00:00
R-163,Tennis,2026-03-06 09:55:00,2026-03-06 20:00:00
R-184,Gym,2026-03-06 10:00:00,2026-03-07 16:00:00
R-321,Pool,2026-03-06 10:05:00,2026-03-06 15:00:00
R-140,Gym,2026-03-06 10:40:00,2026-03-06 19:00:00
R-208,Badminton,2026-03-06 10:50:00,2026-03-06 21:00:00
R-353,Gym,2026-03-06 10:55:00,2026-03-06 20:00:00
R-191,Pool,2026-03-06 11:00:00,2026-03-07 16:00:00
R-293,Gym,2026-03-06 11:15:00,2026-03-06 21:00:00
R-312,Pool,2026-03-06 11:25:00,2026-03-07 11:00:00
R-197,Pool,2026-03-06 11:40:00,2026-03-07 11:00:00
R-404,Gym,2026-03-06 11:50:00,2026-03-06 20:00:00
R-161,Pool,2026-03-06 13:50:00,2026-03-07 11:00:00
R-188,Gym,2026-03-06 14:35:00,2026-03-06 16:00:00
R-252,Tennis,2026-03-06 14:50:00,2026-03-06 21:00:00
R-216,Clubhouse,2026-03-06 15:05:00,2026-03-09 19:00:00
R-417,Pool,2026-03-06 15:10:00,2026-03-07 10:00:00
R-389,Tennis,2026-03-06 15:40:00,2026-03-09 06:00:00
R-124,Gym,2026-03-06 17:00:00,2026-03-07 16:00:00
R-277,Badminton,2026-03-06 18:10:00,2026-03-07 17:00:00
R-443,Badminton,2026-03-06 18:25:00,2026-03-07 16:00:00
R-331,Gym,2026-03-06 20:20:00,2026-03-07 20:00:00
R-267,Badminton,2026-03-06 20:25:00,2026-03-07 21:00:00
R-161,Clubhouse,2026-03-06 21:10:00,2026-03-07 18:00:00
R-300,Gym,2026-03-06 21:15:00,2026-03-07 17:00:00
R-142,Badminton,2026-03-06 21:35:00,2026-03-07 20:00:00
R-274,Pool,2026-03-06 21:50:00,2026-03-07 20:00:00
R-100,Clubhouse,2026-03-06 22:30:00,2026-03-07 11:00:00
R-377,Pool,2026-03-06 22:55:00,2026-03-07 07:00:00
R-353,Badminton,2026-03-06 23:50:00,2026-03-07 18:00:00
R-400,Clubhouse,2026-03-07 00:05:00,2026-03-07 15:00:00
R-104,Gym,2026-03-07 00:10:00,2026-03-07 19:00:00
R-269,Pool,2026-03-07 00:25:00,2026-03-08 07:00:00
R-323,Tennis,2026-03-07 01:10:00,2026-03-07 19:00:00
R-328,Pool,2026-03-07 01:15:00,2026-03-07 12:00:00
R-202,Pool,2026-03-07 01:30:00,2026-03-07 07:00:00
R-392,Badminton,2026-03-07 01:45:00,2026-03-07 15:00:00
R-192,Pool,2026-03-07 02:00:00,2026-03-07 14:00:00
R-435,Pool,2026-03-07 02:10:00,2026-03-07 10:00:00
R-283,Pool,2026-03-07 02:25:00,2026-03-07 12:00:00
R-197,Pool,2026-03-07 02:25:00,2026-03-07 17:00:00
R-381,Badminton,2026-03-07 02:30:00,2026-03-08 07:00:00
R-113,Pool,2026-03-07 02:45:00,2026-03-07 10:00:00
R-314,Gym,2026-03-07 03:00:00,2026-03-07 16:00:00
R-227,Gym,2026-03-07 03:30:00,2026-03-07 11:00:00
R-227,Badminton,2026-03-07 03:30:00,2026-03-07 20:00:00
R-267,Badminton,2026-03-07 03:35:00,2026-03-10 19:00:00
R-404,Gym,2026-03-07 03:50:00,2026-03-07 20:00:00
R-441,Gym,2026-03-07 05:05:00,2026-03-07 19:00:00
R-125,Tennis,2026-03-07 05:05:00,2026-03-09 07:00:00
R-138,Clubhouse,2026-03-07 05:30:00,2026-03-07 17:00:00
R-150,Tennis,2026-03-07 05:40:00,2026-03-11 08:00:00
R-112,Tennis,2026-03-07 05:45:00,2026-03-10 10:00:00
R-307,Gym,2026-03-07 05:55:00,2026-03-07 17:00:00
R-439,Pool,2026-03-07 06:00:00,2026-03-07 11:00:00
R-350,Pool,2026-03-07 06:15:00,2026-03-07 16:00:00
R-404,Tennis,2026-03-07 06:15:00,2026-03-07 21:00:00
R-259,Pool,2026-03-07 06:40:00,2026-03-07 14:00:00
R-392,Gym,2026-03-07 06:40:00,2026-03-07 17:00:00
R-447,Badminton,2026-03-07 07:00:00,2026-03-07 18:00:00
R-132,Pool,2026-03-07 07:25:00,2026-03-08 15:00:00
R-222,Gym,2026-03-07 07:40:00,2026-03-07 22:00:00
R-406,Pool,2026-03-07 07:45:00,2026-03-07 16:00:00
R-268,Pool,2026-03-07 07:55:00,2026-03-07 19:00:00
R-285,Pool,2026-03-07 08:30:00,2026-03-08 16:00:00
R-248,Gym,2026-03-07 08:35:00,2026-03-07 21:00:00
R-220,Pool,2026-03-07 08:50:00,2026-03-07 16:00:00
R-282,Gym,2026-03-07 09:40:00,2026-03-07 14:00:00
R-406,Pool,2026-03-07 09:45:00,2026-03-08 11:00:00
R-149,Badminton,2026-03-07 09:50:00,2026-03-07 20:00:00
R-156,Tennis,2026-03-07 09:55:00,2026-03-10 12:00:00
R-142,Badminton,2026-03-07 10:20:00,2026-03-07 21:00:00
R-192,Pool,2026-03-07 10:25:00,2026-03-07 15:00:00
R-378,Pool,2026-03-07 11:10:00,2026-03-07 15:00:00
R-177,Clubhouse,2026-03-07 12:00:00,2026-03-08 18:00:00
R-146,Badminton,2026-03-07 12:05:00,2026-03-07 18:00:00
R-145,Gym,2026-03-07 13:10:00,2026-03-08 07:00:00
R-338,Gym,2026-03-07 13:30:00,2026-03-07 21:00:00
R-257,Badminton,2026-03-07 13:35:00,2026-03-08 19:00:00
R-341,Badminton,2026-03-07 14:30:00,2026-03-09 08:00:00
R-381,Tennis,2026-03-07 15:00:00,2026-03-08 19:00:00
R-336,Gym,2026-03-07 16:05:00,2026-03-07 22:00:00
R-355,Pool,2026-03-07 16:25:00,2026-03-08 11:00:00
R-100,Clubhouse,2026-03-07 16:40:00,2026-03-14 16:00:00
R-378,Pool,2026-03-07 19:20:00,2026-03-08 16:00:00
R-405,Pool,2026-03-07 19:50:00,2026-03-08 10:00:00
R-155,Gym,2026-03-07 20:45:00,2026-03-09 07:00:00
R-161,Pool,2026-03-07 21:05:00,2026-03-08 10:00:00
R-219,Badminton,2026-03-07 22:10:00,2026-03-10 18:00:00
R-400,Pool,2026-03-07 22:40:00,2026-03-08 18:00:00
R-300,Pool,2026-03-07 22:40:00,2026-03-08 11:00:00
R-140,Gym,2026-03-07 23:10:00,2026-03-08 21:00:00
R-192,Gym,2026-03-07 23:55:00,2026-03-08 14:00:00
R-138,Pool,2026-03-08 00:00:00,2026-03-08 14:00:00
R-121,Hall,2026-03-08 00:35:00,2026-03-19 11:00:00
R-413,Gym,2026-03-08 00:45:00,2026-03-09 06:00:00
R-262,Gym,2026-03-08 01:05:00,2026-03-08 19:00:00
R-132,Gym,2026-03-08 02:45:00,2026-03-08 10:00:00
R-350,Pool,2026-03-08 03:30:00,2026-03-08 16:00:00
R-431,Pool,2026-03-08 03:30:00,2026-03-08 14:00:00
R-244,Hall,2026-03-08 03:45:00,2026-03-12 18:00:00
R-108,Hall,2026-03-08 04:35:00,2026-03-12 22:00:00
R-419,Tennis,2026-03-08 04:50:00,2026-03-09 14:00:00
R-412,Gym,2026-03-08 05:00:00,2026-03-08 18:00:00
R-137,Pool,2026-03-08 05:00:00,2026-03-08 12:00:00
R-109,Pool,2026-03-08 05:10:00,2026-03-08 11:00:00
R-151,Badminton,2026-03-08 05:35:00,2026-03-09 18:00:00
R-376,Clubhouse,2026-03-08 06:15:00,2026-03-08 18:00:00
R-213,Gym,2026-03-08 06:25:00,2026-03-09 19:00:00
R-212,Pool,2026-03-08 07:30:00,2026-03-09 17:00:00
R-366,Gym,2026-03-08 07:35:00,2026-03-10 07:00:00
R-432,Gym,2026-03-08 07:45:00,2026-03-09 08:00:00
R-192,Pool,2026-03-08 07:55:00,2026-03-08 11:00:00
R-350,Gym,2026-03-08 08:20:00,2026-03-08 15:00:00
R-103,Gym,2026-03-08 08:25:00,2026-03-08 15:00:00
R-284,Pool,2026-03-08 08:30:00,2026-03-08 18:00:00
R-102,Tennis,2026-03-08 08:40:00,2026-03-09 07:00:00
R-423,Gym,2026-03-08 10:10:00,2026-03-09 08:00:00
R-242,Gym,2026-03-08 10:30:00,2026-03-08 19:00:00
R-255,Pool,2026-03-08 11:55:00,2026-03-08 17:00:00
R-204,Clubhouse,2026-03-08 12:45:00,2026-03-09 16:00:00
R-385,Clubhouse,2026-03-08 12:50:00,2026-03-14 18:00:00
R-156,Tennis,2026-03-08 13:05:00,2026-03-09 07:00:00
R-449,Gym,2026-03-08 13:10:00,2026-03-08 19:00:00
R-392,Pool,2026-03-08 13:15:00,2026-03-08 15:00:00
R-339,Gym,2026-03-08 13:25:00,2026-03-09 06:00:00
R-118,Gym,2026-03-08 13:30:00,2026-03-09 06:00:00
R-154,Tennis,2026-03-08 13:35:00,2026-03-09 20:00:00
R-434,Gym,2026-03-08 13:45:00,2026-03-09 07:00:00
R-191,Clubhouse,2026-03-08 13:45:00,2026-03-15 13:00:00
R-188,Gym,2026-03-08 14:10:00,2026-03-09 07:00:00
R-215,Gym,2026-03-08 14:10:00,2026-03-09 19:00:00
R-434,Gym,2026-03-08 14:35:00,2026-03-09 08:00:00
R-414,Gym,2026-03-08 15:10:00,2026-03-09 06:00:00
R-235,Badminton,2026-03-08 15:20:00,2026-03-09 21:00:00
R-329,Tennis,2026-03-08 16:05:00,2026-03-09 08:00:00
R-412,Badminton,2026-03-08 16:25:00,2026-03-09 20:00:00
R-198,Gym,2026-03-08 17:05:00,2026-03-09 06:00:00
R-361,Gym,2026-03-08 18:05:00,2026-03-09 08:00:00
R-298,Gym,2026-03-08 18:25:00,2026-03-09 07:00:00
R-163,Pool,2026-03-08 18:45:00,2026-03-09 08:00:00
R-201,Gym,2026-03-08 19:10:00,2026-03-09 07:00:00
R-418,Gym,2026-03-08 19:15:00,2026-03-09 07:00:00
R-397,Badminton,2026-03-08 19:30:00,2026-03-09 20:00:00
R-225,Gym,2026-03-08 20:10:00,2026-03-09 08:00:00
R-215,Badminton,2026-03-08 20:10:00,2026-03-10 20:00:00
R-155,Gym,2026-03-08 20:35:00,2026-03-09 06:00:00
R-114,Gym,2026-03-08 20:45:00,2026-03-09 06:00:00
R-423,Gym,2026-03-08 21:00:00,2026-03-09 07:00:00
R-240,Gym,2026-03-08 21:25:00,2026-03-09 06:00:00
R-150,Gym,2026-03-08 21:50:00,2026-03-09 08:00:00
R-313,Tennis,2026-03-08 22:30:00,2026-03-10 19:00:00
R-119,Gym,2026-03-08 22:30:00,2026-03-09 06:00:00
R-448,Badminton,2026-03-08 22:45:00,2026-03-09 20:00:00
R-403,Badminton,2026-03-08 23:35:00,2026-03-09 19:00:00
R-174,Tennis,2026-03-08 23:40:00,2026-03-09 08:00:00
R-413,Gym,2026-03-08 23:50:00,2026-03-09 07:00:00
R-272,Gym,2026-03-09 00:20:00,2026-03-09 21:00:00
R-198,Pool,2026-03-09 00:55:00,2026-03-10 07:00:00
R-328,Gym,2026-03-09 01:05:00,2026-03-09 06:00:00
R-449,Pool,2026-03-09 02:05:00,2026-03-10 12:00:00
R-257,Gym,2026-03-09 02:20:00,2026-03-09 22:00:00
R-397,Badminton,2026-03-09 03:25:00,2026-03-09 19:00:00
R-271,Pool,2026-03-09 04:35:00,2026-03-10 08:00:00
R-306,Tennis,2026-03-09 05:20:00,2026-03-10 08:00:00
R-448,Badminton,2026-03-09 05:45:00,2026-03-09 19:00:00
R-423,Pool,2026-03-09 05:45:00,2026-03-10 08:00:00
R-370,Gym,2026-03-09 06:25:00,2026-03-11 06:00:00
R-274,Badminton,2026-03-09 06:55:00,2026-03-09 21:00:00
R-200,Gym,2026-03-09 07:20:00,2026-03-09 12:00:00
R-219,Gym,2026-03-09 07:20:00,2026-03-09 21:00:00
R-389,Gym,2026-03-09 08:15:00,2026-03-10 07:00:00
R-414,Tennis,2026-03-09 08:25:00,2026-03-10 07:00:00
R-219,Gym,2026-03-09 09:25:00,2026-03-10 20:00:00
R-155,Gym,2026-03-09 09:50:00,2026-03-10 06:00:00
R-401,Gym,2026-03-09 10:00:00,2026-03-09 19:00:00
R-239,Badminton,2026-03-09 10:25:00,2026-03-09 20:00:00
R-434,Pool,2026-03-09 10:35:00,2026-03-10 06:00:00
R-188,Tennis,2026-03-09 11:25:00,2026-03-10 07:00:00
R-271,Gym,2026-03-09 12:30:00,2026-03-10 09:00:00
R-423,Tennis,2026-03-09 12:40:00,2026-03-11 08:00:00
R-104,Gym,2026-03-09 12:55:00,2026-03-09 19:00:00
R-142,Badminton,2026-03-09 13:15:00,2026-03-10 19:00:00
R-260,Badminton,2026-03-09 13:20:00,2026-03-09 18:00:00
R-121,Hall,2026-03-09 13:30:00,2026-03-13 18:00:00
R-248,Badminton,2026-03-09 13:30:00,2026-03-11 16:00:00
R-418,Gym,2026-03-09 14:15:00,2026-03-10 07:00:00
R-155,Tennis,2026-03-09 14:30:00,2026-03-10 08:00:00
R-437,Badminton,2026-03-09 14:50:00,2026-03-10 08:00:00
R-335,Gym,2026-03-09 15:10:00,2026-03-09 21:00:00
R-432,Tennis,2026-03-09 15:30:00,2026-03-10 06:00:00
R-308,Gym,2026-03-09 15:40:00,2026-03-09 21:00:00
R-292,Pool,2026-03-09 15:45:00,2026-03-10 11:00:00
R-434,Tennis,2026-03-09 16:10:00,2026-03-10 10:00:00
R-112,Gym,2026-03-09 16:35:00,2026-03-11 07:00:00
R-225,Gym,2026-03-09 17:00:00,2026-03-10 07:00:00
R-401,Gym,2026-03-09 17:15:00,2026-03-10 06:00:00
R-219,Badminton,2026-03-09 18:45:00,2026-03-10 19:00:00
R-392,Clubhouse,2026-03-09 18:50:00,2026-03-15 18:00:00
R-313,Gym,2026-03-09 18:55:00,2026-03-10 18:00:00
R-420,Gym,2026-03-09 19:05:00,2026-03-11 06:00:00
R-119,Tennis,2026-03-09 19:05:00,2026-03-10 08:00:00
R-225,Gym,2026-03-09 19:30:00,2026-03-11 06:00:00
R-306,Gym,2026-03-09 20:35:00,2026-03-10 06:00:00
R-428,Gym,2026-03-09 20:40:00,2026-03-10 06:00:00
R-381,Gym,2026-03-09 21:25:00,2026-03-10 08:00:00
R-159,Gym,2026-03-09 21:50:00,2026-03-10 07:00:00
R-351,Tennis,2026-03-09 22:20:00,2026-03-12 06:00:00
R-159,Gym,2026-03-09 22:40:00,2026-03-10 11:00:00
R-150,Tennis,2026-03-09 22:55:00,2026-03-11 06:00:00
R-261,Badminton,2026-03-09 23:20:00,2026-03-10 19:00:00
R-428,Gym,2026-03-09 23:30:00,2026-03-10 07:00:00
R-145,Gym,2026-03-09 23:50:00,2026-03-10 07:00:00
R-434,Gym,2026-03-09 23:50:00,2026-03-11 08:00:00
R-441,Gym,2026-03-09 23:55:00,2026-03-10 20:00:00
R-115,Pool,2026-03-10 00:00:00,2026-03-10 21:00:00
R-279,Gym,2026-03-10 00:05:00,2026-03-10 08:00:00
R-179,Badminton,2026-03-10 00:25:00,2026-03-10 18:00:00
R-428,Gym,2026-03-10 00:30:00,2026-03-10 08:00:00
R-396,Pool,2026-03-10 00:35:00,2026-03-10 19:00:00
R-260,Tennis,2026-03-10 01:05:00,2026-03-10 18:00:00
R-271,Gym,2026-03-10 01:10:00,2026-03-10 06:00:00
R-391,Gym,2026-03-10 01:50:00,2026-03-10 06:00:00
R-184,Hall,2026-03-10 02:00:00,2026-03-15 15:00:00
R-441,Badminton,2026-03-10 02:10:00,2026-03-10 21:00:00
R-119,Pool,2026-03-10 02:30:00,2026-03-10 06:00:00
R-244,Tennis,2026-03-10 02:40:00,2026-03-11 19:00:00
R-140,Gym,2026-03-10 02:50:00,2026-03-10 19:00:00
R-446,Gym,2026-03-10 02:50:00,2026-03-10 08:00:00
R-373,Badminton,2026-03-10 03:00:00,2026-03-11 21:00:00
R-443,Badminton,2026-03-10 03:25:00,2026-03-10 20:00:00
R-391,Gym,2026-03-10 04:40:00,2026-03-11 07:00:00
R-145,Gym,2026-03-10 05:35:00,2026-03-10 13:00:00
R-223,Badminton,2026-03-10 05:40:00,2026-03-10 18:00:00
R-150,Gym,2026-03-10 06:15:00,2026-03-10 15:00:00
R-397,Gym,2026-03-10 06:35:00,2026-03-10 21:00:00
R-215,Tennis,2026-03-10 06:35:00,2026-03-10 19:00:00
R-222,Gym,2026-03-10 08:05:00,2026-03-10 19:00:00
R-198,Tennis,2026-03-10 08:10:00,2026-03-12 06:00:00
R-339,Gym,2026-03-10 08:15:00,2026-03-11 13:00:00
R-110,Gym,2026-03-10 08:25:00,2026-03-11 06:00:00
R-313,Gym,2026-03-10 08:35:00,2026-03-10 21:00:00
R-156,Pool,2026-03-10 08:50:00,2026-03-13 08:00:00
R-366,Pool,2026-03-10 08:55:00,2026-03-13 08:00:00
R-213,Gym,2026-03-10 09:15:00,2026-03-10 19:00:00
R-227,Badminton,2026-03-10 09:30:00,2026-03-10 18:00:00
R-145,Pool,2026-03-10 09:35:00,2026-03-11 06:00:00
R-215,Badminton,2026-03-10 09:45:00,2026-03-10 21:00:00
R-223,Badminton,2026-03-10 09:55:00,2026-03-11 08:00:00
R-412,Gym,2026-03-10 10:00:00,2026-03-10 18:00:00
R-211,Pool,2026-03-10 10:05:00,2026-03-10 14:00:00
R-357,Gym,2026-03-10 10:05:00,2026-03-10 19:00:00
R-432,Gym,2026-03-10 10:50:00,2026-03-11 06:00:00
R-213,Tennis,2026-03-10 10:55:00,2026-03-11 19:00:00
R-443,Gym,2026-03-10 11:00:00,2026-03-10 21:00:00
R-134,Hall,2026-03-10 11:25:00,2026-03-14 18:00:00
R-224,Gym,2026-03-10 11:25:00,2026-03-10 18:00:00
R-142,Badminton,2026-03-10 11:50:00,2026-03-11 10:00:00
R-413,Tennis,2026-03-10 12:15:00,2026-03-12 07:00:00
R-319,Pool,2026-03-10 12:25:00,2026-03-11 06:00:00
R-137,Badminton,2026-03-10 12:40:00,2026-03-11 07:00:00
R-126,Badminton,2026-03-10 12:50:00,2026-03-11 11:00:00
R-293,Badminton,2026-03-10 14:40:00,2026-03-11 18:00:00
R-159,Pool,2026-03-10 15:05:00,2026-03-12 08:00:00
R-361,Gym,2026-03-10 15:25:00,2026-03-11 06:00:00
R-366,Gym,2026-03-10 15:30:00,2026-03-11 06:00:00
R-140,Gym,2026-03-10 16:10:00,2026-03-11 20:00:00
R-306,Gym,2026-03-10 16:15:00,2026-03-11 06:00:00
R-373,Badminton,2026-03-10 16:40:00,2026-03-11 19:00:00
R-155,Gym,2026-03-10 16:50:00,2026-03-11 08:00:00
R-156,Tennis,2026-03-10 17:15:00,2026-03-11 07:00:00
R-241,Gym,2026-03-10 17:55:00,2026-03-11 07:00:00
R-279,Gym,2026-03-10 18:05:00,2026-03-12 07:00:00
R-250,Pool,2026-03-10 18:15:00,2026-03-11 13:00:00
R-329,Tennis,2026-03-10 19:10:00,2026-03-11 06:00:00
R-370,Gym,2026-03-10 19:10:00,2026-03-11 07:00:00
R-156,Tennis,2026-03-10 19:50:00,2026-03-12 07:00:00
R-105,Gym,2026-03-10 20:05:00,2026-03-11 06:00:00
R-339,Gym,2026-03-10 20:20:00,2026-03-11 08:00:00
R-213,Gym,2026-03-10 20:55:00,2026-03-12 20:00:00
R-232,Pool,2026-03-10 21:20:00,2026-03-11 06:00:00
R-279,Gym,2026-03-10 21:30:00,2026-03-12 08:00:00
R-228,Tennis,2026-03-10 21:40:00,2026-03-11 08:00:00
R-391,Gym,2026-03-10 22:10:00,2026-03-11 06:00:00
R-234,Gym,2026-03-10 22:15:00,2026-03-11 08:00:00
R-114,Gym,2026-03-10 22:55:00,2026-03-11 07:00:00
R-441,Badminton,2026-03-10 23:20:00,2026-03-11 18:00:00
R-435,Pool,2026-03-10 23:25:00,2026-03-11 07:00:00
R-312,Pool,2026-03-10 23:35:00,2026-03-12 15:00:00
R-231,Badminton,2026-03-11 00:35:00,2026-03-11 20:00:00
R-414,Gym,2026-03-11 00:45:00,2026-03-11 08:00:00
R-174,Pool,2026-03-11 00:50:00,2026-03-11 07:00:00
R-170,Gym,2026-03-11 00:55:00,2026-03-11 07:00:00
R-448,Gym,2026-03-11 01:05:00,2026-03-11 20:00:00
R-277,Badminton,2026-03-11 01:25:00,2026-03-11 21:00:00
R-221,Gym,2026-03-11 01:30:00,2026-03-11 09:00:00
R-281,Badminton,2026-03-11 01:50:00,2026-03-11 20:00:00
R-341,Gym,2026-03-11 02:10:00,2026-03-12 06:00:00
R-414,Tennis,2026-03-11 02:25:00,2026-03-13 08:00:00
R-424,Gym,2026-03-11 02:35:00,2026-03-11 13:00:00
R-210,Gym,2026-03-11 02:45:00,2026-03-11 07:00:00
R-179,Tennis,2026-03-11 02:50:00,2026-03-11 11:00:00
R-358,Gym,2026-03-11 02:55:00,2026-03-11 08:00:00
R-272,Gym,2026-03-11 03:45:00,2026-03-11 20:00:00
R-104,Gym,2026-03-11 04:55:00,2026-03-11 18:00:00
R-268,Clubhouse,2026-03-11 04:55:00,2026-03-12 12:00:00
R-218,Tennis,2026-03-11 05:10:00,2026-03-11 20:00:00
R-131,Clubhouse,2026-03-11 05:20:00,2026-03-13 15:00:00
R-248,Badminton,2026-03-11 05:30:00,2026-03-11 20:00:00
R-418,Tennis,2026-03-11 05:40:00,2026-03-11 21:00:00
R-401,Gym,2026-03-11 05:50:00,2026-03-11 20:00:00
R-100,Pool,2026-03-11 06:05:00,2026-03-12 14:00:00
R-281,Gym,2026-03-11 06:10:00,2026-03-11 18:00:00
R-279,Gym,2026-03-11 06:35:00,2026-03-13 06:00:00
R-397,Gym,2026-03-11 06:45:00,2026-03-12 21:00:00
R-365,Gym,2026-03-11 06:45:00,2026-03-11 18:00:00
R-432,Gym,2026-03-11 07:20:00,2026-03-11 16:00:00
R-370,Tennis,2026-03-11 07:20:00,2026-03-16 07:00:00
R-173,Gym,2026-03-11 07:55:00,2026-03-11 21:00:00
R-274,Tennis,2026-03-11 08:05:00,2026-03-12 19:00:00
R-277,Badminton,2026-03-11 08:15:00,2026-03-13 07:00:00
R-100,Clubhouse,2026-03-11 08:25:00,2026-03-14 11:00:00
R-210,Pool,2026-03-11 08:50:00,2026-03-11 15:00:00
R-227,Badminton,2026-03-11 09:10:00,2026-03-11 20:00:00
R-277,Badminton,2026-03-11 09:10:00,2026-03-12 15:00:00
R-351,Gym,2026-03-11 10:05:00,2026-03-12 07:00:00
R-150,Gym,2026-03-11 10:15:00,2026-03-12 08:00:00
R-308,Tennis,2026-03-11 10:15:00,2026-03-12 20:00:00
R-161,Clubhouse,2026-03-11 10:20:00,2026-03-18 10:00:00
R-124,Badminton,2026-03-11 10:20:00,2026-03-11 21:00:00
R-306,Gym,2026-03-11 11:05:00,2026-03-12 06:00:00
R-170,Gym,2026-03-11 11:15:00,2026-03-12 07:00:00
R-225,Gym,2026-03-11 11:30:00,2026-03-12 07:00:00
R-414,Gym,2026-03-11 12:00:00,2026-03-12 08:00:00
R-218,Badminton,2026-03-11 12:25:00,2026-03-12 20:00:00
R-448,Badminton,2026-03-11 12:30:00,2026-03-11 18:00:00
R-193,Gym,2026-03-11 12:45:00,2026-03-11 18:00:00
R-218,Gym,2026-03-11 13:35:00,2026-03-12 18:00:00
R-339,Gym,2026-03-11 13:35:00,2026-03-11 19:00:00
R-271,Tennis,2026-03-11 13:50:00,2026-03-12 08:00:00
R-231,Tennis,2026-03-11 14:55:00,2026-03-12 20:00:00
R-324,Badminton,2026-03-11 15:45:00,2026-03-12 20:00:00
R-286,Badminton,2026-03-11 18:05:00,2026-03-13 18:00:00
R-277,Gym,2026-03-11 18:30:00,2026-03-12 18:00:00
R-423,Gym,2026-03-11 18:30:00,2026-03-13 08:00:00
R-110,Gym,2026-03-11 18:35:00,2026-03-12 08:00:00
R-188,Gym,2026-03-11 18:45:00,2026-03-12 07:00:00
R-180,Tennis,2026-03-11 18:45:00,2026-03-12 19:00:00
R-446,Gym,2026-03-11 18:45:00,2026-03-12 06:00:00
R-126,Badminton,2026-03-11 19:15:00,2026-03-12 21:00:00
R-218,Gym,2026-03-11 19:35:00,2026-03-12 21:00:00
R-158,Pool,2026-03-11 20:00:00,2026-03-12 15:00:00
R-418,Gym,2026-03-11 20:05:00,2026-03-12 07:00:00
R-189,Gym,2026-03-11 20:35:00,2026-03-12 11:00:00
R-397,Gym,2026-03-11 20:35:00,2026-03-12 20:00:00
R-213,Gym,2026-03-11 21:20:00,2026-03-13 21:00:00
R-105,Tennis,2026-03-11 21:25:00,2026-03-14 08:00:00
R-234,Gym,2026-03-11 22:00:00,2026-03-12 06:00:00
R-446,Gym,2026-03-11 22:05:00,2026-03-12 07:00:00
R-110,Gym,2026-03-11 22:05:00,2026-03-12 06:00:00
R-231,Badminton,2026-03-11 22:20:00,2026-03-12 19:00:00
R-112,Gym,2026-03-11 22:20:00,2026-03-12 06:00:00
R-323,Gym,2026-03-11 22:30:00,2026-03-12 21:00:00
R-377,Badminton,2026-03-11 23:00:00,2026-03-12 20:00:00
R-102,Gym,2026-03-11 23:10:00,2026-03-12 15:00:00
R-424,Tennis,2026-03-11 23:40:00,2026-03-12 08:00:00
R-159,Gym,2026-03-12 00:10:00,2026-03-12 18:00:00
R-260,Gym,2026-03-12 00:30:00,2026-03-12 21:00:00
R-188,Gym,2026-03-12 00:55:00,2026-03-13 06:00:00
R-210,Gym,2026-03-12 01:10:00,2026-03-12 07:00:00
R-428,Tennis,2026-03-12 02:20:00,2026-03-13 14:00:00
R-286,Badminton,2026-03-12 02:25:00,2026-03-12 19:00:00
R-119,Gym,2026-03-12 02:30:00,2026-03-13 08:00:00
R-438,Gym,2026-03-12 02:30:00,2026-03-13 06:00:00
R-240,Gym,2026-03-12 02:55:00,2026-03-13 06:00:00
R-401,Gym,2026-03-12 03:35:00,2026-03-13 08:00:00
R-102,Pool,2026-03-12 04:05:00,2026-03-13 06:00:00
R-437,Badminton,2026-03-12 04:35:00,2026-03-12 18:00:00
R-228,Badminton,2026-03-12 04:50:00,2026-03-13 19:00:00
R-250,Pool,2026-03-12 04:55:00,2026-03-12 20:00:00
R-281,Gym,2026-03-12 05:30:00,2026-03-12 21:00:00
R-142,Gym,2026-03-12 05:55:00,2026-03-12 19:00:00
R-257,Gym,2026-03-12 06:05:00,2026-03-12 21:00:00
R-339,Gym,2026-03-12 06:05:00,2026-03-13 06:00:00
R-410,Gym,2026-03-12 06:40:00,2026-03-12 19:00:00
R-181,Badminton,2026-03-12 07:00:00,2026-03-12 21:00:00
R-412,Badminton,2026-03-12 07:05:00,2026-03-13 12:00:00
R-281,Badminton,2026-03-12 07:10:00,2026-03-12 19:00:00
R-125,Pool,2026-03-12 08:10:00,2026-03-13 06:00:00
R-353,Gym,2026-03-12 08:30:00,2026-03-12 16:00:00
R-271,Gym,2026-03-12 08:35:00,2026-03-13 07:00:00
R-227,Gym,2026-03-12 08:55:00,2026-03-12 21:00:00
R-447,Gym,2026-03-12 09:00:00,2026-03-12 19:00:00
R-410,Pool,2026-03-12 09:05:00,2026-03-12 18:00:00
R-309,Pool,2026-03-12 09:10:00,2026-03-14 15:00:00
R-443,Tennis,2026-03-12 09:10:00,2026-03-13 18:00:00
R-305,Gym,2026-03-12 09:30:00,2026-03-13 06:00:00
R-260,Gym,2026-03-12 11:10:00,2026-03-12 19:00:00
R-329,Gym,2026-03-12 12:05:00,2026-03-13 07:00:00
R-423,Tennis,2026-03-12 12:20:00,2026-03-13 06:00:00
R-156,Gym,2026-03-12 12:45:00,2026-03-13 06:00:00
R-277,Badminton,2026-03-12 13:35:00,2026-03-14 18:00:00
R-270,Clubhouse,2026-03-12 13:45:00,2026-03-14 17:00:00
R-446,Pool,2026-03-12 15:00:00,2026-03-13 08:00:00
R-225,Gym,2026-03-12 15:15:00,2026-03-14 06:00:00
R-221,Gym,2026-03-12 15:45:00,2026-03-13 06:00:00
R-149,Gym,2026-03-12 15:50:00,2026-03-12 19:00:00
R-401,Gym,2026-03-12 16:05:00,2026-03-13 06:00:00
R-155,Gym,2026-03-12 16:20:00,2026-03-13 08:00:00
R-230,Clubhouse,2026-03-12 16:40:00,2026-03-14 16:00:00
R-126,Badminton,2026-03-12 16:40:00,2026-03-14 13:00:00
R-179,Badminton,2026-03-12 17:25:00,2026-03-13 19:00:00
R-102,Gym,2026-03-12 18:10:00,2026-03-13 08:00:00
R-173,Badminton,2026-03-12 18:10:00,2026-03-13 19:00:00
R-341,Gym,2026-03-12 18:30:00,2026-03-13 08:00:00
R-234,Gym,2026-03-12 18:30:00,2026-03-13 08:00:00
R-193,Gym,2026-03-12 18:50:00,2026-03-13 17:00:00
R-361,Gym,2026-03-12 19:30:00,2026-03-13 06:00:00
R-240,Gym,2026-03-12 20:55:00,2026-03-13 08:00:00
R-208,Gym,2026-03-12 21:15:00,2026-03-14 21:00:00
R-337,Clubhouse,2026-03-12 21:55:00,2026-03-14 22:00:00
R-313,Badminton,2026-03-12 22:00:00,2026-03-14 18:00:00
R-413,Gym,2026-03-12 22:20:00,2026-03-13 06:00:00
R-259,Pool,2026-03-12 22:20:00,2026-03-13 14:00:00
R-243,Badminton,2026-03-12 22:35:00,2026-03-14 20:00:00
R-142,Gym,2026-03-12 23:00:00,2026-03-13 21:00:00
R-126,Badminton,2026-03-12 23:35:00,2026-03-14 20:00:00
R-210,Gym,2026-03-13 00:05:00,2026-03-13 08:00:00
R-403,Tennis,2026-03-13 00:30:00,2026-03-13 18:00:00
R-428,Gym,2026-03-13 00:35:00,2026-03-13 07:00:00
R-210,Pool,2026-03-13 00:55:00,2026-03-13 06:00:00
R-228,Badminton,2026-03-13 00:55:00,2026-03-13 21:00:00
R-358,Gym,2026-03-13 02:20:00,2026-03-13 08:00:00
R-171,Pool,2026-03-13 03:20:00,2026-03-14 07:00:00
R-287,Tennis,2026-03-13 04:00:00,2026-03-14 07:00:00
R-142,Badminton,2026-03-13 04:15:00,2026-03-13 19:00:00
R-154,Gym,2026-03-13 04:55:00,2026-03-13 19:00:00
R-174,Gym,2026-03-13 05:15:00,2026-03-13 08:00:00
R-416,Clubhouse,2026-03-13 05:55:00,2026-03-14 23:00:00
R-353,Tennis,2026-03-13 06:20:00,2026-03-13 20:00:00
R-350,Pool,2026-03-13 07:00:00,2026-03-14 10:00:00
R-397,Tennis,2026-03-13 07:05:00,2026-03-14 20:00:00
R-197,Pool,2026-03-13 07:05:00,2026-03-14 14:00:00
R-366,Gym,2026-03-13 07:45:00,2026-03-15 07:00:00
R-122,Gym,2026-03-13 08:10:00,2026-03-13 17:00:00
R-377,Gym,2026-03-13 08:10:00,2026-03-14 08:00:00
R-201,Tennis,2026-03-13 09:10:00,2026-03-13 17:00:00
R-291,Pool,2026-03-13 10:20:00,2026-03-14 09:00:00
R-427,Hall,2026-03-13 10:45:00,2026-03-20 19:00:00
R-168,Pool,2026-03-13 10:55:00,2026-03-15 18:00:00
R-267,Gym,2026-03-13 11:05:00,2026-03-14 18:00:00
R-146,Gym,2026-03-13 11:35:00,2026-03-13 19:00:00
R-197,Clubhouse,2026-03-13 11:50:00,2026-03-15 15:00:00
R-318,Pool,2026-03-13 11:55:00,2026-03-13 19:00:00
R-293,Gym,2026-03-13 12:00:00,2026-03-13 19:00:00
R-218,Badminton,2026-03-13 12:05:00,2026-03-13 21:00:00
R-379,Hall,2026-03-13 12:10:00,2026-03-27 12:00:00
R-323,Gym,2026-03-13 12:35:00,2026-03-13 15:00:00
R-376,Pool,2026-03-13 12:40:00,2026-03-14 14:00:00
R-219,Badminton,2026-03-13 13:20:00,2026-03-14 19:00:00
R-197,Clubhouse,2026-03-13 13:20:00,2026-03-14 15:00:00
R-211,Clubhouse,2026-03-13 13:50:00,2026-03-14 18:00:00
R-323,Gym,2026-03-13 13:55:00,2026-03-13 18:00:00
R-423,Gym,2026-03-13 15:10:00,2026-03-14 06:00:00
R-414,Gym,2026-03-13 15:30:00,2026-03-14 07:00:00
R-251,Tennis,2026-03-13 15:30:00,2026-03-15 08:00:00
R-392,Clubhouse,2026-03-13 16:25:00,2026-03-15 11:00:00
R-106,Pool,2026-03-13 16:45:00,2026-03-14 18:00:00
R-165,Pool,2026-03-13 17:20:00,2026-03-14 16:00:00
R-145,Gym,2026-03-13 17:55:00,2026-03-14 08:00:00
R-373,Badminton,2026-03-13 18:00:00,2026-03-14 21:00:00
R-129,Pool,2026-03-13 18:00:00,2026-03-14 08:00:00
R-392,Pool,2026-03-13 18:10:00,2026-03-14 06:00:00
R-239,Badminton,2026-03-13 18:20:00,2026-03-14 20:00:00
R-374,Badminton,2026-03-13 18:35:00,2026-03-14 15:00:00
R-379,Clubhouse,2026-03-13 18:40:00,2026-03-15 11:00:00
R-274,Tennis,2026-03-13 19:55:00,2026-03-14 19:00:00
R-114,Gym,2026-03-13 20:00:00,2026-03-14 06:00:00
R-286,Badminton,2026-03-13 20:10:00,2026-03-14 18:00:00
R-188,Gym,2026-03-13 20:40:00,2026-03-14 07:00:00
R-431,Pool,2026-03-13 20:50:00,2026-03-14 15:00:00
R-213,Tennis,2026-03-13 21:00:00,2026-03-17 19:00:00
R-227,Badminton,2026-03-13 21:25:00,2026-03-15 21:00:00
R-240,Tennis,2026-03-13 21:30:00,2026-03-15 08:00:00
R-204,Pool,2026-03-13 21:45:00,2026-03-15 14:00:00
R-215,Tennis,2026-03-13 22:15:00,2026-03-14 20:00:00
R-122,Tennis,2026-03-13 22:15:00,2026-03-14 18:00:00
R-167,Gym,2026-03-13 22:35:00,2026-03-14 08:00:00
R-385,Clubhouse,2026-03-13 22:40:00,2026-03-14 12:00:00
R-441,Gym,2026-03-13 22:50:00,2026-03-14 18:00:00
R-286,Badminton,2026-03-13 23:20:00,2026-03-14 22:00:00
R-228,Tennis,2026-03-13 23:45:00,2026-03-14 18:00:00
R-350,Gym,2026-03-14 00:05:00,2026-03-14 11:00:00
R-195,Pool,2026-03-14 00:25:00,2026-03-14 18:00:00
R-119,Gym,2026-03-14 00:35:00,2026-03-14 08:00:00
R-109,Gym,2026-03-14 01:05:00,2026-03-15 10:00:00
R-172,Gym,2026-03-14 01:15:00,2026-03-14 12:00:00
R-341,Gym,2026-03-14 01:40:00,2026-03-14 08:00:00
R-267,Gym,2026-03-14 01:50:00,2026-03-14 19:00:00
R-177,Pool,2026-03-14 02:35:00,2026-03-15 18:00:00
R-252,Badminton,2026-03-14 02:45:00,2026-03-14 16:00:00
R-219,Gym,2026-03-14 03:05:00,2026-03-14 22:00:00
R-312,Clubhouse,2026-03-14 03:40:00,2026-03-15 17:00:00
R-157,Pool,2026-03-14 04:10:00,2026-03-14 10:00:00
R-255,Pool,2026-03-14 04:15:00,2026-03-14 14:00:00
R-244,Pool,2026-03-14 04:40:00,2026-03-14 19:00:00
R-257,Badminton,2026-03-14 04:45:00,2026-03-14 20:00:00
R-329,Clubhouse,2026-03-14 04:45:00,2026-03-16 20:00:00
R-177,Tennis,2026-03-14 05:05:00,2026-03-15 19:00:00
R-446,Tennis,2026-03-14 05:10:00,2026-03-17 06:00:00
R-377,Tennis,2026-03-14 05:25:00,2026-03-15 17:00:00
R-366,Tennis,2026-03-14 05:45:00,2026-03-18 08:00:00
R-423,Tennis,2026-03-14 05:50:00,2026-03-17 10:00:00
R-225,Gym,2026-03-14 06:15:00,2026-03-16 06:00:00
R-243,Badminton,2026-03-14 06:20:00,2026-03-14 18:00:00
R-447,Gym,2026-03-14 06:20:00,2026-03-14 21:00:00
R-435,Pool,2026-03-14 06:45:00,2026-03-14 16:00:00
R-215,Gym,2026-03-14 06:50:00,2026-03-14 19:00:00
R-142,Gym,2026-03-14 07:10:00,2026-03-14 21:00:00
R-123,Clubhouse,2026-03-14 07:15:00,2026-03-17 17:00:00
R-282,Gym,2026-03-14 07:25:00,2026-03-14 12:00:00
R-376,Gym,2026-03-14 07:30:00,2026-03-14 10:00:00
R-330,Gym,2026-03-14 08:00:00,2026-03-14 20:00:00
R-190,Pool,2026-03-14 08:10:00,2026-03-15 18:00:00
R-156,Gym,2026-03-14 08:15:00,2026-03-16 08:00:00
R-392,Pool,2026-03-14 08:20:00,2026-03-14 14:00:00
R-171,Badminton,2026-03-14 08:25:00,2026-03-16 07:00:00
R-155,Gym,2026-03-14 09:20:00,2026-03-15 08:00:00
R-435,Pool,2026-03-14 09:25:00,2026-03-14 15:00:00
R-423,Gym,2026-03-14 09:30:00,2026-03-16 09:00:00
R-211,Pool,2026-03-14 09:40:00,2026-03-14 17:00:00
R-121,Clubhouse,2026-03-14 10:20:00,2026-03-20 15:00:00
R-285,Pool,2026-03-14 10:50:00,2026-03-15 16:00:00
R-423,Tennis,2026-03-14 10:55:00,2026-03-17 08:00:00
R-431,Clubhouse,2026-03-14 11:50:00,2026-03-15 14:00:00
R-285,Pool,2026-03-14 12:40:00,2026-03-14 16:00:00
R-337,Clubhouse,2026-03-14 12:50:00,2026-03-15 22:00:00
R-437,Gym,2026-03-14 12:55:00,2026-03-14 21:00:00
R-279,Pool,2026-03-14 13:00:00,2026-03-16 07:00:00
R-436,Pool,2026-03-14 14:05:00,2026-03-15 19:00:00
R-255,Pool,2026-03-14 14:10:00,2026-03-15 15:00:00
R-292,Pool,2026-03-14 14:15:00,2026-03-15 18:00:00
R-218,Gym,2026-03-14 15:10:00,2026-03-14 20:00:00
R-225,Tennis,2026-03-14 15:20:00,2026-03-16 08:00:00
R-152,Pool,2026-03-14 15:50:00,2026-03-14 21:00:00
R-431,Clubhouse,2026-03-14 16:20:00,2026-03-15 15:00:00
R-376,Pool,2026-03-14 16:45:00,2026-03-15 18:00:00
R-406,Pool,2026-03-14 17:00:00,2026-03-15 17:00:00
R-332,Clubhouse,2026-03-14 17:10:00,2026-03-15 10:00:00
R-285,Pool,2026-03-14 17:10:00,2026-03-15 15:00:00
R-117,Gym,2026-03-14 17:10:00,2026-03-15 06:00:00
R-432,Gym,2026-03-14 17:30:00,2026-03-15 07:00:00
R-411,Pool,2026-03-14 17:30:00,2026-03-15 06:00:00
R-257,Badminton,2026-03-14 17:45:00,2026-03-17 19:00:00
R-338,Gym,2026-03-14 17:50:00,2026-03-14 21:00:00
R-350,Clubhouse,2026-03-14 18:30:00,2026-03-15 17:00:00
R-222,Badminton,2026-03-14 19:20:00,2026-03-16 11:00:00
R-238,Pool,2026-03-14 19:40:00,2026-03-16 14:00:00
R-196,Pool,2026-03-14 21:50:00,2026-03-15 10:00:00
R-208,Badminton,2026-03-14 21:55:00,2026-03-15 19:00:00
R-363,Gym,2026-03-14 22:10:00,2026-03-15 10:00:00
R-402,Tennis,2026-03-14 22:40:00,2026-03-18 19:00:00
R-145,Tennis,2026-03-14 23:10:00,2026-03-16 06:00:00
R-285,Gym,2026-03-14 23:15:00,2026-03-15 17:00:00
R-378,Pool,2026-03-14 23:55:00,2026-03-15 14:00:00
R-110,Gym,2026-03-14 23:55:00,2026-03-15 07:00:00
R-353,Tennis,2026-03-15 00:10:00,2026-03-17 19:00:00
R-312,Gym,2026-03-15 00:10:00,2026-03-15 10:00:00
R-297,Gym,2026-03-15 00:15:00,2026-03-15 08:00:00
R-414,Gym,2026-03-15 00:30:00,2026-03-16 08:00:00
R-242,Gym,2026-03-15 01:20:00,2026-03-15 07:00:00
R-341,Hall,2026-03-15 01:50:00,2026-03-19 16:00:00
R-339,Gym,2026-03-15 02:00:00,2026-03-16 08:00:00
R-387,Pool,2026-03-15 02:20:00,2026-03-15 10:00:00
R-427,Pool,2026-03-15 02:40:00,2026-03-15 12:00:00
R-402,Tennis,2026-03-15 03:05:00,2026-03-17 12:00:00
R-403,Gym,2026-03-15 03:50:00,2026-03-15 14:00:00
R-350,Pool,2026-03-15 04:00:00,2026-03-15 14:00:00
R-274,Badminton,2026-03-15 04:10:00,2026-03-16 18:00:00
R-252,Pool,2026-03-15 04:10:00,2026-03-15 18:00:00
R-353,Badminton,2026-03-15 04:25:00,2026-03-16 22:00:00
R-148,Hall,2026-03-15 05:10:00,2026-03-21 19:00:00
R-255,Pool,2026-03-15 05:35:00,2026-03-15 10:00:00
R-215,Badminton,2026-03-15 05:40:00,2026-03-16 21:00:00
R-106,Pool,2026-03-15 05:55:00,2026-03-16 08:00:00
R-432,Tennis,2026-03-15 06:00:00,2026-03-17 07:00:00
R-398,Pool,2026-03-15 06:50:00,2026-03-15 16:00:00
R-441,Gym,2026-03-15 07:10:00,2026-03-15 15:00:00
R-212,Pool,2026-03-15 07:10:00,2026-03-18 07:00:00
R-366,Tennis,2026-03-15 07:15:00,2026-03-20 07:00:00
R-257,Gym,2026-03-15 08:00:00,2026-03-15 21:00:00
R-361,Badminton,2026-03-15 08:00:00,2026-03-16 07:00:00
R-350,Gym,2026-03-15 08:05:00,2026-03-15 11:00:00
R-398,Clubhouse,2026-03-15 08:50:00,2026-03-18 16:00:00
R-444,Gym,2026-03-15 09:20:00,2026-03-16 07:00:00
R-104,Badminton,2026-03-15 09:55:00,2026-03-16 21:00:00
R-321,Pool,2026-03-15 10:00:00,2026-03-15 16:00:00
R-102,Tennis,2026-03-15 10:30:00,2026-03-17 07:00:00
R-113,Pool,2026-03-15 10:40:00,2026-03-15 14:00:00
R-218,Gym,2026-03-15 11:10:00,2026-03-15 20:00:00
R-170,Gym,2026-03-15 11:25:00,2026-03-16 07:00:00
R-435,Pool,2026-03-15 11:40:00,2026-03-15 15:00:00
R-438,Pool,2026-03-15 11:45:00,2026-03-16 07:00:00
R-219,Badminton,2026-03-15 12:15:00,2026-03-16 19:00:00
R-115,Tennis,2026-03-15 13:25:00,2026-03-15 19:00:00
R-163,Gym,2026-03-15 13:35:00,2026-03-16 13:00:00
R-279,Gym,2026-03-15 14:00:00,2026-03-17 14:00:00
R-221,Tennis,2026-03-15 14:15:00,2026-03-16 09:00:00
R-391,Pool,2026-03-15 14:30:00,2026-03-16 07:00:00
R-404,Tennis,2026-03-15 15:05:00,2026-03-17 21:00:00
R-112,Gym,2026-03-15 15:05:00,2026-03-16 08:00:00
R-285,Gym,2026-03-15 16:05:00,2026-03-16 16:00:00
R-144,Pool,2026-03-15 16:15:00,2026-03-16 06:00:00
R-271,Gym,2026-03-15 16:20:00,2026-03-16 06:00:00
R-225,Gym,2026-03-15 16:25:00,2026-03-17 06:00:00
R-198,Gym,2026-03-15 16:35:00,2026-03-16 08:00:00
R-110,Clubhouse,2026-03-15 16:50:00,2026-03-16 17:00:00
R-444,Gym,2026-03-15 18:10:00,2026-03-16 08:00:00
R-290,Badminton,2026-03-15 19:05:00,2026-03-17 19:00:00
R-353,Badminton,2026-03-15 19:50:00,2026-03-16 20:00:00
R-247,Badminton,2026-03-15 20:10:00,2026-03-16 19:00:00
R-102,Gym,2026-03-15 21:00:00,2026-03-16 07:00:00
R-298,Pool,2026-03-15 21:05:00,2026-03-16 17:00:00
R-222,Badminton,2026-03-15 21:20:00,2026-03-17 18:00:00
R-215,Gym,2026-03-15 22:40:00,2026-03-16 19:00:00
R-223,Badminton,2026-03-15 22:45:00,2026-03-16 17:00:00
R-304,Gym,2026-03-15 22:55:00,2026-03-16 17:00:00
R-159,Gym,2026-03-15 22:55:00,2026-03-17 06:00:00
R-114,Gym,2026-03-15 23:20:00,2026-03-16 07:00:00
R-142,Badminton,2026-03-15 23:25:00,2026-03-16 18:00:00
R-449,Badminton,2026-03-15 23:30:00,2026-03-16 17:00:00
R-145,Gym,2026-03-15 23:35:00,2026-03-17 06:00:00
R-221,Gym,2026-03-16 00:10:00,2026-03-16 08:00:00
R-142,Badminton,2026-03-16 00:25:00,2026-03-17 18:00:00
R-414,Gym,2026-03-16 00:30:00,2026-03-17 08:00:00
R-219,Tennis,2026-03-16 00:50:00,2026-03-18 20:00:00
R-243,Badminton,2026-03-16 00:55:00,2026-03-16 19:00:00
R-341,Gym,2026-03-16 02:15:00,2026-03-16 07:00:00
R-381,Gym,2026-03-16 02:25:00,2026-03-16 12:00:00
R-304,Gym,2026-03-16 02:40:00,2026-03-16 06:00:00
R-444,Gym,2026-03-16 03:10:00,2026-03-16 19:00:00
R-119,Tennis,2026-03-16 03:35:00,2026-03-18 08:00:00
R-252,Badminton,2026-03-16 03:50:00,2026-03-16 20:00:00
R-254,Gym,2026-03-16 04:25:00,2026-03-17 07:00:00
R-312,Clubhouse,2026-03-16 04:30:00,2026-03-17 18:00:00
R-381,Badminton,2026-03-16 05:05:00,2026-03-17 17:00:00
R-313,Badminton,2026-03-16 05:20:00,2026-03-17 21:00:00
R-244,Badminton,2026-03-16 06:30:00,2026-03-16 20:00:00
R-271,Gym,2026-03-16 06:30:00,2026-03-17 07:00:00
R-397,Gym,2026-03-16 06:40:00,2026-03-16 18:00:00
R-432,Gym,2026-03-16 07:30:00,2026-03-17 08:00:00
R-373,Badminton,2026-03-16 08:15:00,2026-03-17 20:00:00
R-221,Gym,2026-03-16 08:15:00,2026-03-16 16:00:00
R-243,Badminton,2026-03-16 08:20:00,2026-03-16 21:00:00
R-418,Gym,2026-03-16 08:25:00,2026-03-17 12:00:00
R-272,Badminton,2026-03-16 08:55:00,2026-03-16 21:00:00
R-203,Gym,2026-03-16 09:05:00,2026-03-16 22:00:00
R-283,Clubhouse,2026-03-16 09:25:00,2026-03-22 14:00:00
R-218,Badminton,2026-03-16 09:30:00,2026-03-17 12:00:00
R-365,Gym,2026-03-16 10:25:00,2026-03-16 18:00:00
R-397,Gym,2026-03-16 11:05:00,2026-03-17 18:00:00
R-335,Gym,2026-03-16 12:05:00,2026-03-17 19:00:00
R-434,Gym,2026-03-16 12:30:00,2026-03-17 08:00:00
R-126,Gym,2026-03-16 13:35:00,2026-03-16 20:00:00
R-274,Badminton,2026-03-16 14:00:00,2026-03-17 21:00:00
R-155,Gym,2026-03-16 14:10:00,2026-03-16 22:00:00
R-301,Badminton,2026-03-16 14:10:00,2026-03-17 20:00:00
R-274,Badminton,2026-03-16 14:15:00,2026-03-18 20:00:00
R-403,Gym,2026-03-16 14:40:00,2026-03-16 21:00:00
R-423,Gym,2026-03-16 14:50:00,2026-03-18 06:00:00
R-403,Badminton,2026-03-16 15:20:00,2026-03-18 19:00:00
R-145,Gym,2026-03-16 16:35:00,2026-03-17 07:00:00
R-150,Gym,2026-03-16 16:55:00,2026-03-17 06:00:00
R-448,Tennis,2026-03-16 16:55:00,2026-03-17 21:00:00
R-444,Gym,2026-03-16 16:55:00,2026-03-17 06:00:00
R-418,Pool,2026-03-16 17:25:00,2026-03-17 07:00:00
R-298,Gym,2026-03-16 18:05:00,2026-03-17 08:00:00
R-145,Gym,2026-03-16 18:25:00,2026-03-17 08:00:00
R-329,Gym,2026-03-16 18:35:00,2026-03-17 08:00:00
R-437,Badminton,2026-03-16 18:40:00,2026-03-20 18:00:00
R-330,Gym,2026-03-16 19:15:00,2026-03-17 18:00:00
R-285,Pool,2026-03-16 19:15:00,2026-03-17 15:00:00
R-366,Gym,2026-03-16 19:40:00,2026-03-18 07:00:00
R-443,Gym,2026-03-16 19:45:00,2026-03-17 11:00:00
R-306,Gym,2026-03-16 20:00:00,2026-03-17 07:00:00
R-418,Pool,2026-03-16 20:05:00,2026-03-18 08:00:00
R-210,Gym,2026-03-16 20:25:00,2026-03-17 06:00:00
R-227,Gym,2026-03-16 20:35:00,2026-03-17 07:00:00
R-241,Gym,2026-03-16 20:45:00,2026-03-17 19:00:00
R-208,Gym,2026-03-16 21:20:00,2026-03-17 07:00:00
R-119,Gym,2026-03-16 21:50:00,2026-03-17 07:00:00
R-257,Badminton,2026-03-16 22:35:00,2026-03-17 21:00:00
R-239,Badminton,2026-03-16 22:40:00,2026-03-17 09:00:00
R-170,Gym,2026-03-16 23:40:00,2026-03-17 14:00:00
R-324,Badminton,2026-03-16 23:50:00,2026-03-17 21:00:00
R-401,Gym,2026-03-17 00:00:00,2026-03-17 07:00:00
R-110,Gym,2026-03-17 00:15:00,2026-03-17 06:00:00
R-108,Hall,2026-03-17 00:20:00,2026-03-24 18:00:00
R-401,Gym,2026-03-17 00:20:00,2026-03-17 06:00:00
R-389,Tennis,2026-03-17 00:25:00,2026-03-18 07:00:00
R-423,Tennis,2026-03-17 00:30:00,2026-03-18 07:00:00
R-437,Tennis,2026-03-17 00:35:00,2026-03-17 19:00:00
R-306,Gym,2026-03-17 00:50:00,2026-03-17 06:00:00
R-335,Badminton,2026-03-17 02:15:00,2026-03-18 18:00:00
R-266,Gym,2026-03-17 02:30:00,2026-03-17 13:00:00
R-221,Tennis,2026-03-17 03:10:00,2026-03-18 18:00:00
R-246,Gym,2026-03-17 03:30:00,2026-03-17 14:00:00
R-261,Gym,2026-03-17 03:30:00,2026-03-18 09:00:00
R-260,Badminton,2026-03-17 04:05:00,2026-03-18 21:00:00
R-301,Pool,2026-03-17 04:35:00,2026-03-17 19:00:00
R-218,Badminton,2026-03-17 04:50:00,2026-03-17 18:00:00
R-231,Gym,2026-03-17 05:25:00,2026-03-17 19:00:00
R-293,Tennis,2026-03-17 05:30:00,2026-03-17 18:00:00
R-186,Pool,2026-03-17 05:45:00,2026-03-17 19:00:00
R-218,Gym,2026-03-17 05:45:00,2026-03-18 08:00:00
R-119,Gym,2026-03-17 05:55:00,2026-03-17 08:00:00
R-286,Gym,2026-03-17 05:55:00,2026-03-17 20:00:00
R-285,Clubhouse,2026-03-17 06:20:00,2026-03-21 16:00:00
R-331,Badminton,2026-03-17 06:50:00,2026-03-17 18:00:00
R-240,Pool,2026-03-17 07:00:00,2026-03-20 07:00:00
R-339,Gym,2026-03-17 07:00:00,2026-03-18 07:00:00
R-278,Gym,2026-03-17 07:35:00,2026-03-17 22:00:00
R-159,Gym,2026-03-17 08:00:00,2026-03-18 09:00:00
R-279,Pool,2026-03-17 08:20:00,2026-03-19 08:00:00
R-307,Tennis,2026-03-17 08:40:00,2026-03-19 17:00:00
R-434,Gym,2026-03-17 08:40:00,2026-03-19 08:00:00
R-361,Gym,2026-03-17 09:40:00,2026-03-17 14:00:00
R-174,Gym,2026-03-17 10:00:00,2026-03-17 16:00:00
R-277,Badminton,2026-03-17 10:10:00,2026-03-18 16:00:00
R-304,Tennis,2026-03-17 10:30:00,2026-03-18 08:00:00
R-221,Gym,2026-03-17 10:55:00,2026-03-18 06:00:00
R-281,Gym,2026-03-17 11:20:00,2026-03-17 21:00:00
R-240,Gym,2026-03-17 11:45:00,2026-03-17 16:00:00
R-305,Pool,2026-03-17 12:00:00,2026-03-18 07:00:00
R-181,Gym,2026-03-17 12:10:00,2026-03-17 19:00:00
R-256,Pool,2026-03-17 12:30:00,2026-03-18 07:00:00
R-156,Tennis,2026-03-17 12:55:00,2026-03-18 07:00:00
R-247,Badminton,2026-03-17 12:55:00,2026-03-17 20:00:00
R-102,Gym,2026-03-17 13:15:00,2026-03-18 07:00:00
R-225,Gym,2026-03-17 13:40:00,2026-03-18 08:00:00
R-335,Badminton,2026-03-17 14:05:00,2026-03-18 21:00:00
R-212,Pool,2026-03-17 14:50:00,2026-03-18 08:00:00
R-449,Pool,2026-03-17 14:50:00,2026-03-18 12:00:00
R-227,Gym,2026-03-17 15:25:00,2026-03-18 07:00:00
R-271,Gym,2026-03-17 15:25:00,2026-03-18 06:00:00
R-215,Gym,2026-03-17 15:55:00,2026-03-17 21:00:00
R-170,Gym,2026-03-17 16:15:00,2026-03-18 07:00:00
R-156,Gym,2026-03-17 16:20:00,2026-03-18 08:00:00
R-279,Gym,2026-03-17 17:45:00,2026-03-19 07:00:00
R-308,Badminton,2026-03-17 18:00:00,2026-03-18 19:00:00
R-271,Gym,2026-03-17 19:25:00,2026-03-18 08:00:00
R-437,Badminton,2026-03-17 19:30:00,2026-03-19 21:00:00
R-431,Clubhouse,2026-03-17 19:45:00,2026-03-22 18:00:00
R-438,Gym,2026-03-17 19:50:00,2026-03-18 08:00:00
R-246,Pool,2026-03-17 21:45:00,2026-03-18 06:00:00
R-339,Pool,2026-03-17 22:00:00,2026-03-18 20:00:00
R-428,Gym,2026-03-17 22:25:00,2026-03-18 08:00:00
R-186,Badminton,2026-03-17 23:45:00,2026-03-20 12:00:00
R-286,Tennis,2026-03-18 00:30:00,2026-03-18 20:00:00
R-163,Gym,2026-03-18 00:45:00,2026-03-18 08:00:00
R-366,Gym,2026-03-18 00:55:00,2026-03-18 16:00:00
R-432,Gym,2026-03-18 01:00:00,2026-03-19 06:00:00
R-338,Gym,2026-03-18 02:00:00,2026-03-18 14:00:00
R-119,Gym,2026-03-18 02:30:00,2026-03-18 06:00:00
R-145,Gym,2026-03-18 02:45:00,2026-03-18 06:00:00
R-252,Tennis,2026-03-18 03:40:00,2026-03-18 21:00:00
R-248,Gym,2026-03-18 04:05:00,2026-03-18 21:00:00
R-252,Tennis,2026-03-18 04:15:00,2026-03-18 20:00:00
R-401,Gym,2026-03-18 04:35:00,2026-03-18 08:00:00
R-432,Gym,2026-03-18 05:15:00,2026-03-18 08:00:00
R-277,Badminton,2026-03-18 05:30:00,2026-03-18 21:00:00
R-341,Gym,2026-03-18 05:45:00,2026-03-19 07:00:00
R-434,Tennis,2026-03-18 05:55:00,2026-03-20 06:00:00
R-239,Gym,2026-03-18 05:55:00,2026-03-18 20:00:00
R-441,Tennis,2026-03-18 06:15:00,2026-03-18 21:00:00
R-248,Badminton,2026-03-18 06:30:00,2026-03-18 18:00:00
R-219,Gym,2026-03-18 06:30:00,2026-03-18 19:00:00
R-146,Gym,2026-03-18 06:40:00,2026-03-18 18:00:00
R-296,Badminton,2026-03-18 07:00:00,2026-03-19 18:00:00
R-111,Clubhouse,2026-03-18 07:15:00,2026-03-19 12:00:00
R-441,Gym,2026-03-18 07:20:00,2026-03-18 18:00:00
R-373,Tennis,2026-03-18 08:00:00,2026-03-19 06:00:00
R-259,Clubhouse,2026-03-18 08:00:00,2026-03-22 10:00:00
R-144,Gym,2026-03-18 09:40:00,2026-03-19 06:00:00
R-176,Hall,2026-03-18 09:55:00,2026-03-22 15:00:00
R-379,Hall,2026-03-18 10:45:00,2026-03-21 19:00:00
R-142,Tennis,2026-03-18 10:50:00,2026-03-20 18:00:00
R-232,Pool,2026-03-18 11:30:00,2026-03-19 07:00:00
R-358,Gym,2026-03-18 11:35:00,2026-03-19 07:00:00
R-285,Pool,2026-03-18 11:35:00,2026-03-21 11:00:00
R-335,Badminton,2026-03-18 11:50:00,2026-03-19 19:00:00
R-277,Badminton,2026-03-18 12:20:00,2026-03-19 21:00:00
R-414,Pool,2026-03-18 12:30:00,2026-03-19 08:00:00
R-404,Gym,2026-03-18 12:30:00,2026-03-18 21:00:00
R-428,Gym,2026-03-18 12:30:00,2026-03-19 06:00:00
R-225,Gym,2026-03-18 12:50:00,2026-03-20 12:00:00
R-397,Gym,2026-03-18 13:00:00,2026-03-19 18:00:00
R-353,Gym,2026-03-18 13:00:00,2026-03-18 19:00:00
R-443,Gym,2026-03-18 13:00:00,2026-03-18 20:00:00
R-248,Gym,2026-03-18 13:10:00,2026-03-18 22:00:00
R-424,Gym,2026-03-18 13:40:00,2026-03-18 19:00:00
R-274,Badminton,2026-03-18 13:50:00,2026-03-19 21:00:00
R-354,Gym,2026-03-18 14:00:00,2026-03-18 19:00:00
R-313,Tennis,2026-03-18 14:00:00,2026-03-19 18:00:00
R-227,Badminton,2026-03-18 14:20:00,2026-03-21 19:00:00
R-115,Clubhouse,2026-03-18 14:55:00,2026-03-21 16:00:00
R-318,Badminton,2026-03-18 15:35:00,2026-03-20 17:00:00
R-391,Gym,2026-03-18 15:40:00,2026-03-19 07:00:00
R-421,Gym,2026-03-18 15:50:00,2026-03-18 22:00:00
R-210,Tennis,2026-03-18 16:25:00,2026-03-19 08:00:00
R-401,Gym,2026-03-18 16:30:00,2026-03-19 08:00:00
R-420,Pool,2026-03-18 16:30:00,2026-03-19 06:00:00
R-179,Badminton,2026-03-18 16:35:00,2026-03-19 20:00:00
R-366,Gym,2026-03-18 16:40:00,2026-03-19 08:00:00
R-156,Gym,2026-03-18 17:20:00,2026-03-19 07:00:00
R-414,Gym,2026-03-18 17:25:00,2026-03-19 11:00:00
R-215,Badminton,2026-03-18 17:50:00,2026-03-19 20:00:00
R-351,Pool,2026-03-18 18:15:00,2026-03-19 07:00:00
R-418,Tennis,2026-03-18 18:45:00,2026-03-20 08:00:00
R-117,Gym,2026-03-18 19:40:00,2026-03-19 06:00:00
R-391,Gym,2026-03-18 19:45:00,2026-03-19 08:00:00
R-222,Gym,2026-03-18 20:20:00,2026-03-19 18:00:00
R-119,Gym,2026-03-18 20:30:00,2026-03-19 08:00:00
R-241,Gym,2026-03-18 20:40:00,2026-03-20 07:00:00
R-243,Badminton,2026-03-18 20:55:00,2026-03-19 18:00:00
R-274,Badminton,2026-03-18 21:00:00,2026-03-20 19:00:00
R-173,Badminton,2026-03-18 21:05:00,2026-03-19 20:00:00
R-274,Gym,2026-03-18 21:10:00,2026-03-20 21:00:00
R-428,Tennis,2026-03-18 21:30:00,2026-03-19 18:00:00
R-225,Gym,2026-03-18 21:35:00,2026-03-20 08:00:00
R-175,Badminton,2026-03-18 22:15:00,2026-03-20 17:00:00
R-353,Badminton,2026-03-18 22:20:00,2026-03-19 18:00:00
R-438,Gym,2026-03-18 22:25:00,2026-03-19 07:00:00
R-339,Gym,2026-03-18 22:30:00,2026-03-19 08:00:00
R-239,Gym,2026-03-18 22:30:00,2026-03-19 07:00:00
R-361,Gym,2026-03-18 22:30:00,2026-03-19 08:00:00
R-361,Tennis,2026-03-18 22:35:00,2026-03-19 07:00:00
R-371,Gym,2026-03-18 22:35:00,2026-03-19 08:00:00
R-260,Badminton,2026-03-18 23:05:00,2026-03-19 20:00:00
R-437,Badminton,2026-03-18 23:55:00,2026-03-20 20:00:00
R-156,Pool,2026-03-19 00:05:00,2026-03-19 13:00:00
R-354,Clubhouse,2026-03-19 00:05:00,2026-03-20 19:00:00
R-208,Gym,2026-03-19 00:15:00,2026-03-19 20:00:00
R-120,Badminton,2026-03-19 00:25:00,2026-03-20 08:00:00
R-228,Gym,2026-03-19 00:35:00,2026-03-19 19:00:00
R-235,Badminton,2026-03-19 00:40:00,2026-03-20 21:00:00
R-208,Gym,2026-03-19 00:45:00,2026-03-19 13:00:00
R-277,Badminton,2026-03-19 00:55:00,2026-03-21 07:00:00
R-121,Hall,2026-03-19 01:00:00,2026-03-23 15:00:00
R-105,Gym,2026-03-19 01:10:00,2026-03-19 06:00:00
R-112,Gym,2026-03-19 01:15:00,2026-03-19 07:00:00
R-304,Gym,2026-03-19 01:15:00,2026-03-19 06:00:00
R-239,Badminton,2026-03-19 02:00:00,2026-03-19 19:00:00
R-434,Gym,2026-03-19 02:10:00,2026-03-19 06:00:00
R-401,Tennis,2026-03-19 02:35:00,2026-03-20 06:00:00
R-120,Pool,2026-03-19 03:05:00,2026-03-20 12:00:00
R-172,Gym,2026-03-19 03:10:00,2026-03-19 10:00:00
R-154,Badminton,2026-03-19 03:10:00,2026-03-19 18:00:00
R-243,Gym,2026-03-19 03:15:00,2026-03-19 22:00:00
R-428,Gym,2026-03-19 04:05:00,2026-03-20 06:00:00
R-243,Badminton,2026-03-19 04:05:00,2026-03-20 19:00:00
R-323,Gym,2026-03-19 04:20:00,2026-03-19 19:00:00
R-272,Badminton,2026-03-19 04:35:00,2026-03-19 21:00:00
R-290,Tennis,2026-03-19 04:55:00,2026-03-21 18:00:00
R-353,Tennis,2026-03-19 05:05:00,2026-03-20 20:00:00
R-228,Badminton,2026-03-19 05:10:00,2026-03-20 11:00:00
R-272,Badminton,2026-03-19 05:55:00,2026-03-19 19:00:00
R-335,Gym,2026-03-19 06:20:00,2026-03-19 15:00:00
R-175,Badminton,2026-03-19 07:50:00,2026-03-22 12:00:00
R-175,Badminton,2026-03-19 08:30:00,2026-03-20 13:00:00
R-219,Gym,2026-03-19 10:15:00,2026-03-19 18:00:00
R-413,Gym,2026-03-19 10:20:00,2026-03-20 06:00:00
R-138,Clubhouse,2026-03-19 10:35:00,2026-03-21 12:00:00
R-167,Gym,2026-03-19 10:35:00,2026-03-20 10:00:00
R-254,Gym,2026-03-19 11:05:00,2026-03-20 07:00:00
R-210,Gym,2026-03-19 11:20:00,2026-03-19 20:00:00
R-350,Pool,2026-03-19 11:25:00,2026-03-19 18:00:00
R-100,Clubhouse,2026-03-19 11:55:00,2026-03-21 16:00:00
R-377,Gym,2026-03-19 13:15:00,2026-03-20 18:00:00
R-385,Clubhouse,2026-03-19 14:00:00,2026-03-22 17:00:00
R-296,Tennis,2026-03-19 14:10:00,2026-03-20 13:00:00
R-279,Gym,2026-03-19 14:20:00,2026-03-20 07:00:00
R-344,Pool,2026-03-19 14:25:00,2026-03-21 14:00:00
R-438,Gym,2026-03-19 15:00:00,2026-03-20 08:00:00
R-414,Gym,2026-03-19 15:40:00,2026-03-20 08:00:00
R-277,Badminton,2026-03-19 16:05:00,2026-03-20 19:00:00
R-260,Gym,2026-03-19 16:35:00,2026-03-19 19:00:00
R-434,Gym,2026-03-19 16:55:00,2026-03-20 18:00:00
R-159,Gym,2026-03-19 18:25:00,2026-03-20 06:00:00
R-286,Badminton,2026-03-19 18:25:00,2026-03-20 16:00:00
R-125,Gym,2026-03-19 18:40:00,2026-03-20 06:00:00
R-102,Gym,2026-03-19 18:55:00,2026-03-20 06:00:00
R-102,Gym,2026-03-19 19:00:00,2026-03-20 07:00:00
R-146,Badminton,2026-03-19 19:50:00,2026-03-20 18:00:00
R-274,Badminton,2026-03-19 20:50:00,2026-03-20 20:00:00
R-134,Pool,2026-03-19 20:55:00,2026-03-20 14:00:00
R-306,Gym,2026-03-19 21:10:00,2026-03-20 06:00:00
R-306,Tennis,2026-03-19 21:25:00,2026-03-20 07:00:00
R-225,Tennis,2026-03-19 21:30:00,2026-03-24 07:00:00
R-366,Gym,2026-03-19 21:40:00,2026-03-20 06:00:00
R-219,Badminton,2026-03-19 21:40:00,2026-03-20 21:00:00
R-262,Clubhouse,2026-03-19 22:00:00,2026-03-20 11:00:00
R-145,Gym,2026-03-19 22:20:00,2026-03-20 08:00:00
R-281,Badminton,2026-03-19 22:20:00,2026-03-20 18:00:00
R-112,Gym,2026-03-19 22:30:00,2026-03-20 08:00:00
R-279,Gym,2026-03-19 22:35:00,2026-03-20 08:00:00
R-212,Pool,2026-03-19 22:40:00,2026-03-20 08:00:00
R-312,Pool,2026-03-19 22:45:00,2026-03-21 10:00:00
R-150,Tennis,2026-03-19 23:00:00,2026-03-20 08:00:00
R-432,Gym,2026-03-19 23:10:00,2026-03-20 06:00:00
R-443,Badminton,2026-03-19 23:15:00,2026-03-20 16:00:00
R-181,Badminton,2026-03-19 23:30:00,2026-03-20 19:00:00
R-119,Gym,2026-03-19 23:45:00,2026-03-20 06:00:00
R-185,Clubhouse,2026-03-20 00:05:00,2026-03-21 13:00:00
R-156,Gym,2026-03-20 00:30:00,2026-03-20 08:00:00
R-306,Tennis,2026-03-20 01:05:00,2026-03-21 07:00:00
R-155,Gym,2026-03-20 01:15:00,2026-03-20 07:00:00
R-368,Clubhouse,2026-03-20 01:35:00,2026-03-22 19:00:00
R-212,Gym,2026-03-20 02:00:00,2026-03-20 20:00:00
R-254,Pool,2026-03-20 02:10:00,2026-03-20 08:00:00
R-208,Badminton,2026-03-20 03:20:00,2026-03-20 18:00:00
R-448,Gym,2026-03-20 04:10:00,2026-03-20 16:00:00
R-155,Gym,2026-03-20 05:05:00,2026-03-20 08:00:00
R-221,Gym,2026-03-20 07:10:00,2026-03-20 14:00:00
R-392,Clubhouse,2026-03-20 08:15:00,2026-03-21 10:00:00
R-306,Gym,2026-03-20 08:40:00,2026-03-20 18:00:00
R-412,Badminton,2026-03-20 08:45:00,2026-03-20 20:00:00
R-142,Badminton,2026-03-20 08:55:00,2026-03-20 20:00:00
R-247,Badminton,2026-03-20 09:20:00,2026-03-20 21:00:00
R-404,Tennis,2026-03-20 09:25:00,2026-03-20 19:00:00
R-377,Tennis,2026-03-20 10:00:00,2026-03-21 08:00:00
R-335,Gym,2026-03-20 10:35:00,2026-03-20 18:00:00
R-296,Badminton,2026-03-20 10:40:00,2026-03-21 20:00:00
R-197,Pool,2026-03-20 10:50:00,2026-03-20 18:00:00
R-126,Gym,2026-03-20 11:05:00,2026-03-20 21:00:00
R-277,Badminton,2026-03-20 11:20:00,2026-03-21 16:00:00
R-225,Gym,2026-03-20 11:40:00,2026-03-21 06:00:00
R-187,Gym,2026-03-20 12:20:00,2026-03-20 20:00:00
R-218,Badminton,2026-03-20 13:05:00,2026-03-21 21:00:00
R-219,Badminton,2026-03-20 13:15:00,2026-03-21 20:00:00
R-323,Pool,2026-03-20 13:50:00,2026-03-20 21:00:00
R-286,Badminton,2026-03-20 13:50:00,2026-03-21 18:00:00
R-215,Badminton,2026-03-20 13:50:00,2026-03-21 19:00:00
R-447,Gym,2026-03-20 14:30:00,2026-03-20 21:00:00
R-219,Gym,2026-03-20 14:35:00,2026-03-21 17:00:00
R-257,Gym,2026-03-20 15:20:00,2026-03-21 18:00:00
R-336,Clubhouse,2026-03-20 16:10:00,2026-03-22 10:00:00
R-406,Pool,2026-03-20 16:20:00,2026-03-21 10:00:00
R-158,Pool,2026-03-20 16:25:00,2026-03-22 17:00:00
R-173,Badminton,2026-03-20 16:45:00,2026-03-21 20:00:00
R-428,Tennis,2026-03-20 17:05:00,2026-03-23 06:00:00
R-213,Badminton,2026-03-20 17:25:00,2026-03-21 21:00:00
R-110,Gym,2026-03-20 17:30:00,2026-03-22 08:00:00
R-338,Tennis,2026-03-20 17:40:00,2026-03-21 20:00:00
R-132,Gym,2026-03-20 17:45:00,2026-03-21 14:00:00
R-405,Gym,2026-03-20 17:50:00,2026-03-21 10:00:00
R-398,Pool,2026-03-20 17:50:00,2026-03-22 11:00:00
R-214,Pool,2026-03-20 18:00:00,2026-03-21 14:00:00
R-406,Pool,2026-03-20 18:30:00,2026-03-22 10:00:00
R-379,Hall,2026-03-20 18:40:00,2026-04-03 18:00:00
R-215,Badminton,2026-03-20 18:50:00,2026-03-21 18:00:00
R-192,Clubhouse,2026-03-20 19:50:00,2026-03-22 15:00:00
R-363,Pool,2026-03-20 20:30:00,2026-03-21 14:00:00
R-405,Pool,2026-03-20 21:30:00,2026-03-21 18:00:00
R-327,Gym,2026-03-20 21:45:00,2026-03-21 08:00:00
R-420,Gym,2026-03-20 22:05:00,2026-03-21 07:00:00
R-271,Gym,2026-03-20 22:25:00,2026-03-21 06:00:00
R-394,Pool,2026-03-20 22:25:00,2026-03-21 10:00:00
R-268,Badminton,2026-03-20 22:45:00,2026-03-21 19:00:00
R-410,Pool,2026-03-20 22:55:00,2026-03-22 17:00:00
R-208,Badminton,2026-03-20 22:55:00,2026-03-21 19:00:00
R-125,Gym,2026-03-20 23:00:00,2026-03-21 06:00:00
R-318,Gym,2026-03-20 23:10:00,2026-03-21 12:00:00
R-155,Gym,2026-03-20 23:25:00,2026-03-21 08:00:00
R-376,Pool,2026-03-20 23:35:00,2026-03-21 18:00:00
R-435,Gym,2026-03-20 23:40:00,2026-03-21 11:00:00
R-233,Gym,2026-03-21 00:05:00,2026-03-21 14:00:00
R-157,Gym,2026-03-21 00:15:00,2026-03-22 07:00:00
R-386,Clubhouse,2026-03-21 00:15:00,2026-03-21 15:00:00
R-441,Gym,2026-03-21 01:35:00,2026-03-21 20:00:00
R-300,Pool,2026-03-21 01:50:00,2026-03-21 17:00:00
R-204,Pool,2026-03-21 02:20:00,2026-03-21 15:00:00
R-350,Clubhouse,2026-03-21 02:20:00,2026-03-21 17:00:00
R-232,Pool,2026-03-21 03:10:00,2026-03-21 08:00:00
R-140,Badminton,2026-03-21 03:10:00,2026-03-21 21:00:00
R-277,Badminton,2026-03-21 03:20:00,2026-03-21 21:00:00
R-350,Clubhouse,2026-03-21 03:20:00,2026-03-21 15:00:00
R-161,Pool,2026-03-21 03:50:00,2026-03-21 16:00:00
R-113,Pool,2026-03-21 03:50:00,2026-03-21 18:00:00
R-275,Pool,2026-03-21 04:05:00,2026-03-22 15:00:00
R-285,Pool,2026-03-21 05:45:00,2026-03-21 14:00:00
R-155,Gym,2026-03-21 06:30:00,2026-03-22 06:00:00
R-244,Clubhouse,2026-03-21 07:15:00,2026-03-21 19:00:00
R-222,Gym,2026-03-21 07:30:00,2026-03-21 19:00:00
R-230,Pool,2026-03-21 07:35:00,2026-03-21 17:00:00
R-443,Tennis,2026-03-21 08:00:00,2026-03-23 18:00:00
R-279,Gym,2026-03-21 08:15:00,2026-03-23 08:00:00
R-222,Badminton,2026-03-21 08:45:00,2026-03-24 20:00:00
R-123,Pool,2026-03-21 08:55:00,2026-03-21 11:00:00
R-192,Pool,2026-03-21 09:25:00,2026-03-22 11:00:00
R-161,Pool,2026-03-21 11:15:00,2026-03-22 12:00:00
R-121,Hall,2026-03-21 11:25:00,2026-03-28 16:00:00
R-161,Gym,2026-03-21 11:35:00,2026-03-21 15:00:00
R-300,Pool,2026-03-21 11:35:00,2026-03-22 10:00:00
R-310,Pool,2026-03-21 12:10:00,2026-03-22 07:00:00
R-421,Gym,2026-03-21 12:20:00,2026-03-22 08:00:00
R-272,Gym,2026-03-21 12:25:00,2026-03-21 18:00:00
R-113,Clubhouse,2026-03-21 12:35:00,2026-03-22 18:00:00
R-115,Pool,2026-03-21 13:15:00,2026-03-22 10:00:00
R-293,Badminton,2026-03-21 14:00:00,2026-03-23 21:00:00
R-431,Clubhouse,2026-03-21 14:00:00,2026-03-28 14:00:00
R-113,Clubhouse,2026-03-21 14:10:00,2026-03-22 10:00:00
R-285,Pool,2026-03-21 14:20:00,2026-03-23 11:00:00
R-121,Hall,2026-03-21 15:00:00,2026-04-04 15:00:00
R-437,Gym,2026-03-21 15:00:00,2026-03-21 21:00:00
R-432,Gym,2026-03-21 15:05:00,2026-03-22 06:00:00
R-247,Badminton,2026-03-21 15:45:00,2026-03-21 20:00:00
R-131,Gym,2026-03-21 18:45:00,2026-03-22 16:00:00
R-257,Badminton,2026-03-21 19:05:00,2026-03-23 21:00:00
R-279,Gym,2026-03-21 19:20:00,2026-03-23 06:00:00
R-257,Tennis,2026-03-21 19:55:00,2026-03-23 09:00:00
R-191,Pool,2026-03-21 20:20:00,2026-03-22 18:00:00
R-300,Gym,2026-03-21 20:40:00,2026-03-22 16:00:00
R-145,Gym,2026-03-21 20:50:00,2026-03-23 07:00:00
R-394,Gym,2026-03-21 21:10:00,2026-03-22 10:00:00
R-111,Pool,2026-03-21 21:30:00,2026-03-22 08:00:00
R-431,Clubhouse,2026-03-21 21:40:00,2026-03-22 14:00:00
R-417,Pool,2026-03-21 21:50:00,2026-03-22 10:00:00
R-392,Gym,2026-03-21 22:00:00,2026-03-22 10:00:00
R-215,Badminton,2026-03-21 22:15:00,2026-03-23 18:00:00
R-111,Pool,2026-03-21 22:40:00,2026-03-22 13:00:00
R-290,Gym,2026-03-21 23:35:00,2026-03-22 19:00:00
R-300,Gym,2026-03-22 02:10:00,2026-03-22 17:00:00
R-379,Clubhouse,2026-03-22 03:05:00,2026-03-22 15:00:00
R-197,Pool,2026-03-22 03:05:00,2026-03-22 18:00:00
R-272,Badminton,2026-03-22 03:50:00,2026-03-24 20:00:00
R-400,Pool,2026-03-22 04:05:00,2026-03-22 14:00:00
R-339,Pool,2026-03-22 04:15:00,2026-03-24 07:00:00
R-233,Pool,2026-03-22 04:15:00,2026-03-22 15:00:00
R-268,Badminton,2026-03-22 04:30:00,2026-03-22 13:00:00
R-213,Tennis,2026-03-22 05:00:00,2026-03-25 21:00:00
R-219,Badminton,2026-03-22 05:00:00,2026-03-23 19:00:00
R-431,Pool,2026-03-22 05:30:00,2026-03-22 10:00:00
R-256,Pool,2026-03-22 05:45:00,2026-03-24 08:00:00
R-357,Tennis,2026-03-22 05:50:00,2026-03-22 17:00:00
R-168,Pool,2026-03-22 06:00:00,2026-03-22 16:00:00
R-240,Gym,2026-03-22 06:30:00,2026-03-23 06:00:00
R-366,Gym,2026-03-22 06:50:00,2026-03-24 06:00:00
R-150,Gym,2026-03-22 07:10:00,2026-03-23 06:00:00
R-361,Tennis,2026-03-22 07:20:00,2026-03-23 06:00:00
R-183,Gym,2026-03-22 07:25:00,2026-03-22 16:00:00
R-244,Gym,2026-03-22 08:00:00,2026-03-23 21:00:00
R-361,Gym,2026-03-22 10:00:00,2026-03-23 08:00:00
R-219,Tennis,2026-03-22 10:20:00,2026-03-23 18:00:00
R-376,Pool,2026-03-22 10:25:00,2026-03-22 15:00:00
R-301,Pool,2026-03-22 10:25:00,2026-03-23 21:00:00
R-448,Gym,2026-03-22 10:45:00,2026-03-22 21:00:00
R-240,Tennis,2026-03-22 10:45:00,2026-03-23 18:00:00
R-414,Gym,2026-03-22 12:40:00,2026-03-23 06:00:00
R-110,Gym,2026-03-22 13:15:00,2026-03-23 06:00:00
R-269,Badminton,2026-03-22 13:45:00,2026-03-23 08:00:00
R-118,Gym,2026-03-22 13:50:00,2026-03-23 07:00:00
R-256,Tennis,2026-03-22 14:05:00,2026-03-25 08:00:00
R-159,Gym,2026-03-22 14:55:00,2026-03-23 07:00:00
R-218,Gym,2026-03-22 15:05:00,2026-03-23 18:00:00
R-295,Badminton,2026-03-22 15:25:00,2026-03-23 08:00:00
R-274,Badminton,2026-03-22 15:25:00,2026-03-23 12:00:00
R-167,Gym,2026-03-22 16:40:00,2026-03-23 08:00:00
R-393,Pool,2026-03-22 16:45:00,2026-03-24 08:00:00
R-218,Tennis,2026-03-22 16:45:00,2026-03-24 20:00:00
R-218,Badminton,2026-03-22 16:55:00,2026-03-23 19:00:00
R-307,Gym,2026-03-22 17:30:00,2026-03-23 07:00:00
R-351,Pool,2026-03-22 17:30:00,2026-03-24 17:00:00
R-240,Gym,2026-03-22 17:40:00,2026-03-23 07:00:00
R-274,Badminton,2026-03-22 17:45:00,2026-03-23 18:00:00
R-213,Gym,2026-03-22 18:15:00,2026-03-24 18:00:00
R-209,Pool,2026-03-22 18:20:00,2026-03-23 18:00:00
R-421,Gym,2026-03-22 18:30:00,2026-03-23 07:00:00
R-188,Tennis,2026-03-22 18:55:00,2026-03-23 08:00:00
R-424,Gym,2026-03-22 18:55:00,2026-03-24 07:00:00
R-121,Hall,2026-03-22 19:05:00,2026-03-29 15:00:00
R-306,Gym,2026-03-22 19:10:00,2026-03-23 07:00:00
R-358,Pool,2026-03-22 20:25:00,2026-03-23 16:00:00
R-279,Gym,2026-03-22 22:00:00,2026-03-24 06:00:00
R-166,Pool,2026-03-22 22:10:00,2026-03-24 06:00:00
R-266,Pool,2026-03-22 22:30:00,2026-03-23 12:00:00
R-105,Tennis,2026-03-22 22:30:00,2026-03-24 06:00:00
R-271,Gym,2026-03-22 22:30:00,2026-03-23 06:00:00
R-114,Gym,2026-03-22 22:40:00,2026-03-23 08:00:00
R-243,Badminton,2026-03-22 22:45:00,2026-03-23 20:00:00
R-306,Gym,2026-03-22 23:25:00,2026-03-23 06:00:00
R-116,Gym,2026-03-22 23:35:00,2026-03-23 06:00:00
R-248,Badminton,2026-03-22 23:55:00,2026-03-23 14:00:00
R-167,Gym,2026-03-23 00:15:00,2026-03-23 07:00:00
R-412,Gym,2026-03-23 00:15:00,2026-03-23 21:00:00
R-388,Badminton,2026-03-23 00:30:00,2026-03-23 19:00:00
R-403,Badminton,2026-03-23 00:40:00,2026-03-23 20:00:00
R-156,Gym,2026-03-23 00:45:00,2026-03-23 07:00:00
R-397,Gym,2026-03-23 00:45:00,2026-03-23 19:00:00
R-389,Pool,2026-03-23 01:05:00,2026-03-23 08:00:00
R-441,Tennis,2026-03-23 02:10:00,2026-03-23 19:00:00
R-446,Gym,2026-03-23 02:20:00,2026-03-23 08:00:00
R-114,Tennis,2026-03-23 02:40:00,2026-03-24 06:00:00
R-244,Gym,2026-03-23 02:50:00,2026-03-23 18:00:00
R-140,Gym,2026-03-23 02:50:00,2026-03-23 18:00:00
R-286,Badminton,2026-03-23 02:50:00,2026-03-23 19:00:00
R-142,Gym,2026-03-23 03:35:00,2026-03-23 10:00:00
R-201,Gym,2026-03-23 04:35:00,2026-03-23 17:00:00
R-212,Pool,2026-03-23 04:45:00,2026-03-23 16:00:00
R-381,Tennis,2026-03-23 06:10:00,2026-03-25 14:00:00
R-102,Gym,2026-03-23 06:25:00,2026-03-24 07:00:00
R-434,Gym,2026-03-23 07:25:00,2026-03-24 08:00:00
R-145,Gym,2026-03-23 07:45:00,2026-03-24 06:00:00
R-140,Badminton,2026-03-23 08:10:00,2026-03-23 21:00:00
R-248,Clubhouse,2026-03-23 08:25:00,2026-03-23 20:00:00
R-446,Pool,2026-03-23 08:25:00,2026-03-24 07:00:00
R-306,Gym,2026-03-23 08:35:00,2026-03-24 07:00:00
R-381,Pool,2026-03-23 08:40:00,2026-03-23 17:00:00
R-423,Gym,2026-03-23 08:45:00,2026-03-24 06:00:00
R-142,Badminton,2026-03-23 09:10:00,2026-03-24 10:00:00
R-401,Gym,2026-03-23 09:15:00,2026-03-24 08:00:00
R-247,Badminton,2026-03-23 09:15:00,2026-03-23 18:00:00
R-313,Badminton,2026-03-23 10:10:00,2026-03-24 19:00:00
R-323,Badminton,2026-03-23 10:30:00,2026-03-23 18:00:00
R-150,Gym,2026-03-23 11:15:00,2026-03-23 22:00:00
R-111,Tennis,2026-03-23 11:35:00,2026-03-24 19:00:00
R-279,Tennis,2026-03-23 11:45:00,2026-03-24 08:00:00
R-358,Tennis,2026-03-23 11:50:00,2026-03-25 07:00:00
R-243,Badminton,2026-03-23 12:00:00,2026-03-23 21:00:00
R-366,Gym,2026-03-23 12:35:00,2026-03-24 08:00:00
R-146,Gym,2026-03-23 12:45:00,2026-03-23 19:00:00
R-437,Gym,2026-03-23 13:50:00,2026-03-23 18:00:00
R-243,Badminton,2026-03-23 14:05:00,2026-03-24 19:00:00
R-229,Tennis,2026-03-23 14:15:00,2026-03-24 07:00:00
R-414,Gym,2026-03-23 14:25:00,2026-03-24 06:00:00
R-106,Pool,2026-03-23 15:35:00,2026-03-24 12:00:00
R-361,Pool,2026-03-23 16:30:00,2026-03-24 06:00:00
R-210,Pool,2026-03-23 16:40:00,2026-03-24 08:00:00
R-241,Gym,2026-03-23 17:25:00,2026-03-24 08:00:00
R-361,Pool,2026-03-23 18:10:00,2026-03-24 07:00:00
R-243,Badminton,2026-03-23 18:50:00,2026-03-24 20:00:00
R-244,Badminton,2026-03-23 19:00:00,2026-03-24 20:00:00
R-243,Gym,2026-03-23 19:30:00,2026-03-24 18:00:00
R-438,Gym,2026-03-23 20:25:00,2026-03-24 07:00:00
R-271,Tennis,2026-03-23 20:40:00,2026-03-25 06:00:00
R-140,Tennis,2026-03-23 21:00:00,2026-03-24 20:00:00
R-257,Gym,2026-03-23 21:55:00,2026-03-24 21:00:00
R-257,Gym,2026-03-23 22:00:00,2026-03-24 20:00:00
R-211,Pool,2026-03-23 22:00:00,2026-03-24 14:00:00
R-428,Gym,2026-03-23 22:15:00,2026-03-24 10:00:00
R-125,Gym,2026-03-23 22:15:00,2026-03-24 07:00:00
R-262,Hall,2026-03-23 22:40:00,2026-03-29 22:00:00
R-271,Gym,2026-03-23 23:15:00,2026-03-24 06:00:00
R-271,Gym,2026-03-23 23:45:00,2026-03-24 09:00:00
R-124,Badminton,2026-03-24 00:00:00,2026-03-24 18:00:00
R-281,Badminton,2026-03-24 00:05:00,2026-03-24 18:00:00
R-401,Gym,2026-03-24 00:10:00,2026-03-24 06:00:00
R-414,Gym,2026-03-24 00:20:00,2026-03-24 07:00:00
R-174,Gym,2026-03-24 00:50:00,2026-03-24 07:00:00
R-361,Gym,2026-03-24 00:50:00,2026-03-25 07:00:00
R-391,Gym,2026-03-24 00:55:00,2026-03-24 07:00:00
R-274,Badminton,2026-03-24 01:00:00,2026-03-25 18:00:00
R-286,Badminton,2026-03-24 01:00:00,2026-03-24 19:00:00
R-126,Badminton,2026-03-24 01:50:00,2026-03-24 13:00:00
R-221,Gym,2026-03-24 02:00:00,2026-03-24 11:00:00
R-100,Pool,2026-03-24 02:00:00,2026-03-24 18:00:00
R-304,Pool,2026-03-24 02:40:00,2026-03-24 08:00:00
R-114,Pool,2026-03-24 03:10:00,2026-03-24 08:00:00
R-212,Gym,2026-03-24 03:45:00,2026-03-24 08:00:00
R-423,Tennis,2026-03-24 03:45:00,2026-03-25 06:00:00
R-281,Tennis,2026-03-24 04:15:00,2026-03-24 19:00:00
R-296,Pool,2026-03-24 04:35:00,2026-03-24 18:00:00
R-434,Gym,2026-03-24 04:50:00,2026-03-25 22:00:00
R-353,Gym,2026-03-24 05:25:00,2026-03-24 19:00:00
R-181,Badminton,2026-03-24 06:00:00,2026-03-24 19:00:00
R-313,Gym,2026-03-24 06:10:00,2026-03-25 18:00:00
R-421,Gym,2026-03-24 06:25:00,2026-03-25 08:00:00
R-167,Gym,2026-03-24 06:30:00,2026-03-25 07:00:00
R-142,Badminton,2026-03-24 06:55:00,2026-03-24 21:00:00
R-222,Badminton,2026-03-24 07:10:00,2026-03-25 21:00:00
R-225,Gym,2026-03-24 07:45:00,2026-03-26 07:00:00
R-412,Badminton,2026-03-24 07:50:00,2026-03-24 16:00:00
R-279,Gym,2026-03-24 08:00:00,2026-03-26 08:00:00
R-247,Gym,2026-03-24 08:20:00,2026-03-24 18:00:00
R-200,Gym,2026-03-24 09:00:00,2026-03-24 18:00:00
R-353,Gym,2026-03-24 09:05:00,2026-03-24 21:00:00
R-424,Gym,2026-03-24 09:30:00,2026-03-25 06:00:00
R-391,Gym,2026-03-24 09:30:00,2026-03-24 15:00:00
R-159,Gym,2026-03-24 10:00:00,2026-03-25 06:00:00
R-446,Gym,2026-03-24 10:15:00,2026-03-24 17:00:00
R-293,Gym,2026-03-24 10:15:00,2026-03-24 19:00:00
R-443,Gym,2026-03-24 10:15:00,2026-03-24 21:00:00
R-423,Tennis,2026-03-24 10:35:00,2026-03-26 08:00:00
R-446,Tennis,2026-03-24 10:55:00,2026-03-25 07:00:00
R-284,Clubhouse,2026-03-24 11:05:00,2026-03-25 11:00:00
R-215,Gym,2026-03-24 11:30:00,2026-03-24 19:00:00
R-272,Gym,2026-03-24 11:55:00,2026-03-24 19:00:00
R-389,Gym,2026-03-24 12:40:00,2026-03-25 08:00:00
R-110,Tennis,2026-03-24 14:05:00,2026-03-26 07:00:00
R-410,Tennis,2026-03-24 14:20:00,2026-03-26 12:00:00
R-428,Gym,2026-03-24 14:25:00,2026-03-25 10:00:00
R-203,Tennis,2026-03-24 14:45:00,2026-03-25 08:00:00
R-156,Gym,2026-03-24 14:50:00,2026-03-25 06:00:00
R-298,Tennis,2026-03-24 14:55:00,2026-03-25 08:00:00
R-437,Gym,2026-03-24 15:40:00,2026-03-24 18:00:00
R-114,Tennis,2026-03-24 15:55:00,2026-03-25 08:00:00
R-351,Gym,2026-03-24 15:55:00,2026-03-25 08:00:00
R-441,Badminton,2026-03-24 16:00:00,2026-03-25 20:00:00
R-118,Gym,2026-03-24 16:00:00,2026-03-25 06:00:00
R-361,Gym,2026-03-24 16:05:00,2026-03-25 08:00:00
R-441,Gym,2026-03-24 16:20:00,2026-03-24 21:00:00
R-432,Tennis,2026-03-24 16:35:00,2026-03-26 07:00:00
R-171,Gym,2026-03-24 16:45:00,2026-03-25 08:00:00
R-167,Tennis,2026-03-24 16:55:00,2026-03-25 06:00:00
R-218,Badminton,2026-03-24 17:20:00,2026-03-25 18:00:00
R-341,Gym,2026-03-24 17:50:00,2026-03-25 06:00:00
R-102,Gym,2026-03-24 18:10:00,2026-03-25 06:00:00
R-105,Tennis,2026-03-24 18:20:00,2026-03-26 07:00:00
R-290,Gym,2026-03-24 18:45:00,2026-03-24 21:00:00
R-449,Gym,2026-03-24 19:00:00,2026-03-25 07:00:00
R-391,Gym,2026-03-24 19:00:00,2026-03-25 07:00:00
R-366,Pool,2026-03-24 19:00:00,2026-03-25 07:00:00
R-145,Gym,2026-03-24 19:05:00,2026-03-25 08:00:00
R-119,Gym,2026-03-24 19:10:00,2026-03-25 06:00:00
R-347,Gym,2026-03-24 19:15:00,2026-03-25 06:00:00
R-126,Badminton,2026-03-24 19:20:00,2026-03-25 18:00:00
R-142,Badminton,2026-03-24 19:35:00,2026-03-25 11:00:00
R-225,Gym,2026-03-24 19:45:00,2026-03-26 09:00:00
R-418,Tennis,2026-03-24 19:50:00,2026-03-25 13:00:00
R-140,Gym,2026-03-24 19:55:00,2026-03-26 19:00:00
R-401,Gym,2026-03-24 20:10:00,2026-03-25 06:00:00
R-150,Gym,2026-03-24 20:35:00,2026-03-25 07:00:00
R-244,Badminton,2026-03-24 20:45:00,2026-03-25 21:00:00
R-428,Gym,2026-03-24 21:35:00,2026-03-25 07:00:00
R-215,Badminton,2026-03-24 22:05:00,2026-03-25 19:00:00
R-212,Tennis,2026-03-24 22:20:00,2026-03-26 19:00:00
R-312,Badminton,2026-03-24 22:20:00,2026-03-25 15:00:00
R-144,Tennis,2026-03-24 22:30:00,2026-03-25 06:00:00
R-371,Gym,2026-03-24 22:40:00,2026-03-25 07:00:00
R-286,Badminton,2026-03-24 23:10:00,2026-03-25 20:00:00
R-118,Tennis,2026-03-24 23:30:00,2026-03-26 08:00:00
R-174,Gym,2026-03-24 23:40:00,2026-03-25 07:00:00
R-145,Gym,2026-03-24 23:50:00,2026-03-25 07:00:00
R-203,Tennis,2026-03-24 23:55:00,2026-03-25 17:00:00
R-261,Badminton,2026-03-25 00:00:00,2026-03-25 21:00:00
R-370,Gym,2026-03-25 00:00:00,2026-03-25 06:00:00
R-125,Gym,2026-03-25 00:30:00,2026-03-25 07:00:00
R-102,Gym,2026-03-25 01:10:00,2026-03-25 07:00:00
R-281,Tennis,2026-03-25 02:05:00,2026-03-26 19:00:00
R-404,Badminton,2026-03-25 02:55:00,2026-03-25 19:00:00
R-210,Gym,2026-03-25 03:10:00,2026-03-26 08:00:00
R-246,Pool,2026-03-25 03:35:00,2026-03-25 08:00:00
R-156,Gym,2026-03-25 03:50:00,2026-03-25 08:00:00
R-208,Badminton,2026-03-25 04:00:00,2026-03-26 19:00:00
R-208,Tennis,2026-03-25 04:05:00,2026-03-25 19:00:00
R-324,Badminton,2026-03-25 04:05:00,2026-03-25 18:00:00
R-412,Pool,2026-03-25 05:00:00,2026-03-25 18:00:00
R-116,Tennis,2026-03-25 05:45:00,2026-03-26 07:00:00
R-413,Tennis,2026-03-25 05:50:00,2026-03-26 08:00:00
R-114,Tennis,2026-03-25 06:05:00,2026-03-26 06:00:00
R-341,Pool,2026-03-25 06:45:00,2026-03-26 06:00:00
R-441,Gym,2026-03-25 07:05:00,2026-03-25 19:00:00
R-380,Pool,2026-03-25 07:50:00,2026-03-25 18:00:00
R-341,Gym,2026-03-25 08:00:00,2026-03-26 07:00:00
R-423,Gym,2026-03-25 08:15:00,2026-03-26 06:00:00
R-155,Gym,2026-03-25 08:15:00,2026-03-25 22:00:00
R-219,Badminton,2026-03-25 08:20:00,2026-03-25 21:00:00
R-339,Pool,2026-03-25 08:50:00,2026-03-26 07:00:00
R-277,Badminton,2026-03-25 09:10:00,2026-03-25 20:00:00
R-373,Gym,2026-03-25 09:10:00,2026-03-25 21:00:00
R-323,Badminton,2026-03-25 09:20:00,2026-03-25 19:00:00
R-277,Badminton,2026-03-25 09:40:00,2026-03-26 21:00:00
R-448,Gym,2026-03-25 09:45:00,2026-03-25 20:00:00
R-437,Badminton,2026-03-25 10:15:00,2026-03-26 20:00:00
R-397,Badminton,2026-03-25 10:25:00,2026-03-26 19:00:00
R-227,Pool,2026-03-25 10:55:00,2026-03-26 13:00:00
R-142,Tennis,2026-03-25 11:05:00,2026-03-26 20:00:00
R-221,Gym,2026-03-25 11:20:00,2026-03-26 06:00:00
R-223,Pool,2026-03-25 11:45:00,2026-03-25 15:00:00
R-227,Gym,2026-03-25 12:05:00,2026-03-25 19:00:00
R-112,Gym,2026-03-25 12:40:00,2026-03-26 07:00:00
R-397,Gym,2026-03-25 12:45:00,2026-03-25 19:00:00
R-397,Gym,2026-03-25 13:50:00,2026-03-25 20:00:00
R-179,Gym,2026-03-25 13:55:00,2026-03-25 20:00:00
R-420,Gym,2026-03-25 14:30:00,2026-03-26 07:00:00
R-435,Clubhouse,2026-03-25 15:15:00,2026-04-01 15:00:00
R-234,Pool,2026-03-25 15:45:00,2026-03-26 07:00:00
R-309,Clubhouse,2026-03-25 15:55:00,2026-04-01 10:00:00
R-434,Gym,2026-03-25 16:00:00,2026-03-26 06:00:00
R-358,Gym,2026-03-25 16:05:00,2026-03-26 08:00:00
R-102,Gym,2026-03-25 16:20:00,2026-03-26 07:00:00
R-112,Gym,2026-03-25 16:50:00,2026-03-26 08:00:00
R-240,Gym,2026-03-25 17:15:00,2026-03-26 06:00:00
R-391,Gym,2026-03-25 17:15:00,2026-03-27 07:00:00
R-171,Gym,2026-03-25 17:40:00,2026-03-26 07:00:00
R-443,Badminton,2026-03-25 17:50:00,2026-03-27 20:00:00
R-285,Clubhouse,2026-03-25 18:05:00,2026-03-28 15:00:00
R-213,Tennis,2026-03-25 18:25:00,2026-03-30 18:00:00
R-449,Badminton,2026-03-25 18:30:00,2026-03-26 17:00:00
R-149,Gym,2026-03-25 18:35:00,2026-03-25 21:00:00
R-257,Badminton,2026-03-25 18:40:00,2026-03-26 18:00:00
R-188,Gym,2026-03-25 18:50:00,2026-03-26 07:00:00
R-133,Clubhouse,2026-03-25 19:00:00,2026-03-28 11:00:00
R-156,Gym,2026-03-25 20:00:00,2026-03-26 06:00:00
R-105,Gym,2026-03-25 20:05:00,2026-03-26 06:00:00
R-329,Gym,2026-03-25 20:50:00,2026-03-27 08:00:00
R-288,Hall,2026-03-25 21:25:00,2026-03-29 16:00:00
R-218,Gym,2026-03-25 22:35:00,2026-03-26 21:00:00
R-281,Gym,2026-03-25 22:45:00,2026-03-26 18:00:00
R-365,Gym,2026-03-25 23:10:00,2026-03-26 21:00:00
R-295,Tennis,2026-03-25 23:30:00,2026-03-27 21:00:00
R-414,Gym,2026-03-25 23:35:00,2026-03-26 08:00:00
R-329,Gym,2026-03-25 23:35:00,2026-03-26 08:00:00
R-424,Gym,2026-03-25 23:40:00,2026-03-26 06:00:00
R-228,Gym,2026-03-26 00:00:00,2026-03-26 19:00:00
R-104,Badminton,2026-03-26 00:05:00,2026-03-26 21:00:00
R-449,Clubhouse,2026-03-26 00:10:00,2026-03-29 18:00:00
R-159,Tennis,2026-03-26 00:35:00,2026-03-26 21:00:00
R-331,Badminton,2026-03-26 00:55:00,2026-03-26 21:00:00
R-428,Gym,2026-03-26 01:00:00,2026-03-26 08:00:00
R-171,Gym,2026-03-26 01:00:00,2026-03-27 08:00:00
R-255,Clubhouse,2026-03-26 01:05:00,2026-03-28 14:00:00
R-105,Gym,2026-03-26 01:55:00,2026-03-26 14:00:00
R-423,Gym,2026-03-26 02:10:00,2026-03-26 20:00:00
R-173,Badminton,2026-03-26 02:45:00,2026-03-26 18:00:00
R-330,Badminton,2026-03-26 02:45:00,2026-03-26 20:00:00
R-391,Tennis,2026-03-26 02:45:00,2026-03-26 21:00:00
R-174,Gym,2026-03-26 03:00:00,2026-03-26 15:00:00
R-303,Tennis,2026-03-26 03:20:00,2026-03-28 12:00:00
R-184,Hall,2026-03-26 03:30:00,2026-03-29 12:00:00
R-397,Badminton,2026-03-26 04:40:00,2026-03-26 18:00:00
R-272,Gym,2026-03-26 05:55:00,2026-03-26 18:00:00
R-146,Badminton,2026-03-26 06:10:00,2026-03-27 08:00:00
R-434,Tennis,2026-03-26 06:25:00,2026-03-27 08:00:00
R-248,Badminton,2026-03-26 06:25:00,2026-03-26 21:00:00
R-243,Gym,2026-03-26 07:15:00,2026-03-26 19:00:00
R-252,Badminton,2026-03-26 07:25:00,2026-03-26 18:00:00
R-203,Gym,2026-03-26 07:25:00,2026-03-26 16:00:00
R-408,Clubhouse,2026-03-26 07:45:00,2026-03-28 18:00:00
R-424,Gym,2026-03-26 08:30:00,2026-03-27 08:00:00
R-418,Gym,2026-03-26 08:35:00,2026-03-27 08:00:00
R-422,Gym,2026-03-26 09:05:00,2026-03-26 17:00:00
R-227,Gym,2026-03-26 09:15:00,2026-03-26 15:00:00
R-174,Tennis,2026-03-26 09:45:00,2026-03-26 20:00:00
R-286,Badminton,2026-03-26 10:10:00,2026-03-27 12:00:00
R-312,Pool,2026-03-26 10:15:00,2026-03-28 17:00:00
R-215,Badminton,2026-03-26 10:50:00,2026-03-28 21:00:00
R-347,Gym,2026-03-26 11:25:00,2026-03-27 06:00:00
R-249,Tennis,2026-03-26 11:50:00,2026-03-29 20:00:00
R-389,Gym,2026-03-26 11:55:00,2026-03-27 07:00:00
R-404,Gym,2026-03-26 12:25:00,2026-03-27 19:00:00
R-198,Gym,2026-03-26 12:30:00,2026-03-27 06:00:00
R-211,Pool,2026-03-26 12:35:00,2026-03-27 17:00:00
R-323,Gym,2026-03-26 12:35:00,2026-03-26 21:00:00
R-412,Gym,2026-03-26 12:45:00,2026-03-26 18:00:00
R-388,Tennis,2026-03-26 13:05:00,2026-03-28 18:00:00
R-286,Gym,2026-03-26 13:15:00,2026-03-26 20:00:00
R-424,Tennis,2026-03-26 13:30:00,2026-03-28 07:00:00
R-159,Gym,2026-03-26 13:55:00,2026-03-27 08:00:00
R-225,Gym,2026-03-26 14:05:00,2026-03-27 07:00:00
R-274,Badminton,2026-03-26 14:10:00,2026-03-27 21:00:00
R-281,Gym,2026-03-26 14:20:00,2026-03-27 19:00:00
R-210,Gym,2026-03-26 15:30:00,2026-03-27 07:00:00
R-286,Tennis,2026-03-26 15:35:00,2026-03-27 21:00:00
R-110,Gym,2026-03-26 15:40:00,2026-03-27 06:00:00
R-123,Clubhouse,2026-03-26 15:45:00,2026-03-28 16:00:00
R-112,Gym,2026-03-26 15:45:00,2026-03-27 06:00:00
R-272,Gym,2026-03-26 15:50:00,2026-03-26 20:00:00
R-137,Gym,2026-03-26 16:00:00,2026-03-26 19:00:00
R-118,Gym,2026-03-26 16:00:00,2026-03-27 07:00:00
R-217,Clubhouse,2026-03-26 16:30:00,2026-03-28 14:00:00
R-132,Pool,2026-03-26 16:35:00,2026-03-28 14:00:00
R-428,Gym,2026-03-26 16:35:00,2026-03-27 07:00:00
R-163,Gym,2026-03-26 17:20:00,2026-03-27 08:00:00
R-219,Gym,2026-03-26 17:25:00,2026-03-28 06:00:00
R-173,Badminton,2026-03-26 17:30:00,2026-03-27 20:00:00
R-256,Gym,2026-03-26 17:40:00,2026-03-27 11:00:00
R-393,Gym,2026-03-26 17:45:00,2026-03-27 08:00:00
R-358,Gym,2026-03-26 18:20:00,2026-03-27 07:00:00
R-391,Gym,2026-03-26 19:25:00,2026-03-27 08:00:00
R-330,Badminton,2026-03-26 19:50:00,2026-03-27 18:00:00
R-145,Gym,2026-03-26 19:55:00,2026-03-27 08:00:00
R-210,Gym,2026-03-26 20:15:00,2026-03-27 06:00:00
R-306,Gym,2026-03-26 20:25:00,2026-03-27 07:00:00
R-435,Gym,2026-03-26 20:40:00,2026-03-27 11:00:00
R-221,Gym,2026-03-26 20:50:00,2026-03-27 07:00:00
R-216,Gym,2026-03-26 21:10:00,2026-03-27 07:00:00
R-155,Gym,2026-03-26 21:30:00,2026-03-27 08:00:00
R-385,Hall,2026-03-26 21:35:00,2026-03-29 18:00:00
R-198,Gym,2026-03-26 21:40:00,2026-03-27 07:00:00
R-381,Badminton,2026-03-26 21:50:00,2026-03-28 08:00:00
R-215,Tennis,2026-03-26 22:20:00,2026-03-27 19:00:00
R-229,Gym,2026-03-26 22:25:00,2026-03-27 17:00:00
R-388,Gym,2026-03-26 22:35:00,2026-03-27 19:00:00
R-150,Gym,2026-03-26 22:40:00,2026-03-27 06:00:00
R-173,Badminton,2026-03-26 22:45:00,2026-03-28 20:00:00
R-231,Badminton,2026-03-26 22:55:00,2026-03-27 18:00:00
R-389,Tennis,2026-03-26 23:45:00,2026-03-27 08:00:00
R-332,Clubhouse,2026-03-27 00:05:00,2026-03-28 16:00:00
R-111,Pool,2026-03-27 00:30:00,2026-03-27 10:00:00
R-424,Gym,2026-03-27 00:45:00,2026-03-27 07:00:00
R-268,Badminton,2026-03-27 01:00:00,2026-03-27 14:00:00
R-377,Gym,2026-03-27 01:00:00,2026-03-27 12:00:00
R-102,Gym,2026-03-27 01:05:00,2026-03-27 06:00:00
R-187,Tennis,2026-03-27 01:25:00,2026-03-27 18:00:00
R-306,Tennis,2026-03-27 01:25:00,2026-03-29 06:00:00
R-105,Gym,2026-03-27 01:35:00,2026-03-27 10:00:00
R-102,Tennis,2026-03-27 02:20:00,2026-03-29 10:00:00
R-400,Gym,2026-03-27 03:00:00,2026-03-28 11:00:00
R-170,Gym,2026-03-27 03:15:00,2026-03-28 07:00:00
R-149,Gym,2026-03-27 03:40:00,2026-03-27 18:00:00
R-436,Tennis,2026-03-27 03:45:00,2026-03-28 11:00:00
R-218,Tennis,2026-03-27 04:35:00,2026-03-27 16:00:00
R-275,Pool,2026-03-27 04:40:00,2026-03-29 17:00:00
R-210,Gym,2026-03-27 05:00:00,2026-03-27 13:00:00
R-212,Pool,2026-03-27 05:10:00,2026-03-27 17:00:00
R-102,Gym,2026-03-27 05:45:00,2026-03-27 13:00:00
R-314,Gym,2026-03-27 07:00:00,2026-03-27 19:00:00
R-447,Badminton,2026-03-27 07:25:00,2026-03-27 19:00:00
R-126,Badminton,2026-03-27 07:25:00,2026-03-27 21:00:00
R-215,Gym,2026-03-27 08:50:00,2026-03-28 19:00:00
R-149,Badminton,2026-03-27 08:55:00,2026-03-28 10:00:00
R-230,Pool,2026-03-27 09:25:00,2026-03-28 16:00:00
R-179,Badminton,2026-03-27 09:40:00,2026-03-27 19:00:00
R-335,Pool,2026-03-27 10:05:00,2026-03-27 21:00:00
R-220,Gym,2026-03-27 10:20:00,2026-03-28 11:00:00
R-397,Badminton,2026-03-27 10:20:00,2026-03-27 19:00:00
R-212,Tennis,2026-03-27 11:15:00,2026-03-29 08:00:00
R-381,Pool,2026-03-27 11:20:00,2026-03-29 08:00:00
R-106,Pool,2026-03-27 11:45:00,2026-03-27 19:00:00
R-417,Pool,2026-03-27 11:45:00,2026-03-28 11:00:00
R-119,Gym,2026-03-27 11:55:00,2026-03-27 20:00:00
R-213,Badminton,2026-03-27 12:10:00,2026-03-28 21:00:00
R-368,Hall,2026-03-27 12:15:00,2026-04-10 12:00:00
R-126,Gym,2026-03-27 13:20:00,2026-03-27 19:00:00
R-361,Gym,2026-03-27 13:50:00,2026-03-28 08:00:00
R-428,Tennis,2026-03-27 14:50:00,2026-03-31 08:00:00
R-437,Gym,2026-03-27 15:00:00,2026-03-27 21:00:00
R-152,Clubhouse,2026-03-27 15:20:00,2026-03-29 10:00:00
R-428,Pool,2026-03-27 16:15:00,2026-03-28 07:00:00
R-230,Pool,2026-03-27 17:00:00,2026-03-28 11:00:00
R-428,Tennis,2026-03-27 17:40:00,2026-03-31 06:00:00
R-300,Pool,2026-03-27 17:45:00,2026-03-29 14:00:00
R-197,Gym,2026-03-27 17:50:00,2026-03-28 18:00:00
R-363,Pool,2026-03-27 17:55:00,2026-03-28 15:00:00
R-435,Pool,2026-03-27 18:10:00,2026-03-28 11:00:00
R-145,Gym,2026-03-27 18:20:00,2026-03-28 08:00:00
R-193,Pool,2026-03-27 19:10:00,2026-03-28 07:00:00
R-244,Gym,2026-03-27 19:15:00,2026-03-28 20:00:00
R-257,Badminton,2026-03-27 19:25:00,2026-03-28 20:00:00
R-165,Clubhouse,2026-03-27 20:00:00,2026-03-28 12:00:00
R-230,Pool,2026-03-27 20:10:00,2026-03-29 17:00:00
R-138,Clubhouse,2026-03-27 21:05:00,2026-03-28 14:00:00
R-167,Gym,2026-03-27 21:20:00,2026-03-28 08:00:00
R-189,Badminton,2026-03-27 21:30:00,2026-03-28 17:00:00
R-211,Clubhouse,2026-03-27 22:35:00,2026-03-28 10:00:00
R-400,Pool,2026-03-27 23:15:00,2026-03-28 16:00:00
R-304,Gym,2026-03-27 23:25:00,2026-03-28 07:00:00
R-113,Pool,2026-03-27 23:45:00,2026-03-29 11:00:00
R-168,Badminton,2026-03-27 23:45:00,2026-03-28 10:00:00
R-168,Pool,2026-03-27 23:50:00,2026-03-28 14:00:00
R-231,Badminton,2026-03-28 00:25:00,2026-03-28 19:00:00
R-337,Pool,2026-03-28 01:00:00,2026-03-28 15:00:00
R-152,Pool,2026-03-28 01:10:00,2026-03-29 16:00:00
R-282,Pool,2026-03-28 01:45:00,2026-03-28 18:00:00
R-104,Gym,2026-03-28 03:05:00,2026-03-28 21:00:00
R-203,Gym,2026-03-28 03:10:00,2026-03-29 06:00:00
R-380,Gym,2026-03-28 03:25:00,2026-03-28 08:00:00
R-401,Gym,2026-03-28 04:10:00,2026-03-28 08:00:00
R-146,Gym,2026-03-28 04:30:00,2026-03-28 19:00:00
R-391,Hall,2026-03-28 04:40:00,2026-04-03 09:00:00
R-142,Gym,2026-03-28 05:25:00,2026-03-28 18:00:00
R-183,Pool,2026-03-28 05:50:00,2026-03-28 16:00:00
R-177,Pool,2026-03-28 07:40:00,2026-03-28 19:00:00
R-437,Badminton,2026-03-28 07:45:00,2026-03-29 21:00:00
R-391,Tennis,2026-03-28 07:50:00,2026-03-30 06:00:00
R-252,Badminton,2026-03-28 08:10:00,2026-03-28 21:00:00
R-448,Badminton,2026-03-28 08:30:00,2026-03-28 20:00:00
R-320,Gym,2026-03-28 08:40:00,2026-03-30 08:00:00
R-227,Gym,2026-03-28 09:15:00,2026-03-28 21:00:00
R-356,Pool,2026-03-28 09:30:00,2026-03-29 18:00:00
R-257,Badminton,2026-03-28 09:45:00,2026-03-28 19:00:00
R-292,Pool,2026-03-28 09:45:00,2026-03-28 17:00:00
R-279,Tennis,2026-03-28 10:50:00,2026-03-30 12:00:00
R-236,Clubhouse,2026-03-28 10:55:00,2026-04-04 10:00:00
R-149,Gym,2026-03-28 11:00:00,2026-03-28 20:00:00
R-113,Pool,2026-03-28 11:20:00,2026-03-28 18:00:00
R-437,Badminton,2026-03-28 11:30:00,2026-03-28 19:00:00
R-397,Gym,2026-03-28 11:50:00,2026-03-28 19:00:00
R-259,Gym,2026-03-28 12:00:00,2026-03-29 11:00:00
R-183,Gym,2026-03-28 12:15:00,2026-03-28 17:00:00
R-214,Pool,2026-03-28 12:15:00,2026-03-29 06:00:00
R-192,Pool,2026-03-28 12:45:00,2026-03-28 18:00:00
R-159,Gym,2026-03-28 12:55:00,2026-03-30 10:00:00
R-281,Gym,2026-03-28 13:00:00,2026-03-28 20:00:00
R-344,Pool,2026-03-28 13:50:00,2026-03-29 14:00:00
R-231,Badminton,2026-03-28 14:05:00,2026-03-29 18:00:00
R-149,Gym,2026-03-28 15:00:00,2026-03-28 21:00:00
R-132,Clubhouse,2026-03-28 15:05:00,2026-03-29 22:00:00
R-233,Pool,2026-03-28 15:50:00,2026-03-29 11:00:00
R-370,Tennis,2026-03-28 16:20:00,2026-03-30 08:00:00
R-425,Tennis,2026-03-28 16:20:00,2026-03-29 08:00:00
R-431,Pool,2026-03-28 16:20:00,2026-03-29 17:00:00
R-167,Tennis,2026-03-28 16:30:00,2026-04-01 07:00:00
R-117,Tennis,2026-03-28 16:45:00,2026-03-30 06:00:00
R-312,Pool,2026-03-28 18:25:00,2026-03-29 10:00:00
R-247,Gym,2026-03-28 18:45:00,2026-03-29 17:00:00
R-449,Gym,2026-03-28 19:40:00,2026-03-29 12:00:00
R-435,Pool,2026-03-28 19:40:00,2026-03-29 11:00:00
R-306,Gym,2026-03-28 19:40:00,2026-03-30 06:00:00
R-285,Pool,2026-03-28 19:50:00,2026-03-29 09:00:00
R-425,Tennis,2026-03-28 19:55:00,2026-03-29 18:00:00
R-286,Gym,2026-03-28 21:40:00,2026-03-29 20:00:00
R-418,Clubhouse,2026-03-28 21:45:00,2026-03-31 17:00:00
R-386,Clubhouse,2026-03-28 22:35:00,2026-03-29 10:00:00
R-220,Gym,2026-03-28 22:45:00,2026-03-29 18:00:00
R-388,Badminton,2026-03-28 23:35:00,2026-03-30 19:00:00
R-371,Pool,2026-03-28 23:40:00,2026-03-29 06:00:00
R-435,Pool,2026-03-29 00:45:00,2026-03-29 16:00:00
R-218,Badminton,2026-03-29 01:05:00,2026-03-30 21:00:00
R-197,Pool,2026-03-29 02:10:00,2026-03-29 16:00:00
R-279,Tennis,2026-03-29 02:15:00,2026-03-31 13:00:00
R-209,Gym,2026-03-29 02:25:00,2026-03-29 07:00:00
R-219,Gym,2026-03-29 02:55:00,2026-03-30 11:00:00
R-183,Clubhouse,2026-03-29 03:05:00,2026-03-29 15:00:00
R-240,Gym,2026-03-29 03:10:00,2026-03-29 08:00:00
R-192,Clubhouse,2026-03-29 03:30:00,2026-03-29 15:00:00
R-300,Gym,2026-03-29 03:40:00,2026-03-29 15:00:00
R-225,Pool,2026-03-29 03:40:00,2026-03-31 06:00:00
R-197,Pool,2026-03-29 03:55:00,2026-03-29 11:00:00
R-363,Clubhouse,2026-03-29 04:30:00,2026-03-29 16:00:00
R-195,Pool,2026-03-29 04:35:00,2026-03-29 17:00:00
R-156,Badminton,2026-03-29 06:05:00,2026-03-30 08:00:00
R-145,Gym,2026-03-29 06:15:00,2026-03-30 07:00:00
R-351,Gym,2026-03-29 06:20:00,2026-03-30 06:00:00
R-159,Gym,2026-03-29 06:20:00,2026-03-31 06:00:00
R-248,Pool,2026-03-29 07:15:00,2026-03-30 18:00:00
R-192,Pool,2026-03-29 07:20:00,2026-03-29 14:00:00
R-219,Badminton,2026-03-29 07:50:00,2026-03-30 18:00:00
R-384,Clubhouse,2026-03-29 08:05:00,2026-04-04 16:00:00
R-350,Badminton,2026-03-29 08:20:00,2026-03-29 16:00:00
R-392,Gym,2026-03-29 08:20:00,2026-03-29 18:00:00
R-423,Gym,2026-03-29 08:40:00,2026-03-30 08:00:00
R-374,Tennis,2026-03-29 08:50:00,2026-03-31 20:00:00
R-221,Tennis,2026-03-29 08:55:00,2026-03-30 06:00:00
R-240,Gym,2026-03-29 09:05:00,2026-03-30 07:00:00
R-198,Gym,2026-03-29 10:20:00,2026-03-30 07:00:00
R-132,Tennis,2026-03-29 11:15:00,2026-03-31 18:00:00
R-420,Gym,2026-03-29 12:05:00,2026-03-29 22:00:00
R-134,Hall,2026-03-29 12:30:00,2026-04-12 12:00:00
R-366,Gym,2026-03-29 12:45:00,2026-03-30 08:00:00
R-424,Gym,2026-03-29 14:05:00,2026-03-30 08:00:00
R-336,Pool,2026-03-29 14:20:00,2026-03-29 18:00:00
R-432,Gym,2026-03-29 14:45:00,2026-03-30 06:00:00
R-173,Badminton,2026-03-29 14:45:00,2026-03-30 18:00:00
R-159,Gym,2026-03-29 15:10:00,2026-03-30 07:00:00
R-401,Gym,2026-03-29 15:50:00,2026-03-30 08:00:00
R-150,Gym,2026-03-29 17:05:00,2026-03-30 08:00:00
R-105,Gym,2026-03-29 17:25:00,2026-03-30 08:00:00
R-401,Tennis,2026-03-29 18:00:00,2026-03-30 16:00:00
R-428,Gym,2026-03-29 18:00:00,2026-03-30 08:00:00
R-252,Badminton,2026-03-29 19:10:00,2026-03-31 12:00:00
R-277,Badminton,2026-03-29 20:15:00,2026-03-30 20:00:00
R-353,Tennis,2026-03-29 20:30:00,2026-03-31 17:00:00
R-369,Gym,2026-03-29 20:35:00,2026-03-30 07:00:00
R-119,Gym,2026-03-29 20:50:00,2026-03-30 07:00:00
R-174,Gym,2026-03-29 21:25:00,2026-03-30 07:00:00
R-194,Gym,2026-03-29 21:40:00,2026-03-30 08:00:00
R-434,Pool,2026-03-29 21:50:00,2026-03-30 06:00:00
R-370,Gym,2026-03-29 22:10:00,2026-03-30 07:00:00
R-269,Pool,2026-03-29 23:00:00,2026-03-31 18:00:00
R-248,Badminton,2026-03-29 23:45:00,2026-03-31 20:00:00
R-146,Badminton,2026-03-30 00:15:00,2026-03-30 20:00:00
R-155,Gym,2026-03-30 00:25:00,2026-03-30 08:00:00
R-403,Badminton,2026-03-30 00:35:00,2026-03-30 21:00:00
R-361,Pool,2026-03-30 01:05:00,2026-03-31 07:00:00
R-210,Pool,2026-03-30 01:15:00,2026-03-30 08:00:00
R-304,Gym,2026-03-30 01:30:00,2026-03-30 08:00:00
R-187,Badminton,2026-03-30 01:45:00,2026-03-30 18:00:00
R-341,Pool,2026-03-30 01:50:00,2026-03-31 06:00:00
R-313,Badminton,2026-03-30 01:50:00,2026-03-30 20:00:00
R-243,Pool,2026-03-30 02:25:00,2026-03-30 20:00:00
R-222,Badminton,2026-03-30 02:35:00,2026-03-30 22:00:00
R-385,Hall,2026-03-30 03:00:00,2026-04-05 19:00:00
R-261,Gym,2026-03-30 04:20:00,2026-03-30 21:00:00
R-306,Tennis,2026-03-30 05:15:00,2026-03-31 08:00:00
R-268,Pool,2026-03-30 05:45:00,2026-03-30 19:00:00
R-272,Badminton,2026-03-30 06:05:00,2026-03-30 19:00:00
R-424,Gym,2026-03-30 06:25:00,2026-03-30 14:00:00
R-306,Gym,2026-03-30 06:35:00,2026-03-31 07:00:00
R-122,Badminton,2026-03-30 06:35:00,2026-03-31 08:00:00
R-150,Gym,2026-03-30 06:50:00,2026-03-31 06:00:00
R-177,Pool,2026-03-30 07:05:00,2026-03-30 17:00:00
R-231,Badminton,2026-03-30 07:05:00,2026-03-30 20:00:00
R-233,Clubhouse,2026-03-30 07:20:00,2026-04-04 17:00:00
R-150,Gym,2026-03-30 07:55:00,2026-03-31 08:00:00
R-155,Gym,2026-03-30 08:45:00,2026-04-01 08:00:00
R-193,Pool,2026-03-30 10:00:00,2026-03-31 19:00:00
R-370,Gym,2026-03-30 10:20:00,2026-03-31 08:00:00
R-239,Badminton,2026-03-30 10:40:00,2026-03-30 19:00:00
R-181,Clubhouse,2026-03-30 10:45:00,2026-04-01 19:00:00
R-125,Gym,2026-03-30 11:20:00,2026-03-31 08:00:00
R-306,Tennis,2026-03-30 11:20:00,2026-03-31 09:00:00
R-200,Gym,2026-03-30 11:20:00,2026-03-30 17:00:00
R-118,Gym,2026-03-30 11:35:00,2026-03-31 07:00:00
R-434,Gym,2026-03-30 11:55:00,2026-03-31 06:00:00
R-146,Gym,2026-03-30 12:00:00,2026-03-30 21:00:00
R-227,Gym,2026-03-30 12:30:00,2026-03-30 18:00:00
R-279,Gym,2026-03-30 13:10:00,2026-03-31 08:00:00
R-293,Tennis,2026-03-30 13:25:00,2026-03-30 19:00:00
R-227,Tennis,2026-03-30 13:40:00,2026-03-31 18:00:00
R-234,Gym,2026-03-30 13:55:00,2026-03-31 07:00:00
R-119,Tennis,2026-03-30 15:05:00,2026-03-31 06:00:00
R-180,Pool,2026-03-30 15:10:00,2026-04-01 10:00:00
R-414,Gym,2026-03-30 15:40:00,2026-03-31 06:00:00
R-155,Pool,2026-03-30 16:20:00,2026-03-31 08:00:00
R-167,Gym,2026-03-30 16:35:00,2026-03-31 10:00:00
R-108,Pool,2026-03-30 17:45:00,2026-03-31 12:00:00
R-267,Badminton,2026-03-30 18:10:00,2026-04-01 21:00:00
R-314,Badminton,2026-03-30 18:20:00,2026-03-31 06:00:00
R-240,Gym,2026-03-30 18:40:00,2026-03-31 07:00:00
R-119,Pool,2026-03-30 18:55:00,2026-03-31 08:00:00
R-414,Gym,2026-03-30 19:25:00,2026-03-31 19:00:00
R-167,Gym,2026-03-30 19:30:00,2026-04-01 06:00:00
R-366,Pool,2026-03-30 19:55:00,2026-04-02 06:00:00
R-271,Gym,2026-03-30 20:00:00,2026-03-31 06:00:00
R-272,Badminton,2026-03-30 20:05:00,2026-03-31 11:00:00
R-125,Tennis,2026-03-30 20:05:00,2026-04-01 08:00:00
R-285,Clubhouse,2026-03-30 20:10:00,2026-04-05 14:00:00
R-145,Gym,2026-03-30 20:30:00,2026-03-31 07:00:00
R-156,Gym,2026-03-30 20:45:00,2026-03-31 07:00:00
R-225,Gym,2026-03-30 20:50:00,2026-03-31 07:00:00
R-339,Gym,2026-03-30 21:10:00,2026-03-31 07:00:00
R-155,Gym,2026-03-30 21:40:00,2026-04-01 20:00:00
R-110,Gym,2026-03-30 21:45:00,2026-04-01 08:00:00
R-353,Badminton,2026-03-30 21:55:00,2026-03-31 19:00:00
R-414,Gym,2026-03-30 21:55:00,2026-03-31 11:00:00
R-119,Gym,2026-03-30 22:05:00,2026-03-31 10:00:00
R-215,Badminton,2026-03-30 22:10:00,2026-04-01 18:00:00
R-397,Badminton,2026-03-30 22:50:00,2026-03-31 21:00:00
R-121,Hall,2026-03-30 22:55:00,2026-04-05 15:00:00
R-323,Gym,2026-03-30 23:05:00,2026-03-31 12:00:00
R-174,Pool,2026-03-30 23:05:00,2026-03-31 06:00:00
R-361,Tennis,2026-03-30 23:15:00,2026-04-01 07:00:00
R-397,Badminton,2026-03-30 23:15:00,2026-03-31 18:00:00
R-218,Gym,2026-03-30 23:50:00,2026-03-31 19:00:00
R-441,Badminton,2026-03-31 00:10:00,2026-03-31 18:00:00
R-120,Badminton,2026-03-31 00:25:00,2026-04-01 12:00:00
R-401,Pool,2026-03-31 00:25:00,2026-03-31 07:00:00
R-159,Pool,2026-03-31 00:45:00,2026-04-01 06:00:00
R-221,Tennis,2026-03-31 00:50:00,2026-03-31 07:00:00
R-268,Badminton,2026-03-31 00:55:00,2026-03-31 19:00:00
R-174,Gym,2026-03-31 01:15:00,2026-03-31 07:00:00
R-380,Pool,2026-03-31 02:30:00,2026-03-31 07:00:00
R-179,Badminton,2026-03-31 02:40:00,2026-04-01 10:00:00
R-309,Clubhouse,2026-03-31 02:40:00,2026-04-05 17:00:00
R-246,Gym,2026-03-31 02:50:00,2026-03-31 08:00:00
R-438,Tennis,2026-03-31 03:00:00,2026-04-01 08:00:00
R-274,Gym,2026-03-31 03:35:00,2026-03-31 11:00:00
R-225,Gym,2026-03-31 03:45:00,2026-04-01 07:00:00
R-285,Clubhouse,2026-03-31 04:10:00,2026-04-04 15:00:00
R-401,Tennis,2026-03-31 04:15:00,2026-04-01 07:00:00
R-215,Badminton,2026-03-31 04:30:00,2026-03-31 21:00:00
R-156,Gym,2026-03-31 04:50:00,2026-04-01 06:00:00
R-448,Gym,2026-03-31 05:25:00,2026-03-31 19:00:00
R-306,Pool,2026-03-31 05:25:00,2026-03-31 21:00:00
R-105,Tennis,2026-03-31 05:50:00,2026-04-03 06:00:00
R-305,Gym,2026-03-31 06:00:00,2026-04-02 06:00:00
R-279,Tennis,2026-03-31 06:05:00,2026-04-01 07:00:00
R-365,Pool,2026-03-31 06:20:00,2026-03-31 19:00:00
R-277,Gym,2026-03-31 06:20:00,2026-03-31 20:00:00
R-333,Gym,2026-03-31 06:25:00,2026-03-31 12:00:00
R-167,Gym,2026-03-31 06:35:00,2026-04-02 06:00:00
R-272,Gym,2026-03-31 06:40:00,2026-03-31 19:00:00
R-261,Gym,2026-03-31 07:20:00,2026-03-31 21:00:00
R-145,Gym,2026-03-31 07:35:00,2026-04-01 07:00:00
R-208,Gym,2026-03-31 07:45:00,2026-03-31 21:00:00
R-127,Hall,2026-03-31 08:05:00,2026-04-05 16:00:00
R-397,Gym,2026-03-31 08:05:00,2026-03-31 19:00:00
R-115,Clubhouse,2026-03-31 08:15:00,2026-04-05 17:00:00
R-443,Gym,2026-03-31 08:45:00,2026-03-31 18:00:00
R-441,Badminton,2026-03-31 09:15:00,2026-03-31 21:00:00
R-134,Hall,2026-03-31 10:05:00,2026-04-05 19:00:00
R-112,Gym,2026-03-31 10:35:00,2026-04-01 08:00:00
R-187,Badminton,2026-03-31 10:45:00,2026-04-02 19:00:00
R-248,Tennis,2026-03-31 10:50:00,2026-03-31 21:00:00
R-225,Gym,2026-03-31 11:00:00,2026-04-02 08:00:00
R-414,Gym,2026-03-31 11:15:00,2026-04-01 07:00:00
R-335,Badminton,2026-03-31 11:20:00,2026-04-01 19:00:00
R-268,Badminton,2026-03-31 11:25:00,2026-04-02 08:00:00
R-215,Gym,2026-03-31 11:45:00,2026-03-31 20:00:00
R-239,Gym,2026-03-31 11:50:00,2026-03-31 18:00:00
R-140,Gym,2026-03-31 11:55:00,2026-03-31 18:00:00
R-335,Gym,2026-03-31 11:55:00,2026-03-31 20:00:00
R-381,Badminton,2026-03-31 12:15:00,2026-04-03 08:00:00
R-212,Pool,2026-03-31 12:40:00,2026-04-01 08:00:00
R-426,Gym,2026-03-31 13:00:00,2026-03-31 20:00:00
R-227,Tennis,2026-03-31 13:30:00,2026-04-01 18:00:00
R-249,Tennis,2026-03-31 13:45:00,2026-04-01 21:00:00
R-279,Gym,2026-03-31 13:50:00,2026-04-01 06:00:00
R-332,Clubhouse,2026-03-31 14:10:00,2026-04-05 16:00:00
R-256,Gym,2026-03-31 14:20:00,2026-04-01 06:00:00
R-210,Gym,2026-03-31 14:30:00,2026-03-31 22:00:00
R-329,Gym,2026-03-31 15:15:00,2026-04-01 07:00:00
R-145,Tennis,2026-03-31 16:00:00,2026-04-03 11:00:00
R-155,Gym,2026-03-31 16:20:00,2026-04-01 07:00:00
R-339,Tennis,2026-03-31 16:25:00,2026-04-01 08:00:00
R-391,Gym,2026-03-31 16:50:00,2026-04-01 08:00:00
R-389,Gym,2026-03-31 16:55:00,2026-03-31 21:00:00
R-414,Gym,2026-03-31 17:35:00,2026-04-01 08:00:00
R-281,Gym,2026-03-31 17:50:00,2026-03-31 20:00:00
R-304,Gym,2026-03-31 18:25:00,2026-04-01 19:00:00
R-291,Clubhouse,2026-03-31 19:25:00,2026-04-04 15:00:00
R-329,Pool,2026-03-31 19:25:00,2026-04-01 16:00:00
R-434,Gym,2026-03-31 19:30:00,2026-04-02 07:00:00
R-110,Gym,2026-03-31 19:50:00,2026-04-01 07:00:00
R-305,Gym,2026-03-31 19:55:00,2026-04-01 08:00:00
R-193,Pool,2026-03-31 20:30:00,2026-04-01 07:00:00
R-112,Pool,2026-03-31 20:45:00,2026-04-01 06:00:00
R-222,Badminton,2026-03-31 20:55:00,2026-04-01 18:00:00
R-114,Pool,2026-03-31 21:35:00,2026-04-01 06:00:00
R-267,Gym,2026-03-31 21:55:00,2026-04-01 18:00:00
R-389,Gym,2026-03-31 22:10:00,2026-04-01 06:00:00
R-224,Badminton,2026-03-31 23:05:00,2026-04-02 08:00:00
R-174,Gym,2026-03-31 23:15:00,2026-04-01 06:00:00
R-391,Gym,2026-04-01 00:05:00,2026-04-01 06:00:00
R-102,Pool,2026-04-01 00:25:00,2026-04-01 07:00:00
R-371,Pool,2026-04-01 00:30:00,2026-04-01 06:00:00
R-117,Gym,2026-04-01 00:40:00,2026-04-01 06:00:00
R-122,Gym,2026-04-01 00:55:00,2026-04-01 17:00:00
R-244,Tennis,2026-04-01 01:15:00,2026-04-01 19:00:00
R-257,Badminton,2026-04-01 01:25:00,2026-04-01 19:00:00
R-150,Tennis,2026-04-01 01:40:00,2026-04-02 08:00:00
R-335,Badminton,2026-04-01 01:50:00,2026-04-01 21:00:00
R-114,Gym,2026-04-01 02:00:00,2026-04-01 07:00:00
R-271,Gym,2026-04-01 02:15:00,2026-04-01 06:00:00
R-434,Gym,2026-04-01 02:40:00,2026-04-02 08:00:00
R-188,Tennis,2026-04-01 03:00:00,2026-04-02 06:00:00
R-272,Tennis,2026-04-01 03:10:00,2026-04-02 20:00:00
R-144,Pool,2026-04-01 03:35:00,2026-04-01 08:00:00
R-146,Badminton,2026-04-01 04:25:00,2026-04-01 20:00:00
R-353,Gym,2026-04-01 04:25:00,2026-04-01 19:00:00
R-400,Clubhouse,2026-04-01 04:40:00,2026-04-04 17:00:00
R-200,Gym,2026-04-01 04:55:00,2026-04-01 08:00:00
R-219,Gym,2026-04-01 06:00:00,2026-04-01 16:00:00
R-448,Badminton,2026-04-01 06:05:00,2026-04-01 20:00:00
R-370,Pool,2026-04-01 06:25:00,2026-04-02 07:00:00
R-329,Gym,2026-04-01 07:15:00,2026-04-02 07:00:00
R-149,Badminton,2026-04-01 07:15:00,2026-04-01 19:00:00
R-272,Gym,2026-04-01 07:20:00,2026-04-01 21:00:00
R-350,Clubhouse,2026-04-01 07:30:00,2026-04-07 15:00:00
R-353,Tennis,2026-04-01 07:35:00,2026-04-02 19:00:00
R-223,Tennis,2026-04-01 07:40:00,2026-04-01 19:00:00
R-142,Badminton,2026-04-01 08:05:00,2026-04-01 19:00:00
R-443,Badminton,2026-04-01 08:35:00,2026-04-01 20:00:00
R-403,Badminton,2026-04-01 09:15:00,2026-04-02 08:00:00
R-281,Badminton,2026-04-01 09:35:00,2026-04-01 21:00:00
R-279,Gym,2026-04-01 09:55:00,2026-04-03 07:00:00
R-351,Pool,2026-04-01 10:25:00,2026-04-03 08:00:00
R-213,Badminton,2026-04-01 10:45:00,2026-04-02 20:00:00
R-193,Badminton,2026-04-01 10:45:00,2026-04-03 07:00:00
R-285,Pool,2026-04-01 10:55:00,2026-04-04 10:00:00
R-356,Pool,2026-04-01 11:00:00,2026-04-04 11:00:00
R-243,Badminton,2026-04-01 11:05:00,2026-04-03 12:00:00
R-289,Hall,2026-04-01 11:50:00,2026-04-03 11:00:00
R-279,Gym,2026-04-01 12:00:00,2026-04-02 06:00:00
R-274,Tennis,2026-04-01 12:10:00,2026-04-01 18:00:00
R-330,Badminton,2026-04-01 12:15:00,2026-04-01 21:00:00
R-423,Gym,2026-04-01 12:35:00,2026-04-02 06:00:00
R-170,Gym,2026-04-01 13:10:00,2026-04-02 06:00:00
R-268,Badminton,2026-04-01 13:55:00,2026-04-02 15:00:00
R-116,Tennis,2026-04-01 15:00:00,2026-04-02 06:00:00
R-218,Badminton,2026-04-01 15:05:00,2026-04-02 18:00:00
R-142,Badminton,2026-04-01 15:35:00,2026-04-03 06:00:00
R-155,Gym,2026-04-01 16:20:00,2026-04-02 07:00:00
R-208,Gym,2026-04-01 16:20:00,2026-04-01 21:00:00
R-448,Gym,2026-04-01 17:05:00,2026-04-02 20:00:00
R-388,Badminton,2026-04-01 17:10:00,2026-04-03 17:00:00
R-154,Pool,2026-04-01 17:25:00,2026-04-02 21:00:00
R-232,Badminton,2026-04-01 17:30:00,2026-04-02 18:00:00
R-170,Gym,2026-04-01 17:40:00,2026-04-02 08:00:00
R-431,Clubhouse,2026-04-01 17:50:00,2026-04-04 18:00:00
R-274,Clubhouse,2026-04-01 17:50:00,2026-04-03 20:00:00
R-432,Tennis,2026-04-01 18:10:00,2026-04-03 08:00:00
R-174,Pool,2026-04-01 18:20:00,2026-04-02 07:00:00
R-421,Pool,2026-04-01 18:20:00,2026-04-03 08:00:00
R-281,Badminton,2026-04-01 19:10:00,2026-04-02 21:00:00
R-428,Gym,2026-04-01 19:10:00,2026-04-02 08:00:00
R-277,Badminton,2026-04-01 19:20:00,2026-04-02 21:00:00
R-448,Badminton,2026-04-01 19:20:00,2026-04-02 22:00:00
R-106,Gym,2026-04-01 19:45:00,2026-04-03 18:00:00
R-292,Clubhouse,2026-04-01 19:50:00,2026-04-04 11:00:00
R-221,Tennis,2026-04-01 19:55:00,2026-04-02 08:00:00
R-225,Gym,2026-04-01 20:05:00,2026-04-03 07:00:00
R-150,Gym,2026-04-01 20:55:00,2026-04-02 12:00:00
R-271,Gym,2026-04-01 21:05:00,2026-04-02 08:00:00
R-308,Badminton,2026-04-01 21:10:00,2026-04-03 19:00:00
R-128,Badminton,2026-04-01 21:10:00,2026-04-02 18:00:00
R-215,Gym,2026-04-01 21:15:00,2026-04-03 21:00:00
R-291,Clubhouse,2026-04-01 22:00:00,2026-04-04 16:00:00
R-423,Gym,2026-04-01 22:20:00,2026-04-03 06:00:00
R-304,Gym,2026-04-01 22:30:00,2026-04-03 07:00:00
R-366,Pool,2026-04-01 22:50:00,2026-04-03 08:00:00
R-277,Tennis,2026-04-01 23:25:00,2026-04-03 20:00:00
R-194,Tennis,2026-04-01 23:55:00,2026-04-05 16:00:00
R-286,Gym,2026-04-02 00:05:00,2026-04-02 20:00:00
R-156,Gym,2026-04-02 00:35:00,2026-04-02 08:00:00
R-365,Tennis,2026-04-02 00:55:00,2026-04-03 21:00:00
R-144,Gym,2026-04-02 01:00:00,2026-04-02 08:00:00
R-215,Badminton,2026-04-02 01:05:00,2026-04-02 19:00:00
R-219,Gym,2026-04-02 01:10:00,2026-04-02 19:00:00
R-174,Gym,2026-04-02 02:40:00,2026-04-02 06:00:00
R-201,Badminton,2026-04-02 03:25:00,2026-04-02 17:00:00
R-444,Gym,2026-04-02 03:45:00,2026-04-02 20:00:00
R-252,Badminton,2026-04-02 04:20:00,2026-04-02 18:00:00
R-218,Badminton,2026-04-02 05:20:00,2026-04-03 19:00:00
R-134,Hall,2026-04-02 05:35:00,2026-04-10 22:00:00
R-101,Gym,2026-04-02 06:25:00,2026-04-02 18:00:00
R-306,Gym,2026-04-02 06:50:00,2026-04-02 15:00:00
R-309,Pool,2026-04-02 07:10:00,2026-04-04 15:00:00
R-423,Gym,2026-04-02 07:10:00,2026-04-03 08:00:00
R-301,Badminton,2026-04-02 07:15:00,2026-04-02 21:00:00
R-397,Gym,2026-04-02 07:25:00,2026-04-02 21:00:00
R-412,Gym,2026-04-02 07:35:00,2026-04-02 19:00:00
R-432,Gym,2026-04-02 07:50:00,2026-04-03 07:00:00
R-116,Pool,2026-04-02 07:55:00,2026-04-02 16:00:00
R-418,Tennis,2026-04-02 08:30:00,2026-04-04 07:00:00
R-113,Clubhouse,2026-04-02 08:50:00,2026-04-04 17:00:00
R-263,Gym,2026-04-02 09:20:00,2026-04-03 08:00:00
R-272,Gym,2026-04-02 09:20:00,2026-04-02 19:00:00
R-265,Tennis,2026-04-02 09:25:00,2026-04-02 17:00:00
R-358,Pool,2026-04-02 09:25:00,2026-04-03 07:00:00
R-402,Tennis,2026-04-02 09:55:00,2026-04-04 19:00:00
R-112,Gym,2026-04-02 10:20:00,2026-04-03 08:00:00
R-421,Tennis,2026-04-02 11:35:00,2026-04-03 06:00:00
R-186,Tennis,2026-04-02 11:45:00,2026-04-06 12:00:00
R-221,Badminton,2026-04-02 11:45:00,2026-04-03 08:00:00
R-293,Tennis,2026-04-02 11:55:00,2026-04-02 21:00:00
R-146,Badminton,2026-04-02 12:40:00,2026-04-03 18:00:00
R-361,Pool,2026-04-02 12:50:00,2026-04-04 08:00:00
R-110,Tennis,2026-04-02 13:40:00,2026-04-03 07:00:00
R-339,Gym,2026-04-02 13:45:00,2026-04-03 08:00:00
R-228,Badminton,2026-04-02 14:05:00,2026-04-03 06:00:00
R-418,Gym,2026-04-02 14:15:00,2026-04-03 06:00:00
R-102,Gym,2026-04-02 14:35:00,2026-04-03 07:00:00
R-104,Badminton,2026-04-02 15:25:00,2026-04-03 08:00:00
R-177,Clubhouse,2026-04-02 15:45:00,2026-04-05 12:00:00
R-142,Gym,2026-04-02 16:25:00,2026-04-03 19:00:00
R-366,Gym,2026-04-02 16:35:00,2026-04-03 07:00:00
R-401,Tennis,2026-04-02 17:10:00,2026-04-03 08:00:00
R-358,Gym,2026-04-02 17:20:00,2026-04-03 06:00:00
R-366,Gym,2026-04-02 17:35:00,2026-04-03 06:00:00
R-159,Pool,2026-04-02 17:55:00,2026-04-03 08:00:00
R-234,Gym,2026-04-02 18:10:00,2026-04-03 06:00:00
R-228,Badminton,2026-04-02 18:15:00,2026-04-03 21:00:00
R-175,Badminton,2026-04-02 18:25:00,2026-04-03 08:00:00
R-123,Clubhouse,2026-04-02 18:30:00,2026-04-05 15:00:00
R-443,Tennis,2026-04-02 18:45:00,2026-04-03 21:00:00
R-125,Gym,2026-04-02 18:55:00,2026-04-03 06:00:00
R-361,Gym,2026-04-02 19:10:00,2026-04-03 08:00:00
R-437,Pool,2026-04-02 19:55:00,2026-04-03 20:00:00
R-144,Gym,2026-04-02 20:25:00,2026-04-03 07:00:00
R-260,Badminton,2026-04-02 20:35:00,2026-04-03 20:00:00
R-105,Gym,2026-04-02 20:55:00,2026-04-03 08:00:00
R-435,Clubhouse,2026-04-02 21:05:00,2026-04-05 15:00:00
R-427,Pool,2026-04-02 21:30:00,2026-04-03 11:00:00
R-309,Pool,2026-04-02 21:35:00,2026-04-04 20:00:00
R-159,Gym,2026-04-02 22:15:00,2026-04-03 07:00:00
R-306,Gym,2026-04-02 22:45:00,2026-04-03 06:00:00
R-194,Tennis,2026-04-02 23:05:00,2026-04-03 17:00:00
R-119,Gym,2026-04-02 23:05:00,2026-04-03 07:00:00
R-132,Clubhouse,2026-04-02 23:10:00,2026-04-04 16:00:00
R-228,Gym,2026-04-02 23:15:00,2026-04-03 20:00:00
R-418,Gym,2026-04-02 23:25:00,2026-04-03 08:00:00
R-201,Badminton,2026-04-03 00:25:00,2026-04-04 19:00:00
R-432,Gym,2026-04-03 00:50:00,2026-04-03 06:00:00
R-117,Gym,2026-04-03 00:55:00,2026-04-03 06:00:00
R-210,Gym,2026-04-03 01:40:00,2026-04-03 06:00:00
R-240,Gym,2026-04-03 02:05:00,2026-04-03 07:00:00
R-290,Gym,2026-04-03 02:30:00,2026-04-03 18:00:00
R-296,Badminton,2026-04-03 02:55:00,2026-04-03 19:00:00
R-435,Pool,2026-04-03 03:05:00,2026-04-04 17:00:00
R-271,Gym,2026-04-03 03:35:00,2026-04-03 07:00:00
R-170,Gym,2026-04-03 03:50:00,2026-04-03 07:00:00
R-239,Badminton,2026-04-03 04:15:00,2026-04-03 19:00:00
R-385,Pool,2026-04-03 04:35:00,2026-04-03 11:00:00
R-255,Clubhouse,2026-04-03 04:45:00,2026-04-05 10:00:00
R-443,Tennis,2026-04-03 05:00:00,2026-04-03 20:00:00
R-301,Gym,2026-04-03 05:05:00,2026-04-03 21:00:00
R-323,Gym,2026-04-03 05:15:00,2026-04-03 19:00:00
R-126,Badminton,2026-04-03 05:20:00,2026-04-03 20:00:00
R-307,Gym,2026-04-03 05:45:00,2026-04-03 18:00:00
R-106,Gym,2026-04-03 05:50:00,2026-04-03 19:00:00
R-208,Badminton,2026-04-03 05:55:00,2026-04-04 18:00:00
R-388,Badminton,2026-04-03 06:15:00,2026-04-03 21:00:00
R-142,Badminton,2026-04-03 06:25:00,2026-04-04 18:00:00
R-193,Clubhouse,2026-04-03 06:30:00,2026-04-03 18:00:00
R-111,Pool,2026-04-03 06:35:00,2026-04-03 12:00:00
R-443,Badminton,2026-04-03 06:40:00,2026-04-03 18:00:00
R-281,Badminton,2026-04-03 07:20:00,2026-04-03 20:00:00
R-256,Pool,2026-04-03 07:25:00,2026-04-06 07:00:00
R-218,Gym,2026-04-03 07:40:00,2026-04-04 21:00:00
R-177,Clubhouse,2026-04-03 07:50:00,2026-04-04 19:00:00
R-335,Gym,2026-04-03 08:00:00,2026-04-04 07:00:00
R-412,Badminton,2026-04-03 08:15:00,2026-04-03 20:00:00
R-279,Tennis,2026-04-03 08:35:00,2026-04-08 08:00:00
R-339,Tennis,2026-04-03 08:50:00,2026-04-05 06:00:00
R-448,Gym,2026-04-03 09:05:00,2026-04-03 20:00:00
R-301,Badminton,2026-04-03 09:20:00,2026-04-04 20:00:00
R-126,Gym,2026-04-03 09:45:00,2026-04-03 21:00:00
R-335,Badminton,2026-04-03 10:30:00,2026-04-04 20:00:00
R-274,Gym,2026-04-03 11:15:00,2026-04-03 19:00:00
R-208,Gym,2026-04-03 12:20:00,2026-04-03 18:00:00
R-247,Tennis,2026-04-03 13:15:00,2026-04-04 19:00:00
R-332,Clubhouse,2026-04-03 13:30:00,2026-04-04 16:00:00
R-106,Pool,2026-04-03 13:40:00,2026-04-04 18:00:00
R-354,Gym,2026-04-03 14:05:00,2026-04-04 19:00:00
R-102,Tennis,2026-04-03 14:45:00,2026-04-06 12:00:00
R-278,Badminton,2026-04-03 14:55:00,2026-04-04 14:00:00
R-444,Gym,2026-04-03 15:40:00,2026-04-04 07:00:00
R-190,Pool,2026-04-03 16:30:00,2026-04-04 06:00:00
R-220,Pool,2026-04-03 16:35:00,2026-04-04 14:00:00
R-146,Tennis,2026-04-03 17:10:00,2026-04-04 11:00:00
R-187,Badminton,2026-04-03 17:35:00,2026-04-04 18:00:00
R-431,Gym,2026-04-03 18:10:00,2026-04-04 16:00:00
R-113,Pool,2026-04-03 18:45:00,2026-04-04 09:00:00
R-184,Pool,2026-04-03 19:15:00,2026-04-04 19:00:00
R-219,Badminton,2026-04-03 19:55:00,2026-04-04 18:00:00
R-118,Gym,2026-04-03 20:35:00,2026-04-04 06:00:00
R-443,Badminton,2026-04-03 20:55:00,2026-04-04 19:00:00
R-168,Gym,2026-04-03 21:00:00,2026-04-04 15:00:00
R-243,Gym,2026-04-03 21:30:00,2026-04-04 20:00:00
R-197,Pool,2026-04-03 21:40:00,2026-04-04 16:00:00
R-397,Tennis,2026-04-03 22:20:00,2026-04-04 20:00:00
R-331,Gym,2026-04-03 22:25:00,2026-04-04 21:00:00
R-168,Pool,2026-04-03 22:35:00,2026-04-04 14:00:00
R-405,Pool,2026-04-03 22:35:00,2026-04-04 15:00:00
R-215,Gym,2026-04-03 22:45:00,2026-04-04 19:00:00
R-255,Clubhouse,2026-04-03 22:50:00,2026-04-04 10:00:00
R-320,Pool,2026-04-03 23:00:00,2026-04-05 17:00:00
R-165,Clubhouse,2026-04-03 23:05:00,2026-04-04 11:00:00
R-312,Clubhouse,2026-04-03 23:05:00,2026-04-04 11:00:00
R-227,Badminton,2026-04-03 23:30:00,2026-04-04 08:00:00
R-272,Gym,2026-04-03 23:35:00,2026-04-04 18:00:00
R-142,Badminton,2026-04-04 00:30:00,2026-04-04 21:00:00
R-436,Gym,2026-04-04 00:55:00,2026-04-04 15:00:00
R-211,Pool,2026-04-04 01:25:00,2026-04-04 10:00:00
R-140,Gym,2026-04-04 01:30:00,2026-04-04 21:00:00
R-230,Pool,2026-04-04 01:45:00,2026-04-04 14:00:00
R-277,Gym,2026-04-04 01:55:00,2026-04-05 18:00:00
R-238,Clubhouse,2026-04-04 02:05:00,2026-04-05 11:00:00
R-138,Gym,2026-04-04 02:25:00,2026-04-04 18:00:00
R-218,Gym,2026-04-04 02:25:00,2026-04-04 20:00:00
R-157,Gym,2026-04-04 02:35:00,2026-04-04 10:00:00
R-257,Gym,2026-04-04 03:25:00,2026-04-04 18:00:00
R-232,Pool,2026-04-04 03:30:00,2026-04-04 17:00:00
R-433,Clubhouse,2026-04-04 03:40:00,2026-04-05 14:00:00
R-431,Badminton,2026-04-04 03:45:00,2026-04-04 17:00:00
R-314,Gym,2026-04-04 04:00:00,2026-04-04 19:00:00
R-437,Badminton,2026-04-04 04:15:00,2026-04-04 21:00:00
R-391,Gym,2026-04-04 04:50:00,2026-04-04 08:00:00
R-197,Gym,2026-04-04 05:10:00,2026-04-04 11:00:00
R-323,Badminton,2026-04-04 05:30:00,2026-04-04 19:00:00
R-382,Pool,2026-04-04 05:55:00,2026-04-04 14:00:00
R-154,Gym,2026-04-04 06:40:00,2026-04-04 21:00:00
R-423,Gym,2026-04-04 06:40:00,2026-04-06 06:00:00
R-376,Pool,2026-04-04 07:00:00,2026-04-04 18:00:00
R-138,Pool,2026-04-04 07:15:00,2026-04-04 15:00:00
R-414,Tennis,2026-04-04 07:30:00,2026-04-05 07:00:00
R-272,Tennis,2026-04-04 07:40:00,2026-04-04 20:00:00
R-349,Pool,2026-04-04 08:15:00,2026-04-04 14:00:00
R-254,Gym,2026-04-04 08:25:00,2026-04-06 08:00:00
R-447,Gym,2026-04-04 08:30:00,2026-04-04 21:00:00
R-267,Tennis,2026-04-04 08:50:00,2026-04-04 21:00:00
R-310,Gym,2026-04-04 09:05:00,2026-04-04 14:00:00
R-356,Gym,2026-04-04 09:50:00,2026-04-04 18:00:00
R-211,Pool,2026-04-04 10:00:00,2026-04-04 15:00:00
R-257,Pool,2026-04-04 10:05:00,2026-04-04 21:00:00
R-312,Pool,2026-04-04 11:40:00,2026-04-04 14:00:00
R-392,Gym,2026-04-04 12:30:00,2026-04-04 16:00:00
R-252,Badminton,2026-04-04 12:35:00,2026-04-04 19:00:00
R-358,Gym,2026-04-04 12:40:00,2026-04-05 06:00:00
R-339,Tennis,2026-04-04 13:10:00,2026-04-06 15:00:00
R-308,Gym,2026-04-04 14:10:00,2026-04-05 20:00:00
R-142,Badminton,2026-04-04 14:20:00,2026-04-05 18:00:00
R-330,Gym,2026-04-04 14:45:00,2026-04-04 21:00:00
R-350,Gym,2026-04-04 15:45:00,2026-04-04 18:00:00
R-194,Badminton,2026-04-04 15:55:00,2026-04-06 07:00:00
R-310,Pool,2026-04-04 16:20:00,2026-04-05 17:00:00
R-446,Pool,2026-04-04 16:25:00,2026-04-06 07:00:00
R-411,Pool,2026-04-04 16:40:00,2026-04-05 08:00:00
R-293,Badminton,2026-04-04 16:55:00,2026-04-04 20:00:00
R-102,Tennis,2026-04-04 17:50:00,2026-04-06 07:00:00
R-432,Gym,2026-04-04 17:55:00,2026-04-06 08:00:00
R-391,Gym,2026-04-04 18:05:00,2026-04-05 07:00:00
R-192,Clubhouse,2026-04-04 18:20:00,2026-04-05 10:00:00
R-356,Pool,2026-04-04 18:35:00,2026-04-05 18:00:00
R-161,Pool,2026-04-04 19:00:00,2026-04-05 16:00:00
R-192,Pool,2026-04-04 19:05:00,2026-04-05 17:00:00
R-177,Gym,2026-04-04 19:15:00,2026-04-05 08:00:00
R-363,Pool,2026-04-04 19:35:00,2026-04-05 06:00:00
R-191,Pool,2026-04-04 19:50:00,2026-04-05 10:00:00
R-295,Tennis,2026-04-04 20:40:00,2026-04-07 19:00:00
R-412,Tennis,2026-04-04 20:45:00,2026-04-07 19:00:00
R-240,Gym,2026-04-04 20:50:00,2026-04-05 06:00:00
R-180,Gym,2026-04-04 21:25:00,2026-04-05 07:00:00
R-156,Gym,2026-04-04 21:55:00,2026-04-06 07:00:00
R-431,Pool,2026-04-04 22:00:00,2026-04-05 11:00:00
R-262,Clubhouse,2026-04-04 22:00:00,2026-04-05 12:00:00
R-268,Gym,2026-04-04 22:30:00,2026-04-05 17:00:00
R-161,Pool,2026-04-04 23:30:00,2026-04-05 17:00:00
R-433,Pool,2026-04-04 23:40:00,2026-04-05 16:00:00
R-300,Pool,2026-04-05 00:20:00,2026-04-05 10:00:00
R-350,Pool,2026-04-05 00:50:00,2026-04-05 10:00:00
R-355,Pool,2026-04-05 00:55:00,2026-04-05 19:00:00
R-434,Pool,2026-04-05 01:00:00,2026-04-06 06:00:00
R-366,Gym,2026-04-05 01:05:00,2026-04-06 06:00:00
R-386,Clubhouse,2026-04-05 01:40:00,2026-04-05 13:00:00
R-100,Gym,2026-04-05 01:45:00,2026-04-05 18:00:00
R-414,Badminton,2026-04-05 01:55:00,2026-04-06 06:00:00
R-400,Pool,2026-04-05 02:15:00,2026-04-05 18:00:00
R-312,Pool,2026-04-05 03:05:00,2026-04-05 11:00:00
R-361,Tennis,2026-04-05 03:55:00,2026-04-07 06:00:00
R-290,Badminton,2026-04-05 04:05:00,2026-04-05 18:00:00
R-190,Pool,2026-04-05 04:25:00,2026-04-05 15:00:00
R-204,Gym,2026-04-05 05:40:00,2026-04-05 10:00:00
R-140,Badminton,2026-04-05 06:55:00,2026-04-08 18:00:00
R-441,Tennis,2026-04-05 06:55:00,2026-04-08 21:00:00
R-106,Badminton,2026-04-05 07:10:00,2026-04-07 15:00:00
R-195,Pool,2026-04-05 07:15:00,2026-04-05 17:00:00
R-361,Gym,2026-04-05 07:20:00,2026-04-07 07:00:00
R-211,Pool,2026-04-05 08:00:00,2026-04-05 17:00:00
R-399,Clubhouse,2026-04-05 08:40:00,2026-04-06 19:00:00
R-363,Gym,2026-04-05 08:45:00,2026-04-05 18:00:00
R-159,Gym,2026-04-05 09:20:00,2026-04-06 08:00:00
R-420,Gym,2026-04-05 09:35:00,2026-04-06 07:00:00
R-260,Tennis,2026-04-05 09:35:00,2026-04-06 18:00:00
R-406,Clubhouse,2026-04-05 10:35:00,2026-04-12 10:00:00
R-441,Badminton,2026-04-05 10:55:00,2026-04-06 16:00:00
R-257,Tennis,2026-04-05 12:05:00,2026-04-06 19:00:00
R-119,Tennis,2026-04-05 12:40:00,2026-04-06 06:00:00
R-117,Pool,2026-04-05 12:40:00,2026-04-06 09:00:00
R-184,Clubhouse,2026-04-05 13:15:00,2026-04-07 18:00:00
R-448,Gym,2026-04-05 13:50:00,2026-04-06 20:00:00
R-219,Badminton,2026-04-05 14:25:00,2026-04-07 20:00:00
R-361,Pool,2026-04-05 14:30:00,2026-04-06 06:00:00
R-203,Gym,2026-04-05 14:50:00,2026-04-06 08:00:00
R-432,Gym,2026-04-05 15:10:00,2026-04-06 06:00:00
R-293,Tennis,2026-04-05 15:50:00,2026-04-08 21:00:00
R-339,Gym,2026-04-05 15:55:00,2026-04-06 08:00:00
R-388,Badminton,2026-04-05 16:10:00,2026-04-06 18:00:00
R-171,Tennis,2026-04-05 16:10:00,2026-04-08 07:00:00
R-271,Gym,2026-04-05 16:15:00,2026-04-06 07:00:00
R-149,Badminton,2026-04-05 17:15:00,2026-04-06 12:00:00
R-366,Gym,2026-04-05 17:55:00,2026-04-06 07:00:00
R-298,Gym,2026-04-05 17:55:00,2026-04-06 06:00:00
R-110,Gym,2026-04-05 18:00:00,2026-04-06 07:00:00
R-434,Gym,2026-04-05 18:15:00,2026-04-06 07:00:00
R-102,Gym,2026-04-05 18:55:00,2026-04-06 20:00:00
R-126,Gym,2026-04-05 19:35:00,2026-04-06 19:00:00
R-271,Gym,2026-04-05 19:50:00,2026-04-06 08:00:00
R-167,Gym,2026-04-05 20:00:00,2026-04-06 08:00:00
R-215,Gym,2026-04-05 20:15:00,2026-04-06 06:00:00
R-222,Badminton,2026-04-05 20:20:00,2026-04-06 19:00:00
R-163,Gym,2026-04-05 20:25:00,2026-04-06 06:00:00
R-206,Gym,2026-04-05 21:45:00,2026-04-06 08:00:00
R-388,Tennis,2026-04-05 22:15:00,2026-04-07 06:00:00
R-146,Badminton,2026-04-05 22:40:00,2026-04-06 14:00:00
R-116,Gym,2026-04-05 22:55:00,2026-04-06 06:00:00
R-423,Tennis,2026-04-05 23:20:00,2026-04-07 08:00:00
R-313,Gym,2026-04-06 00:25:00,2026-04-07 21:00:00
R-212,Gym,2026-04-06 00:30:00,2026-04-06 06:00:00
R-353,Badminton,2026-04-06 00:35:00,2026-04-07 18:00:00
R-112,Pool,2026-04-06 01:00:00,2026-04-07 07:00:00
R-144,Pool,2026-04-06 01:05:00,2026-04-06 07:00:00
R-277,Badminton,2026-04-06 01:30:00,2026-04-07 20:00:00
R-428,Tennis,2026-04-06 01:40:00,2026-04-08 06:00:00
R-144,Gym,2026-04-06 01:45:00,2026-04-06 08:00:00
R-145,Gym,2026-04-06 02:10:00,2026-04-06 07:00:00
R-441,Badminton,2026-04-06 02:20:00,2026-04-06 18:00:00
R-306,Gym,2026-04-06 02:25:00,2026-04-06 17:00:00
R-315,Clubhouse,2026-04-06 02:50:00,2026-04-07 16:00:00
R-391,Gym,2026-04-06 03:15:00,2026-04-06 07:00:00
R-110,Gym,2026-04-06 03:20:00,2026-04-06 08:00:00
R-167,Tennis,2026-04-06 03:45:00,2026-04-06 19:00:00
R-188,Gym,2026-04-06 04:00:00,2026-04-07 06:00:00
R-219,Gym,2026-04-06 04:15:00,2026-04-06 19:00:00
R-114,Pool,2026-04-06 04:30:00,2026-04-06 07:00:00
R-335,Tennis,2026-04-06 05:25:00,2026-04-07 21:00:00
R-397,Gym,2026-04-06 05:25:00,2026-04-06 19:00:00
R-281,Gym,2026-04-06 05:55:00,2026-04-06 19:00:00
R-119,Gym,2026-04-06 06:15:00,2026-04-07 08:00:00
R-242,Pool,2026-04-06 06:55:00,2026-04-06 12:00:00
R-420,Tennis,2026-04-06 07:25:00,2026-04-07 08:00:00
R-208,Badminton,2026-04-06 07:25:00,2026-04-07 19:00:00
R-434,Pool,2026-04-06 08:35:00,2026-04-09 06:00:00
R-173,Tennis,2026-04-06 08:35:00,2026-04-07 20:00:00
R-390,Tennis,2026-04-06 09:15:00,2026-04-08 08:00:00
R-428,Pool,2026-04-06 09:20:00,2026-04-07 06:00:00
R-305,Tennis,2026-04-06 09:20:00,2026-04-07 08:00:00
R-155,Gym,2026-04-06 10:30:00,2026-04-07 06:00:00
R-104,Gym,2026-04-06 10:45:00,2026-04-06 19:00:00
R-423,Gym,2026-04-06 11:00:00,2026-04-07 06:00:00
R-150,Gym,2026-04-06 11:25:00,2026-04-07 06:00:00
R-228,Badminton,2026-04-06 11:30:00,2026-04-08 20:00:00
R-165,Clubhouse,2026-04-06 11:40:00,2026-04-10 11:00:00
R-434,Tennis,2026-04-06 11:40:00,2026-04-07 07:00:00
R-179,Gym,2026-04-06 12:00:00,2026-04-06 19:00:00
R-444,Gym,2026-04-06 12:25:00,2026-04-07 08:00:00
R-412,Gym,2026-04-06 12:25:00,2026-04-06 22:00:00
R-328,Badminton,2026-04-06 12:45:00,2026-04-07 08:00:00
R-351,Gym,2026-04-06 13:05:00,2026-04-07 07:00:00
R-177,Badminton,2026-04-06 13:15:00,2026-04-06 19:00:00
R-102,Tennis,2026-04-06 14:05:00,2026-04-10 06:00:00
R-155,Gym,2026-04-06 14:50:00,2026-04-08 06:00:00
R-114,Gym,2026-04-06 15:10:00,2026-04-07 07:00:00
R-118,Gym,2026-04-06 15:15:00,2026-04-07 06:00:00
R-133,Hall,2026-04-06 15:40:00,2026-04-12 19:00:00
R-434,Gym,2026-04-06 15:50:00,2026-04-07 08:00:00
R-361,Pool,2026-04-06 16:05:00,2026-04-07 12:00:00
R-423,Gym,2026-04-06 16:30:00,2026-04-07 15:00:00
R-112,Tennis,2026-04-06 16:30:00,2026-04-08 07:00:00
R-370,Gym,2026-04-06 16:40:00,2026-04-07 06:00:00
R-271,Gym,2026-04-06 17:45:00,2026-04-07 07:00:00
R-155,Gym,2026-04-06 17:45:00,2026-04-07 07:00:00
R-221,Gym,2026-04-06 18:10:00,2026-04-07 07:00:00
R-116,Gym,2026-04-06 19:00:00,2026-04-07 08:00:00
R-297,Badminton,2026-04-06 20:05:00,2026-04-07 06:00:00
R-167,Pool,2026-04-06 20:10:00,2026-04-07 07:00:00
R-347,Pool,2026-04-06 20:15:00,2026-04-07 08:00:00
R-138,Clubhouse,2026-04-06 20:30:00,2026-04-12 11:00:00
R-250,Gym,2026-04-06 20:55:00,2026-04-07 08:00:00
R-119,Gym,2026-04-06 21:30:00,2026-04-07 06:00:00
R-240,Gym,2026-04-06 22:15:00,2026-04-07 06:00:00
R-104,Badminton,2026-04-06 22:25:00,2026-04-08 08:00:00
R-257,Badminton,2026-04-06 22:30:00,2026-04-07 20:00:00
R-102,Gym,2026-04-06 23:05:00,2026-04-07 07:00:00
R-286,Badminton,2026-04-06 23:25:00,2026-04-09 12:00:00
R-401,Gym,2026-04-06 23:30:00,2026-04-07 06:00:00
R-443,Gym,2026-04-06 23:40:00,2026-04-07 20:00:00
R-272,Badminton,2026-04-07 00:00:00,2026-04-07 20:00:00
R-149,Tennis,2026-04-07 00:45:00,2026-04-07 18:00:00
R-432,Tennis,2026-04-07 01:00:00,2026-04-08 06:00:00
R-447,Badminton,2026-04-07 01:00:00,2026-04-07 19:00:00
R-371,Gym,2026-04-07 01:00:00,2026-04-07 08:00:00
R-118,Gym,2026-04-07 01:20:00,2026-04-07 07:00:00
R-170,Pool,2026-04-07 01:30:00,2026-04-07 07:00:00
R-146,Gym,2026-04-07 01:45:00,2026-04-07 21:00:00
R-424,Gym,2026-04-07 01:45:00,2026-04-07 07:00:00
R-104,Badminton,2026-04-07 01:55:00,2026-04-07 19:00:00
R-324,Badminton,2026-04-07 02:55:00,2026-04-07 19:00:00
R-228,Badminton,2026-04-07 03:15:00,2026-04-07 21:00:00
R-397,Badminton,2026-04-07 03:25:00,2026-04-08 19:00:00
R-203,Gym,2026-04-07 03:30:00,2026-04-08 06:00:00
R-212,Pool,2026-04-07 03:35:00,2026-04-07 18:00:00
R-389,Tennis,2026-04-07 04:20:00,2026-04-08 06:00:00
R-170,Gym,2026-04-07 04:30:00,2026-04-08 08:00:00
R-155,Gym,2026-04-07 04:50:00,2026-04-07 17:00:00
R-281,Badminton,2026-04-07 04:55:00,2026-04-07 21:00:00
R-144,Gym,2026-04-07 05:00:00,2026-04-07 08:00:00
R-279,Tennis,2026-04-07 05:15:00,2026-04-09 06:00:00
R-301,Gym,2026-04-07 05:15:00,2026-04-07 10:00:00
R-219,Badminton,2026-04-07 05:25:00,2026-04-09 19:00:00
R-423,Gym,2026-04-07 05:45:00,2026-04-08 06:00:00
R-213,Badminton,2026-04-07 05:55:00,2026-04-09 19:00:00
R-414,Gym,2026-04-07 06:15:00,2026-04-08 08:00:00
R-231,Badminton,2026-04-07 07:00:00,2026-04-09 17:00:00
R-201,Pool,2026-04-07 07:15:00,2026-04-10 07:00:00
R-125,Tennis,2026-04-07 07:20:00,2026-04-08 07:00:00
R-381,Gym,2026-04-07 07:30:00,2026-04-07 17:00:00
R-404,Tennis,2026-04-07 07:45:00,2026-04-08 18:00:00
R-345,Tennis,2026-04-07 07:55:00,2026-04-08 12:00:00
R-365,Clubhouse,2026-04-07 08:00:00,2026-04-10 18:00:00
R-173,Badminton,2026-04-07 08:25:00,2026-04-07 21:00:00
R-155,Tennis,2026-04-07 08:35:00,2026-04-09 06:00:00
R-339,Gym,2026-04-07 08:40:00,2026-04-08 08:00:00
R-323,Tennis,2026-04-07 08:55:00,2026-04-07 20:00:00
R-434,Gym,2026-04-07 08:55:00,2026-04-09 08:00:00
R-112,Gym,2026-04-07 09:00:00,2026-04-08 08:00:00
R-397,Gym,2026-04-07 09:15:00,2026-04-07 20:00:00
R-370,Gym,2026-04-07 09:20:00,2026-04-08 07:00:00
R-263,Gym,2026-04-07 09:35:00,2026-04-08 08:00:00
R-424,Gym,2026-04-07 09:40:00,2026-04-08 06:00:00
R-208,Gym,2026-04-07 09:45:00,2026-04-08 18:00:00
R-215,Badminton,2026-04-07 10:00:00,2026-04-08 20:00:00
R-424,Tennis,2026-04-07 11:00:00,2026-04-08 15:00:00
R-323,Gym,2026-04-07 11:10:00,2026-04-07 18:00:00
R-212,Pool,2026-04-07 11:50:00,2026-04-08 12:00:00
R-218,Badminton,2026-04-07 11:50:00,2026-04-09 19:00:00
R-385,Hall,2026-04-07 11:55:00,2026-04-09 11:00:00
R-272,Gym,2026-04-07 12:00:00,2026-04-07 18:00:00
R-266,Badminton,2026-04-07 12:30:00,2026-04-09 08:00:00
R-251,Tennis,2026-04-07 12:45:00,2026-04-08 07:00:00
R-358,Tennis,2026-04-07 13:00:00,2026-04-09 11:00:00
R-177,Clubhouse,2026-04-07 13:00:00,2026-04-11 12:00:00
R-432,Gym,2026-04-07 13:35:00,2026-04-08 09:00:00
R-243,Badminton,2026-04-07 14:40:00,2026-04-08 19:00:00
R-118,Tennis,2026-04-07 14:45:00,2026-04-08 06:00:00
R-347,Tennis,2026-04-07 14:45:00,2026-04-09 06:00:00
R-200,Gym,2026-04-07 15:05:00,2026-04-07 19:00:00
R-350,Clubhouse,2026-04-07 15:30:00,2026-04-08 10:00:00
R-428,Gym,2026-04-07 15:40:00,2026-04-08 07:00:00
R-373,Gym,2026-04-07 16:15:00,2026-04-08 20:00:00
R-124,Tennis,2026-04-07 16:25:00,2026-04-08 18:00:00
R-341,Gym,2026-04-07 16:45:00,2026-04-08 08:00:00
R-256,Gym,2026-04-07 17:25:00,2026-04-08 06:00:00
R-250,Badminton,2026-04-07 17:50:00,2026-04-09 07:00:00
R-277,Badminton,2026-04-07 18:10:00,2026-04-09 21:00:00
R-116,Pool,2026-04-07 18:10:00,2026-04-09 08:00:00
R-279,Pool,2026-04-07 18:40:00,2026-04-09 08:00:00
R-167,Gym,2026-04-07 18:45:00,2026-04-08 07:00:00
R-193,Gym,2026-04-07 19:20:00,2026-04-08 08:00:00
R-345,Gym,2026-04-07 19:50:00,2026-04-08 07:00:00
R-281,Tennis,2026-04-07 20:00:00,2026-04-09 20:00:00
R-366,Tennis,2026-04-07 20:10:00,2026-04-09 06:00:00
R-274,Badminton,2026-04-07 21:00:00,2026-04-11 21:00:00
R-188,Gym,2026-04-07 21:40:00,2026-04-08 06:00:00
R-250,Gym,2026-04-07 21:40:00,2026-04-08 06:00:00
R-274,Badminton,2026-04-07 22:05:00,2026-04-08 18:00:00
R-434,Gym,2026-04-07 22:15:00,2026-04-08 06:00:00
R-145,Gym,2026-04-07 22:25:00,2026-04-08 08:00:00
R-159,Gym,2026-04-07 22:45:00,2026-04-08 07:00:00
R-170,Gym,2026-04-07 23:15:00,2026-04-08 06:00:00
R-105,Gym,2026-04-07 23:40:00,2026-04-08 06:00:00
R-248,Badminton,2026-04-07 23:45:00,2026-04-08 20:00:00
R-252,Badminton,2026-04-07 23:45:00,2026-04-08 19:00:00
R-156,Pool,2026-04-08 00:05:00,2026-04-08 08:00:00
R-443,Badminton,2026-04-08 00:15:00,2026-04-08 20:00:00
R-436,Clubhouse,2026-04-08 00:20:00,2026-04-09 18:00:00
R-391,Gym,2026-04-08 01:15:00,2026-04-08 06:00:00
R-448,Badminton,2026-04-08 01:35:00,2026-04-08 18:00:00
R-198,Gym,2026-04-08 01:55:00,2026-04-08 06:00:00
R-257,Gym,2026-04-08 02:05:00,2026-04-08 20:00:00
R-210,Gym,2026-04-08 02:35:00,2026-04-08 08:00:00
R-144,Gym,2026-04-08 02:35:00,2026-04-08 08:00:00
R-159,Gym,2026-04-08 03:10:00,2026-04-09 07:00:00
R-119,Tennis,2026-04-08 03:30:00,2026-04-09 07:00:00
R-424,Gym,2026-04-08 04:30:00,2026-04-08 16:00:00
R-298,Gym,2026-04-08 05:55:00,2026-04-09 08:00:00
R-388,Gym,2026-04-08 06:25:00,2026-04-08 18:00:00
R-376,Clubhouse,2026-04-08 06:30:00,2026-04-12 15:00:00
R-179,Badminton,2026-04-08 06:35:00,2026-04-08 21:00:00
R-274,Gym,2026-04-08 07:00:00,2026-04-08 19:00:00
R-397,Tennis,2026-04-08 07:05:00,2026-04-09 18:00:00
R-260,Gym,2026-04-08 07:15:00,2026-04-08 18:00:00
R-279,Gym,2026-04-08 07:30:00,2026-04-09 15:00:00
R-441,Badminton,2026-04-08 07:40:00,2026-04-08 19:00:00
R-420,Gym,2026-04-08 07:45:00,2026-04-09 07:00:00
R-194,Gym,2026-04-08 07:55:00,2026-04-08 18:00:00
R-213,Gym,2026-04-08 08:05:00,2026-04-09 21:00:00
R-286,Tennis,2026-04-08 08:15:00,2026-04-09 21:00:00
R-219,Gym,2026-04-08 08:25:00,2026-04-08 21:00:00
R-121,Hall,2026-04-08 08:30:00,2026-04-12 10:00:00
R-279,Gym,2026-04-08 08:45:00,2026-04-10 08:00:00
R-219,Badminton,2026-04-08 09:25:00,2026-04-10 19:00:00
R-108,Clubhouse,2026-04-08 09:30:00,2026-04-12 15:00:00
R-314,Badminton,2026-04-08 09:50:00,2026-04-08 21:00:00
R-423,Gym,2026-04-08 11:00:00,2026-04-10 08:00:00
R-401,Gym,2026-04-08 11:50:00,2026-04-09 07:00:00
R-298,Gym,2026-04-08 11:55:00,2026-04-09 07:00:00
R-155,Pool,2026-04-08 12:00:00,2026-04-09 08:00:00
R-243,Gym,2026-04-08 12:15:00,2026-04-08 21:00:00
R-248,Badminton,2026-04-08 12:20:00,2026-04-08 18:00:00
R-170,Gym,2026-04-08 12:45:00,2026-04-09 10:00:00
R-329,Pool,2026-04-08 13:20:00,2026-04-09 07:00:00
R-281,Gym,2026-04-08 13:20:00,2026-04-08 18:00:00
R-360,Clubhouse,2026-04-08 13:55:00,2026-04-10 19:00:00
R-281,Gym,2026-04-08 14:35:00,2026-04-08 17:00:00
R-151,Gym,2026-04-08 14:45:00,2026-04-08 20:00:00
R-225,Gym,2026-04-08 16:15:00,2026-04-09 08:00:00
R-174,Pool,2026-04-08 16:20:00,2026-04-09 08:00:00
R-173,Badminton,2026-04-08 16:25:00,2026-04-10 20:00:00
R-215,Gym,2026-04-08 16:55:00,2026-04-09 19:00:00
R-379,Clubhouse,2026-04-08 18:00:00,2026-04-11 19:00:00
R-218,Badminton,2026-04-08 18:05:00,2026-04-11 21:00:00
R-271,Gym,2026-04-08 18:30:00,2026-04-09 08:00:00
R-391,Gym,2026-04-08 18:30:00,2026-04-09 07:00:00
R-234,Gym,2026-04-08 18:40:00,2026-04-09 06:00:00
R-428,Gym,2026-04-08 18:45:00,2026-04-09 08:00:00
R-260,Badminton,2026-04-08 18:55:00,2026-04-09 21:00:00
R-306,Tennis,2026-04-08 19:00:00,2026-04-09 08:00:00
R-446,Gym,2026-04-08 19:10:00,2026-04-09 08:00:00
R-443,Gym,2026-04-08 19:20:00,2026-04-09 19:00:00
R-212,Pool,2026-04-08 20:10:00,2026-04-09 19:00:00
R-414,Gym,2026-04-08 20:25:00,2026-04-09 08:00:00
R-144,Gym,2026-04-08 20:30:00,2026-04-09 08:00:00
R-248,Tennis,2026-04-08 20:35:00,2026-04-09 18:00:00
R-119,Gym,2026-04-08 21:00:00,2026-04-09 06:00:00
R-312,Pool,2026-04-08 21:05:00,2026-04-11 11:00:00
R-446,Gym,2026-04-08 21:35:00,2026-04-09 06:00:00
R-211,Clubhouse,2026-04-08 21:45:00,2026-04-11 18:00:00
R-240,Gym,2026-04-08 22:05:00,2026-04-10 07:00:00
R-424,Gym,2026-04-08 22:20:00,2026-04-09 06:00:00
R-414,Gym,2026-04-08 22:35:00,2026-04-09 20:00:00
R-424,Gym,2026-04-08 23:10:00,2026-04-09 08:00:00
R-200,Badminton,2026-04-09 00:20:00,2026-04-09 12:00:00
R-286,Gym,2026-04-09 00:30:00,2026-04-09 20:00:00
R-401,Gym,2026-04-09 00:35:00,2026-04-09 10:00:00
R-314,Gym,2026-04-09 01:15:00,2026-04-09 21:00:00
R-366,Gym,2026-04-09 01:30:00,2026-04-09 08:00:00
R-239,Badminton,2026-04-09 01:35:00,2026-04-09 19:00:00
R-145,Gym,2026-04-09 01:55:00,2026-04-09 12:00:00
R-443,Badminton,2026-04-09 02:10:00,2026-04-09 20:00:00
R-150,Gym,2026-04-09 02:45:00,2026-04-09 08:00:00
R-335,Tennis,2026-04-09 03:05:00,2026-04-09 18:00:00
R-177,Gym,2026-04-09 03:05:00,2026-04-09 08:00:00
R-105,Gym,2026-04-09 03:45:00,2026-04-09 08:00:00
R-119,Gym,2026-04-09 03:45:00,2026-04-09 08:00:00
R-437,Gym,2026-04-09 03:45:00,2026-04-09 19:00:00
R-167,Gym,2026-04-09 03:50:00,2026-04-09 11:00:00
R-308,Gym,2026-04-09 03:55:00,2026-04-09 21:00:00
R-145,Gym,2026-04-09 04:00:00,2026-04-09 08:00:00
R-145,Tennis,2026-04-09 04:00:00,2026-04-10 20:00:00
R-116,Gym,2026-04-09 04:00:00,2026-04-09 07:00:00
R-444,Gym,2026-04-09 04:15:00,2026-04-09 12:00:00
R-252,Badminton,2026-04-09 04:40:00,2026-04-09 18:00:00
R-421,Gym,2026-04-09 04:50:00,2026-04-10 07:00:00
R-225,Tennis,2026-04-09 05:05:00,2026-04-11 08:00:00
R-156,Gym,2026-04-09 05:10:00,2026-04-09 08:00:00
R-281,Badminton,2026-04-09 05:55:00,2026-04-09 18:00:00
R-225,Gym,2026-04-09 06:00:00,2026-04-10 19:00:00
R-104,Tennis,2026-04-09 06:05:00,2026-04-11 19:00:00
R-286,Gym,2026-04-09 06:20:00,2026-04-09 18:00:00
R-377,Gym,2026-04-09 06:50:00,2026-04-09 19:00:00
R-428,Pool,2026-04-09 07:05:00,2026-04-10 06:00:00
R-105,Gym,2026-04-09 07:05:00,2026-04-09 11:00:00
R-288,Hall,2026-04-09 07:15:00,2026-04-12 18:00:00
R-215,Gym,2026-04-09 07:15:00,2026-04-09 21:00:00
R-243,Badminton,2026-04-09 07:25:00,2026-04-09 21:00:00
R-390,Pool,2026-04-09 08:05:00,2026-04-10 07:00:00
R-110,Gym,2026-04-09 08:20:00,2026-04-10 07:00:00
R-373,Badminton,2026-04-09 08:50:00,2026-04-10 19:00:00
R-361,Gym,2026-04-09 09:05:00,2026-04-10 13:00:00
R-423,Gym,2026-04-09 09:10:00,2026-04-10 06:00:00
R-174,Tennis,2026-04-09 10:00:00,2026-04-10 07:00:00
R-279,Gym,2026-04-09 10:40:00,2026-04-10 17:00:00
R-208,Gym,2026-04-09 10:45:00,2026-04-09 19:00:00
R-432,Gym,2026-04-09 11:05:00,2026-04-10 06:00:00
R-424,Gym,2026-04-09 11:25:00,2026-04-10 07:00:00
R-428,Gym,2026-04-09 11:40:00,2026-04-10 07:00:00
R-443,Badminton,2026-04-09 11:40:00,2026-04-10 07:00:00
R-366,Gym,2026-04-09 13:05:00,2026-04-10 08:00:00
R-360,Gym,2026-04-09 13:05:00,2026-04-09 18:00:00
R-229,Gym,2026-04-09 13:25:00,2026-04-10 07:00:00
R-235,Badminton,2026-04-09 13:25:00,2026-04-10 19:00:00
R-210,Gym,2026-04-09 13:35:00,2026-04-10 06:00:00
R-256,Gym,2026-04-09 13:55:00,2026-04-10 06:00:00
R-366,Tennis,2026-04-09 14:00:00,2026-04-10 06:00:00
R-394,Pool,2026-04-09 14:20:00,2026-04-09 17:00:00
R-386,Clubhouse,2026-04-09 14:20:00,2026-04-12 10:00:00
R-353,Badminton,2026-04-09 14:45:00,2026-04-10 21:00:00
R-449,Clubhouse,2026-04-09 15:55:00,2026-04-10 19:00:00
R-225,Pool,2026-04-09 15:55:00,2026-04-10 06:00:00
R-227,Gym,2026-04-09 16:05:00,2026-04-10 10:00:00
R-263,Gym,2026-04-09 16:15:00,2026-04-10 08:00:00
R-423,Gym,2026-04-09 16:25:00,2026-04-10 07:00:00
R-170,Gym,2026-04-09 16:25:00,2026-04-10 06:00:00
R-263,Gym,2026-04-09 16:40:00,2026-04-10 06:00:00
R-286,Badminton,2026-04-09 17:05:00,2026-04-11 20:00:00
R-319,Gym,2026-04-09 17:15:00,2026-04-10 18:00:00
R-159,Gym,2026-04-09 17:20:00,2026-04-10 07:00:00
R-403,Badminton,2026-04-09 17:40:00,2026-04-10 22:00:00
R-126,Badminton,2026-04-09 18:35:00,2026-04-10 20:00:00
R-272,Badminton,2026-04-09 18:50:00,2026-04-10 18:00:00
R-263,Gym,2026-04-09 18:55:00,2026-04-10 07:00:00
R-155,Gym,2026-04-09 19:00:00,2026-04-10 08:00:00
R-161,Badminton,2026-04-09 20:00:00,2026-04-11 10:00:00
R-156,Gym,2026-04-09 20:50:00,2026-04-10 06:00:00
R-416,Pool,2026-04-09 20:50:00,2026-04-12 10:00:00
R-435,Pool,2026-04-09 21:00:00,2026-04-12 14:00:00
R-228,Badminton,2026-04-09 21:00:00,2026-04-10 18:00:00
R-401,Gym,2026-04-09 21:10:00,2026-04-10 06:00:00
R-188,Gym,2026-04-09 21:25:00,2026-04-10 06:00:00
R-210,Gym,2026-04-09 21:50:00,2026-04-10 08:00:00
R-118,Gym,2026-04-09 22:05:00,2026-04-10 07:00:00
R-403,Badminton,2026-04-09 22:25:00,2026-04-10 19:00:00
R-397,Badminton,2026-04-09 22:25:00,2026-04-10 21:00:00
R-145,Gym,2026-04-09 23:25:00,2026-04-10 06:00:00
R-102,Gym,2026-04-09 23:30:00,2026-04-10 08:00:00
R-115,Pool,2026-04-09 23:30:00,2026-04-11 20:00:00
R-110,Gym,2026-04-09 23:35:00,2026-04-10 06:00:00
R-312,Pool,2026-04-09 23:50:00,2026-04-12 14:00:00
R-216,Clubhouse,2026-04-10 00:05:00,2026-04-10 19:00:00
R-211,Clubhouse,2026-04-10 00:10:00,2026-04-11 17:00:00
R-228,Badminton,2026-04-10 00:20:00,2026-04-10 21:00:00
R-155,Gym,2026-04-10 00:20:00,2026-04-10 07:00:00
R-114,Gym,2026-04-10 01:05:00,2026-04-10 07:00:00
R-421,Gym,2026-04-10 01:05:00,2026-04-10 08:00:00
R-176,Hall,2026-04-10 01:35:00,2026-04-14 16:00:00
R-441,Tennis,2026-04-10 01:55:00,2026-04-10 21:00:00
R-391,Gym,2026-04-10 02:15:00,2026-04-10 07:00:00
R-246,Gym,2026-04-10 02:35:00,2026-04-10 06:00:00
R-448,Badminton,2026-04-10 02:45:00,2026-04-10 18:00:00
R-222,Gym,2026-04-10 02:50:00,2026-04-10 21:00:00
R-412,Gym,2026-04-10 03:10:00,2026-04-11 18:00:00
R-366,Tennis,2026-04-10 04:05:00,2026-04-14 08:00:00
R-124,Tennis,2026-04-10 04:15:00,2026-04-10 21:00:00
R-285,Pool,2026-04-10 04:20:00,2026-04-10 14:00:00
R-247,Tennis,2026-04-10 04:25:00,2026-04-10 21:00:00
R-447,Badminton,2026-04-10 05:30:00,2026-04-10 14:00:00
R-235,Badminton,2026-04-10 06:10:00,2026-04-11 15:00:00
R-186,Pool,2026-04-10 06:20:00,2026-04-10 17:00:00
R-301,Gym,2026-04-10 07:15:00,2026-04-10 19:00:00
R-113,Clubhouse,2026-04-10 07:40:00,2026-04-11 10:00:00
R-218,Badminton,2026-04-10 07:40:00,2026-04-10 20:00:00
R-233,Pool,2026-04-10 07:50:00,2026-04-11 10:00:00
R-373,Badminton,2026-04-10 08:20:00,2026-04-10 21:00:00
R-205,Gym,2026-04-10 08:20:00,2026-04-11 16:00:00
R-257,Gym,2026-04-10 08:35:00,2026-04-10 16:00:00
R-140,Gym,2026-04-10 08:50:00,2026-04-11 20:00:00
R-443,Gym,2026-04-10 08:55:00,2026-04-10 18:00:00
R-327,Pool,2026-04-10 09:10:00,2026-04-10 15:00:00
R-447,Badminton,2026-04-10 09:45:00,2026-04-10 18:00:00
R-183,Clubhouse,2026-04-10 10:00:00,2026-04-11 16:00:00
R-434,Gym,2026-04-10 10:05:00,2026-04-11 06:00:00
R-272,Tennis,2026-04-10 10:50:00,2026-04-11 20:00:00
R-179,Gym,2026-04-10 10:50:00,2026-04-10 18:00:00
R-376,Clubhouse,2026-04-10 10:50:00,2026-04-12 17:00:00
R-128,Badminton,2026-04-10 11:20:00,2026-04-10 22:00:00
R-218,Tennis,2026-04-10 11:20:00,2026-04-11 19:00:00
R-149,Tennis,2026-04-10 12:00:00,2026-04-10 20:00:00
R-319,Pool,2026-04-10 12:35:00,2026-04-11 08:00:00
R-211,Clubhouse,2026-04-10 13:50:00,2026-04-12 15:00:00
R-113,Pool,2026-04-10 14:35:00,2026-04-11 15:00:00
R-197,Badminton,2026-04-10 15:05:00,2026-04-11 10:00:00
R-148,Pool,2026-04-10 15:05:00,2026-04-11 11:00:00
R-118,Gym,2026-04-10 15:15:00,2026-04-10 19:00:00
R-339,Gym,2026-04-10 15:20:00,2026-04-11 07:00:00
R-193,Tennis,2026-04-10 16:45:00,2026-04-11 07:00:00
R-265,Pool,2026-04-10 16:50:00,2026-04-11 07:00:00
R-285,Clubhouse,2026-04-10 17:15:00,2026-04-12 15:00:00
R-281,Gym,2026-04-10 17:25:00,2026-04-11 20:00:00
R-132,Tennis,2026-04-10 17:30:00,2026-04-11 16:00:00
R-277,Gym,2026-04-10 17:55:00,2026-04-11 18:00:00
R-132,Pool,2026-04-10 18:25:00,2026-04-11 09:00:00
R-282,Pool,2026-04-10 18:25:00,2026-04-12 16:00:00
R-300,Pool,2026-04-10 18:45:00,2026-04-11 17:00:00
R-432,Gym,2026-04-10 18:50:00,2026-04-11 08:00:00
R-157,Clubhouse,2026-04-10 19:45:00,2026-04-11 11:00:00
R-239,Badminton,2026-04-10 19:50:00,2026-04-13 18:00:00
R-307,Clubhouse,2026-04-10 19:55:00,2026-04-11 12:00:00
R-283,Pool,2026-04-10 20:40:00,2026-04-11 11:00:00
R-423,Tennis,2026-04-10 20:40:00,2026-04-15 08:00:00
R-192,Gym,2026-04-10 20:55:00,2026-04-11 14:00:00
R-115,Pool,2026-04-10 22:25:00,2026-04-12 10:00:00
R-431,Pool,2026-04-10 22:25:00,2026-04-11 16:00:00
R-215,Gym,2026-04-10 22:30:00,2026-04-11 20:00:00
R-138,Gym,2026-04-10 22:50:00,2026-04-11 10:00:00
R-204,Pool,2026-04-10 23:00:00,2026-04-12 15:00:00
R-414,Gym,2026-04-10 23:45:00,2026-04-12 19:00:00
R-111,Gym,2026-04-11 00:55:00,2026-04-11 19:00:00
R-215,Badminton,2026-04-11 01:25:00,2026-04-11 19:00:00
R-366,Tennis,2026-04-11 01:25:00,2026-04-13 07:00:00
R-260,Badminton,2026-04-11 01:35:00,2026-04-11 20:00:00
R-386,Gym,2026-04-11 01:45:00,2026-04-11 14:00:00
R-414,Pool,2026-04-11 01:50:00,2026-04-11 17:00:00
R-251,Gym,2026-04-11 01:55:00,2026-04-11 07:00:00
R-201,Pool,2026-04-11 02:40:00,2026-04-11 13:00:00
R-252,Badminton,2026-04-11 02:40:00,2026-04-11 19:00:00
R-286,Gym,2026-04-11 02:50:00,2026-04-11 19:00:00
R-281,Badminton,2026-04-11 03:20:00,2026-04-11 21:00:00
R-378,Pool,2026-04-11 03:35:00,2026-04-12 10:00:00
R-443,Badminton,2026-04-11 03:55:00,2026-04-11 21:00:00
R-268,Gym,2026-04-11 04:30:00,2026-04-11 18:00:00
R-208,Badminton,2026-04-11 04:50:00,2026-04-13 18:00:00
R-161,Pool,2026-04-11 05:40:00,2026-04-11 14:00:00
R-363,Pool,2026-04-11 05:55:00,2026-04-11 14:00:00
R-132,Pool,2026-04-11 06:00:00,2026-04-11 14:00:00
R-443,Badminton,2026-04-11 06:25:00,2026-04-12 18:00:00
R-168,Pool,2026-04-11 06:30:00,2026-04-11 14:00:00
R-255,Pool,2026-04-11 06:40:00,2026-04-11 10:00:00
R-403,Badminton,2026-04-11 07:00:00,2026-04-12 21:00:00
R-217,Pool,2026-04-11 07:15:00,2026-04-11 11:00:00
R-434,Tennis,2026-04-11 07:35:00,2026-04-14 06:00:00
R-132,Pool,2026-04-11 07:35:00,2026-04-12 09:00:00
R-187,Pool,2026-04-11 07:45:00,2026-04-11 19:00:00
R-404,Tennis,2026-04-11 07:45:00,2026-04-11 18:00:00
R-404,Gym,2026-04-11 09:05:00,2026-04-11 19:00:00
R-248,Gym,2026-04-11 09:30:00,2026-04-11 21:00:00
R-388,Tennis,2026-04-11 09:50:00,2026-04-11 20:00:00
R-105,Tennis,2026-04-11 10:05:00,2026-04-13 06:00:00
R-113,Clubhouse,2026-04-11 10:20:00,2026-04-12 15:00:00
R-423,Gym,2026-04-11 10:20:00,2026-04-13 07:00:00
R-449,Tennis,2026-04-11 10:20:00,2026-04-11 19:00:00
R-414,Gym,2026-04-11 10:50:00,2026-04-13 06:00:00
R-392,Pool,2026-04-11 12:35:00,2026-04-12 16:00:00
R-109,Pool,2026-04-11 12:50:00,2026-04-12 16:00:00
R-150,Tennis,2026-04-11 13:15:00,2026-04-14 07:00:00
R-192,Pool,2026-04-11 13:15:00,2026-04-11 17:00:00
R-431,Pool,2026-04-11 13:35:00,2026-04-12 15:00:00
R-213,Badminton,2026-04-11 14:20:00,2026-04-13 18:00:00
R-228,Gym,2026-04-11 14:35:00,2026-04-11 19:00:00
R-427,Clubhouse,2026-04-11 14:35:00,2026-04-13 11:00:00
R-100,Clubhouse,2026-04-11 14:35:00,2026-04-12 14:00:00
R-195,Clubhouse,2026-04-11 14:55:00,2026-04-12 14:00:00
R-423,Tennis,2026-04-11 15:10:00,2026-04-14 07:00:00
R-397,Pool,2026-04-11 15:25:00,2026-04-13 19:00:00
R-397,Pool,2026-04-11 15:45:00,2026-04-13 20:00:00
R-404,Tennis,2026-04-11 15:55:00,2026-04-14 21:00:00
R-300,Pool,2026-04-11 16:25:00,2026-04-12 16:00:00
R-310,Pool,2026-04-11 17:40:00,2026-04-12 10:00:00
R-369,Gym,2026-04-11 17:50:00,2026-04-12 07:00:00
R-193,Gym,2026-04-11 20:05:00,2026-04-12 08:00:00
R-158,Badminton,2026-04-11 20:55:00,2026-04-12 16:00:00
R-339,Gym,2026-04-11 23:20:00,2026-04-12 08:00:00
R-225,Pool,2026-04-11 23:20:00,2026-04-14 19:00:00
R-192,Pool,2026-04-11 23:30:00,2026-04-12 15:00:00
R-309,Pool,2026-04-12 00:00:00,2026-04-12 17:00:00
R-291,Pool,2026-04-12 00:10:00,2026-04-12 10:00:00
R-268,Tennis,2026-04-12 00:10:00,2026-04-13 07:00:00
R-118,Badminton,2026-04-12 01:00:00,2026-04-13 06:00:00
R-238,Pool,2026-04-12 01:05:00,2026-04-12 15:00:00
R-156,Gym,2026-04-12 01:10:00,2026-04-13 16:00:00
R-196,Gym,2026-04-12 01:15:00,2026-04-12 18:00:00
R-392,Pool,2026-04-12 01:25:00,2026-04-12 11:00:00
R-363,Pool,2026-04-12 02:10:00,2026-04-12 17:00:00
R-110,Gym,2026-04-12 02:25:00,2026-04-12 08:00:00
R-300,Gym,2026-04-12 02:55:00,2026-04-12 14:00:00
R-118,Gym,2026-04-12 03:40:00,2026-04-12 07:00:00
R-161,Clubhouse,2026-04-12 04:25:00,2026-04-12 17:00:00
R-218,Badminton,2026-04-12 04:35:00,2026-04-14 21:00:00
R-353,Tennis,2026-04-12 04:40:00,2026-04-13 18:00:00
R-350,Pool,2026-04-12 05:05:00,2026-04-12 10:00:00
R-433,Pool,2026-04-12 05:10:00,2026-04-12 15:00:00
R-192,Pool,2026-04-12 05:30:00,2026-04-12 09:00:00
R-279,Gym,2026-04-12 05:55:00,2026-04-13 08:00:00
R-361,Tennis,2026-04-12 06:55:00,2026-04-13 08:00:00
R-278,Badminton,2026-04-12 06:55:00,2026-04-12 19:00:00
R-378,Gym,2026-04-12 07:05:00,2026-04-12 16:00:00
R-255,Pool,2026-04-12 07:15:00,2026-04-12 11:00:00
R-242,Tennis,2026-04-12 07:30:00,2026-04-12 19:00:00
R-167,Tennis,2026-04-12 07:30:00,2026-04-14 06:00:00
R-211,Gym,2026-04-12 07:50:00,2026-04-12 18:00:00
R-221,Gym,2026-04-12 08:40:00,2026-04-13 08:00:00
R-423,Gym,2026-04-12 08:55:00,2026-04-14 08:00:00
R-268,Pool,2026-04-12 09:20:00,2026-04-13 08:00:00
R-125,Tennis,2026-04-12 10:00:00,2026-04-13 07:00:00
R-300,Pool,2026-04-12 10:10:00,2026-04-12 18:00:00
R-410,Pool,2026-04-12 10:20:00,2026-04-12 19:00:00
R-435,Gym,2026-04-12 10:35:00,2026-04-12 16:00:00
R-428,Tennis,2026-04-12 10:55:00,2026-04-13 08:00:00
R-155,Gym,2026-04-12 11:20:00,2026-04-13 07:00:00
R-363,Pool,2026-04-12 11:20:00,2026-04-12 18:00:00
R-214,Pool,2026-04-12 11:35:00,2026-04-12 17:00:00
R-142,Tennis,2026-04-12 11:55:00,2026-04-13 20:00:00
R-432,Pool,2026-04-12 12:25:00,2026-04-13 06:00:00
R-277,Badminton,2026-04-12 12:40:00,2026-04-13 18:00:00
R-346,Hall,2026-04-12 13:00:00,2026-04-15 11:00:00
R-414,Tennis,2026-04-12 13:10:00,2026-04-13 12:00:00
R-274,Badminton,2026-04-12 13:45:00,2026-04-13 19:00:00
R-193,Gym,2026-04-12 14:25:00,2026-04-13 07:00:00
R-366,Tennis,2026-04-12 15:40:00,2026-04-14 06:00:00
R-379,Hall,2026-04-12 16:30:00,2026-04-26 16:00:00
R-177,Badminton,2026-04-12 16:35:00,2026-04-13 19:00:00
R-241,Gym,2026-04-12 17:30:00,2026-04-13 06:00:00
R-119,Gym,2026-04-12 17:55:00,2026-04-13 07:00:00
R-338,Badminton,2026-04-12 18:05:00,2026-04-13 20:00:00
R-448,Gym,2026-04-12 18:35:00,2026-04-12 21:00:00
R-208,Badminton,2026-04-12 18:45:00,2026-04-16 18:00:00
R-397,Pool,2026-04-12 18:55:00,2026-04-14 18:00:00
R-441,Badminton,2026-04-12 19:00:00,2026-04-14 20:00:00
R-418,Gym,2026-04-12 19:00:00,2026-04-13 08:00:00
R-256,Pool,2026-04-12 19:15:00,2026-04-13 08:00:00
R-257,Pool,2026-04-12 19:20:00,2026-04-13 19:00:00
R-274,Tennis,2026-04-12 19:55:00,2026-04-13 18:00:00
R-277,Tennis,2026-04-12 20:05:00,2026-04-17 18:00:00
R-391,Gym,2026-04-12 20:25:00,2026-04-13 08:00:00
R-420,Gym,2026-04-12 21:05:00,2026-04-13 13:00:00
R-227,Badminton,2026-04-12 21:10:00,2026-04-13 20:00:00
R-375,Tennis,2026-04-12 21:10:00,2026-04-14 07:00:00
R-155,Gym,2026-04-12 21:15:00,2026-04-13 06:00:00
R-277,Gym,2026-04-12 21:20:00,2026-04-13 19:00:00
R-104,Badminton,2026-04-12 21:35:00,2026-04-13 21:00:00
R-215,Badminton,2026-04-12 21:45:00,2026-04-13 19:00:00
R-105,Gym,2026-04-12 21:50:00,2026-04-13 08:00:00
R-116,Gym,2026-04-12 22:50:00,2026-04-13 07:00:00
R-228,Tennis,2026-04-12 23:25:00,2026-04-15 19:00:00
R-101,Tennis,2026-04-12 23:25:00,2026-04-15 08:00:00
R-418,Pool,2026-04-12 23:35:00,2026-04-13 07:00:00
R-420,Gym,2026-04-12 23:40:00,2026-04-13 06:00:00
R-306,Gym,2026-04-13 00:10:00,2026-04-13 08:00:00
R-145,Tennis,2026-04-13 00:45:00,2026-04-13 08:00:00
R-358,Gym,2026-04-13 00:55:00,2026-04-13 08:00:00
R-256,Gym,2026-04-13 01:00:00,2026-04-13 22:00:00
R-114,Gym,2026-04-13 01:45:00,2026-04-13 06:00:00
R-263,Gym,2026-04-13 03:40:00,2026-04-13 08:00:00
R-306,Tennis,2026-04-13 04:15:00,2026-04-16 19:00:00
R-145,Gym,2026-04-13 04:35:00,2026-04-13 07:00:00
R-272,Gym,2026-04-13 05:30:00,2026-04-13 20:00:00
R-412,Badminton,2026-04-13 05:40:00,2026-04-14 07:00:00
R-128,Badminton,2026-04-13 05:50:00,2026-04-13 20:00:00
R-301,Gym,2026-04-13 05:50:00,2026-04-13 20:00:00
R-369,Gym,2026-04-13 06:00:00,2026-04-14 06:00:00
R-272,Tennis,2026-04-13 06:30:00,2026-04-14 18:00:00
R-388,Gym,2026-04-13 07:15:00,2026-04-13 19:00:00
R-279,Gym,2026-04-13 07:55:00,2026-04-15 07:00:00
R-126,Gym,2026-04-13 08:00:00,2026-04-13 18:00:00
R-222,Gym,2026-04-13 08:20:00,2026-04-13 18:00:00
R-313,Badminton,2026-04-13 09:25:00,2026-04-13 21:00:00
R-260,Tennis,2026-04-13 09:55:00,2026-04-13 19:00:00
R-257,Badminton,2026-04-13 10:50:00,2026-04-14 19:00:00
R-354,Tennis,2026-04-13 12:20:00,2026-04-14 19:00:00
R-441,Gym,2026-04-13 12:25:00,2026-04-13 21:00:00
R-229,Tennis,2026-04-13 12:45:00,2026-04-15 08:00:00
R-403,Badminton,2026-04-13 12:50:00,2026-04-14 18:00:00
R-254,Gym,2026-04-13 12:50:00,2026-04-14 06:00:00
R-331,Gym,2026-04-13 13:00:00,2026-04-13 21:00:00
R-146,Gym,2026-04-13 13:50:00,2026-04-13 20:00:00
R-305,Gym,2026-04-13 14:40:00,2026-04-14 06:00:00
R-329,Pool,2026-04-13 15:00:00,2026-04-14 08:00:00
R-391,Gym,2026-04-13 15:10:00,2026-04-14 06:00:00
R-432,Gym,2026-04-13 15:25:00,2026-04-14 08:00:00
R-448,Clubhouse,2026-04-13 16:10:00,2026-04-14 19:00:00
R-249,Gym,2026-04-13 16:30:00,2026-04-14 19:00:00
R-426,Tennis,2026-04-13 16:35:00,2026-04-14 19:00:00
R-353,Badminton,2026-04-13 17:00:00,2026-04-14 20:00:00
R-118,Gym,2026-04-13 17:25:00,2026-04-14 08:00:00
R-112,Gym,2026-04-13 17:25:00,2026-04-14 07:00:00
R-446,Gym,2026-04-13 17:25:00,2026-04-14 08:00:00
R-358,Badminton,2026-04-13 17:45:00,2026-04-14 08:00:00
R-286,Gym,2026-04-13 18:10:00,2026-04-13 21:00:00
R-423,Pool,2026-04-13 18:35:00,2026-04-14 17:00:00
R-146,Tennis,2026-04-13 18:55:00,2026-04-14 21:00:00
R-170,Tennis,2026-04-13 19:35:00,2026-04-14 08:00:00
R-221,Gym,2026-04-13 19:40:00,2026-04-14 06:00:00
R-327,Gym,2026-04-13 20:05:00,2026-04-14 17:00:00
R-267,Badminton,2026-04-13 20:10:00,2026-04-14 20:00:00
R-432,Gym,2026-04-13 20:15:00,2026-04-14 06:00:00
R-192,Clubhouse,2026-04-13 21:00:00,2026-04-18 14:00:00
R-144,Pool,2026-04-13 21:25:00,2026-04-14 08:00:00
R-246,Gym,2026-04-13 22:05:00,2026-04-14 08:00:00
R-102,Gym,2026-04-13 22:35:00,2026-04-14 06:00:00
R-263,Tennis,2026-04-13 23:05:00,2026-04-15 08:00:00
R-155,Gym,2026-04-13 23:15:00,2026-04-15 06:00:00
R-119,Gym,2026-04-13 23:50:00,2026-04-14 08:00:00
R-361,Gym,2026-04-14 00:00:00,2026-04-14 06:00:00
R-279,Gym,2026-04-14 00:25:00,2026-04-14 07:00:00
R-408,Clubhouse,2026-04-14 00:30:00,2026-04-14 12:00:00
R-271,Gym,2026-04-14 01:35:00,2026-04-14 07:00:00
R-227,Tennis,2026-04-14 02:10:00,2026-04-14 21:00:00
R-243,Badminton,2026-04-14 02:35:00,2026-04-14 17:00:00
R-373,Badminton,2026-04-14 02:45:00,2026-04-14 18:00:00
R-122,Gym,2026-04-14 02:45:00,2026-04-14 19:00:00
R-267,Gym,2026-04-14 03:00:00,2026-04-14 10:00:00
R-248,Badminton,2026-04-14 03:05:00,2026-04-15 21:00:00
R-404,Badminton,2026-04-14 03:20:00,2026-04-14 20:00:00
R-154,Gym,2026-04-14 03:25:00,2026-04-14 20:00:00
R-114,Pool,2026-04-14 03:40:00,2026-04-14 13:00:00
R-222,Badminton,2026-04-14 03:45:00,2026-04-15 21:00:00
R-277,Badminton,2026-04-14 03:55:00,2026-04-15 18:00:00
R-174,Gym,2026-04-14 04:05:00,2026-04-14 08:00:00
R-361,Tennis,2026-04-14 04:25:00,2026-04-14 14:00:00
R-117,Gym,2026-04-14 04:55:00,2026-04-14 11:00:00
R-181,Gym,2026-04-14 05:15:00,2026-04-14 18:00:00
R-418,Gym,2026-04-14 05:55:00,2026-04-15 06:00:00
R-218,Gym,2026-04-14 05:55:00,2026-04-15 20:00:00
R-279,Gym,2026-04-14 06:05:00,2026-04-15 14:00:00
R-401,Pool,2026-04-14 06:10:00,2026-04-15 08:00:00
R-151,Gym,2026-04-14 07:00:00,2026-04-14 19:00:00
R-192,Pool,2026-04-14 08:00:00,2026-04-14 16:00:00
R-137,Tennis,2026-04-14 08:00:00,2026-04-14 20:00:00
R-219,Badminton,2026-04-14 08:50:00,2026-04-15 06:00:00
R-102,Gym,2026-04-14 09:10:00,2026-04-15 08:00:00
R-335,Gym,2026-04-14 09:30:00,2026-04-15 20:00:00
R-104,Pool,2026-04-14 09:30:00,2026-04-14 18:00:00
R-341,Tennis,2026-04-14 09:45:00,2026-04-16 08:00:00
R-391,Gym,2026-04-14 09:50:00,2026-04-16 06:00:00
R-432,Gym,2026-04-14 10:05:00,2026-04-14 18:00:00
R-437,Badminton,2026-04-14 11:45:00,2026-04-14 21:00:00
R-303,Tennis,2026-04-14 12:35:00,2026-04-16 19:00:00
R-203,Pool,2026-04-14 12:45:00,2026-04-15 07:00:00
R-225,Pool,2026-04-14 13:25:00,2026-04-15 06:00:00
R-257,Pool,2026-04-14 13:55:00,2026-04-14 21:00:00
R-142,Badminton,2026-04-14 14:00:00,2026-04-15 09:00:00
R-438,Tennis,2026-04-14 14:10:00,2026-04-15 21:00:00
R-156,Pool,2026-04-14 14:30:00,2026-04-15 06:00:00
R-306,Gym,2026-04-14 14:35:00,2026-04-16 08:00:00
R-323,Gym,2026-04-14 14:50:00,2026-04-14 19:00:00
R-358,Gym,2026-04-14 15:05:00,2026-04-15 06:00:00
R-434,Tennis,2026-04-14 15:15:00,2026-04-16 08:00:00
R-121,Hall,2026-04-14 15:40:00,2026-04-17 16:00:00
R-219,Gym,2026-04-14 16:20:00,2026-04-14 21:00:00
R-118,Pool,2026-04-14 16:35:00,2026-04-15 08:00:00
R-239,Gym,2026-04-14 16:45:00,2026-04-14 19:00:00
R-150,Gym,2026-04-14 16:45:00,2026-04-15 07:00:00
R-112,Gym,2026-04-14 17:00:00,2026-04-15 06:00:00
R-369,Gym,2026-04-14 17:00:00,2026-04-15 07:00:00
R-421,Pool,2026-04-14 17:00:00,2026-04-16 08:00:00
R-438,Gym,2026-04-14 17:05:00,2026-04-16 07:00:00
R-272,Badminton,2026-04-14 18:00:00,2026-04-15 18:00:00
R-146,Badminton,2026-04-14 18:10:00,2026-04-15 18:00:00
R-145,Gym,2026-04-14 19:35:00,2026-04-15 06:00:00
R-403,Badminton,2026-04-14 20:00:00,2026-04-15 18:00:00
R-408,Clubhouse,2026-04-14 20:05:00,2026-04-17 18:00:00
R-279,Tennis,2026-04-14 21:05:00,2026-04-16 17:00:00
R-167,Gym,2026-04-14 21:20:00,2026-04-15 06:00:00
R-391,Gym,2026-04-14 21:30:00,2026-04-15 07:00:00
R-271,Gym,2026-04-14 21:40:00,2026-04-15 08:00:00
R-347,Gym,2026-04-14 21:40:00,2026-04-15 06:00:00
R-286,Badminton,2026-04-14 21:55:00,2026-04-16 19:00:00
R-446,Tennis,2026-04-14 22:10:00,2026-04-15 06:00:00
R-210,Gym,2026-04-14 22:20:00,2026-04-15 06:00:00
R-306,Gym,2026-04-14 22:40:00,2026-04-15 08:00:00
R-114,Pool,2026-04-14 22:55:00,2026-04-15 06:00:00
R-177,Gym,2026-04-14 23:10:00,2026-04-15 07:00:00
R-174,Gym,2026-04-14 23:15:00,2026-04-15 09:00:00
R-210,Tennis,2026-04-14 23:20:00,2026-04-15 15:00:00
R-319,Pool,2026-04-14 23:20:00,2026-04-15 08:00:00
R-178,Hall,2026-04-14 23:25:00,2026-04-18 19:00:00
R-358,Gym,2026-04-14 23:45:00,2026-04-15 08:00:00
R-306,Gym,2026-04-14 23:50:00,2026-04-15 06:00:00
R-260,Badminton,2026-04-15 00:20:00,2026-04-15 19:00:00
R-420,Tennis,2026-04-15 01:40:00,2026-04-15 21:00:00
R-274,Gym,2026-04-15 01:45:00,2026-04-15 19:00:00
R-154,Gym,2026-04-15 02:20:00,2026-04-15 11:00:00
R-156,Gym,2026-04-15 02:20:00,2026-04-15 07:00:00
R-242,Gym,2026-04-15 02:30:00,2026-04-15 18:00:00
R-136,Pool,2026-04-15 02:30:00,2026-04-17 09:00:00
R-428,Gym,2026-04-15 02:40:00,2026-04-15 08:00:00
R-441,Gym,2026-04-15 03:15:00,2026-04-15 19:00:00
R-324,Badminton,2026-04-15 03:30:00,2026-04-15 19:00:00
R-163,Gym,2026-04-15 03:30:00,2026-04-15 07:00:00
R-145,Gym,2026-04-15 03:40:00,2026-04-16 07:00:00
R-366,Gym,2026-04-15 04:00:00,2026-04-16 06:00:00
R-286,Badminton,2026-04-15 04:15:00,2026-04-15 20:00:00
R-271,Gym,2026-04-15 04:20:00,2026-04-16 06:00:00
R-219,Gym,2026-04-15 04:30:00,2026-04-15 18:00:00
R-443,Badminton,2026-04-15 04:35:00,2026-04-15 21:00:00
R-106,Pool,2026-04-15 04:45:00,2026-04-17 08:00:00
R-144,Gym,2026-04-15 05:40:00,2026-04-15 08:00:00
R-137,Gym,2026-04-15 05:55:00,2026-04-15 17:00:00
R-159,Pool,2026-04-15 06:05:00,2026-04-17 07:00:00
R-243,Badminton,2026-04-15 06:55:00,2026-04-16 21:00:00
R-377,Tennis,2026-04-15 07:25:00,2026-04-16 08:00:00
R-401,Pool,2026-04-15 07:25:00,2026-04-16 08:00:00
R-279,Gym,2026-04-15 07:35:00,2026-04-17 07:00:00
R-281,Badminton,2026-04-15 07:45:00,2026-04-16 18:00:00
R-221,Tennis,2026-04-15 07:55:00,2026-04-16 07:00:00
R-389,Tennis,2026-04-15 08:00:00,2026-04-17 07:00:00
R-434,Gym,2026-04-15 08:25:00,2026-04-16 07:00:00
R-279,Gym,2026-04-15 08:45:00,2026-04-17 08:00:00
R-416,Pool,2026-04-15 09:05:00,2026-04-15 19:00:00
R-412,Gym,2026-04-15 09:10:00,2026-04-15 16:00:00
R-141,Tennis,2026-04-15 10:45:00,2026-04-19 12:00:00
R-268,Badminton,2026-04-15 11:15:00,2026-04-16 12:00:00
R-102,Gym,2026-04-15 11:20:00,2026-04-16 06:00:00
R-156,Tennis,2026-04-15 11:30:00,2026-04-16 20:00:00
R-428,Pool,2026-04-15 11:40:00,2026-04-15 21:00:00
R-104,Badminton,2026-04-15 11:45:00,2026-04-16 20:00:00
R-184,Hall,2026-04-15 11:45:00,2026-04-17 11:00:00
R-358,Gym,2026-04-15 11:45:00,2026-04-16 07:00:00
R-434,Gym,2026-04-15 11:50:00,2026-04-15 20:00:00
R-412,Badminton,2026-04-15 13:10:00,2026-04-15 21:00:00
R-111,Gym,2026-04-15 13:30:00,2026-04-15 19:00:00
R-119,Pool,2026-04-15 13:30:00,2026-04-16 07:00:00
R-373,Gym,2026-04-15 13:55:00,2026-04-15 21:00:00
R-156,Gym,2026-04-15 14:00:00,2026-04-16 07:00:00
R-203,Gym,2026-04-15 14:05:00,2026-04-16 07:00:00
R-142,Badminton,2026-04-15 14:10:00,2026-04-16 20:00:00
R-104,Gym,2026-04-15 14:15:00,2026-04-16 18:00:00
R-156,Gym,2026-04-15 14:35:00,2026-04-16 08:00:00
R-353,Badminton,2026-04-15 15:10:00,2026-04-16 21:00:00
R-184,Hall,2026-04-15 15:30:00,2026-04-19 15:00:00
R-167,Gym,2026-04-15 15:35:00,2026-04-16 06:00:00
R-118,Gym,2026-04-15 15:45:00,2026-04-16 06:00:00
R-149,Badminton,2026-04-15 17:10:00,2026-04-16 20:00:00
R-215,Tennis,2026-04-15 17:40:00,2026-04-16 21:00:00
R-167,Gym,2026-04-15 18:30:00,2026-04-16 07:00:00
R-170,Gym,2026-04-15 20:15:00,2026-04-16 06:00:00
R-401,Gym,2026-04-15 20:25:00,2026-04-16 06:00:00
R-177,Tennis,2026-04-15 20:40:00,2026-04-16 18:00:00
R-437,Gym,2026-04-15 20:45:00,2026-04-17 19:00:00
R-150,Gym,2026-04-15 20:50:00,2026-04-16 08:00:00
R-432,Gym,2026-04-15 21:10:00,2026-04-16 07:00:00
R-414,Pool,2026-04-15 21:15:00,2026-04-16 06:00:00
R-444,Gym,2026-04-15 21:30:00,2026-04-16 07:00:00
R-231,Gym,2026-04-15 21:40:00,2026-04-17 19:00:00
R-434,Pool,2026-04-15 22:20:00,2026-04-16 16:00:00
R-183,Pool,2026-04-15 22:40:00,2026-04-16 16:00:00
R-144,Gym,2026-04-15 23:35:00,2026-04-16 07:00:00
R-197,Clubhouse,2026-04-15 23:45:00,2026-04-18 18:00:00
R-119,Gym,2026-04-16 00:05:00,2026-04-16 06:00:00
R-261,Badminton,2026-04-16 00:10:00,2026-04-17 18:00:00
R-361,Tennis,2026-04-16 00:15:00,2026-04-16 07:00:00
R-401,Gym,2026-04-16 00:30:00,2026-04-16 07:00:00
R-373,Badminton,2026-04-16 00:35:00,2026-04-16 19:00:00
R-422,Pool,2026-04-16 00:35:00,2026-04-16 08:00:00
R-174,Gym,2026-04-16 00:55:00,2026-04-16 06:00:00
R-122,Gym,2026-04-16 01:05:00,2026-04-16 18:00:00
R-324,Badminton,2026-04-16 01:10:00,2026-04-16 21:00:00
R-168,Clubhouse,2026-04-16 01:10:00,2026-04-18 15:00:00
R-102,Tennis,2026-04-16 01:30:00,2026-04-17 07:00:00
R-163,Gym,2026-04-16 01:45:00,2026-04-16 08:00:00
R-418,Gym,2026-04-16 01:45:00,2026-04-16 08:00:00
R-446,Tennis,2026-04-16 02:00:00,2026-04-16 10:00:00
R-268,Pool,2026-04-16 02:30:00,2026-04-17 19:00:00
R-240,Gym,2026-04-16 02:50:00,2026-04-16 07:00:00
R-256,Gym,2026-04-16 03:05:00,2026-04-17 08:00:00
R-165,Hall,2026-04-16 03:15:00,2026-04-23 15:00:00
R-263,Gym,2026-04-16 03:35:00,2026-04-17 07:00:00
R-221,Gym,2026-04-16 04:55:00,2026-04-16 08:00:00
R-277,Gym,2026-04-16 05:15:00,2026-04-16 21:00:00
R-218,Badminton,2026-04-16 05:35:00,2026-04-16 20:00:00
R-119,Gym,2026-04-16 05:40:00,2026-04-16 17:00:00
R-435,Clubhouse,2026-04-16 06:05:00,2026-04-18 14:00:00
R-244,Badminton,2026-04-16 07:00:00,2026-04-16 21:00:00
R-408,Clubhouse,2026-04-16 07:10:00,2026-04-19 12:00:00
R-428,Gym,2026-04-16 07:25:00,2026-04-17 06:00:00
R-240,Tennis,2026-04-16 07:35:00,2026-04-17 07:00:00
R-306,Gym,2026-04-16 08:05:00,2026-04-17 09:00:00
R-142,Gym,2026-04-16 08:35:00,2026-04-16 18:00:00
R-277,Badminton,2026-04-16 08:35:00,2026-04-17 19:00:00
R-140,Tennis,2026-04-16 08:45:00,2026-04-17 18:00:00
R-286,Gym,2026-04-16 08:55:00,2026-04-16 20:00:00
R-227,Gym,2026-04-16 09:40:00,2026-04-16 21:00:00
R-388,Gym,2026-04-16 10:00:00,2026-04-17 08:00:00
R-274,Gym,2026-04-16 10:05:00,2026-04-16 20:00:00
R-338,Badminton,2026-04-16 10:35:00,2026-04-16 18:00:00
R-100,Clubhouse,2026-04-16 10:40:00,2026-04-18 14:00:00
R-361,Gym,2026-04-16 11:10:00,2026-04-17 07:00:00
R-432,Gym,2026-04-16 12:05:00,2026-04-17 08:00:00
R-100,Clubhouse,2026-04-16 12:10:00,2026-04-19 10:00:00
R-161,Clubhouse,2026-04-16 12:10:00,2026-04-18 10:00:00
R-391,Gym,2026-04-16 12:20:00,2026-04-17 07:00:00
R-341,Tennis,2026-04-16 12:40:00,2026-04-20 07:00:00
R-262,Hall,2026-04-16 12:45:00,2026-04-24 19:00:00
R-174,Pool,2026-04-16 13:35:00,2026-04-17 06:00:00
R-397,Tennis,2026-04-16 14:05:00,2026-04-17 19:00:00
R-306,Gym,2026-04-16 14:05:00,2026-04-17 08:00:00
R-210,Pool,2026-04-16 14:55:00,2026-04-17 11:00:00
R-118,Gym,2026-04-16 14:55:00,2026-04-17 06:00:00
R-448,Badminton,2026-04-16 15:10:00,2026-04-17 18:00:00
R-389,Gym,2026-04-16 15:20:00,2026-04-17 08:00:00
R-309,Gym,2026-04-16 15:25:00,2026-04-18 15:00:00
R-385,Clubhouse,2026-04-16 16:05:00,2026-04-17 16:00:00
R-385,Pool,2026-04-16 16:20:00,2026-04-17 12:00:00
R-118,Tennis,2026-04-16 16:35:00,2026-04-17 08:00:00
R-225,Gym,2026-04-16 16:40:00,2026-04-17 06:00:00
R-397,Pool,2026-04-16 16:45:00,2026-04-17 16:00:00
R-446,Tennis,2026-04-16 17:30:00,2026-04-17 08:00:00
R-428,Gym,2026-04-16 17:40:00,2026-04-17 07:00:00
R-161,Clubhouse,2026-04-16 17:40:00,2026-04-18 21:00:00
R-337,Pool,2026-04-16 18:00:00,2026-04-18 11:00:00
R-435,Pool,2026-04-16 18:30:00,2026-04-19 18:00:00
R-279,Gym,2026-04-16 18:30:00,2026-04-17 20:00:00
R-163,Tennis,2026-04-16 18:55:00,2026-04-17 08:00:00
R-119,Badminton,2026-04-16 19:10:00,2026-04-17 08:00:00
R-187,Gym,2026-04-16 19:15:00,2026-04-17 18:00:00
R-361,Gym,2026-04-16 19:15:00,2026-04-17 08:00:00
R-377,Tennis,2026-04-16 20:30:00,2026-04-17 18:00:00
R-150,Gym,2026-04-16 21:35:00,2026-04-17 08:00:00
R-186,Tennis,2026-04-16 21:40:00,2026-04-17 19:00:00
R-432,Gym,2026-04-16 21:45:00,2026-04-17 06:00:00
R-233,Pool,2026-04-16 21:50:00,2026-04-18 17:00:00
R-121,Clubhouse,2026-04-16 22:00:00,2026-04-17 11:00:00
R-140,Badminton,2026-04-16 22:05:00,2026-04-17 20:00:00
R-191,Gym,2026-04-16 23:30:00,2026-04-17 15:00:00
R-257,Badminton,2026-04-16 23:40:00,2026-04-17 18:00:00
R-292,Tennis,2026-04-17 00:20:00,2026-04-19 16:00:00
R-447,Badminton,2026-04-17 00:25:00,2026-04-17 21:00:00
R-448,Pool,2026-04-17 00:50:00,2026-04-17 21:00:00
R-386,Pool,2026-04-17 01:05:00,2026-04-18 18:00:00
R-265,Pool,2026-04-17 01:55:00,2026-04-17 19:00:00
R-119,Gym,2026-04-17 02:05:00,2026-04-17 06:00:00
R-145,Gym,2026-04-17 02:45:00,2026-04-17 15:00:00
R-330,Badminton,2026-04-17 03:00:00,2026-04-17 21:00:00
R-271,Pool,2026-04-17 03:05:00,2026-04-17 06:00:00
R-126,Pool,2026-04-17 03:55:00,2026-04-17 18:00:00
R-243,Badminton,2026-04-17 04:05:00,2026-04-17 21:00:00
R-136,Pool,2026-04-17 04:35:00,2026-04-18 12:00:00
R-437,Badminton,2026-04-17 04:40:00,2026-04-18 11:00:00
R-198,Gym,2026-04-17 04:45:00,2026-04-17 08:00:00
R-140,Gym,2026-04-17 04:45:00,2026-04-17 21:00:00
R-295,Gym,2026-04-17 05:45:00,2026-04-17 20:00:00
R-262,Pool,2026-04-17 06:05:00,2026-04-17 18:00:00
R-104,Gym,2026-04-17 06:30:00,2026-04-17 20:00:00
R-185,Pool,2026-04-17 06:50:00,2026-04-18 12:00:00
R-449,Pool,2026-04-17 07:00:00,2026-04-17 13:00:00
R-303,Badminton,2026-04-17 07:00:00,2026-04-19 12:00:00
R-212,Tennis,2026-04-17 07:00:00,2026-04-18 07:00:00
R-155,Pool,2026-04-17 07:45:00,2026-04-17 16:00:00
R-443,Gym,2026-04-17 07:50:00,2026-04-17 21:00:00
R-123,Clubhouse,2026-04-17 08:05:00,2026-04-18 10:00:00
R-227,Badminton,2026-04-17 08:05:00,2026-04-17 20:00:00
R-159,Gym,2026-04-17 08:30:00,2026-04-17 15:00:00
R-142,Badminton,2026-04-17 08:50:00,2026-04-19 21:00:00
R-230,Clubhouse,2026-04-17 09:05:00,2026-04-18 14:00:00
R-126,Pool,2026-04-17 09:15:00,2026-04-17 15:00:00
R-151,Gym,2026-04-17 09:30:00,2026-04-17 21:00:00
R-296,Badminton,2026-04-17 09:35:00,2026-04-18 06:00:00
R-192,Clubhouse,2026-04-17 09:40:00,2026-04-19 22:00:00
R-247,Gym,2026-04-17 09:40:00,2026-04-17 19:00:00
R-215,Badminton,2026-04-17 09:45:00,2026-04-19 18:00:00
R-272,Badminton,2026-04-17 09:45:00,2026-04-18 18:00:00
R-113,Clubhouse,2026-04-17 09:55:00,2026-04-18 11:00:00
R-331,Gym,2026-04-17 12:35:00,2026-04-17 20:00:00
R-356,Clubhouse,2026-04-17 12:40:00,2026-04-19 14:00:00
R-346,Clubhouse,2026-04-17 12:45:00,2026-04-18 19:00:00
R-282,Clubhouse,2026-04-17 13:05:00,2026-04-18 11:00:00
R-224,Pool,2026-04-17 13:05:00,2026-04-18 14:00:00
R-284,Pool,2026-04-17 13:15:00,2026-04-18 14:00:00
R-281,Gym,2026-04-17 13:25:00,2026-04-17 17:00:00
R-419,Pool,2026-04-17 13:30:00,2026-04-18 10:00:00
R-324,Badminton,2026-04-17 14:00:00,2026-04-17 19:00:00
R-149,Gym,2026-04-17 15:15:00,2026-04-17 19:00:00
R-273,Pool,2026-04-17 15:35:00,2026-04-18 14:00:00
R-272,Gym,2026-04-17 15:55:00,2026-04-17 21:00:00
R-286,Badminton,2026-04-17 16:00:00,2026-04-18 21:00:00
R-223,Gym,2026-04-17 16:20:00,2026-04-18 19:00:00
R-121,Hall,2026-04-17 17:25:00,2026-04-19 19:00:00
R-428,Gym,2026-04-17 17:50:00,2026-04-18 06:00:00
R-100,Pool,2026-04-17 18:25:00,2026-04-18 17:00:00
R-215,Pool,2026-04-17 19:55:00,2026-04-18 06:00:00
R-218,Badminton,2026-04-17 20:20:00,2026-04-18 21:00:00
R-210,Pool,2026-04-17 21:00:00,2026-04-18 07:00:00
R-381,Gym,2026-04-17 21:50:00,2026-04-18 17:00:00
R-344,Pool,2026-04-17 22:15:00,2026-04-18 11:00:00
R-243,Pool,2026-04-17 22:30:00,2026-04-18 18:00:00
R-268,Pool,2026-04-17 22:55:00,2026-04-19 07:00:00
R-119,Tennis,2026-04-17 23:05:00,2026-04-18 08:00:00
R-260,Badminton,2026-04-17 23:10:00,2026-04-18 16:00:00
R-424,Gym,2026-04-17 23:45:00,2026-04-18 07:00:00
R-351,Gym,2026-04-17 23:45:00,2026-04-18 07:00:00
R-292,Pool,2026-04-17 23:45:00,2026-04-18 14:00:00
R-380,Pool,2026-04-17 23:50:00,2026-04-18 08:00:00
R-124,Badminton,2026-04-17 23:55:00,2026-04-18 18:00:00
R-189,Pool,2026-04-18 00:15:00,2026-04-18 19:00:00
R-353,Pool,2026-04-18 00:20:00,2026-04-18 08:00:00
R-449,Gym,2026-04-18 00:25:00,2026-04-18 08:00:00
R-441,Gym,2026-04-18 00:30:00,2026-04-18 20:00:00
R-286,Tennis,2026-04-18 00:35:00,2026-04-18 20:00:00
R-431,Gym,2026-04-18 00:40:00,2026-04-18 08:00:00
R-311,Clubhouse,2026-04-18 02:15:00,2026-04-23 17:00:00
R-376,Pool,2026-04-18 02:45:00,2026-04-19 10:00:00
R-151,Gym,2026-04-18 02:45:00,2026-04-18 20:00:00
R-152,Pool,2026-04-18 02:50:00,2026-04-18 14:00:00
R-433,Clubhouse,2026-04-18 02:55:00,2026-04-19 17:00:00
R-226,Badminton,2026-04-18 02:55:00,2026-04-18 18:00:00
R-228,Badminton,2026-04-18 03:15:00,2026-04-18 18:00:00
R-306,Pool,2026-04-18 03:50:00,2026-04-20 19:00:00
R-158,Pool,2026-04-18 03:55:00,2026-04-18 16:00:00
R-211,Pool,2026-04-18 04:00:00,2026-04-19 11:00:00
R-230,Pool,2026-04-18 04:10:00,2026-04-18 11:00:00
R-419,Clubhouse,2026-04-18 04:10:00,2026-04-18 18:00:00
R-435,Pool,2026-04-18 04:10:00,2026-04-18 11:00:00
R-437,Gym,2026-04-18 05:15:00,2026-04-18 22:00:00
R-401,Gym,2026-04-18 05:30:00,2026-04-18 14:00:00
R-284,Pool,2026-04-18 06:55:00,2026-04-18 16:00:00
R-331,Gym,2026-04-18 07:05:00,2026-04-18 21:00:00
R-215,Gym,2026-04-18 07:10:00,2026-04-18 19:00:00
R-365,Badminton,2026-04-18 07:10:00,2026-04-18 19:00:00
R-208,Gym,2026-04-18 07:10:00,2026-04-18 18:00:00
R-171,Tennis,2026-04-18 07:20:00,2026-04-23 07:00:00
R-205,Pool,2026-04-18 07:45:00,2026-04-19 16:00:00
R-373,Badminton,2026-04-18 08:30:00,2026-04-18 20:00:00
R-192,Gym,2026-04-18 08:30:00,2026-04-18 18:00:00
R-441,Badminton,2026-04-18 09:00:00,2026-04-18 19:00:00
R-400,Pool,2026-04-18 09:20:00,2026-04-18 15:00:00
R-208,Gym,2026-04-18 09:50:00,2026-04-18 19:00:00
R-184,Pool,2026-04-18 11:20:00,2026-04-18 18:00:00
R-363,Pool,2026-04-18 11:20:00,2026-04-18 18:00:00
R-378,Pool,2026-04-18 11:45:00,2026-04-19 11:00:00
R-448,Gym,2026-04-18 11:55:00,2026-04-18 20:00:00
R-137,Pool,2026-04-18 12:05:00,2026-04-18 19:00:00
R-285,Pool,2026-04-18 12:10:00,2026-04-19 11:00:00
R-441,Pool,2026-04-18 12:25:00,2026-04-18 18:00:00
R-386,Gym,2026-04-18 12:30:00,2026-04-19 17:00:00
R-161,Pool,2026-04-18 12:45:00,2026-04-18 18:00:00
R-339,Gym,2026-04-18 12:50:00,2026-04-19 08:00:00
R-311,Gym,2026-04-18 13:00:00,2026-04-19 15:00:00
R-423,Pool,2026-04-18 14:20:00,2026-04-20 06:00:00
R-437,Tennis,2026-04-18 14:25:00,2026-04-19 18:00:00
R-222,Gym,2026-04-18 14:30:00,2026-04-18 20:00:00
R-102,Tennis,2026-04-18 14:35:00,2026-04-20 06:00:00
R-268,Pool,2026-04-18 14:55:00,2026-04-18 19:00:00
R-379,Hall,2026-04-18 15:35:00,2026-05-01 16:00:00
R-435,Pool,2026-04-18 16:20:00,2026-04-19 16:00:00
R-213,Badminton,2026-04-18 16:20:00,2026-04-21 20:00:00
R-240,Pool,2026-04-18 16:40:00,2026-04-20 06:00:00
R-431,Badminton,2026-04-18 16:55:00,2026-04-19 14:00:00
R-423,Tennis,2026-04-18 17:00:00,2026-04-21 06:00:00
R-350,Pool,2026-04-18 17:10:00,2026-04-19 16:00:00
R-416,Pool,2026-04-18 17:50:00,2026-04-19 15:00:00
R-337,Pool,2026-04-18 17:55:00,2026-04-19 17:00:00
R-238,Gym,2026-04-18 18:10:00,2026-04-19 11:00:00
R-115,Pool,2026-04-18 18:25:00,2026-04-19 10:00:00
R-255,Clubhouse,2026-04-18 18:25:00,2026-04-19 14:00:00
R-300,Pool,2026-04-18 19:30:00,2026-04-19 18:00:00
R-407,Pool,2026-04-18 19:35:00,2026-04-19 11:00:00
R-225,Pool,2026-04-18 19:35:00,2026-04-21 19:00:00
R-113,Pool,2026-04-18 20:25:00,2026-04-19 10:00:00
R-391,Gym,2026-04-18 20:30:00,2026-04-19 07:00:00
R-225,Tennis,2026-04-18 20:35:00,2026-04-20 19:00:00
R-268,Gym,2026-04-18 20:45:00,2026-04-19 10:00:00
R-211,Pool,2026-04-18 21:10:00,2026-04-19 14:00:00
R-215,Badminton,2026-04-18 21:45:00,2026-04-20 18:00:00
R-103,Pool,2026-04-18 21:55:00,2026-04-19 14:00:00
R-435,Pool,2026-04-18 22:20:00,2026-04-19 11:00:00
R-233,Gym,2026-04-18 22:30:00,2026-04-19 15:00:00
R-131,Clubhouse,2026-04-18 23:00:00,2026-04-19 14:00:00
R-397,Tennis,2026-04-18 23:55:00,2026-04-22 18:00:00
R-263,Gym,2026-04-19 00:00:00,2026-04-19 06:00:00
R-152,Gym,2026-04-19 00:45:00,2026-04-19 08:00:00
R-286,Badminton,2026-04-19 01:30:00,2026-04-20 20:00:00
R-363,Pool,2026-04-19 01:35:00,2026-04-19 19:00:00
R-354,Tennis,2026-04-19 02:05:00,2026-04-22 07:00:00
R-248,Badminton,2026-04-19 02:25:00,2026-04-20 21:00:00
R-155,Gym,2026-04-19 02:40:00,2026-04-20 07:00:00
R-161,Pool,2026-04-19 03:25:00,2026-04-19 17:00:00
R-300,Clubhouse,2026-04-19 03:35:00,2026-04-19 15:00:00
R-255,Pool,2026-04-19 03:55:00,2026-04-19 10:00:00
R-316,Pool,2026-04-19 05:00:00,2026-04-19 18:00:00
R-197,Pool,2026-04-19 07:50:00,2026-04-19 14:00:00
R-113,Pool,2026-04-19 08:35:00,2026-04-19 16:00:00
R-426,Clubhouse,2026-04-19 09:00:00,2026-04-20 20:00:00
R-219,Tennis,2026-04-19 09:15:00,2026-04-20 21:00:00
R-277,Badminton,2026-04-19 09:50:00,2026-04-21 19:00:00
R-401,Gym,2026-04-19 10:10:00,2026-04-20 07:00:00
R-102,Tennis,2026-04-19 11:05:00,2026-04-20 08:00:00
R-116,Gym,2026-04-19 12:05:00,2026-04-20 08:00:00
R-114,Gym,2026-04-19 12:15:00,2026-04-20 09:00:00
R-221,Gym,2026-04-19 12:15:00,2026-04-20 07:00:00
R-424,Gym,2026-04-19 12:45:00,2026-04-20 06:00:00
R-142,Tennis,2026-04-19 13:15:00,2026-04-20 19:00:00
R-126,Clubhouse,2026-04-19 14:30:00,2026-04-25 21:00:00
R-239,Tennis,2026-04-19 14:40:00,2026-04-20 20:00:00
R-406,Clubhouse,2026-04-19 15:15:00,2026-04-26 11:00:00
R-218,Gym,2026-04-19 15:20:00,2026-04-20 20:00:00
R-392,Pool,2026-04-19 16:25:00,2026-04-21 10:00:00
R-418,Gym,2026-04-19 17:20:00,2026-04-20 07:00:00
R-115,Clubhouse,2026-04-19 17:25:00,2026-04-26 17:00:00
R-125,Gym,2026-04-19 18:00:00,2026-04-20 08:00:00
R-213,Gym,2026-04-19 19:00:00,2026-04-21 19:00:00
R-198,Gym,2026-04-19 19:15:00,2026-04-20 08:00:00
R-117,Gym,2026-04-19 19:25:00,2026-04-20 07:00:00
R-443,Gym,2026-04-19 19:35:00,2026-04-20 18:00:00
R-172,Pool,2026-04-19 19:40:00,2026-04-20 19:00:00
R-329,Gym,2026-04-19 19:55:00,2026-04-21 07:00:00
R-281,Badminton,2026-04-19 20:20:00,2026-04-20 18:00:00
R-126,Badminton,2026-04-19 20:25:00,2026-04-20 19:00:00
R-428,Gym,2026-04-19 21:15:00,2026-04-20 08:00:00
R-254,Gym,2026-04-19 21:40:00,2026-04-20 08:00:00
R-361,Gym,2026-04-19 21:40:00,2026-04-21 06:00:00
R-200,Tennis,2026-04-19 21:50:00,2026-04-21 16:00:00
R-296,Tennis,2026-04-19 21:55:00,2026-04-22 21:00:00
R-320,Clubhouse,2026-04-19 22:10:00,2026-04-21 21:00:00
R-193,Pool,2026-04-19 22:15:00,2026-04-20 16:00:00
R-145,Gym,2026-04-19 22:15:00,2026-04-20 07:00:00
R-154,Tennis,2026-04-19 22:20:00,2026-04-20 21:00:00
R-274,Badminton,2026-04-19 22:45:00,2026-04-21 20:00:00
R-125,Pool,2026-04-19 23:15:00,2026-04-21 06:00:00
R-391,Gym,2026-04-19 23:20:00,2026-04-20 07:00:00
R-243,Gym,2026-04-19 23:40:00,2026-04-20 21:00:00
R-105,Gym,2026-04-19 23:50:00,2026-04-21 07:00:00
R-193,Gym,2026-04-20 00:05:00,2026-04-20 18:00:00
R-163,Gym,2026-04-20 00:10:00,2026-04-20 06:00:00
R-263,Tennis,2026-04-20 00:20:00,2026-04-20 07:00:00
R-227,Badminton,2026-04-20 00:35:00,2026-04-20 19:00:00
R-371,Gym,2026-04-20 00:40:00,2026-04-20 06:00:00
R-114,Gym,2026-04-20 01:15:00,2026-04-20 08:00:00
R-227,Gym,2026-04-20 01:35:00,2026-04-20 20:00:00
R-162,Pool,2026-04-20 02:05:00,2026-04-20 08:00:00
R-142,Gym,2026-04-20 02:10:00,2026-04-20 18:00:00
R-413,Gym,2026-04-20 02:25:00,2026-04-21 06:00:00
R-314,Badminton,2026-04-20 02:35:00,2026-04-20 19:00:00
R-274,Badminton,2026-04-20 02:50:00,2026-04-20 21:00:00
R-187,Badminton,2026-04-20 04:05:00,2026-04-22 20:00:00
R-414,Badminton,2026-04-20 04:20:00,2026-04-21 07:00:00
R-353,Gym,2026-04-20 04:30:00,2026-04-20 20:00:00
R-257,Badminton,2026-04-20 04:45:00,2026-04-20 20:00:00
R-267,Badminton,2026-04-20 04:50:00,2026-04-21 21:00:00
R-248,Badminton,2026-04-20 04:50:00,2026-04-21 18:00:00
R-272,Badminton,2026-04-20 05:20:00,2026-04-20 19:00:00
R-235,Pool,2026-04-20 05:30:00,2026-04-20 19:00:00
R-301,Tennis,2026-04-20 05:40:00,2026-04-21 19:00:00
R-245,Badminton,2026-04-20 05:50:00,2026-04-21 21:00:00
R-375,Tennis,2026-04-20 06:25:00,2026-04-23 07:00:00
R-170,Gym,2026-04-20 06:55:00,2026-04-20 15:00:00
R-102,Gym,2026-04-20 08:05:00,2026-04-21 08:00:00
R-104,Gym,2026-04-20 08:45:00,2026-04-20 21:00:00
R-222,Badminton,2026-04-20 09:05:00,2026-04-22 09:00:00
R-106,Badminton,2026-04-20 09:50:00,2026-04-21 18:00:00
R-319,Pool,2026-04-20 09:50:00,2026-04-20 18:00:00
R-432,Gym,2026-04-20 10:15:00,2026-04-21 07:00:00
R-279,Pool,2026-04-20 10:50:00,2026-04-21 12:00:00
R-371,Gym,2026-04-20 11:00:00,2026-04-21 06:00:00
R-121,Hall,2026-04-20 11:05:00,2026-04-26 15:00:00
R-218,Gym,2026-04-20 11:15:00,2026-04-21 20:00:00
R-146,Gym,2026-04-20 11:30:00,2026-04-21 20:00:00
R-123,Clubhouse,2026-04-20 12:05:00,2026-04-25 16:00:00
R-353,Badminton,2026-04-20 12:55:00,2026-04-20 21:00:00
R-271,Tennis,2026-04-20 12:55:00,2026-04-21 08:00:00
R-265,Gym,2026-04-20 13:00:00,2026-04-21 08:00:00
R-254,Tennis,2026-04-20 13:40:00,2026-04-21 08:00:00
R-268,Gym,2026-04-20 13:45:00,2026-04-20 20:00:00
R-279,Gym,2026-04-20 13:55:00,2026-04-22 06:00:00
R-263,Gym,2026-04-20 14:40:00,2026-04-21 07:00:00
R-370,Gym,2026-04-20 15:30:00,2026-04-21 07:00:00
R-281,Badminton,2026-04-20 15:40:00,2026-04-20 20:00:00
R-114,Gym,2026-04-20 16:05:00,2026-04-21 07:00:00
R-371,Gym,2026-04-20 16:10:00,2026-04-21 07:00:00
R-281,Gym,2026-04-20 16:20:00,2026-04-20 21:00:00
R-335,Badminton,2026-04-20 16:35:00,2026-04-23 21:00:00
R-225,Pool,2026-04-20 17:10:00,2026-04-22 06:00:00
R-414,Pool,2026-04-20 17:45:00,2026-04-21 08:00:00
R-150,Pool,2026-04-20 17:50:00,2026-04-21 06:00:00
R-244,Gym,2026-04-20 17:55:00,2026-04-21 18:00:00
R-173,Pool,2026-04-20 18:00:00,2026-04-23 18:00:00
R-323,Gym,2026-04-20 18:25:00,2026-04-20 21:00:00
R-324,Pool,2026-04-20 18:45:00,2026-04-22 18:00:00
R-138,Clubhouse,2026-04-20 18:55:00,2026-04-25 18:00:00
R-271,Gym,2026-04-20 19:15:00,2026-04-21 06:00:00
R-167,Pool,2026-04-20 19:20:00,2026-04-21 08:00:00
R-410,Gym,2026-04-20 19:45:00,2026-04-21 08:00:00
R-263,Tennis,2026-04-20 19:45:00,2026-04-22 06:00:00
R-432,Gym,2026-04-20 20:05:00,2026-04-21 08:00:00
R-328,Gym,2026-04-20 20:25:00,2026-04-21 07:00:00
R-156,Gym,2026-04-20 21:45:00,2026-04-21 06:00:00
R-118,Gym,2026-04-20 21:55:00,2026-04-21 06:00:00
R-144,Gym,2026-04-20 23:20:00,2026-04-21 06:00:00
R-369,Pool,2026-04-20 23:20:00,2026-04-21 08:00:00
R-221,Gym,2026-04-20 23:50:00,2026-04-21 07:00:00
R-250,Gym,2026-04-20 23:50:00,2026-04-21 06:00:00
R-263,Pool,2026-04-21 00:10:00,2026-04-22 08:00:00
R-434,Gym,2026-04-21 00:30:00,2026-04-21 22:00:00
R-117,Gym,2026-04-21 00:55:00,2026-04-21 07:00:00
R-353,Badminton,2026-04-21 01:10:00,2026-04-22 18:00:00
R-448,Gym,2026-04-21 01:20:00,2026-04-21 22:00:00
R-261,Pool,2026-04-21 01:40:00,2026-04-22 20:00:00
R-144,Gym,2026-04-21 01:45:00,2026-04-21 08:00:00
R-112,Pool,2026-04-21 01:45:00,2026-04-21 19:00:00
R-188,Gym,2026-04-21 01:50:00,2026-04-21 06:00:00
R-274,Badminton,2026-04-21 02:35:00,2026-04-21 18:00:00
R-261,Badminton,2026-04-21 02:40:00,2026-04-21 20:00:00
R-256,Tennis,2026-04-21 03:05:00,2026-04-22 07:00:00
R-145,Pool,2026-04-21 03:05:00,2026-04-21 06:00:00
R-443,Pool,2026-04-21 03:35:00,2026-04-21 14:00:00
R-366,Pool,2026-04-21 03:40:00,2026-04-22 07:00:00
R-448,Gym,2026-04-21 04:25:00,2026-04-21 18:00:00
R-335,Pool,2026-04-21 04:30:00,2026-04-21 18:00:00
R-401,Gym,2026-04-21 05:45:00,2026-04-21 08:00:00
R-353,Badminton,2026-04-21 05:50:00,2026-04-21 21:00:00
R-219,Badminton,2026-04-21 05:55:00,2026-04-21 21:00:00
R-155,Gym,2026-04-21 06:25:00,2026-04-22 06:00:00
R-414,Pool,2026-04-21 06:50:00,2026-04-22 10:00:00
R-227,Gym,2026-04-21 06:55:00,2026-04-21 21:00:00
R-101,Badminton,2026-04-21 07:20:00,2026-04-21 18:00:00
R-102,Gym,2026-04-21 07:40:00,2026-04-21 13:00:00
R-293,Gym,2026-04-21 08:05:00,2026-04-21 19:00:00
R-391,Tennis,2026-04-21 08:15:00,2026-04-22 08:00:00
R-219,Badminton,2026-04-21 08:30:00,2026-04-22 19:00:00
R-149,Pool,2026-04-21 08:40:00,2026-04-21 15:00:00
R-102,Pool,2026-04-21 09:05:00,2026-04-22 07:00:00
R-257,Badminton,2026-04-21 09:10:00,2026-04-23 18:00:00
R-373,Tennis,2026-04-21 09:30:00,2026-04-24 21:00:00
R-381,Pool,2026-04-21 09:55:00,2026-04-21 19:00:00
R-310,Pool,2026-04-21 10:05:00,2026-04-22 15:00:00
R-170,Gym,2026-04-21 10:05:00,2026-04-22 13:00:00
R-414,Gym,2026-04-21 10:20:00,2026-04-22 14:00:00
R-171,Pool,2026-04-21 10:25:00,2026-04-21 19:00:00
R-326,Tennis,2026-04-21 10:40:00,2026-04-22 18:00:00
R-295,Badminton,2026-04-21 11:05:00,2026-04-22 18:00:00
R-335,Gym,2026-04-21 11:10:00,2026-04-22 12:00:00
R-403,Clubhouse,2026-04-21 11:15:00,2026-04-23 16:00:00
R-428,Tennis,2026-04-21 11:55:00,2026-04-23 08:00:00
R-145,Pool,2026-04-21 12:15:00,2026-04-22 08:00:00
R-219,Badminton,2026-04-21 12:40:00,2026-04-23 16:00:00
R-272,Gym,2026-04-21 13:05:00,2026-04-21 19:00:00
R-145,Tennis,2026-04-21 13:10:00,2026-04-22 07:00:00
R-341,Gym,2026-04-21 13:30:00,2026-04-22 07:00:00
R-435,Clubhouse,2026-04-21 13:35:00,2026-04-26 14:00:00
R-364,Gym,2026-04-21 14:05:00,2026-04-22 21:00:00
R-106,Gym,2026-04-21 14:15:00,2026-04-22 17:00:00
R-329,Gym,2026-04-21 14:25:00,2026-04-22 08:00:00
R-125,Gym,2026-04-21 14:30:00,2026-04-22 08:00:00
R-356,Clubhouse,2026-04-21 14:50:00,2026-04-25 12:00:00
R-313,Gym,2026-04-21 15:25:00,2026-04-21 21:00:00
R-281,Badminton,2026-04-21 15:35:00,2026-04-23 19:00:00
R-375,Gym,2026-04-21 15:45:00,2026-04-22 06:00:00
R-257,Badminton,2026-04-21 16:15:00,2026-04-22 18:00:00
R-155,Gym,2026-04-21 16:20:00,2026-04-22 08:00:00
R-329,Tennis,2026-04-21 16:30:00,2026-04-22 06:00:00
R-423,Gym,2026-04-21 17:05:00,2026-04-22 08:00:00
R-100,Clubhouse,2026-04-21 18:10:00,2026-04-28 18:00:00
R-389,Gym,2026-04-21 18:15:00,2026-04-22 08:00:00
R-379,Hall,2026-04-21 18:20:00,2026-05-03 16:00:00
R-170,Gym,2026-04-21 18:55:00,2026-04-22 08:00:00
R-358,Gym,2026-04-21 18:55:00,2026-04-22 06:00:00
R-388,Pool,2026-04-21 19:30:00,2026-04-22 20:00:00
R-235,Pool,2026-04-21 19:40:00,2026-04-22 20:00:00
R-188,Tennis,2026-04-21 19:45:00,2026-04-23 18:00:00
R-366,Gym,2026-04-21 19:55:00,2026-04-22 06:00:00
R-437,Gym,2026-04-21 20:00:00,2026-04-22 18:00:00
R-248,Badminton,2026-04-21 20:55:00,2026-04-23 14:00:00
R-414,Gym,2026-04-21 21:20:00,2026-04-22 07:00:00
R-418,Pool,2026-04-21 21:35:00,2026-04-22 08:00:00
R-299,Gym,2026-04-21 22:45:00,2026-04-22 08:00:00
R-370,Pool,2026-04-21 22:55:00,2026-04-22 08:00:00
R-263,Tennis,2026-04-21 23:40:00,2026-04-22 19:00:00
R-414,Gym,2026-04-22 00:15:00,2026-04-23 06:00:00
R-156,Pool,2026-04-22 00:30:00,2026-04-22 08:00:00
R-248,Gym,2026-04-22 00:35:00,2026-04-22 17:00:00
R-437,Gym,2026-04-22 01:00:00,2026-04-22 11:00:00
R-219,Pool,2026-04-22 01:30:00,2026-04-23 18:00:00
R-401,Gym,2026-04-22 01:35:00,2026-04-22 07:00:00
R-241,Gym,2026-04-22 01:40:00,2026-04-23 07:00:00
R-240,Gym,2026-04-22 01:50:00,2026-04-22 08:00:00
R-441,Badminton,2026-04-22 01:55:00,2026-04-22 18:00:00
R-117,Gym,2026-04-22 02:15:00,2026-04-23 06:00:00
R-314,Badminton,2026-04-22 02:30:00,2026-04-22 21:00:00
R-149,Tennis,2026-04-22 02:35:00,2026-04-22 13:00:00
R-353,Badminton,2026-04-22 02:45:00,2026-04-23 11:00:00
R-329,Tennis,2026-04-22 02:45:00,2026-04-23 06:00:00
R-271,Pool,2026-04-22 03:00:00,2026-04-22 16:00:00
R-323,Gym,2026-04-22 03:20:00,2026-04-22 21:00:00
R-128,Gym,2026-04-22 05:10:00,2026-04-22 07:00:00
R-132,Pool,2026-04-22 05:10:00,2026-04-22 11:00:00
R-156,Gym,2026-04-22 05:30:00,2026-04-23 06:00:00
R-330,Pool,2026-04-22 05:55:00,2026-04-22 20:00:00
R-447,Gym,2026-04-22 06:00:00,2026-04-22 18:00:00
R-219,Tennis,2026-04-22 06:00:00,2026-04-23 21:00:00
R-188,Gym,2026-04-22 06:15:00,2026-04-23 06:00:00
R-124,Pool,2026-04-22 06:40:00,2026-04-22 21:00:00
R-174,Pool,2026-04-22 07:00:00,2026-04-23 07:00:00
R-286,Tennis,2026-04-22 07:20:00,2026-04-22 19:00:00
R-366,Tennis,2026-04-22 08:15:00,2026-04-24 08:00:00
R-109,Clubhouse,2026-04-22 08:35:00,2026-04-26 16:00:00
R-218,Badminton,2026-04-22 09:55:00,2026-04-23 19:00:00
R-313,Gym,2026-04-22 10:00:00,2026-04-22 20:00:00
R-443,Gym,2026-04-22 10:25:00,2026-04-22 18:00:00
R-279,Gym,2026-04-22 10:25:00,2026-04-22 19:00:00
R-428,Gym,2026-04-22 10:40:00,2026-04-23 06:00:00
R-420,Pool,2026-04-22 10:50:00,2026-04-23 08:00:00
R-253,Pool,2026-04-22 10:50:00,2026-04-23 07:00:00
R-277,Tennis,2026-04-22 11:25:00,2026-04-23 18:00:00
R-421,Tennis,2026-04-22 12:00:00,2026-04-24 06:00:00
R-385,Hall,2026-04-22 12:25:00,2026-04-29 11:00:00
R-329,Tennis,2026-04-22 12:35:00,2026-04-24 06:00:00
R-401,Pool,2026-04-22 12:55:00,2026-04-23 07:00:00
R-149,Pool,2026-04-22 12:55:00,2026-04-22 18:00:00
R-253,Pool,2026-04-22 13:05:00,2026-04-24 06:00:00
R-401,Tennis,2026-04-22 13:05:00,2026-04-24 06:00:00
R-301,Pool,2026-04-22 14:15:00,2026-04-22 18:00:00
R-129,Badminton,2026-04-22 14:35:00,2026-04-23 06:00:00
R-102,Gym,2026-04-22 14:50:00,2026-04-23 07:00:00
R-102,Gym,2026-04-22 14:55:00,2026-04-24 08:00:00
R-203,Tennis,2026-04-22 15:00:00,2026-04-23 08:00:00
R-347,Gym,2026-04-22 15:10:00,2026-04-23 06:00:00
R-279,Pool,2026-04-22 15:50:00,2026-04-23 19:00:00
R-448,Gym,2026-04-22 15:55:00,2026-04-22 18:00:00
R-256,Gym,2026-04-22 16:25:00,2026-04-23 07:00:00
R-155,Gym,2026-04-22 16:30:00,2026-04-23 06:00:00
R-434,Gym,2026-04-22 16:50:00,2026-04-23 07:00:00
R-112,Gym,2026-04-22 17:05:00,2026-04-23 06:00:00
R-341,Pool,2026-04-22 18:35:00,2026-04-23 07:00:00
R-404,Pool,2026-04-22 19:05:00,2026-04-23 09:00:00
R-404,Gym,2026-04-22 19:10:00,2026-04-23 20:00:00
R-193,Badminton,2026-04-22 19:30:00,2026-04-23 19:00:00
R-144,Gym,2026-04-22 19:55:00,2026-04-23 07:00:00
R-144,Pool,2026-04-22 19:55:00,2026-04-23 08:00:00
R-150,Gym,2026-04-22 20:35:00,2026-04-23 06:00:00
R-192,Clubhouse,2026-04-22 20:45:00,2026-04-25 14:00:00
R-248,Badminton,2026-04-22 20:45:00,2026-04-23 17:00:00
R-367,Pool,2026-04-22 21:35:00,2026-04-23 08:00:00
R-423,Gym,2026-04-22 21:40:00,2026-04-24 08:00:00
R-246,Gym,2026-04-22 21:45:00,2026-04-23 08:00:00
R-243,Tennis,2026-04-22 22:05:00,2026-04-23 16:00:00
R-255,Clubhouse,2026-04-22 22:20:00,2026-04-26 17:00:00
R-225,Pool,2026-04-22 22:25:00,2026-04-23 16:00:00
R-171,Gym,2026-04-22 22:30:00,2026-04-23 10:00:00
R-149,Badminton,2026-04-22 22:35:00,2026-04-23 19:00:00
R-234,Gym,2026-04-22 22:45:00,2026-04-23 08:00:00
R-263,Hall,2026-04-22 23:00:00,2026-05-01 20:00:00
R-432,Gym,2026-04-22 23:15:00,2026-04-23 07:00:00
R-134,Pool,2026-04-22 23:40:00,2026-04-23 15:00:00
R-238,Pool,2026-04-23 00:40:00,2026-04-23 14:00:00
R-369,Gym,2026-04-23 00:45:00,2026-04-23 08:00:00
R-162,Gym,2026-04-23 00:55:00,2026-04-23 07:00:00
R-434,Gym,2026-04-23 00:55:00,2026-04-23 12:00:00
R-446,Gym,2026-04-23 01:35:00,2026-04-23 08:00:00
R-208,Gym,2026-04-23 01:50:00,2026-04-23 18:00:00
R-391,Gym,2026-04-23 02:15:00,2026-04-23 06:00:00
R-371,Gym,2026-04-23 02:35:00,2026-04-23 10:00:00
R-286,Gym,2026-04-23 02:50:00,2026-04-23 21:00:00
R-378,Pool,2026-04-23 03:00:00,2026-04-25 11:00:00
R-119,Gym,2026-04-23 03:40:00,2026-04-23 07:00:00
R-116,Gym,2026-04-23 03:45:00,2026-04-23 07:00:00
R-159,Gym,2026-04-23 04:40:00,2026-04-24 08:00:00
R-371,Pool,2026-04-23 04:55:00,2026-04-23 07:00:00
R-446,Gym,2026-04-23 05:10:00,2026-04-23 14:00:00
R-279,Pool,2026-04-23 06:15:00,2026-04-24 17:00:00
R-248,Gym,2026-04-23 06:30:00,2026-04-23 18:00:00
R-249,Pool,2026-04-23 06:45:00,2026-04-23 21:00:00
R-227,Gym,2026-04-23 06:45:00,2026-04-23 20:00:00
R-428,Gym,2026-04-23 07:15:00,2026-04-23 19:00:00
R-262,Pool,2026-04-23 07:25:00,2026-04-24 11:00:00
R-162,Gym,2026-04-23 07:40:00,2026-04-23 11:00:00
R-361,Gym,2026-04-23 08:00:00,2026-04-24 07:00:00
R-281,Badminton,2026-04-23 08:15:00,2026-04-23 21:00:00
R-348,Tennis,2026-04-23 08:15:00,2026-04-24 19:00:00
R-228,Gym,2026-04-23 08:40:00,2026-04-23 16:00:00
R-252,Gym,2026-04-23 08:50:00,2026-04-23 17:00:00
R-393,Badminton,2026-04-23 08:55:00,2026-04-24 18:00:00
R-132,Clubhouse,2026-04-23 09:35:00,2026-04-25 11:00:00
R-104,Badminton,2026-04-23 09:45:00,2026-04-24 21:00:00
R-244,Badminton,2026-04-23 10:00:00,2026-04-24 19:00:00
R-218,Pool,2026-04-23 10:15:00,2026-04-23 20:00:00
R-215,Gym,2026-04-23 10:50:00,2026-04-23 20:00:00
R-391,Gym,2026-04-23 10:55:00,2026-04-23 17:00:00
R-105,Gym,2026-04-23 11:00:00,2026-04-23 17:00:00
R-252,Gym,2026-04-23 11:05:00,2026-04-23 20:00:00
R-263,Badminton,2026-04-23 12:05:00,2026-04-24 06:00:00
R-156,Gym,2026-04-23 12:10:00,2026-04-24 06:00:00
R-332,Clubhouse,2026-04-23 12:10:00,2026-04-26 15:00:00
R-149,Tennis,2026-04-23 12:50:00,2026-04-24 18:00:00
R-444,Pool,2026-04-23 13:05:00,2026-04-24 08:00:00
R-366,Gym,2026-04-23 13:15:00,2026-04-24 06:00:00
R-377,Tennis,2026-04-23 13:15:00,2026-04-24 08:00:00
R-256,Gym,2026-04-23 13:20:00,2026-04-24 09:00:00
R-140,Badminton,2026-04-23 14:00:00,2026-04-23 22:00:00
R-252,Badminton,2026-04-23 14:30:00,2026-04-24 19:00:00
R-198,Gym,2026-04-23 14:35:00,2026-04-24 07:00:00
R-125,Gym,2026-04-23 14:50:00,2026-04-24 08:00:00
R-423,Pool,2026-04-23 15:25:00,2026-04-24 06:00:00
R-170,Gym,2026-04-23 15:30:00,2026-04-24 06:00:00
R-220,Clubhouse,2026-04-23 15:30:00,2026-04-26 14:00:00
R-219,Badminton,2026-04-23 17:05:00,2026-04-24 19:00:00
R-150,Pool,2026-04-23 17:10:00,2026-04-24 13:00:00
R-153,Pool,2026-04-23 17:15:00,2026-04-25 06:00:00
R-391,Gym,2026-04-23 17:40:00,2026-04-24 07:00:00
R-140,Pool,2026-04-23 18:30:00,2026-04-24 21:00:00
R-420,Tennis,2026-04-23 18:35:00,2026-04-24 08:00:00
R-252,Badminton,2026-04-23 19:45:00,2026-04-24 21:00:00
R-371,Gym,2026-04-23 19:55:00,2026-04-24 08:00:00
R-263,Gym,2026-04-23 19:55:00,2026-04-24 17:00:00
R-272,Pool,2026-04-23 19:55:00,2026-04-24 12:00:00
R-145,Gym,2026-04-23 20:05:00,2026-04-24 07:00:00
R-437,Gym,2026-04-23 20:15:00,2026-04-24 07:00:00
R-210,Tennis,2026-04-23 20:15:00,2026-04-24 08:00:00
R-241,Gym,2026-04-23 21:00:00,2026-04-24 06:00:00
R-121,Clubhouse,2026-04-23 21:05:00,2026-04-25 16:00:00
R-350,Badminton,2026-04-23 21:05:00,2026-04-25 10:00:00
R-246,Gym,2026-04-23 21:35:00,2026-04-24 07:00:00
R-221,Gym,2026-04-23 21:55:00,2026-04-24 06:00:00
R-390,Pool,2026-04-23 22:25:00,2026-04-24 12:00:00
R-441,Pool,2026-04-23 22:30:00,2026-04-24 19:00:00
R-403,Pool,2026-04-23 22:35:00,2026-04-24 12:00:00
R-114,Pool,2026-04-23 23:05:00,2026-04-24 08:00:00
R-240,Gym,2026-04-23 23:05:00,2026-04-24 06:00:00
R-414,Gym,2026-04-24 00:10:00,2026-04-24 19:00:00
R-218,Badminton,2026-04-24 00:25:00,2026-04-24 21:00:00
R-272,Gym,2026-04-24 00:40:00,2026-04-24 20:00:00
R-313,Gym,2026-04-24 00:55:00,2026-04-25 19:00:00
R-149,Tennis,2026-04-24 00:55:00,2026-04-24 20:00:00
R-114,Gym,2026-04-24 00:55:00,2026-04-24 07:00:00
R-225,Pool,2026-04-24 01:10:00,2026-04-24 19:00:00
R-159,Gym,2026-04-24 01:15:00,2026-04-24 16:00:00
R-432,Gym,2026-04-24 01:25:00,2026-04-24 06:00:00
R-375,Gym,2026-04-24 01:45:00,2026-04-24 08:00:00
R-105,Pool,2026-04-24 01:50:00,2026-04-24 08:00:00
R-215,Badminton,2026-04-24 01:50:00,2026-04-25 20:00:00
R-156,Pool,2026-04-24 02:35:00,2026-04-24 07:00:00
R-448,Tennis,2026-04-24 02:40:00,2026-04-24 21:00:00
R-224,Clubhouse,2026-04-24 02:40:00,2026-04-26 10:00:00
R-221,Gym,2026-04-24 03:45:00,2026-04-24 15:00:00
R-447,Badminton,2026-04-24 03:55:00,2026-04-24 18:00:00
R-300,Clubhouse,2026-04-24 04:10:00,2026-04-26 16:00:00
R-431,Pool,2026-04-24 04:15:00,2026-04-25 18:00:00
R-448,Gym,2026-04-24 04:15:00,2026-04-24 19:00:00
R-281,Gym,2026-04-24 04:40:00,2026-04-24 18:00:00
R-224,Pool,2026-04-24 04:40:00,2026-04-24 19:00:00
R-240,Tennis,2026-04-24 04:45:00,2026-04-25 07:00:00
R-301,Badminton,2026-04-24 05:20:00,2026-04-25 18:00:00
R-116,Gym,2026-04-24 05:55:00,2026-04-24 16:00:00
R-348,Gym,2026-04-24 06:20:00,2026-04-25 19:00:00
R-257,Gym,2026-04-24 06:45:00,2026-04-24 18:00:00
R-101,Badminton,2026-04-24 06:50:00,2026-04-24 19:00:00
R-423,Gym,2026-04-24 07:20:00,2026-04-26 07:00:00
R-412,Gym,2026-04-24 07:20:00,2026-04-24 20:00:00
R-293,Badminton,2026-04-24 07:30:00,2026-04-24 18:00:00
R-161,Gym,2026-04-24 07:30:00,2026-04-25 14:00:00
R-435,Pool,2026-04-24 07:45:00,2026-04-25 10:00:00
R-405,Pool,2026-04-24 07:45:00,2026-04-25 14:00:00
R-260,Badminton,2026-04-24 08:00:00,2026-04-24 21:00:00
R-307,Gym,2026-04-24 08:25:00,2026-04-25 07:00:00
R-291,Pool,2026-04-24 08:45:00,2026-04-25 18:00:00
R-300,Pool,2026-04-24 08:55:00,2026-04-25 17:00:00
R-314,Pool,2026-04-24 09:05:00,2026-04-24 19:00:00
R-397,Pool,2026-04-24 09:35:00,2026-04-24 14:00:00
R-272,Pool,2026-04-24 09:35:00,2026-04-25 18:00:00
R-286,Badminton,2026-04-24 09:55:00,2026-04-25 21:00:00
R-110,Gym,2026-04-24 10:20:00,2026-04-24 19:00:00
R-338,Gym,2026-04-24 11:00:00,2026-04-24 21:00:00
R-330,Badminton,2026-04-24 11:20:00,2026-04-25 20:00:00
R-428,Gym,2026-04-24 11:35:00,2026-04-25 06:00:00
R-366,Tennis,2026-04-24 12:00:00,2026-04-28 08:00:00
R-437,Gym,2026-04-24 12:05:00,2026-04-24 20:00:00
R-370,Pool,2026-04-24 13:00:00,2026-04-25 06:00:00
R-197,Pool,2026-04-24 13:25:00,2026-04-25 17:00:00
R-289,Clubhouse,2026-04-24 13:45:00,2026-04-26 19:00:00
R-194,Gym,2026-04-24 14:15:00,2026-04-25 12:00:00
R-312,Pool,2026-04-24 15:20:00,2026-04-25 20:00:00
R-314,Badminton,2026-04-24 15:30:00,2026-04-25 18:00:00
R-248,Badminton,2026-04-24 15:40:00,2026-04-25 19:00:00
R-277,Gym,2026-04-24 17:15:00,2026-04-25 18:00:00
R-235,Gym,2026-04-24 17:50:00,2026-04-25 13:00:00
R-183,Pool,2026-04-24 18:25:00,2026-04-25 10:00:00
R-382,Pool,2026-04-24 18:45:00,2026-04-25 11:00:00
R-388,Badminton,2026-04-24 19:00:00,2026-04-25 20:00:00
R-270,Pool,2026-04-24 19:15:00,2026-04-25 11:00:00
R-257,Pool,2026-04-24 19:30:00,2026-04-27 19:00:00
R-443,Gym,2026-04-24 20:00:00,2026-04-25 19:00:00
R-281,Gym,2026-04-24 20:20:00,2026-04-25 18:00:00
R-142,Pool,2026-04-24 20:30:00,2026-04-25 06:00:00
R-273,Pool,2026-04-24 20:40:00,2026-04-25 14:00:00
R-285,Pool,2026-04-24 20:45:00,2026-04-25 11:00:00
R-432,Gym,2026-04-24 21:00:00,2026-04-25 08:00:00
R-192,Pool,2026-04-24 21:05:00,2026-04-25 20:00:00
R-245,Badminton,2026-04-24 21:05:00,2026-04-25 18:00:00
R-350,Pool,2026-04-24 21:15:00,2026-04-25 14:00:00
R-318,Gym,2026-04-24 21:20:00,2026-04-25 08:00:00
R-154,Pool,2026-04-24 22:40:00,2026-04-25 15:00:00
R-170,Clubhouse,2026-04-24 22:45:00,2026-05-01 16:00:00
R-419,Pool,2026-04-24 23:55:00,2026-04-25 10:00:00
R-225,Pool,2026-04-25 00:05:00,2026-04-27 19:00:00
R-284,Tennis,2026-04-25 00:20:00,2026-04-25 17:00:00
R-441,Tennis,2026-04-25 00:25:00,2026-04-25 20:00:00
R-296,Badminton,2026-04-25 00:45:00,2026-04-25 17:00:00
R-301,Gym,2026-04-25 00:45:00,2026-04-25 09:00:00
R-273,Pool,2026-04-25 01:05:00,2026-04-25 15:00:00
R-118,Tennis,2026-04-25 01:30:00,2026-04-27 08:00:00
R-192,Pool,2026-04-25 01:40:00,2026-04-25 13:00:00
R-286,Badminton,2026-04-25 01:45:00,2026-04-25 19:00:00
R-211,Pool,2026-04-25 01:45:00,2026-04-25 15:00:00
R-416,Pool,2026-04-25 01:45:00,2026-04-27 11:00:00
R-211,Pool,2026-04-25 01:50:00,2026-04-25 10:00:00
R-121,Hall,2026-04-25 02:00:00,2026-05-01 15:00:00
R-363,Clubhouse,2026-04-25 02:05:00,2026-04-26 17:00:00
R-335,Badminton,2026-04-25 02:15:00,2026-04-25 20:00:00
R-441,Badminton,2026-04-25 02:35:00,2026-04-25 19:00:00
R-153,Tennis,2026-04-25 02:55:00,2026-04-27 19:00:00
R-113,Pool,2026-04-25 03:15:00,2026-04-25 14:00:00
R-386,Pool,2026-04-25 03:30:00,2026-04-25 14:00:00
R-279,Pool,2026-04-25 04:10:00,2026-04-27 18:00:00
R-282,Badminton,2026-04-25 04:20:00,2026-04-25 16:00:00
R-195,Pool,2026-04-25 04:25:00,2026-04-26 17:00:00
R-386,Gym,2026-04-25 04:55:00,2026-04-25 16:00:00
R-186,Gym,2026-04-25 05:05:00,2026-04-25 15:00:00
R-341,Tennis,2026-04-25 05:25:00,2026-04-27 07:00:00
R-447,Gym,2026-04-25 05:30:00,2026-04-25 18:00:00
R-382,Pool,2026-04-25 06:10:00,2026-04-26 10:00:00
R-192,Clubhouse,2026-04-25 06:20:00,2026-04-25 18:00:00
R-238,Pool,2026-04-25 06:20:00,2026-04-25 16:00:00
R-220,Clubhouse,2026-04-25 06:20:00,2026-04-26 16:00:00
R-449,Gym,2026-04-25 06:50:00,2026-04-25 19:00:00
R-336,Pool,2026-04-25 07:10:00,2026-04-25 16:00:00
R-315,Pool,2026-04-25 07:40:00,2026-04-25 14:00:00
R-381,Gym,2026-04-25 07:55:00,2026-04-25 19:00:00
R-142,Gym,2026-04-25 07:55:00,2026-04-25 20:00:00
R-110,Tennis,2026-04-25 08:25:00,2026-04-27 16:00:00
R-396,Badminton,2026-04-25 08:25:00,2026-04-27 12:00:00
R-193,Gym,2026-04-25 08:40:00,2026-04-25 18:00:00
R-388,Gym,2026-04-25 09:00:00,2026-04-25 19:00:00
R-355,Gym,2026-04-25 09:15:00,2026-04-25 18:00:00
R-138,Tennis,2026-04-25 09:40:00,2026-04-25 17:00:00
R-161,Pool,2026-04-25 10:05:00,2026-04-25 18:00:00
R-444,Tennis,2026-04-25 11:05:00,2026-04-27 07:00:00
R-327,Gym,2026-04-25 11:15:00,2026-04-25 17:00:00
R-115,Pool,2026-04-25 12:00:00,2026-04-25 17:00:00
R-397,Gym,2026-04-25 12:50:00,2026-04-26 20:00:00
R-238,Tennis,2026-04-25 13:20:00,2026-04-26 18:00:00
R-350,Pool,2026-04-25 13:20:00,2026-04-26 17:00:00
R-432,Gym,2026-04-25 13:35:00,2026-04-27 06:00:00
R-139,Tennis,2026-04-25 13:40:00,2026-04-29 19:00:00
R-448,Gym,2026-04-25 13:45:00,2026-04-25 19:00:00
R-355,Gym,2026-04-25 13:45:00,2026-04-26 10:00:00
R-397,Gym,2026-04-25 14:50:00,2026-04-25 18:00:00
R-150,Tennis,2026-04-25 15:20:00,2026-04-28 06:00:00
R-328,Pool,2026-04-25 15:40:00,2026-04-26 08:00:00
R-243,Pool,2026-04-25 16:35:00,2026-04-27 12:00:00
R-137,Gym,2026-04-25 16:55:00,2026-04-25 19:00:00
R-100,Pool,2026-04-25 17:05:00,2026-04-26 11:00:00
R-119,Gym,2026-04-25 17:05:00,2026-04-26 06:00:00
R-323,Gym,2026-04-25 17:25:00,2026-04-25 20:00:00
R-446,Gym,2026-04-25 17:50:00,2026-04-26 08:00:00
R-224,Pool,2026-04-25 18:35:00,2026-04-26 19:00:00
R-426,Badminton,2026-04-25 18:40:00,2026-04-28 21:00:00
R-284,Clubhouse,2026-04-25 18:50:00,2026-05-02 18:00:00
R-253,Gym,2026-04-25 19:45:00,2026-04-26 06:00:00
R-121,Hall,2026-04-25 19:50:00,2026-05-09 19:00:00
R-145,Tennis,2026-04-25 20:00:00,2026-04-27 09:00:00
R-449,Badminton,2026-04-25 20:05:00,2026-04-26 17:00:00
R-284,Pool,2026-04-25 20:55:00,2026-04-26 11:00:00
R-204,Pool,2026-04-25 21:15:00,2026-04-26 14:00:00
R-195,Pool,2026-04-25 22:05:00,2026-04-26 10:00:00
R-243,Pool,2026-04-25 22:05:00,2026-04-26 14:00:00
R-398,Pool,2026-04-25 22:50:00,2026-04-26 16:00:00
R-219,Pool,2026-04-25 22:55:00,2026-04-27 20:00:00
R-361,Gym,2026-04-25 23:35:00,2026-04-26 06:00:00
R-286,Badminton,2026-04-25 23:55:00,2026-04-27 18:00:00
R-238,Pool,2026-04-26 00:00:00,2026-04-26 20:00:00
R-386,Pool,2026-04-26 00:35:00,2026-04-26 14:00:00
R-270,Pool,2026-04-26 00:55:00,2026-04-26 11:00:00
R-435,Clubhouse,2026-04-26 01:05:00,2026-04-26 15:00:00
R-300,Gym,2026-04-26 01:10:00,2026-04-26 14:00:00
R-313,Badminton,2026-04-26 01:15:00,2026-04-27 20:00:00
R-324,Tennis,2026-04-26 01:15:00,2026-04-26 20:00:00
R-132,Gym,2026-04-26 01:50:00,2026-04-26 16:00:00
R-267,Pool,2026-04-26 02:35:00,2026-04-27 19:00:00
R-361,Gym,2026-04-26 03:05:00,2026-04-27 06:00:00
R-435,Pool,2026-04-26 03:25:00,2026-04-26 11:00:00
R-171,Gym,2026-04-26 03:50:00,2026-04-27 19:00:00
R-238,Clubhouse,2026-04-26 04:05:00,2026-04-26 17:00:00
R-378,Pool,2026-04-26 04:20:00,2026-04-26 16:00:00
R-312,Clubhouse,2026-04-26 04:55:00,2026-04-30 10:00:00
R-431,Pool,2026-04-26 05:05:00,2026-04-26 14:00:00
R-142,Badminton,2026-04-26 05:35:00,2026-04-27 19:00:00
R-392,Gym,2026-04-26 05:45:00,2026-04-26 15:00:00
R-123,Pool,2026-04-26 05:50:00,2026-04-26 11:00:00
R-385,Pool,2026-04-26 06:10:00,2026-04-26 11:00:00
R-180,Pool,2026-04-26 06:35:00,2026-04-26 08:00:00
R-262,Clubhouse,2026-04-26 06:35:00,2026-04-30 10:00:00
R-256,Gym,2026-04-26 07:15:00,2026-04-28 07:00:00
R-112,Gym,2026-04-26 07:30:00,2026-04-28 07:00:00
R-279,Gym,2026-04-26 07:35:00,2026-04-28 07:00:00
R-113,Pool,2026-04-26 07:35:00,2026-04-26 18:00:00
R-154,Badminton,2026-04-26 08:05:00,2026-04-29 19:00:00
R-279,Gym,2026-04-26 08:05:00,2026-04-27 14:00:00
R-102,Pool,2026-04-26 08:30:00,2026-04-29 08:00:00
R-226,Hall,2026-04-26 08:55:00,2026-05-01 19:00:00
R-222,Badminton,2026-04-26 09:05:00,2026-04-29 20:00:00
R-350,Gym,2026-04-26 09:10:00,2026-04-26 15:00:00
R-121,Hall,2026-04-26 10:00:00,2026-05-08 19:00:00
R-161,Gym,2026-04-26 10:05:00,2026-04-26 19:00:00
R-170,Tennis,2026-04-26 11:15:00,2026-05-01 07:00:00
R-308,Pool,2026-04-26 11:55:00,2026-04-29 09:00:00
R-272,Badminton,2026-04-26 12:05:00,2026-04-27 12:00:00
R-335,Gym,2026-04-26 12:30:00,2026-04-27 19:00:00
R-188,Gym,2026-04-26 13:05:00,2026-04-27 08:00:00
R-282,Pool,2026-04-26 13:20:00,2026-04-26 17:00:00
R-286,Badminton,2026-04-26 13:30:00,2026-04-28 09:00:00
R-144,Gym,2026-04-26 13:55:00,2026-04-27 08:00:00
R-434,Pool,2026-04-26 14:35:00,2026-04-27 06:00:00
R-277,Badminton,2026-04-26 15:10:00,2026-04-27 19:00:00
R-228,Badminton,2026-04-26 15:50:00,2026-04-27 19:00:00
R-373,Clubhouse,2026-04-26 15:50:00,2026-05-01 19:00:00
R-293,Pool,2026-04-26 16:15:00,2026-04-27 21:00:00
R-361,Gym,2026-04-26 16:40:00,2026-04-27 07:00:00
R-404,Badminton,2026-04-26 17:15:00,2026-04-27 06:00:00
R-339,Gym,2026-04-26 18:20:00,2026-04-27 07:00:00
R-279,Pool,2026-04-26 19:05:00,2026-04-29 19:00:00
R-423,Tennis,2026-04-26 19:10:00,2026-04-28 08:00:00
R-150,Pool,2026-04-26 19:30:00,2026-04-27 07:00:00
R-391,Gym,2026-04-26 19:30:00,2026-04-27 07:00:00
R-134,Clubhouse,2026-04-26 19:35:00,2026-05-03 19:00:00
R-306,Pool,2026-04-26 20:15:00,2026-04-28 06:00:00
R-353,Badminton,2026-04-26 20:30:00,2026-04-27 21:00:00
R-388,Tennis,2026-04-26 20:45:00,2026-05-01 20:00:00
R-448,Pool,2026-04-26 20:55:00,2026-04-27 19:00:00
R-441,Badminton,2026-04-26 21:25:00,2026-04-27 20:00:00
R-397,Badminton,2026-04-26 21:25:00,2026-04-27 18:00:00
R-256,Tennis,2026-04-26 21:45:00,2026-04-29 07:00:00
R-174,Gym,2026-04-26 21:50:00,2026-04-27 07:00:00
R-257,Badminton,2026-04-26 22:15:00,2026-04-27 18:00:00
R-265,Gym,2026-04-26 22:45:00,2026-04-27 19:00:00
R-434,Gym,2026-04-26 22:45:00,2026-04-27 08:00:00
R-339,Tennis,2026-04-26 23:00:00,2026-04-29 07:00:00
R-440,Tennis,2026-04-26 23:15:00,2026-04-28 06:00:00
R-447,Badminton,2026-04-26 23:20:00,2026-04-27 20:00:00
R-145,Gym,2026-04-26 23:20:00,2026-04-27 07:00:00
R-102,Pool,2026-04-27 00:20:00,2026-04-28 06:00:00
R-243,Badminton,2026-04-27 00:25:00,2026-04-27 20:00:00
R-110,Tennis,2026-04-27 00:45:00,2026-04-28 06:00:00
R-203,Gym,2026-04-27 00:55:00,2026-04-27 19:00:00
R-268,Pool,2026-04-27 01:00:00,2026-04-28 17:00:00
R-198,Gym,2026-04-27 01:35:00,2026-04-27 08:00:00
R-279,Pool,2026-04-27 01:55:00,2026-04-29 06:00:00
R-250,Gym,2026-04-27 02:35:00,2026-04-27 08:00:00
R-271,Gym,2026-04-27 02:40:00,2026-04-27 07:00:00
R-227,Gym,2026-04-27 03:35:00,2026-04-27 21:00:00
R-126,Tennis,2026-04-27 03:40:00,2026-04-27 21:00:00
R-424,Gym,2026-04-27 03:40:00,2026-04-27 07:00:00
R-225,Pool,2026-04-27 03:45:00,2026-04-28 19:00:00
R-258,Pool,2026-04-27 04:00:00,2026-04-27 19:00:00
R-221,Gym,2026-04-27 04:00:00,2026-04-27 08:00:00
R-150,Tennis,2026-04-27 04:10:00,2026-04-29 07:00:00
R-263,Tennis,2026-04-27 04:20:00,2026-04-28 06:00:00
R-265,Tennis,2026-04-27 04:25:00,2026-04-28 08:00:00
R-377,Gym,2026-04-27 04:35:00,2026-04-27 19:00:00
R-139,Tennis,2026-04-27 04:45:00,2026-04-27 19:00:00
R-159,Gym,2026-04-27 05:45:00,2026-04-27 15:00:00
R-365,Pool,2026-04-27 07:00:00,2026-04-27 21:00:00
R-397,Pool,2026-04-27 07:00:00,2026-04-27 20:00:00
R-198,Pool,2026-04-27 07:30:00,2026-04-28 08:00:00
R-358,Gym,2026-04-27 07:35:00,2026-04-28 07:00:00
R-272,Badminton,2026-04-27 07:40:00,2026-04-28 19:00:00
R-353,Badminton,2026-04-27 08:05:00,2026-04-28 18:00:00
R-428,Gym,2026-04-27 08:10:00,2026-04-29 08:00:00
R-213,Gym,2026-04-27 08:15:00,2026-04-28 19:00:00
R-272,Gym,2026-04-27 09:00:00,2026-04-27 19:00:00
R-159,Pool,2026-04-27 09:10:00,2026-04-28 06:00:00
R-142,Tennis,2026-04-27 10:10:00,2026-04-28 18:00:00
R-244,Gym,2026-04-27 10:15:00,2026-04-28 18:00:00
R-234,Gym,2026-04-27 10:30:00,2026-04-28 06:00:00
R-428,Pool,2026-04-27 10:55:00,2026-04-28 09:00:00
R-279,Pool,2026-04-27 10:55:00,2026-04-30 08:00:00
R-122,Gym,2026-04-27 11:30:00,2026-04-27 17:00:00
R-361,Tennis,2026-04-27 12:00:00,2026-04-29 06:00:00
R-142,Badminton,2026-04-27 12:55:00,2026-04-28 19:00:00
R-122,Pool,2026-04-27 13:05:00,2026-04-28 07:00:00
R-329,Pool,2026-04-27 13:25:00,2026-04-28 07:00:00
R-121,Hall,2026-04-27 13:25:00,2026-05-09 12:00:00
R-260,Gym,2026-04-27 14:20:00,2026-04-27 20:00:00
R-446,Gym,2026-04-27 14:45:00,2026-04-28 06:00:00
R-184,Hall,2026-04-27 14:55:00,2026-05-04 12:00:00
R-286,Pool,2026-04-27 14:55:00,2026-04-28 20:00:00
R-271,Tennis,2026-04-27 15:00:00,2026-04-28 08:00:00
R-428,Gym,2026-04-27 16:05:00,2026-04-28 08:00:00
R-218,Pool,2026-04-27 16:15:00,2026-04-27 21:00:00
R-423,Gym,2026-04-27 16:35:00,2026-04-28 06:00:00
R-219,Pool,2026-04-27 17:00:00,2026-04-28 19:00:00
R-155,Gym,2026-04-27 17:50:00,2026-04-28 06:00:00
R-272,Badminton,2026-04-27 18:20:00,2026-04-28 21:00:00
R-448,Tennis,2026-04-27 18:50:00,2026-04-28 20:00:00
R-162,Gym,2026-04-27 19:05:00,2026-04-28 14:00:00
R-261,Badminton,2026-04-27 19:20:00,2026-04-28 13:00:00
R-274,Badminton,2026-04-27 19:45:00,2026-04-29 20:00:00
R-134,Hall,2026-04-27 19:55:00,2026-05-02 19:00:00
R-119,Gym,2026-04-27 20:55:00,2026-04-28 06:00:00
R-167,Pool,2026-04-27 21:25:00,2026-04-29 06:00:00
R-373,Badminton,2026-04-27 21:40:00,2026-04-28 15:00:00
R-361,Pool,2026-04-27 21:45:00,2026-04-28 09:00:00
R-136,Tennis,2026-04-27 21:45:00,2026-04-28 12:00:00
R-293,Badminton,2026-04-27 21:50:00,2026-04-28 20:00:00
R-373,Pool,2026-04-27 22:05:00,2026-04-29 06:00:00
R-418,Gym,2026-04-27 22:15:00,2026-04-28 08:00:00
R-293,Gym,2026-04-27 23:10:00,2026-04-28 14:00:00
R-150,Gym,2026-04-27 23:15:00,2026-04-29 06:00:00
R-102,Gym,2026-04-27 23:20:00,2026-04-28 07:00:00
R-125,Pool,2026-04-27 23:35:00,2026-04-29 06:00:00
R-366,Gym,2026-04-27 23:50:00,2026-04-28 06:00:00
R-104,Badminton,2026-04-28 00:15:00,2026-04-29 19:00:00
R-225,Pool,2026-04-28 00:35:00,2026-04-29 07:00:00
R-159,Pool,2026-04-28 01:15:00,2026-04-29 06:00:00
R-271,Pool,2026-04-28 01:35:00,2026-04-29 07:00:00
R-120,Gym,2026-04-28 02:15:00,2026-04-29 17:00:00
R-281,Badminton,2026-04-28 02:20:00,2026-04-28 20:00:00
R-252,Badminton,2026-04-28 02:25:00,2026-04-28 21:00:00
R-119,Tennis,2026-04-28 03:10:00,2026-04-29 06:00:00
R-296,Badminton,2026-04-28 03:25:00,2026-04-28 20:00:00
R-174,Gym,2026-04-28 03:50:00,2026-04-28 07:00:00
R-118,Gym,2026-04-28 03:55:00,2026-04-28 08:00:00
R-218,Badminton,2026-04-28 04:00:00,2026-04-29 22:00:00
R-215,Badminton,2026-04-28 04:40:00,2026-04-30 19:00:00
R-330,Pool,2026-04-28 05:30:00,2026-04-28 20:00:00
R-306,Pool,2026-04-28 05:35:00,2026-04-30 19:00:00
R-149,Tennis,2026-04-28 05:50:00,2026-04-28 19:00:00
R-341,Pool,2026-04-28 06:15:00,2026-04-28 12:00:00
R-243,Pool,2026-04-28 06:35:00,2026-04-29 18:00:00
R-253,Gym,2026-04-28 06:40:00,2026-04-30 06:00:00
R-126,Badminton,2026-04-28 06:45:00,2026-04-29 19:00:00
R-278,Gym,2026-04-28 06:55:00,2026-04-29 19:00:00
R-155,Pool,2026-04-28 07:00:00,2026-04-29 06:00:00
R-377,Pool,2026-04-28 07:15:00,2026-04-29 19:00:00
R-126,Pool,2026-04-28 07:20:00,2026-04-28 19:00:00
R-423,Gym,2026-04-28 07:35:00,2026-04-30 07:00:00
R-383,Gym,2026-04-28 08:20:00,2026-04-28 20:00:00
R-215,Pool,2026-04-28 08:55:00,2026-04-29 12:00:00
R-170,Gym,2026-04-28 10:05:00,2026-04-29 08:00:00
R-132,Clubhouse,2026-04-28 10:40:00,2026-05-02 10:00:00
R-443,Badminton,2026-04-28 10:45:00,2026-04-28 20:00:00
R-139,Pool,2026-04-28 13:00:00,2026-04-28 19:00:00
R-366,Gym,2026-04-28 13:05:00,2026-04-29 07:00:00
R-193,Badminton,2026-04-28 13:55:00,2026-04-29 18:00:00
R-366,Pool,2026-04-28 14:50:00,2026-04-30 08:00:00
R-215,Gym,2026-04-28 15:05:00,2026-04-28 21:00:00
R-151,Gym,2026-04-28 15:35:00,2026-04-28 19:00:00
R-401,Tennis,2026-04-28 16:25:00,2026-04-29 06:00:00
R-391,Tennis,2026-04-28 16:30:00,2026-04-30 06:00:00
R-420,Tennis,2026-04-28 16:30:00,2026-04-29 07:00:00
R-167,Tennis,2026-04-28 16:45:00,2026-04-30 08:00:00
R-132,Clubhouse,2026-04-28 17:15:00,2026-05-02 16:00:00
R-159,Pool,2026-04-28 18:00:00,2026-04-30 08:00:00
R-313,Gym,2026-04-28 18:35:00,2026-04-29 15:00:00
R-434,Pool,2026-04-28 18:50:00,2026-04-29 06:00:00
R-184,Hall,2026-04-28 18:55:00,2026-05-01 16:00:00
R-401,Gym,2026-04-28 18:55:00,2026-04-29 07:00:00
R-260,Badminton,2026-04-28 19:10:00,2026-04-29 21:00:00
R-120,Gym,2026-04-28 19:20:00,2026-04-30 19:00:00
R-272,Tennis,2026-04-28 19:20:00,2026-04-30 19:00:00
R-414,Pool,2026-04-28 19:30:00,2026-04-29 08:00:00
R-298,Pool,2026-04-28 19:45:00,2026-04-29 07:00:00
R-302,Gym,2026-04-28 19:55:00,2026-04-29 07:00:00
R-144,Gym,2026-04-28 20:15:00,2026-04-29 08:00:00
R-263,Gym,2026-04-28 21:00:00,2026-04-29 08:00:00
R-438,Pool,2026-04-28 21:15:00,2026-05-01 07:00:00
R-397,Badminton,2026-04-28 22:00:00,2026-04-29 20:00:00
R-155,Gym,2026-04-28 22:15:00,2026-04-30 08:00:00
R-250,Gym,2026-04-28 22:25:00,2026-04-29 08:00:00
R-299,Gym,2026-04-28 22:25:00,2026-04-29 08:00:00
R-194,Gym,2026-04-28 22:35:00,2026-04-29 19:00:00
R-162,Gym,2026-04-28 23:00:00,2026-04-29 06:00:00
R-424,Pool,2026-04-28 23:05:00,2026-04-29 08:00:00
R-375,Gym,2026-04-28 23:05:00,2026-04-29 08:00:00
R-273,Clubhouse,2026-04-28 23:05:00,2026-04-29 11:00:00
R-119,Tennis,2026-04-28 23:05:00,2026-04-29 08:00:00
R-246,Gym,2026-04-28 23:10:00,2026-04-29 07:00:00
R-156,Gym,2026-04-28 23:20:00,2026-04-29 07:00:00
R-329,Gym,2026-04-28 23:25:00,2026-04-29 08:00:00
R-171,Tennis,2026-04-28 23:25:00,2026-04-29 19:00:00
R-263,Tennis,2026-04-28 23:30:00,2026-04-30 07:00:00
R-188,Badminton,2026-04-28 23:35:00,2026-04-29 07:00:00
R-142,Gym,2026-04-29 00:10:00,2026-04-29 19:00:00
R-441,Tennis,2026-04-29 01:05:00,2026-05-01 18:00:00
R-176,Hall,2026-04-29 01:35:00,2026-05-02 19:00:00
R-146,Badminton,2026-04-29 02:25:00,2026-04-29 19:00:00
R-385,Hall,2026-04-29 02:35:00,2026-05-03 11:00:00
R-277,Tennis,2026-04-29 03:00:00,2026-04-29 21:00:00
R-353,Badminton,2026-04-29 03:05:00,2026-04-30 22:00:00
R-208,Pool,2026-04-29 03:35:00,2026-04-29 18:00:00
R-276,Gym,2026-04-29 03:35:00,2026-04-29 11:00:00
R-145,Gym,2026-04-29 03:35:00,2026-04-29 09:00:00
R-212,Gym,2026-04-29 05:20:00,2026-04-29 07:00:00
R-290,Badminton,2026-04-29 05:40:00,2026-04-29 18:00:00
R-327,Gym,2026-04-29 05:50:00,2026-04-29 18:00:00
R-441,Badminton,2026-04-29 06:00:00,2026-04-30 18:00:00
R-139,Pool,2026-04-29 06:25:00,2026-05-01 12:00:00
R-277,Badminton,2026-04-29 06:35:00,2026-04-30 21:00:00
R-281,Badminton,2026-04-29 07:15:00,2026-04-29 20:00:00
R-145,Tennis,2026-04-29 07:30:00,2026-04-30 08:00:00
R-437,Badminton,2026-04-29 07:45:00,2026-04-29 21:00:00
R-215,Badminton,2026-04-29 08:10:00,2026-05-01 16:00:00
R-434,Tennis,2026-04-29 08:25:00,2026-04-30 20:00:00
R-449,Tennis,2026-04-29 08:35:00,2026-04-30 17:00:00
R-358,Gym,2026-04-29 09:50:00,2026-04-30 06:00:00
R-353,Badminton,2026-04-29 10:15:00,2026-05-01 21:00:00
R-140,Tennis,2026-04-29 10:15:00,2026-04-30 18:00:00
R-391,Pool,2026-04-29 10:25:00,2026-04-30 07:00:00
R-343,Hall,2026-04-29 10:25:00,2026-05-10 19:00:00
R-434,Pool,2026-04-29 11:20:00,2026-04-30 06:00:00
R-335,Pool,2026-04-29 12:05:00,2026-04-29 19:00:00
R-238,Clubhouse,2026-04-29 12:15:00,2026-05-03 16:00:00
R-432,Gym,2026-04-29 12:40:00,2026-04-29 22:00:00
R-351,Gym,2026-04-29 13:10:00,2026-04-30 08:00:00
R-102,Gym,2026-04-29 13:45:00,2026-04-30 06:00:00
R-221,Gym,2026-04-29 14:35:00,2026-04-30 07:00:00
R-198,Gym,2026-04-29 14:40:00,2026-04-30 06:00:00
R-414,Pool,2026-04-29 14:45:00,2026-04-29 19:00:00
R-231,Pool,2026-04-29 16:25:00,2026-04-30 21:00:00
R-105,Pool,2026-04-29 16:55:00,2026-04-30 06:00:00
R-268,Pool,2026-04-29 17:05:00,2026-04-30 19:00:00
R-257,Badminton,2026-04-29 17:35:00,2026-04-30 12:00:00
R-277,Gym,2026-04-29 18:05:00,2026-05-01 18:00:00
R-406,Pool,2026-04-29 18:45:00,2026-05-02 18:00:00
R-318,Pool,2026-04-29 18:55:00,2026-04-30 15:00:00
R-257,Pool,2026-04-29 19:00:00,2026-04-30 18:00:00
R-414,Tennis,2026-04-29 19:10:00,2026-05-04 19:00:00
R-114,Tennis,2026-04-29 19:35:00,2026-04-30 07:00:00
R-428,Gym,2026-04-29 19:40:00,2026-04-30 07:00:00
R-395,Pool,2026-04-29 21:00:00,2026-04-30 19:00:00
R-423,Gym,2026-04-29 21:10:00,2026-04-30 13:00:00
R-432,Gym,2026-04-29 21:15:00,2026-04-30 07:00:00
R-250,Tennis,2026-04-29 21:55:00,2026-04-30 07:00:00
R-218,Badminton,2026-04-29 22:00:00,2026-04-30 19:00:00
R-253,Gym,2026-04-29 22:05:00,2026-04-30 07:00:00
R-125,Pool,2026-04-29 22:15:00,2026-04-30 07:00:00
R-276,Pool,2026-04-29 22:15:00,2026-05-02 11:00:00
R-448,Badminton,2026-04-29 22:40:00,2026-04-30 21:00:00
R-240,Pool,2026-04-29 23:35:00,2026-04-30 06:00:00
R-447,Tennis,2026-04-29 23:50:00,2026-04-30 21:00:00
R-137,Clubhouse,2026-04-29 23:55:00,2026-04-30 17:00:00
R-406,Tennis,2026-04-29 23:55:00,2026-05-02 19:00:00
R-112,Gym,2026-04-30 00:10:00,2026-04-30 06:00:00
R-304,Tennis,2026-04-30 00:20:00,2026-05-01 08:00:00
R-256,Pool,2026-04-30 00:30:00,2026-05-01 08:00:00
R-401,Gym,2026-04-30 00:55:00,2026-04-30 08:00:00
R-423,Gym,2026-04-30 01:00:00,2026-04-30 20:00:00
R-118,Pool,2026-04-30 01:20:00,2026-04-30 07:00:00
R-298,Gym,2026-04-30 02:10:00,2026-04-30 19:00:00
R-193,Pool,2026-04-30 02:25:00,2026-04-30 14:00:00
R-210,Gym,2026-04-30 02:40:00,2026-04-30 08:00:00
R-174,Gym,2026-04-30 03:30:00,2026-04-30 08:00:00
R-150,Gym,2026-04-30 03:45:00,2026-04-30 08:00:00
R-184,Hall,2026-04-30 03:50:00,2026-05-08 19:00:00
R-247,Badminton,2026-04-30 04:00:00,2026-04-30 20:00:00
R-290,Gym,2026-04-30 04:05:00,2026-04-30 19:00:00
R-370,Gym,2026-04-30 04:20:00,2026-05-01 06:00:00
R-123,Gym,2026-04-30 04:20:00,2026-04-30 14:00:00
R-239,Pool,2026-04-30 04:45:00,2026-04-30 19:00:00
R-136,Pool,2026-04-30 05:10:00,2026-05-01 18:00:00
R-243,Pool,2026-04-30 05:25:00,2026-04-30 20:00:00
R-414,Pool,2026-04-30 05:30:00,2026-04-30 19:00:00
R-153,Gym,2026-04-30 06:10:00,2026-04-30 16:00:00
R-353,Badminton,2026-04-30 06:15:00,2026-04-30 20:00:00
R-438,Hall,2026-04-30 06:45:00,2026-05-06 14:00:00
R-262,Badminton,2026-04-30 06:45:00,2026-05-03 12:00:00
R-324,Badminton,2026-04-30 07:10:00,2026-04-30 21:00:00
R-252,Pool,2026-04-30 07:30:00,2026-04-30 21:00:00
R-244,Gym,2026-04-30 07:35:00,2026-04-30 19:00:00
R-215,Gym,2026-04-30 07:40:00,2026-04-30 18:00:00
R-243,Badminton,2026-04-30 08:35:00,2026-05-01 18:00:00
R-448,Gym,2026-04-30 08:50:00,2026-04-30 19:00:00
R-257,Tennis,2026-04-30 08:55:00,2026-04-30 19:00:00
R-414,Pool,2026-04-30 09:00:00,2026-05-01 06:00:00
R-272,Pool,2026-04-30 09:15:00,2026-04-30 21:00:00
R-274,Badminton,2026-04-30 09:25:00,2026-05-01 18:00:00
R-375,Tennis,2026-04-30 09:55:00,2026-05-01 06:00:00
R-212,Gym,2026-04-30 10:00:00,2026-05-02 08:00:00
R-358,Gym,2026-04-30 10:05:00,2026-05-01 07:00:00
R-102,Pool,2026-04-30 10:30:00,2026-05-01 07:00:00
R-193,Gym,2026-04-30 10:55:00,2026-04-30 18:00:00
R-403,Gym,2026-04-30 11:00:00,2026-04-30 18:00:00
R-404,Gym,2026-04-30 11:00:00,2026-04-30 20:00:00
R-360,Gym,2026-04-30 11:40:00,2026-04-30 21:00:00
R-252,Badminton,2026-04-30 12:00:00,2026-05-01 21:00:00
R-258,Badminton,2026-04-30 12:20:00,2026-04-30 19:00:00
R-423,Pool,2026-04-30 12:20:00,2026-05-01 07:00:00
R-170,Gym,2026-04-30 12:25:00,2026-05-01 08:00:00
R-271,Tennis,2026-04-30 12:55:00,2026-05-01 06:00:00
R-368,Clubhouse,2026-04-30 13:20:00,2026-05-01 15:00:00
R-218,Badminton,2026-04-30 14:15:00,2026-05-01 21:00:00
R-323,Gym,2026-04-30 14:45:00,2026-04-30 20:00:00
R-259,Pool,2026-04-30 15:20:00,2026-05-02 11:00:00
R-232,Badminton,2026-04-30 15:45:00,2026-05-01 07:00:00
R-167,Gym,2026-04-30 15:45:00,2026-05-01 06:00:00
R-151,Gym,2026-04-30 16:05:00,2026-04-30 20:00:00
R-421,Pool,2026-04-30 16:10:00,2026-05-01 06:00:00
R-149,Pool,2026-04-30 17:15:00,2026-04-30 21:00:00
R-420,Pool,2026-04-30 17:20:00,2026-05-01 07:00:00
R-184,Clubhouse,2026-04-30 17:20:00,2026-05-01 12:00:00
R-105,Tennis,2026-04-30 17:35:00,2026-05-01 07:00:00
R-170,Gym,2026-04-30 17:50:00,2026-05-01 06:00:00
R-108,Pool,2026-04-30 18:25:00,2026-05-01 16:00:00
R-293,Badminton,2026-04-30 18:30:00,2026-05-01 19:00:00
R-145,Gym,2026-04-30 18:35:00,2026-05-01 06:00:00
R-346,Pool,2026-04-30 18:55:00,2026-05-01 18:00:00
R-300,Clubhouse,2026-04-30 19:10:00,2026-05-02 17:00:00
R-323,Badminton,2026-04-30 19:30:00,2026-05-02 06:00:00
R-306,Pool,2026-04-30 19:40:00,2026-05-01 19:00:00
R-119,Pool,2026-04-30 20:10:00,2026-05-01 08:00:00
R-347,Pool,2026-04-30 20:20:00,2026-05-01 06:00:00
R-339,Gym,2026-04-30 20:40:00,2026-05-02 08:00:00
R-198,Gym,2026-04-30 20:50:00,2026-05-01 08:00:00
R-255,Pool,2026-04-30 21:00:00,2026-05-02 11:00:00
R-260,Badminton,2026-04-30 21:55:00,2026-05-01 20:00:00
R-331,Tennis,2026-04-30 22:00:00,2026-05-04 19:00:00
R-222,Gym,2026-04-30 22:15:00,2026-05-01 20:00:00
R-114,Gym,2026-04-30 22:30:00,2026-05-01 08:00:00
R-300,Pool,2026-04-30 23:00:00,2026-05-02 10:00:00
R-174,Pool,2026-04-30 23:05:00,2026-05-01 06:00:00
R-242,Pool,2026-04-30 23:05:00,2026-05-01 12:00:00
R-401,Gym,2026-04-30 23:15:00,2026-05-01 08:00:00
R-145,Gym,2026-04-30 23:25:00,2026-05-01 08:00:00
R-213,Gym,2026-04-30 23:40:00,2026-05-01 19:00:00
R-162,Gym,2026-04-30 23:45:00,2026-05-01 06:00:00
R-193,Pool,2026-05-01 00:00:00,2026-05-01 09:00:00
R-392,Tennis,2026-05-01 00:35:00,2026-05-02 16:00:00
R-376,Clubhouse,2026-05-01 01:20:00,2026-05-02 14:00:00
R-177,Badminton,2026-05-01 01:20:00,2026-05-01 08:00:00
R-361,Gym,2026-05-01 01:20:00,2026-05-01 16:00:00
R-432,Gym,2026-05-01 01:25:00,2026-05-02 06:00:00
R-391,Pool,2026-05-01 02:15:00,2026-05-01 07:00:00
R-167,Gym,2026-05-01 02:15:00,2026-05-02 07:00:00
R-139,Gym,2026-05-01 02:40:00,2026-05-01 19:00:00
R-104,Pool,2026-05-01 02:40:00,2026-05-02 21:00:00
R-104,Badminton,2026-05-01 02:45:00,2026-05-01 19:00:00
R-319,Pool,2026-05-01 02:55:00,2026-05-01 08:00:00
R-250,Gym,2026-05-01 03:20:00,2026-05-01 08:00:00
R-153,Gym,2026-05-01 03:55:00,2026-05-01 19:00:00
R-225,Gym,2026-05-01 03:55:00,2026-05-01 19:00:00
R-257,Badminton,2026-05-01 04:00:00,2026-05-01 19:00:00
R-113,Clubhouse,2026-05-01 04:40:00,2026-05-02 18:00:00
R-437,Gym,2026-05-01 05:10:00,2026-05-01 19:00:00
R-363,Pool,2026-05-01 06:05:00,2026-05-02 18:00:00
R-338,Badminton,2026-05-01 06:20:00,2026-05-01 21:00:00
R-364,Badminton,2026-05-01 06:35:00,2026-05-01 19:00:00
R-335,Gym,2026-05-01 07:00:00,2026-05-01 18:00:00
R-335,Badminton,2026-05-01 07:45:00,2026-05-01 20:00:00
R-431,Clubhouse,2026-05-01 07:45:00,2026-05-02 15:00:00
R-225,Pool,2026-05-01 08:00:00,2026-05-04 08:00:00
R-423,Pool,2026-05-01 08:10:00,2026-05-04 08:00:00
R-287,Tennis,2026-05-01 08:20:00,2026-05-02 17:00:00
R-414,Pool,2026-05-01 08:50:00,2026-05-01 19:00:00
R-301,Gym,2026-05-01 09:55:00,2026-05-01 19:00:00
R-437,Pool,2026-05-01 10:25:00,2026-05-01 21:00:00
R-449,Gym,2026-05-01 10:35:00,2026-05-02 09:00:00
R-310,Pool,2026-05-01 10:40:00,2026-05-02 16:00:00
R-345,Pool,2026-05-01 10:55:00,2026-05-01 17:00:00
R-324,Gym,2026-05-01 11:00:00,2026-05-01 19:00:00
R-443,Gym,2026-05-01 11:50:00,2026-05-01 19:00:00
R-275,Clubhouse,2026-05-01 12:10:00,2026-05-02 11:00:00
R-392,Pool,2026-05-01 12:35:00,2026-05-02 14:00:00
R-210,Gym,2026-05-01 12:40:00,2026-05-01 17:00:00
R-141,Hall,2026-05-01 12:55:00,2026-05-08 17:00:00
R-286,Gym,2026-05-01 13:25:00,2026-05-01 20:00:00
R-264,Gym,2026-05-01 13:30:00,2026-05-02 14:00:00
R-208,Pool,2026-05-01 14:10:00,2026-05-01 21:00:00
R-124,Badminton,2026-05-01 14:10:00,2026-05-02 20:00:00
R-122,Tennis,2026-05-01 14:15:00,2026-05-02 10:00:00
R-227,Gym,2026-05-01 14:30:00,2026-05-01 19:00:00
R-315,Pool,2026-05-01 14:30:00,2026-05-02 10:00:00
R-312,Pool,2026-05-01 14:55:00,2026-05-02 16:00:00
R-392,Clubhouse,2026-05-01 15:55:00,2026-05-03 10:00:00
R-121,Clubhouse,2026-05-01 16:15:00,2026-05-03 12:00:00
R-212,Badminton,2026-05-01 16:25:00,2026-05-02 16:00:00
R-374,Badminton,2026-05-01 16:40:00,2026-05-02 09:00:00
R-140,Badminton,2026-05-01 18:00:00,2026-05-04 21:00:00
R-285,Gym,2026-05-01 18:05:00,2026-05-03 18:00:00
R-376,Pool,2026-05-01 18:15:00,2026-05-02 15:00:00
R-397,Badminton,2026-05-01 18:20:00,2026-05-02 19:00:00
R-300,Pool,2026-05-01 18:20:00,2026-05-02 18:00:00
R-276,Pool,2026-05-01 18:25:00,2026-05-02 07:00:00
R-192,Clubhouse,2026-05-01 18:45:00,2026-05-03 10:00:00
R-109,Pool,2026-05-01 18:55:00,2026-05-02 17:00:00
R-192,Pool,2026-05-01 19:00:00,2026-05-02 10:00:00
R-123,Pool,2026-05-01 19:55:00,2026-05-03 11:00:00
R-128,Tennis,2026-05-01 20:15:00,2026-05-02 07:00:00
R-361,Tennis,2026-05-01 20:20:00,2026-05-05 08:00:00
R-306,Gym,2026-05-01 21:00:00,2026-05-03 07:00:00
R-134,Clubhouse,2026-05-01 21:00:00,2026-05-02 18:00:00
R-276,Pool,2026-05-01 21:50:00,2026-05-02 18:00:00
R-121,Pool,2026-05-01 22:05:00,2026-05-02 19:00:00
R-392,Pool,2026-05-01 22:05:00,2026-05-02 07:00:00
R-394,Pool,2026-05-01 23:40:00,2026-05-02 10:00:00
R-227,Badminton,2026-05-01 23:45:00,2026-05-02 20:00:00
R-233,Pool,2026-05-02 00:05:00,2026-05-02 18:00:00
R-281,Tennis,2026-05-02 00:20:00,2026-05-02 21:00:00
R-218,Tennis,2026-05-02 01:15:00,2026-05-03 07:00:00
R-208,Pool,2026-05-02 01:25:00,2026-05-02 21:00:00
R-155,Tennis,2026-05-02 01:25:00,2026-05-04 07:00:00
R-123,Pool,2026-05-02 01:35:00,2026-05-02 18:00:00
R-104,Badminton,2026-05-02 02:05:00,2026-05-02 19:00:00
R-286,Gym,2026-05-02 02:40:00,2026-05-02 19:00:00
R-363,Pool,2026-05-02 02:50:00,2026-05-03 17:00:00
R-219,Badminton,2026-05-02 03:05:00,2026-05-02 20:00:00
R-137,Pool,2026-05-02 04:05:00,2026-05-02 17:00:00
R-219,Badminton,2026-05-02 04:15:00,2026-05-02 19:00:00
R-146,Badminton,2026-05-02 04:25:00,2026-05-02 20:00:00
R-373,Badminton,2026-05-02 05:00:00,2026-05-02 19:00:00
R-443,Pool,2026-05-02 05:10:00,2026-05-02 21:00:00
R-214,Pool,2026-05-02 05:25:00,2026-05-02 16:00:00
R-421,Gym,2026-05-02 06:05:00,2026-05-04 06:00:00
R-123,Pool,2026-05-02 06:10:00,2026-05-02 16:00:00
R-257,Pool,2026-05-02 07:40:00,2026-05-02 19:00:00
R-360,Gym,2026-05-02 08:45:00,2026-05-02 18:00:00
R-277,Badminton,2026-05-02 08:45:00,2026-05-02 21:00:00
R-335,Badminton,2026-05-02 09:10:00,2026-05-05 09:00:00
R-273,Gym,2026-05-02 09:15:00,2026-05-02 18:00:00
R-190,Pool,2026-05-02 09:45:00,2026-05-03 15:00:00
R-222,Gym,2026-05-02 09:55:00,2026-05-03 19:00:00
R-407,Gym,2026-05-02 10:05:00,2026-05-02 16:00:00
R-431,Badminton,2026-05-02 10:20:00,2026-05-03 14:00:00
R-181,Badminton,2026-05-02 10:30:00,2026-05-02 21:00:00
R-331,Badminton,2026-05-02 10:30:00,2026-05-02 21:00:00
R-400,Pool,2026-05-02 10:35:00,2026-05-02 18:00:00
R-195,Clubhouse,2026-05-02 11:05:00,2026-05-03 11:00:00
R-197,Clubhouse,2026-05-02 11:30:00,2026-05-09 11:00:00
R-322,Pool,2026-05-02 11:40:00,2026-05-02 15:00:00
R-361,Gym,2026-05-02 12:50:00,2026-05-03 06:00:00
R-323,Badminton,2026-05-02 14:15:00,2026-05-04 18:00:00
R-313,Badminton,2026-05-02 14:40:00,2026-05-04 18:00:00
R-152,Clubhouse,2026-05-02 15:05:00,2026-05-03 14:00:00
R-250,Gym,2026-05-02 15:10:00,2026-05-03 07:00:00
R-413,Pool,2026-05-02 17:30:00,2026-05-03 06:00:00
R-139,Tennis,2026-05-02 18:10:00,2026-05-05 06:00:00
R-190,Pool,2026-05-02 18:25:00,2026-05-03 17:00:00
R-307,Pool,2026-05-02 18:55:00,2026-05-03 15:00:00
R-159,Pool,2026-05-02 19:15:00,2026-05-03 07:00:00
R-337,Pool,2026-05-02 20:15:00,2026-05-03 10:00:00
R-161,Pool,2026-05-02 20:40:00,2026-05-03 11:00:00
R-366,Pool,2026-05-02 20:45:00,2026-05-04 08:00:00
R-329,Gym,2026-05-02 21:25:00,2026-05-04 07:00:00
R-288,Clubhouse,2026-05-02 21:55:00,2026-05-03 19:00:00
R-190,Gym,2026-05-02 22:05:00,2026-05-03 11:00:00
R-292,Pool,2026-05-02 22:20:00,2026-05-03 11:00:00
R-145,Gym,2026-05-02 23:00:00,2026-05-03 06:00:00
R-118,Pool,2026-05-02 23:15:00,2026-05-03 14:00:00
R-291,Clubhouse,2026-05-03 00:00:00,2026-05-03 20:00:00
R-376,Pool,2026-05-03 00:05:00,2026-05-03 18:00:00
R-258,Pool,2026-05-03 00:10:00,2026-05-03 18:00:00
R-267,Gym,2026-05-03 00:10:00,2026-05-04 19:00:00
R-395,Pool,2026-05-03 00:45:00,2026-05-03 18:00:00
R-310,Pool,2026-05-03 00:50:00,2026-05-03 18:00:00
R-418,Tennis,2026-05-03 01:25:00,2026-05-06 07:00:00
R-271,Gym,2026-05-03 01:30:00,2026-05-03 06:00:00
R-435,Pool,2026-05-03 01:55:00,2026-05-03 17:00:00
R-186,Gym,2026-05-03 02:40:00,2026-05-03 17:00:00
R-150,Pool,2026-05-03 03:10:00,2026-05-04 07:00:00
R-284,Pool,2026-05-03 03:15:00,2026-05-03 17:00:00
R-107,Badminton,2026-05-03 03:20:00,2026-05-04 21:00:00
R-149,Tennis,2026-05-03 03:40:00,2026-05-03 19:00:00
R-350,Pool,2026-05-03 03:50:00,2026-05-03 18:00:00
R-443,Badminton,2026-05-03 04:15:00,2026-05-03 21:00:00
R-153,Gym,2026-05-03 04:20:00,2026-05-03 19:00:00
R-273,Gym,2026-05-03 04:25:00,2026-05-03 11:00:00
R-152,Pool,2026-05-03 05:00:00,2026-05-03 17:00:00
R-150,Pool,2026-05-03 06:50:00,2026-05-04 06:00:00
R-254,Gym,2026-05-03 07:00:00,2026-05-04 06:00:00
R-112,Gym,2026-05-03 07:25:00,2026-05-04 08:00:00
R-356,Pool,2026-05-03 08:30:00,2026-05-03 17:00:00
R-300,Gym,2026-05-03 08:40:00,2026-05-03 17:00:00
R-423,Tennis,2026-05-03 09:10:00,2026-05-05 07:00:00
R-113,Gym,2026-05-03 09:30:00,2026-05-03 17:00:00
R-339,Gym,2026-05-03 09:30:00,2026-05-04 08:00:00
R-265,Badminton,2026-05-03 10:10:00,2026-05-04 19:00:00
R-105,Gym,2026-05-03 10:35:00,2026-05-04 06:00:00
R-145,Gym,2026-05-03 11:05:00,2026-05-04 08:00:00
R-391,Tennis,2026-05-03 11:10:00,2026-05-04 07:00:00
R-306,Pool,2026-05-03 11:15:00,2026-05-04 19:00:00
R-400,Gym,2026-05-03 11:25:00,2026-05-03 17:00:00
R-145,Pool,2026-05-03 11:45:00,2026-05-05 06:00:00
R-193,Gym,2026-05-03 11:50:00,2026-05-03 22:00:00
R-167,Gym,2026-05-03 12:00:00,2026-05-04 07:00:00
R-146,Tennis,2026-05-03 12:05:00,2026-05-04 20:00:00
R-227,Badminton,2026-05-03 12:15:00,2026-05-04 20:00:00
R-338,Tennis,2026-05-03 12:30:00,2026-05-04 18:00:00
R-246,Tennis,2026-05-03 12:35:00,2026-05-04 08:00:00
R-112,Gym,2026-05-03 12:50:00,2026-05-04 07:00:00
R-225,Pool,2026-05-03 13:05:00,2026-05-04 11:00:00
R-195,Gym,2026-05-03 13:50:00,2026-05-03 18:00:00
R-366,Pool,2026-05-03 13:50:00,2026-05-05 06:00:00
R-113,Pool,2026-05-03 13:50:00,2026-05-03 18:00:00
R-102,Gym,2026-05-03 14:35:00,2026-05-04 06:00:00
R-424,Gym,2026-05-03 14:40:00,2026-05-04 07:00:00
R-219,Badminton,2026-05-03 15:15:00,2026-05-04 15:00:00
R-133,Hall,2026-05-03 15:20:00,2026-05-09 19:00:00
R-366,Tennis,2026-05-03 17:05:00,2026-05-05 08:00:00
R-112,Gym,2026-05-03 17:20:00,2026-05-05 08:00:00
R-170,Gym,2026-05-03 17:30:00,2026-05-04 08:00:00
R-219,Badminton,2026-05-03 18:30:00,2026-05-04 19:00:00
R-389,Tennis,2026-05-03 18:50:00,2026-05-05 06:00:00
R-174,Pool,2026-05-03 19:10:00,2026-05-04 06:00:00
R-110,Pool,2026-05-03 19:45:00,2026-05-04 07:00:00
R-136,Gym,2026-05-03 20:10:00,2026-05-04 15:00:00
R-401,Tennis,2026-05-03 20:10:00,2026-05-05 17:00:00
R-373,Badminton,2026-05-03 20:15:00,2026-05-05 21:00:00
R-101,Pool,2026-05-03 20:35:00,2026-05-04 19:00:00
R-437,Gym,2026-05-03 20:55:00,2026-05-04 20:00:00
R-243,Tennis,2026-05-03 21:05:00,2026-05-04 18:00:00
R-225,Pool,2026-05-03 21:15:00,2026-05-04 19:00:00
R-250,Gym,2026-05-03 21:25:00,2026-05-04 08:00:00
R-339,Gym,2026-05-03 22:00:00,2026-05-04 06:00:00
R-423,Pool,2026-05-03 22:05:00,2026-05-05 06:00:00
R-428,Pool,2026-05-03 22:05:00,2026-05-04 08:00:00
R-279,Pool,2026-05-03 22:35:00,2026-05-05 19:00:00
R-428,Gym,2026-05-03 22:40:00,2026-05-04 06:00:00
R-313,Badminton,2026-05-03 22:45:00,2026-05-04 20:00:00
R-375,Gym,2026-05-03 23:25:00,2026-05-04 06:00:00
R-114,Gym,2026-05-03 23:50:00,2026-05-04 08:00:00
R-374,Pool,2026-05-03 23:55:00,2026-05-05 12:00:00
R-356,Tennis,2026-05-04 00:00:00,2026-05-04 16:00:00
R-210,Gym,2026-05-04 00:35:00,2026-05-05 07:00:00
R-156,Gym,2026-05-04 00:45:00,2026-05-04 07:00:00
R-240,Gym,2026-05-04 00:45:00,2026-05-04 07:00:00
R-281,Badminton,2026-05-04 01:10:00,2026-05-04 21:00:00
R-432,Gym,2026-05-04 01:45:00,2026-05-05 06:00:00
R-218,Pool,2026-05-04 01:55:00,2026-05-04 18:00:00
R-285,Pool,2026-05-04 02:05:00,2026-05-04 10:00:00
R-118,Tennis,2026-05-04 02:05:00,2026-05-04 08:00:00
R-119,Pool,2026-05-04 02:20:00,2026-05-04 06:00:00
R-366,Gym,2026-05-04 02:40:00,2026-05-04 06:00:00
R-110,Pool,2026-05-04 02:45:00,2026-05-04 19:00:00
R-119,Gym,2026-05-04 03:15:00,2026-05-04 08:00:00
R-341,Pool,2026-05-04 03:20:00,2026-05-04 15:00:00
R-139,Tennis,2026-05-04 03:50:00,2026-05-05 19:00:00
R-159,Tennis,2026-05-04 04:35:00,2026-05-05 08:00:00
R-336,Clubhouse,2026-05-04 05:00:00,2026-05-05 14:00:00
R-111,Clubhouse,2026-05-04 05:00:00,2026-05-05 19:00:00
R-150,Hall,2026-05-04 05:05:00,2026-05-07 19:00:00
R-328,Pool,2026-05-04 05:05:00,2026-05-04 17:00:00
R-318,Badminton,2026-05-04 05:20:00,2026-05-05 08:00:00
R-298,Pool,2026-05-04 05:35:00,2026-05-04 19:00:00
R-240,Tennis,2026-05-04 05:35:00,2026-05-05 07:00:00
R-293,Badminton,2026-05-04 05:40:00,2026-05-04 19:00:00
R-179,Badminton,2026-05-04 06:15:00,2026-05-04 18:00:00
R-177,Clubhouse,2026-05-04 06:20:00,2026-05-06 18:00:00
R-366,Pool,2026-05-04 06:35:00,2026-05-07 06:00:00
R-335,Gym,2026-05-04 06:40:00,2026-05-04 18:00:00
R-290,Gym,2026-05-04 07:05:00,2026-05-04 18:00:00
R-448,Badminton,2026-05-04 07:20:00,2026-05-05 18:00:00
R-224,Pool,2026-05-04 07:20:00,2026-05-04 19:00:00
R-447,Badminton,2026-05-04 07:40:00,2026-05-05 16:00:00
R-281,Pool,2026-05-04 08:05:00,2026-05-04 19:00:00
R-257,Gym,2026-05-04 08:30:00,2026-05-04 21:00:00
R-397,Badminton,2026-05-04 08:45:00,2026-05-04 20:00:00
R-116,Pool,2026-05-04 08:50:00,2026-05-05 06:00:00
R-252,Badminton,2026-05-04 09:10:00,2026-05-04 18:00:00
R-159,Tennis,2026-05-04 09:25:00,2026-05-05 07:00:00
R-243,Pool,2026-05-04 09:25:00,2026-05-04 21:00:00
R-335,Pool,2026-05-04 10:25:00,2026-05-04 19:00:00
R-102,Gym,2026-05-04 10:35:00,2026-05-05 06:00:00
R-279,Pool,2026-05-04 10:35:00,2026-05-05 07:00:00
R-139,Gym,2026-05-04 10:35:00,2026-05-04 19:00:00
R-448,Gym,2026-05-04 10:40:00,2026-05-04 19:00:00
R-228,Pool,2026-05-04 10:40:00,2026-05-04 19:00:00
R-383,Tennis,2026-05-04 11:10:00,2026-05-05 19:00:00
R-243,Gym,2026-05-04 11:35:00,2026-05-04 19:00:00
R-302,Clubhouse,2026-05-04 12:25:00,2026-05-05 19:00:00
R-219,Badminton,2026-05-04 13:25:00,2026-05-06 18:00:00
R-114,Pool,2026-05-04 13:50:00,2026-05-04 21:00:00
R-248,Pool,2026-05-04 14:25:00,2026-05-05 18:00:00
R-242,Gym,2026-05-04 14:40:00,2026-05-04 19:00:00
R-441,Gym,2026-05-04 14:40:00,2026-05-04 20:00:00
R-413,Pool,2026-05-04 14:55:00,2026-05-05 08:00:00
R-414,Gym,2026-05-04 15:45:00,2026-05-06 07:00:00
R-421,Pool,2026-05-04 15:50:00,2026-05-06 08:00:00
R-126,Pool,2026-05-04 15:55:00,2026-05-04 21:00:00
R-432,Gym,2026-05-04 16:10:00,2026-05-06 16:00:00
R-171,Tennis,2026-05-04 16:20:00,2026-05-06 19:00:00
R-119,Pool,2026-05-04 16:30:00,2026-05-05 06:00:00
R-286,Pool,2026-05-04 16:40:00,2026-05-05 08:00:00
R-208,Pool,2026-05-04 18:20:00,2026-05-05 21:00:00
R-162,Tennis,2026-05-04 18:40:00,2026-05-05 07:00:00
R-431,Hall,2026-05-04 18:50:00,2026-05-10 14:00:00
R-254,Gym,2026-05-04 19:15:00,2026-05-05 06:00:00
R-215,Pool,2026-05-04 19:15:00,2026-05-05 14:00:00
R-274,Badminton,2026-05-04 19:25:00,2026-05-05 19:00:00
R-118,Gym,2026-05-04 20:20:00,2026-05-05 08:00:00
R-253,Gym,2026-05-04 20:30:00,2026-05-05 08:00:00
R-186,Pool,2026-05-04 20:30:00,2026-05-05 12:00:00
R-434,Gym,2026-05-04 20:35:00,2026-05-05 08:00:00
R-151,Badminton,2026-05-04 20:35:00,2026-05-05 18:00:00
R-424,Gym,2026-05-04 21:15:00,2026-05-05 07:00:00
R-170,Gym,2026-05-04 21:25:00,2026-05-05 06:00:00
R-263,Gym,2026-05-04 21:50:00,2026-05-05 07:00:00
R-144,Pool,2026-05-04 21:50:00,2026-05-05 06:00:00
R-226,Pool,2026-05-04 22:10:00,2026-05-06 12:00:00
R-419,Pool,2026-05-04 22:45:00,2026-05-05 15:00:00
R-272,Badminton,2026-05-04 23:00:00,2026-05-05 21:00:00
R-444,Pool,2026-05-04 23:05:00,2026-05-05 06:00:00
R-343,Clubhouse,2026-05-04 23:15:00,2026-05-08 12:00:00
R-271,Gym,2026-05-05 00:05:00,2026-05-05 06:00:00
R-218,Tennis,2026-05-05 00:20:00,2026-05-07 21:00:00
R-117,Gym,2026-05-05 00:30:00,2026-05-05 08:00:00
R-208,Gym,2026-05-05 00:40:00,2026-05-05 18:00:00
R-426,Badminton,2026-05-05 00:45:00,2026-05-06 19:00:00
R-203,Gym,2026-05-05 01:40:00,2026-05-05 08:00:00
R-361,Tennis,2026-05-05 01:40:00,2026-05-07 06:00:00
R-268,Tennis,2026-05-05 01:45:00,2026-05-06 08:00:00
R-358,Tennis,2026-05-05 02:20:00,2026-05-07 06:00:00
R-222,Tennis,2026-05-05 02:25:00,2026-05-06 19:00:00
R-260,Badminton,2026-05-05 02:40:00,2026-05-05 18:00:00
R-156,Gym,2026-05-05 02:55:00,2026-05-05 06:00:00
R-424,Tennis,2026-05-05 03:25:00,2026-05-05 11:00:00
R-279,Pool,2026-05-05 03:30:00,2026-05-06 19:00:00
R-310,Pool,2026-05-05 03:45:00,2026-05-06 14:00:00
R-440,Gym,2026-05-05 04:30:00,2026-05-05 08:00:00
R-106,Gym,2026-05-05 04:30:00,2026-05-05 12:00:00
R-448,Badminton,2026-05-05 04:50:00,2026-05-05 20:00:00
R-215,Gym,2026-05-05 05:05:00,2026-05-05 11:00:00
R-366,Tennis,2026-05-05 05:50:00,2026-05-06 07:00:00
R-256,Tennis,2026-05-05 06:00:00,2026-05-06 21:00:00
R-403,Badminton,2026-05-05 06:20:00,2026-05-06 19:00:00
R-256,Pool,2026-05-05 06:25:00,2026-05-08 06:00:00
R-238,Gym,2026-05-05 06:45:00,2026-05-05 16:00:00
R-179,Gym,2026-05-05 06:55:00,2026-05-05 19:00:00
R-160,Gym,2026-05-05 07:15:00,2026-05-05 18:00:00
R-215,Gym,2026-05-05 07:20:00,2026-05-05 21:00:00
R-163,Gym,2026-05-05 07:30:00,2026-05-06 10:00:00
R-159,Clubhouse,2026-05-05 08:00:00,2026-05-06 10:00:00
R-102,Gym,2026-05-05 08:00:00,2026-05-07 08:00:00
R-434,Gym,2026-05-05 08:15:00,2026-05-07 08:00:00
R-448,Badminton,2026-05-05 08:25:00,2026-05-05 19:00:00
R-170,Pool,2026-05-05 09:00:00,2026-05-06 08:00:00
R-397,Gym,2026-05-05 09:05:00,2026-05-05 20:00:00
R-335,Pool,2026-05-05 09:35:00,2026-05-06 18:00:00
R-240,Tennis,2026-05-05 09:50:00,2026-05-07 07:00:00
R-167,Gym,2026-05-05 10:10:00,2026-05-05 21:00:00
R-449,Gym,2026-05-05 10:15:00,2026-05-05 19:00:00
R-132,Pool,2026-05-05 10:20:00,2026-05-06 13:00:00
R-214,Pool,2026-05-05 11:10:00,2026-05-05 18:00:00
R-102,Tennis,2026-05-05 11:20:00,2026-05-08 06:00:00
R-434,Gym,2026-05-05 11:45:00,2026-05-05 18:00:00
R-431,Clubhouse,2026-05-05 11:50:00,2026-05-09 16:00:00
R-215,Gym,2026-05-05 12:15:00,2026-05-06 15:00:00
R-267,Badminton,2026-05-05 12:20:00,2026-05-06 21:00:00
R-257,Tennis,2026-05-05 12:20:00,2026-05-07 18:00:00
R-427,Hall,2026-05-05 12:20:00,2026-05-09 18:00:00
R-272,Pool,2026-05-05 13:00:00,2026-05-05 20:00:00
R-105,Pool,2026-05-05 13:00:00,2026-05-07 08:00:00
R-267,Badminton,2026-05-05 14:00:00,2026-05-06 18:00:00
R-272,Gym,2026-05-05 14:05:00,2026-05-06 20:00:00
R-274,Tennis,2026-05-05 14:35:00,2026-05-06 20:00:00
R-201,Pool,2026-05-05 14:45:00,2026-05-06 17:00:00
R-341,Tennis,2026-05-05 15:00:00,2026-05-08 19:00:00
R-274,Badminton,2026-05-05 15:30:00,2026-05-06 07:00:00
R-106,Pool,2026-05-05 15:30:00,2026-05-08 08:00:00
R-145,Tennis,2026-05-05 15:55:00,2026-05-07 08:00:00
R-418,Pool,2026-05-05 16:05:00,2026-05-06 06:00:00
R-254,Gym,2026-05-05 16:20:00,2026-05-06 22:00:00
R-388,Tennis,2026-05-05 16:30:00,2026-05-09 18:00:00
R-432,Gym,2026-05-05 16:35:00,2026-05-06 06:00:00
R-440,Gym,2026-05-05 17:20:00,2026-05-06 07:00:00
R-446,Gym,2026-05-05 17:40:00,2026-05-06 06:00:00
R-225,Gym,2026-05-05 17:55:00,2026-05-06 06:00:00
R-423,Gym,2026-05-05 18:00:00,2026-05-06 08:00:00
R-219,Tennis,2026-05-05 18:15:00,2026-05-06 19:00:00
R-418,Gym,2026-05-05 18:35:00,2026-05-06 08:00:00
R-218,Badminton,2026-05-05 18:55:00,2026-05-06 20:00:00
R-401,Pool,2026-05-05 19:10:00,2026-05-07 07:00:00
R-401,Pool,2026-05-05 19:50:00,2026-05-06 08:00:00
R-142,Badminton,2026-05-05 20:45:00,2026-05-06 07:00:00
R-428,Pool,2026-05-05 20:55:00,2026-05-06 06:00:00
R-432,Gym,2026-05-05 21:00:00,2026-05-07 07:00:00
R-246,Tennis,2026-05-05 21:20:00,2026-05-06 08:00:00
R-414,Pool,2026-05-05 21:25:00,2026-05-06 19:00:00
R-224,Pool,2026-05-05 21:30:00,2026-05-06 18:00:00
R-341,Gym,2026-05-05 21:40:00,2026-05-06 07:00:00
R-306,Gym,2026-05-05 22:15:00,2026-05-06 19:00:00
R-156,Gym,2026-05-05 22:30:00,2026-05-06 07:00:00
R-263,Tennis,2026-05-05 22:35:00,2026-05-07 08:00:00
R-145,Gym,2026-05-05 22:55:00,2026-05-06 07:00:00
R-246,Pool,2026-05-05 23:25:00,2026-05-06 07:00:00
R-139,Pool,2026-05-05 23:35:00,2026-05-06 19:00:00
R-412,Badminton,2026-05-05 23:45:00,2026-05-06 21:00:00
R-412,Gym,2026-05-05 23:50:00,2026-05-07 19:00:00
R-257,Pool,2026-05-06 00:10:00,2026-05-06 18:00:00
R-146,Badminton,2026-05-06 01:15:00,2026-05-06 18:00:00
R-434,Gym,2026-05-06 01:25:00,2026-05-06 20:00:00
R-257,Pool,2026-05-06 01:30:00,2026-05-06 19:00:00
R-227,Pool,2026-05-06 02:00:00,2026-05-06 21:00:00
R-298,Pool,2026-05-06 02:00:00,2026-05-06 19:00:00
R-173,Pool,2026-05-06 02:20:00,2026-05-07 19:00:00
R-219,Badminton,2026-05-06 02:55:00,2026-05-06 20:00:00
R-391,Gym,2026-05-06 03:05:00,2026-05-06 08:00:00
R-253,Tennis,2026-05-06 03:20:00,2026-05-07 20:00:00
R-267,Badminton,2026-05-06 03:45:00,2026-05-07 18:00:00
R-252,Badminton,2026-05-06 03:50:00,2026-05-06 18:00:00
R-335,Pool,2026-05-06 04:10:00,2026-05-07 07:00:00
R-244,Badminton,2026-05-06 04:35:00,2026-05-07 18:00:00
R-225,Pool,2026-05-06 04:35:00,2026-05-07 06:00:00
R-431,Gym,2026-05-06 05:10:00,2026-05-06 15:00:00
R-414,Gym,2026-05-06 05:50:00,2026-05-06 08:00:00
R-234,Pool,2026-05-06 05:55:00,2026-05-06 19:00:00
R-314,Pool,2026-05-06 06:05:00,2026-05-06 21:00:00
R-107,Gym,2026-05-06 06:30:00,2026-05-06 18:00:00
R-341,Gym,2026-05-06 06:50:00,2026-05-07 11:00:00
R-421,Pool,2026-05-06 07:20:00,2026-05-07 08:00:00
R-225,Pool,2026-05-06 07:25:00,2026-05-09 07:00:00
R-241,Pool,2026-05-06 07:45:00,2026-05-06 17:00:00
R-241,Gym,2026-05-06 07:50:00,2026-05-08 07:00:00
R-366,Gym,2026-05-06 08:20:00,2026-05-07 08:00:00
R-361,Pool,2026-05-06 08:30:00,2026-05-07 07:00:00
R-245,Badminton,2026-05-06 08:55:00,2026-05-06 17:00:00
R-443,Gym,2026-05-06 09:15:00,2026-05-06 18:00:00
R-260,Badminton,2026-05-06 09:40:00,2026-05-07 06:00:00
R-278,Gym,2026-05-06 09:40:00,2026-05-06 17:00:00
R-418,Gym,2026-05-06 09:45:00,2026-05-07 07:00:00
R-447,Pool,2026-05-06 09:50:00,2026-05-06 18:00:00
R-416,Clubhouse,2026-05-06 10:05:00,2026-05-09 10:00:00
R-231,Badminton,2026-05-06 10:15:00,2026-05-08 07:00:00
R-292,Clubhouse,2026-05-06 10:20:00,2026-05-08 19:00:00
R-448,Gym,2026-05-06 10:50:00,2026-05-06 18:00:00
R-298,Pool,2026-05-06 10:50:00,2026-05-06 20:00:00
R-383,Pool,2026-05-06 11:45:00,2026-05-06 19:00:00
R-414,Tennis,2026-05-06 11:50:00,2026-05-07 19:00:00
R-437,Badminton,2026-05-06 12:15:00,2026-05-07 20:00:00
R-260,Gym,2026-05-06 12:35:00,2026-05-06 18:00:00
R-339,Gym,2026-05-06 12:45:00,2026-05-07 07:00:00
R-423,Gym,2026-05-06 13:15:00,2026-05-08 06:00:00
R-145,Tennis,2026-05-06 13:30:00,2026-05-07 07:00:00
R-167,Gym,2026-05-06 13:35:00,2026-05-07 06:00:00
R-112,Gym,2026-05-06 13:45:00,2026-05-07 07:00:00
R-210,Tennis,2026-05-06 13:50:00,2026-05-07 06:00:00
R-104,Badminton,2026-05-06 13:55:00,2026-05-07 06:00:00
R-374,Pool,2026-05-06 14:10:00,2026-05-06 20:00:00
R-249,Hall,2026-05-06 14:35:00,2026-05-12 18:00:00
R-271,Gym,2026-05-06 14:45:00,2026-05-07 06:00:00
R-248,Gym,2026-05-06 14:50:00,2026-05-06 19:00:00
R-428,Gym,2026-05-06 15:10:00,2026-05-07 09:00:00
R-139,Pool,2026-05-06 16:05:00,2026-05-07 19:00:00
R-225,Pool,2026-05-06 16:20:00,2026-05-08 06:00:00
R-177,Tennis,2026-05-06 17:05:00,2026-05-07 08:00:00
R-122,Badminton,2026-05-06 17:35:00,2026-05-08 08:00:00
R-229,Pool,2026-05-06 17:45:00,2026-05-07 08:00:00
R-371,Gym,2026-05-06 18:00:00,2026-05-07 08:00:00
R-121,Hall,2026-05-06 18:20:00,2026-05-17 12:00:00
R-366,Gym,2026-05-06 19:10:00,2026-05-08 06:00:00
R-353,Pool,2026-05-06 19:20:00,2026-05-08 10:00:00
R-250,Gym,2026-05-06 19:30:00,2026-05-07 08:00:00
R-381,Badminton,2026-05-06 19:35:00,2026-05-07 17:00:00
R-441,Badminton,2026-05-06 19:45:00,2026-05-07 21:00:00
R-298,Pool,2026-05-06 20:15:00,2026-05-07 15:00:00
R-200,Badminton,2026-05-06 20:35:00,2026-05-07 18:00:00
R-119,Pool,2026-05-06 20:45:00,2026-05-07 07:00:00
R-358,Gym,2026-05-06 21:25:00,2026-05-07 08:00:00
R-189,Badminton,2026-05-06 21:30:00,2026-05-07 18:00:00
R-253,Gym,2026-05-06 21:40:00,2026-05-07 08:00:00
R-156,Gym,2026-05-06 21:45:00,2026-05-07 06:00:00
R-409,Gym,2026-05-06 21:55:00,2026-05-07 06:00:00
R-155,Gym,2026-05-06 22:00:00,2026-05-07 08:00:00
R-118,Pool,2026-05-06 22:00:00,2026-05-07 08:00:00
R-106,Pool,2026-05-06 22:40:00,2026-05-09 19:00:00
R-174,Pool,2026-05-06 22:55:00,2026-05-07 08:00:00
R-246,Gym,2026-05-06 22:55:00,2026-05-07 06:00:00
R-293,Badminton,2026-05-06 23:20:00,2026-05-07 20:00:00
R-146,Tennis,2026-05-06 23:25:00,2026-05-07 20:00:00
R-443,Badminton,2026-05-06 23:25:00,2026-05-07 21:00:00
R-341,Pool,2026-05-07 00:00:00,2026-05-07 07:00:00
R-307,Pool,2026-05-07 00:20:00,2026-05-09 07:00:00
R-263,Pool,2026-05-07 00:20:00,2026-05-07 06:00:00
R-404,Badminton,2026-05-07 00:30:00,2026-05-07 06:00:00
R-444,Gym,2026-05-07 01:00:00,2026-05-07 06:00:00
R-434,Pool,2026-05-07 01:00:00,2026-05-08 06:00:00
R-159,Gym,2026-05-07 01:05:00,2026-05-07 07:00:00
R-279,Pool,2026-05-07 01:15:00,2026-05-07 19:00:00
R-155,Tennis,2026-05-07 01:15:00,2026-05-08 06:00:00
R-189,Pool,2026-05-07 01:20:00,2026-05-07 17:00:00
R-126,Pool,2026-05-07 01:30:00,2026-05-07 21:00:00
R-277,Badminton,2026-05-07 01:35:00,2026-05-08 20:00:00
R-225,Pool,2026-05-07 01:35:00,2026-05-07 19:00:00
R-448,Badminton,2026-05-07 01:50:00,2026-05-07 19:00:00
R-435,Clubhouse,2026-05-07 02:25:00,2026-05-09 17:00:00
R-391,Pool,2026-05-07 02:30:00,2026-05-07 08:00:00
R-263,Pool,2026-05-07 02:40:00,2026-05-08 06:00:00
R-110,Gym,2026-05-07 02:45:00,2026-05-07 19:00:00
R-142,Tennis,2026-05-07 03:15:00,2026-05-07 20:00:00
R-272,Gym,2026-05-07 03:25:00,2026-05-07 20:00:00
R-282,Clubhouse,2026-05-07 03:25:00,2026-05-10 15:00:00
R-240,Gym,2026-05-07 03:40:00,2026-05-07 11:00:00
R-110,Pool,2026-05-07 03:40:00,2026-05-08 08:00:00
R-271,Pool,2026-05-07 03:45:00,2026-05-08 06:00:00
R-440,Tennis,2026-05-07 04:00:00,2026-05-08 06:00:00
R-361,Gym,2026-05-07 04:35:00,2026-05-08 06:00:00
R-302,Pool,2026-05-07 04:40:00,2026-05-07 18:00:00
R-442,Gym,2026-05-07 04:50:00,2026-05-07 17:00:00
R-323,Badminton,2026-05-07 04:50:00,2026-05-07 20:00:00
R-389,Gym,2026-05-07 05:55:00,2026-05-08 07:00:00
R-223,Tennis,2026-05-07 06:15:00,2026-05-07 18:00:00
R-286,Gym,2026-05-07 06:50:00,2026-05-07 18:00:00
R-201,Tennis,2026-05-07 07:00:00,2026-05-09 12:00:00
R-359,Badminton,2026-05-07 07:55:00,2026-05-07 20:00:00
R-104,Gym,2026-05-07 08:05:00,2026-05-07 18:00:00
R-366,Tennis,2026-05-07 08:10:00,2026-05-08 07:00:00
R-119,Gym,2026-05-07 09:25:00,2026-05-07 13:00:00
R-377,Pool,2026-05-07 09:35:00,2026-05-07 21:00:00
R-144,Tennis,2026-05-07 09:50:00,2026-05-08 06:00:00
R-139,Pool,2026-05-07 10:00:00,2026-05-08 08:00:00
R-288,Hall,2026-05-07 10:50:00,2026-05-10 11:00:00
R-150,Tennis,2026-05-07 11:00:00,2026-05-08 08:00:00
R-293,Pool,2026-05-07 11:20:00,2026-05-07 18:00:00
R-107,Gym,2026-05-07 11:30:00,2026-05-08 18:00:00
R-211,Clubhouse,2026-05-07 11:50:00,2026-05-10 18:00:00
R-277,Gym,2026-05-07 12:40:00,2026-05-07 18:00:00
R-248,Tennis,2026-05-07 12:45:00,2026-05-09 21:00:00
R-348,Pool,2026-05-07 13:20:00,2026-05-07 19:00:00
R-418,Pool,2026-05-07 13:45:00,2026-05-08 06:00:00
R-440,Tennis,2026-05-07 14:40:00,2026-05-08 07:00:00
R-272,Pool,2026-05-07 14:45:00,2026-05-07 21:00:00
R-156,Gym,2026-05-07 15:05:00,2026-05-08 07:00:00
R-128,Pool,2026-05-07 15:10:00,2026-05-08 21:00:00
R-351,Gym,2026-05-07 15:20:00,2026-05-08 06:00:00
R-227,Pool,2026-05-07 15:40:00,2026-05-07 19:00:00
R-105,Gym,2026-05-07 15:55:00,2026-05-08 06:00:00
R-220,Pool,2026-05-07 16:35:00,2026-05-09 15:00:00
R-250,Pool,2026-05-07 16:55:00,2026-05-08 06:00:00
R-446,Gym,2026-05-07 17:15:00,2026-05-08 08:00:00
R-443,Badminton,2026-05-07 17:20:00,2026-05-08 19:00:00
R-294,Pool,2026-05-07 17:45:00,2026-05-09 06:00:00
R-156,Gym,2026-05-07 18:00:00,2026-05-08 06:00:00
R-329,Badminton,2026-05-07 18:00:00,2026-05-09 07:00:00
R-413,Gym,2026-05-07 18:25:00,2026-05-08 09:00:00
R-142,Tennis,2026-05-07 19:20:00,2026-05-08 20:00:00
R-112,Pool,2026-05-07 19:45:00,2026-05-08 07:00:00
R-263,Gym,2026-05-07 20:05:00,2026-05-08 08:00:00
R-318,Pool,2026-05-07 20:15:00,2026-05-08 07:00:00
R-128,Tennis,2026-05-07 20:25:00,2026-05-08 18:00:00
R-353,Gym,2026-05-07 20:55:00,2026-05-08 18:00:00
R-361,Gym,2026-05-07 21:00:00,2026-05-08 07:00:00
R-375,Gym,2026-05-07 21:40:00,2026-05-08 08:00:00
R-259,Pool,2026-05-07 21:55:00,2026-05-08 18:00:00
R-114,Gym,2026-05-07 23:05:00,2026-05-08 11:00:00
R-428,Pool,2026-05-07 23:10:00,2026-05-08 07:00:00
R-212,Tennis,2026-05-07 23:15:00,2026-05-09 19:00:00
R-263,Gym,2026-05-07 23:35:00,2026-05-08 07:00:00
R-239,Pool,2026-05-08 00:10:00,2026-05-08 20:00:00
R-174,Pool,2026-05-08 00:15:00,2026-05-08 06:00:00
R-125,Gym,2026-05-08 00:50:00,2026-05-08 06:00:00
R-222,Badminton,2026-05-08 01:00:00,2026-05-08 21:00:00
R-183,Pool,2026-05-08 01:05:00,2026-05-08 15:00:00
R-278,Badminton,2026-05-08 01:10:00,2026-05-08 20:00:00
R-181,Badminton,2026-05-08 01:35:00,2026-05-08 18:00:00
R-215,Badminton,2026-05-08 01:40:00,2026-05-08 18:00:00
R-401,Gym,2026-05-08 01:45:00,2026-05-08 07:00:00
R-279,Pool,2026-05-08 02:20:00,2026-05-08 19:00:00
R-162,Gym,2026-05-08 02:30:00,2026-05-08 08:00:00
R-286,Gym,2026-05-08 02:45:00,2026-05-08 20:00:00
R-271,Gym,2026-05-08 02:50:00,2026-05-08 08:00:00
R-235,Badminton,2026-05-08 03:25:00,2026-05-09 19:00:00
R-404,Gym,2026-05-08 03:25:00,2026-05-08 18:00:00
R-377,Pool,2026-05-08 03:40:00,2026-05-08 08:00:00
R-437,Badminton,2026-05-08 03:45:00,2026-05-08 19:00:00
R-339,Gym,2026-05-08 04:00:00,2026-05-08 22:00:00
R-414,Gym,2026-05-08 04:00:00,2026-05-08 19:00:00
R-218,Gym,2026-05-08 04:05:00,2026-05-09 15:00:00
R-386,Pool,2026-05-08 05:00:00,2026-05-09 15:00:00
R-211,Pool,2026-05-08 06:00:00,2026-05-10 17:00:00
R-253,Tennis,2026-05-08 06:10:00,2026-05-09 08:00:00
R-433,Pool,2026-05-08 06:20:00,2026-05-10 14:00:00
R-104,Badminton,2026-05-08 06:20:00,2026-05-08 19:00:00
R-311,Gym,2026-05-08 06:40:00,2026-05-09 16:00:00
R-126,Gym,2026-05-08 07:05:00,2026-05-08 21:00:00
R-196,Pool,2026-05-08 07:20:00,2026-05-09 17:00:00
R-225,Tennis,2026-05-08 07:25:00,2026-05-11 19:00:00
R-356,Clubhouse,2026-05-08 07:40:00,2026-05-10 18:00:00
R-161,Pool,2026-05-08 07:50:00,2026-05-10 17:00:00
R-285,Pool,2026-05-08 07:50:00,2026-05-10 14:00:00
R-404,Gym,2026-05-08 07:55:00,2026-05-08 19:00:00
R-122,Tennis,2026-05-08 08:15:00,2026-05-13 08:00:00
R-363,Clubhouse,2026-05-08 08:25:00,2026-05-10 18:00:00
R-132,Gym,2026-05-08 08:35:00,2026-05-08 15:00:00
R-123,Clubhouse,2026-05-08 08:50:00,2026-05-09 22:00:00
R-366,Gym,2026-05-08 09:05:00,2026-05-09 06:00:00
R-295,Badminton,2026-05-08 09:05:00,2026-05-09 20:00:00
R-213,Badminton,2026-05-08 09:40:00,2026-05-09 20:00:00
R-401,Gym,2026-05-08 09:40:00,2026-05-08 14:00:00
R-257,Pool,2026-05-08 09:45:00,2026-05-08 21:00:00
R-255,Gym,2026-05-08 10:45:00,2026-05-09 10:00:00
R-296,Tennis,2026-05-08 11:05:00,2026-05-09 17:00:00
R-233,Pool,2026-05-08 11:05:00,2026-05-10 17:00:00
R-323,Badminton,2026-05-08 11:30:00,2026-05-08 21:00:00
R-103,Pool,2026-05-08 12:55:00,2026-05-10 12:00:00
R-412,Tennis,2026-05-08 13:10:00,2026-05-09 18:00:00
R-397,Pool,2026-05-08 13:30:00,2026-05-08 19:00:00
R-392,Clubhouse,2026-05-08 14:45:00,2026-05-09 10:00:00
R-435,Pool,2026-05-08 14:45:00,2026-05-09 19:00:00
R-232,Gym,2026-05-08 14:50:00,2026-05-08 19:00:00
R-235,Pool,2026-05-08 15:05:00,2026-05-09 21:00:00
R-111,Tennis,2026-05-08 15:10:00,2026-05-09 11:00:00
R-240,Gym,2026-05-08 15:10:00,2026-05-09 07:00:00
R-283,Clubhouse,2026-05-08 15:15:00,2026-05-09 19:00:00
R-300,Pool,2026-05-08 15:20:00,2026-05-09 11:00:00
R-123,Badminton,2026-05-08 15:50:00,2026-05-09 11:00:00
R-438,Gym,2026-05-08 15:50:00,2026-05-09 07:00:00
R-178,Hall,2026-05-08 16:00:00,2026-05-15 19:00:00
R-142,Badminton,2026-05-08 16:25:00,2026-05-09 18:00:00
R-146,Badminton,2026-05-08 18:35:00,2026-05-09 18:00:00
R-386,Pool,2026-05-08 19:40:00,2026-05-09 11:00:00
R-336,Pool,2026-05-08 19:50:00,2026-05-09 11:00:00
R-312,Pool,2026-05-08 20:00:00,2026-05-09 21:00:00
R-222,Gym,2026-05-08 20:00:00,2026-05-09 18:00:00
R-383,Badminton,2026-05-08 20:30:00,2026-05-09 21:00:00
R-397,Badminton,2026-05-08 20:30:00,2026-05-09 20:00:00
R-193,Badminton,2026-05-08 21:10:00,2026-05-09 18:00:00
R-193,Pool,2026-05-08 21:25:00,2026-05-09 17:00:00
R-328,Tennis,2026-05-08 21:50:00,2026-05-10 17:00:00
R-300,Pool,2026-05-08 22:20:00,2026-05-10 16:00:00
R-441,Badminton,2026-05-08 22:35:00,2026-05-10 21:00:00
R-100,Gym,2026-05-08 22:40:00,2026-05-09 15:00:00
R-339,Gym,2026-05-08 23:05:00,2026-05-09 06:00:00
R-114,Tennis,2026-05-08 23:10:00,2026-05-11 14:00:00
R-431,Pool,2026-05-08 23:35:00,2026-05-10 10:00:00
R-243,Pool,2026-05-08 23:40:00,2026-05-09 20:00:00
R-219,Pool,2026-05-08 23:55:00,2026-05-09 21:00:00
R-239,Badminton,2026-05-08 23:55:00,2026-05-09 20:00:00
R-142,Gym,2026-05-09 00:00:00,2026-05-09 19:00:00
R-272,Tennis,2026-05-09 00:20:00,2026-05-09 20:00:00
R-113,Pool,2026-05-09 00:45:00,2026-05-09 10:00:00
R-435,Pool,2026-05-09 00:50:00,2026-05-09 14:00:00
R-243,Pool,2026-05-09 01:05:00,2026-05-09 18:00:00
R-267,Badminton,2026-05-09 01:20:00,2026-05-09 21:00:00
R-106,Pool,2026-05-09 01:30:00,2026-05-10 12:00:00
R-171,Tennis,2026-05-09 01:50:00,2026-05-13 19:00:00
R-177,Badminton,2026-05-09 02:05:00,2026-05-09 18:00:00
R-187,Gym,2026-05-09 04:00:00,2026-05-09 20:00:00
R-312,Pool,2026-05-09 04:05:00,2026-05-09 15:00:00
R-132,Clubhouse,2026-05-09 04:05:00,2026-05-10 20:00:00
R-396,Pool,2026-05-09 04:10:00,2026-05-09 12:00:00
R-272,Gym,2026-05-09 04:10:00,2026-05-09 18:00:00
R-268,Pool,2026-05-09 04:30:00,2026-05-09 21:00:00
R-302,Pool,2026-05-09 04:55:00,2026-05-09 18:00:00
R-309,Pool,2026-05-09 05:10:00,2026-05-10 16:00:00
R-275,Clubhouse,2026-05-09 05:20:00,2026-05-10 10:00:00
R-215,Badminton,2026-05-09 05:30:00,2026-05-10 20:00:00
R-274,Badminton,2026-05-09 05:35:00,2026-05-09 21:00:00
R-392,Clubhouse,2026-05-09 05:40:00,2026-05-10 15:00:00
R-138,Pool,2026-05-09 05:45:00,2026-05-09 14:00:00
R-149,Badminton,2026-05-09 05:50:00,2026-05-09 21:00:00
R-284,Pool,2026-05-09 05:50:00,2026-05-09 16:00:00
R-335,Gym,2026-05-09 05:50:00,2026-05-09 18:00:00
R-254,Tennis,2026-05-09 06:15:00,2026-05-14 06:00:00
R-353,Gym,2026-05-09 06:25:00,2026-05-09 20:00:00
R-239,Badminton,2026-05-09 06:50:00,2026-05-09 13:00:00
R-196,Pool,2026-05-09 07:25:00,2026-05-10 16:00:00
R-279,Pool,2026-05-09 07:25:00,2026-05-09 19:00:00
R-159,Pool,2026-05-09 07:30:00,2026-05-12 07:00:00
R-285,Gym,2026-05-09 08:00:00,2026-05-09 14:00:00
R-195,Pool,2026-05-09 08:25:00,2026-05-09 15:00:00
R-289,Hall,2026-05-09 09:30:00,2026-05-15 18:00:00
R-227,Gym,2026-05-09 09:55:00,2026-05-09 19:00:00
R-401,Tennis,2026-05-09 09:55:00,2026-05-10 06:00:00
R-385,Pool,2026-05-09 09:55:00,2026-05-09 18:00:00
R-310,Pool,2026-05-09 09:55:00,2026-05-09 18:00:00
R-369,Gym,2026-05-09 10:05:00,2026-05-10 06:00:00
R-435,Pool,2026-05-09 10:10:00,2026-05-09 18:00:00
R-316,Pool,2026-05-09 10:10:00,2026-05-09 19:00:00
R-187,Gym,2026-05-09 10:15:00,2026-05-09 19:00:00
R-132,Pool,2026-05-09 10:50:00,2026-05-10 11:00:00
R-443,Pool,2026-05-09 11:25:00,2026-05-09 15:00:00
R-404,Tennis,2026-05-09 11:25:00,2026-05-11 18:00:00
R-132,Pool,2026-05-09 12:05:00,2026-05-10 14:00:00
R-285,Clubhouse,2026-05-09 12:05:00,2026-05-10 18:00:00
R-417,Pool,2026-05-09 12:50:00,2026-05-10 08:00:00
R-437,Gym,2026-05-09 13:10:00,2026-05-09 21:00:00
R-190,Pool,2026-05-09 13:15:00,2026-05-09 18:00:00
R-324,Pool,2026-05-09 13:15:00,2026-05-09 19:00:00
R-277,Badminton,2026-05-09 14:10:00,2026-05-11 19:00:00
R-211,Pool,2026-05-09 14:40:00,2026-05-10 10:00:00
R-224,Pool,2026-05-09 14:45:00,2026-05-10 18:00:00
R-381,Pool,2026-05-09 14:50:00,2026-05-10 19:00:00
R-309,Clubhouse,2026-05-09 15:00:00,2026-05-16 15:00:00
R-395,Pool,2026-05-09 15:10:00,2026-05-10 14:00:00
R-401,Gym,2026-05-09 15:30:00,2026-05-11 07:00:00
R-426,Badminton,2026-05-09 16:15:00,2026-05-10 19:00:00
R-104,Gym,2026-05-09 16:25:00,2026-05-10 06:00:00
R-423,Tennis,2026-05-09 16:35:00,2026-05-14 06:00:00
R-433,Clubhouse,2026-05-09 17:35:00,2026-05-16 17:00:00
R-362,Pool,2026-05-09 17:40:00,2026-05-09 20:00:00
R-418,Pool,2026-05-09 18:00:00,2026-05-10 07:00:00
R-312,Pool,2026-05-09 18:10:00,2026-05-10 11:00:00
R-423,Gym,2026-05-09 18:20:00,2026-05-11 08:00:00
R-200,Gym,2026-05-09 18:35:00,2026-05-10 07:00:00
R-255,Pool,2026-05-09 18:55:00,2026-05-10 09:00:00
R-351,Gym,2026-05-09 19:45:00,2026-05-11 08:00:00
R-134,Hall,2026-05-09 19:55:00,2026-05-15 19:00:00
R-135,Pool,2026-05-09 20:30:00,2026-05-10 11:00:00
R-238,Pool,2026-05-09 20:40:00,2026-05-11 07:00:00
R-398,Pool,2026-05-09 21:25:00,2026-05-10 10:00:00
R-155,Pool,2026-05-09 22:10:00,2026-05-11 07:00:00
R-268,Gym,2026-05-09 23:15:00,2026-05-10 08:00:00
R-106,Gym,2026-05-09 23:35:00,2026-05-10 21:00:00
R-366,Gym,2026-05-10 00:05:00,2026-05-11 07:00:00
R-432,Gym,2026-05-10 00:10:00,2026-05-11 08:00:00
R-161,Gym,2026-05-10 00:20:00,2026-05-10 11:00:00
R-116,Gym,2026-05-10 01:00:00,2026-05-10 08:00:00
R-149,Tennis,2026-05-10 01:30:00,2026-05-11 18:00:00
R-273,Pool,2026-05-10 02:25:00,2026-05-10 17:00:00
R-252,Badminton,2026-05-10 02:35:00,2026-05-11 19:00:00
R-364,Badminton,2026-05-10 03:20:00,2026-05-11 21:00:00
R-241,Tennis,2026-05-10 03:25:00,2026-05-11 07:00:00
R-122,Badminton,2026-05-10 04:05:00,2026-05-11 07:00:00
R-158,Pool,2026-05-10 04:10:00,2026-05-10 18:00:00
R-370,Gym,2026-05-10 04:25:00,2026-05-11 07:00:00
R-138,Pool,2026-05-10 05:15:00,2026-05-10 11:00:00
R-383,Badminton,2026-05-10 05:15:00,2026-05-10 18:00:00
R-167,Gym,2026-05-10 05:30:00,2026-05-11 08:00:00
R-350,Gym,2026-05-10 05:40:00,2026-05-10 14:00:00
R-192,Pool,2026-05-10 05:55:00,2026-05-10 18:00:00
R-350,Pool,2026-05-10 06:20:00,2026-05-10 18:00:00
R-142,Badminton,2026-05-10 06:35:00,2026-05-10 21:00:00
R-350,Clubhouse,2026-05-10 06:55:00,2026-05-10 19:00:00
R-263,Tennis,2026-05-10 07:00:00,2026-05-11 06:00:00
R-282,Pool,2026-05-10 07:00:00,2026-05-10 17:00:00
R-440,Gym,2026-05-10 07:45:00,2026-05-10 12:00:00
R-286,Badminton,2026-05-10 07:45:00,2026-05-11 21:00:00
R-154,Pool,2026-05-10 08:35:00,2026-05-10 18:00:00
R-117,Tennis,2026-05-10 08:55:00,2026-05-15 08:00:00
R-113,Pool,2026-05-10 09:00:00,2026-05-10 16:00:00
R-167,Gym,2026-05-10 09:45:00,2026-05-11 06:00:00
R-446,Gym,2026-05-10 09:50:00,2026-05-11 08:00:00
R-350,Pool,2026-05-10 09:50:00,2026-05-10 16:00:00
R-291,Pool,2026-05-10 10:20:00,2026-05-10 18:00:00
R-170,Gym,2026-05-10 10:30:00,2026-05-11 07:00:00
R-257,Pool,2026-05-10 10:45:00,2026-05-11 20:00:00
R-324,Gym,2026-05-10 11:00:00,2026-05-11 18:00:00
R-106,Pool,2026-05-10 11:05:00,2026-05-12 19:00:00
R-286,Badminton,2026-05-10 11:10:00,2026-05-12 20:00:00
R-219,Pool,2026-05-10 11:15:00,2026-05-12 12:00:00
R-395,Pool,2026-05-10 11:55:00,2026-05-10 15:00:00
R-243,Badminton,2026-05-10 13:20:00,2026-05-11 20:00:00
R-253,Gym,2026-05-10 13:45:00,2026-05-11 07:00:00
R-106,Gym,2026-05-10 14:05:00,2026-05-11 08:00:00
R-197,Pool,2026-05-10 15:00:00,2026-05-12 11:00:00
R-329,Badminton,2026-05-10 15:20:00,2026-05-12 06:00:00
R-448,Badminton,2026-05-10 15:20:00,2026-05-11 20:00:00
R-300,Clubhouse,2026-05-10 15:25:00,2026-05-16 17:00:00
R-222,Badminton,2026-05-10 15:30:00,2026-05-11 18:00:00
R-181,Pool,2026-05-10 15:50:00,2026-05-11 20:00:00
R-274,Gym,2026-05-10 16:30:00,2026-05-12 16:00:00
R-312,Clubhouse,2026-05-10 17:00:00,2026-05-17 11:00:00
R-300,Clubhouse,2026-05-10 17:10:00,2026-05-17 17:00:00
R-174,Pool,2026-05-10 17:20:00,2026-05-11 08:00:00
R-414,Pool,2026-05-10 18:00:00,2026-05-11 19:00:00
R-277,Badminton,2026-05-10 18:25:00,2026-05-12 07:00:00
R-102,Pool,2026-05-10 18:40:00,2026-05-11 07:00:00
R-389,Pool,2026-05-10 19:00:00,2026-05-11 06:00:00
R-347,Pool,2026-05-10 19:05:00,2026-05-12 07:00:00
R-165,Clubhouse,2026-05-10 19:05:00,2026-05-17 19:00:00
R-174,Gym,2026-05-10 19:15:00,2026-05-11 06:00:00
R-156,Gym,2026-05-10 21:40:00,2026-05-11 07:00:00
R-412,Tennis,2026-05-10 21:40:00,2026-05-11 21:00:00
R-397,Badminton,2026-05-10 22:00:00,2026-05-12 18:00:00
R-359,Gym,2026-05-10 22:25:00,2026-05-11 21:00:00
R-203,Gym,2026-05-10 22:50:00,2026-05-11 07:00:00
R-281,Badminton,2026-05-10 22:55:00,2026-05-11 11:00:00
R-277,Gym,2026-05-10 23:10:00,2026-05-11 10:00:00
R-102,Gym,2026-05-10 23:20:00,2026-05-11 08:00:00
R-153,Gym,2026-05-10 23:20:00,2026-05-11 15:00:00
R-136,Pool,2026-05-11 00:10:00,2026-05-11 08:00:00
R-215,Pool,2026-05-11 00:20:00,2026-05-11 21:00:00
R-210,Tennis,2026-05-11 00:30:00,2026-05-11 06:00:00
R-353,Gym,2026-05-11 00:40:00,2026-05-12 19:00:00
R-301,Gym,2026-05-11 00:45:00,2026-05-11 18:00:00
R-432,Tennis,2026-05-11 00:55:00,2026-05-14 08:00:00
R-361,Gym,2026-05-11 01:00:00,2026-05-11 06:00:00
R-221,Gym,2026-05-11 01:15:00,2026-05-11 06:00:00
R-329,Gym,2026-05-11 01:30:00,2026-05-11 06:00:00
R-370,Gym,2026-05-11 01:30:00,2026-05-11 06:00:00
R-365,Pool,2026-05-11 01:35:00,2026-05-11 20:00:00
R-279,Pool,2026-05-11 01:40:00,2026-05-12 19:00:00
R-424,Gym,2026-05-11 01:45:00,2026-05-11 06:00:00
R-218,Badminton,2026-05-11 02:00:00,2026-05-12 19:00:00
R-102,Pool,2026-05-11 02:15:00,2026-05-11 06:00:00
R-210,Gym,2026-05-11 02:30:00,2026-05-11 08:00:00
R-117,Gym,2026-05-11 03:05:00,2026-05-11 08:00:00
R-187,Pool,2026-05-11 03:10:00,2026-05-12 18:00:00
R-147,Gym,2026-05-11 03:40:00,2026-05-12 07:00:00
R-173,Badminton,2026-05-11 04:20:00,2026-05-11 21:00:00
R-272,Gym,2026-05-11 04:25:00,2026-05-11 19:00:00
R-186,Gym,2026-05-11 04:40:00,2026-05-11 12:00:00
R-353,Badminton,2026-05-11 04:45:00,2026-05-11 19:00:00
R-290,Gym,2026-05-11 05:50:00,2026-05-11 19:00:00
R-308,Badminton,2026-05-11 06:15:00,2026-05-12 18:00:00
R-253,Pool,2026-05-11 06:25:00,2026-05-12 07:00:00
R-423,Pool,2026-05-11 06:35:00,2026-05-12 06:00:00
R-102,Gym,2026-05-11 06:35:00,2026-05-12 06:00:00
R-441,Badminton,2026-05-11 07:00:00,2026-05-12 19:00:00
R-244,Gym,2026-05-11 07:00:00,2026-05-11 19:00:00
R-350,Clubhouse,2026-05-11 07:00:00,2026-05-12 18:00:00
R-440,Gym,2026-05-11 07:50:00,2026-05-11 17:00:00
R-281,Badminton,2026-05-11 07:55:00,2026-05-11 18:00:00
R-396,Badminton,2026-05-11 08:00:00,2026-05-11 16:00:00
R-308,Badminton,2026-05-11 08:00:00,2026-05-12 12:00:00
R-149,Badminton,2026-05-11 08:15:00,2026-05-11 21:00:00
R-227,Badminton,2026-05-11 08:40:00,2026-05-12 18:00:00
R-395,Clubhouse,2026-05-11 08:50:00,2026-05-17 10:00:00
R-139,Pool,2026-05-11 09:10:00,2026-05-11 19:00:00
R-139,Pool,2026-05-11 09:25:00,2026-05-11 20:00:00
R-437,Badminton,2026-05-11 09:25:00,2026-05-11 19:00:00
R-286,Tennis,2026-05-11 09:30:00,2026-05-14 18:00:00
R-267,Gym,2026-05-11 09:35:00,2026-05-12 18:00:00
R-306,Gym,2026-05-11 09:35:00,2026-05-11 19:00:00
R-171,Pool,2026-05-11 09:35:00,2026-05-11 19:00:00
R-229,Pool,2026-05-11 10:25:00,2026-05-11 19:00:00
R-364,Gym,2026-05-11 11:00:00,2026-05-11 18:00:00
R-223,Gym,2026-05-11 11:15:00,2026-05-11 18:00:00
R-222,Gym,2026-05-11 11:20:00,2026-05-11 20:00:00
R-253,Gym,2026-05-11 11:30:00,2026-05-12 12:00:00
R-222,Tennis,2026-05-11 12:15:00,2026-05-12 20:00:00
R-160,Gym,2026-05-11 12:50:00,2026-05-11 19:00:00
R-225,Tennis,2026-05-11 13:05:00,2026-05-14 15:00:00
R-104,Gym,2026-05-11 13:10:00,2026-05-11 21:00:00
R-306,Pool,2026-05-11 13:40:00,2026-05-12 19:00:00
R-159,Gym,2026-05-11 13:50:00,2026-05-12 08:00:00
R-192,Clubhouse,2026-05-11 14:10:00,2026-05-16 17:00:00
R-335,Pool,2026-05-11 14:45:00,2026-05-12 08:00:00
R-418,Tennis,2026-05-11 14:50:00,2026-05-13 06:00:00
R-180,Tennis,2026-05-11 16:15:00,2026-05-12 07:00:00
R-420,Tennis,2026-05-11 17:10:00,2026-05-14 06:00:00
R-361,Pool,2026-05-11 17:20:00,2026-05-12 06:00:00
R-118,Gym,2026-05-11 17:40:00,2026-05-12 07:00:00
R-119,Tennis,2026-05-11 17:40:00,2026-05-12 06:00:00
R-428,Gym,2026-05-11 17:50:00,2026-05-12 08:00:00
R-119,Tennis,2026-05-11 18:50:00,2026-05-13 08:00:00
R-232,Pool,2026-05-11 19:05:00,2026-05-12 08:00:00
R-306,Pool,2026-05-11 19:20:00,2026-05-12 07:00:00
R-144,Gym,2026-05-11 20:35:00,2026-05-12 06:00:00
R-170,Pool,2026-05-11 20:35:00,2026-05-12 08:00:00
R-329,Tennis,2026-05-11 20:40:00,2026-05-13 08:00:00
R-139,Pool,2026-05-11 20:45:00,2026-05-13 12:00:00
R-397,Gym,2026-05-11 21:05:00,2026-05-12 19:00:00
R-261,Badminton,2026-05-11 21:05:00,2026-05-13 20:00:00
R-162,Pool,2026-05-11 21:05:00,2026-05-12 07:00:00
R-248,Badminton,2026-05-11 21:30:00,2026-05-12 19:00:00
R-351,Gym,2026-05-11 21:35:00,2026-05-12 07:00:00
R-239,Pool,2026-05-11 21:35:00,2026-05-12 20:00:00
R-149,Badminton,2026-05-11 21:55:00,2026-05-12 21:00:00
R-401,Pool,2026-05-11 22:05:00,2026-05-12 08:00:00
R-201,Pool,2026-05-11 22:10:00,2026-05-12 19:00:00
R-244,Badminton,2026-05-11 22:10:00,2026-05-13 20:00:00
R-145,Gym,2026-05-11 22:25:00,2026-05-12 09:00:00
R-167,Gym,2026-05-11 22:45:00,2026-05-12 07:00:00
R-286,Badminton,2026-05-11 23:50:00,2026-05-14 19:00:00
R-144,Gym,2026-05-12 00:10:00,2026-05-12 07:00:00
R-263,Gym,2026-05-12 00:15:00,2026-05-13 06:00:00
R-240,Pool,2026-05-12 00:15:00,2026-05-12 07:00:00
R-225,Tennis,2026-05-12 00:35:00,2026-05-14 19:00:00
R-353,Pool,2026-05-12 00:45:00,2026-05-12 20:00:00
R-406,Pool,2026-05-12 00:55:00,2026-05-12 17:00:00
R-151,Badminton,2026-05-12 01:10:00,2026-05-12 21:00:00
R-198,Pool,2026-05-12 01:30:00,2026-05-14 06:00:00
R-210,Gym,2026-05-12 01:50:00,2026-05-12 06:00:00
R-361,Pool,2026-05-12 01:55:00,2026-05-12 08:00:00
R-227,Pool,2026-05-12 02:15:00,2026-05-12 20:00:00
R-414,Pool,2026-05-12 02:45:00,2026-05-12 19:00:00
R-441,Gym,2026-05-12 02:50:00,2026-05-12 21:00:00
R-252,Badminton,2026-05-12 02:50:00,2026-05-12 21:00:00
R-112,Tennis,2026-05-12 03:20:00,2026-05-13 08:00:00
R-331,Gym,2026-05-12 03:35:00,2026-05-12 20:00:00
R-359,Badminton,2026-05-12 03:55:00,2026-05-12 21:00:00
R-119,Gym,2026-05-12 04:00:00,2026-05-13 09:00:00
R-434,Gym,2026-05-12 04:10:00,2026-05-12 08:00:00
R-243,Pool,2026-05-12 04:20:00,2026-05-12 19:00:00
R-426,Badminton,2026-05-12 04:30:00,2026-05-12 18:00:00
R-437,Gym,2026-05-12 04:45:00,2026-05-12 19:00:00
R-437,Pool,2026-05-12 04:50:00,2026-05-12 21:00:00
R-199,Pool,2026-05-12 04:55:00,2026-05-13 12:00:00
R-128,Gym,2026-05-12 05:00:00,2026-05-12 18:00:00
R-359,Gym,2026-05-12 05:05:00,2026-05-12 20:00:00
R-306,Tennis,2026-05-12 05:55:00,2026-05-13 19:00:00
R-110,Tennis,2026-05-12 06:10:00,2026-05-13 06:00:00
R-146,Gym,2026-05-12 06:15:00,2026-05-12 19:00:00
R-358,Pool,2026-05-12 06:45:00,2026-05-13 07:00:00
R-219,Gym,2026-05-12 07:00:00,2026-05-12 21:00:00
R-136,Gym,2026-05-12 08:15:00,2026-05-12 19:00:00
R-252,Badminton,2026-05-12 08:50:00,2026-05-12 19:00:00
R-440,Gym,2026-05-12 09:00:00,2026-05-12 13:00:00
R-361,Tennis,2026-05-12 09:05:00,2026-05-13 07:00:00
R-434,Pool,2026-05-12 09:20:00,2026-05-13 07:00:00
R-437,Badminton,2026-05-12 09:45:00,2026-05-13 06:00:00
R-167,Gym,2026-05-12 10:10:00,2026-05-13 06:00:00
R-279,Tennis,2026-05-12 10:20:00,2026-05-16 19:00:00
R-241,Pool,2026-05-12 10:25:00,2026-05-13 06:00:00
R-272,Gym,2026-05-12 11:20:00,2026-05-12 18:00:00
R-278,Pool,2026-05-12 11:45:00,2026-05-12 20:00:00
R-240,Tennis,2026-05-12 12:05:00,2026-05-13 06:00:00
R-126,Pool,2026-05-12 12:10:00,2026-05-12 20:00:00
R-389,Gym,2026-05-12 12:15:00,2026-05-13 07:00:00
R-353,Gym,2026-05-12 12:25:00,2026-05-12 21:00:00
R-271,Gym,2026-05-12 12:40:00,2026-05-13 15:00:00
R-350,Pool,2026-05-12 13:10:00,2026-05-13 14:00:00
R-373,Badminton,2026-05-12 13:50:00,2026-05-13 08:00:00
R-421,Gym,2026-05-12 14:10:00,2026-05-13 08:00:00
R-347,Gym,2026-05-12 14:10:00,2026-05-13 06:00:00
R-305,Gym,2026-05-12 14:15:00,2026-05-13 07:00:00
R-192,Pool,2026-05-12 15:20:00,2026-05-13 11:00:00
R-279,Pool,2026-05-12 16:20:00,2026-05-13 07:00:00
R-381,Hall,2026-05-12 16:35:00,2026-05-22 17:00:00
R-108,Hall,2026-05-12 16:45:00,2026-05-24 15:00:00
R-232,Gym,2026-05-12 17:05:00,2026-05-13 07:00:00
R-167,Gym,2026-05-12 17:15:00,2026-05-13 07:00:00
R-225,Pool,2026-05-12 17:25:00,2026-05-13 19:00:00
R-118,Tennis,2026-05-12 18:10:00,2026-05-13 12:00:00
R-105,Tennis,2026-05-12 18:25:00,2026-05-14 08:00:00
R-117,Gym,2026-05-12 18:30:00,2026-05-13 06:00:00
R-142,Gym,2026-05-12 19:25:00,2026-05-13 21:00:00
R-403,Pool,2026-05-12 19:55:00,2026-05-13 20:00:00
R-105,Gym,2026-05-12 20:20:00,2026-05-13 13:00:00
R-385,Hall,2026-05-12 20:20:00,2026-05-17 16:00:00
R-391,Gym,2026-05-12 20:30:00,2026-05-13 06:00:00
R-432,Gym,2026-05-12 21:20:00,2026-05-13 08:00:00
R-341,Gym,2026-05-12 21:25:00,2026-05-13 08:00:00
R-401,Gym,2026-05-12 21:50:00,2026-05-13 08:00:00
R-274,Gym,2026-05-12 22:05:00,2026-05-13 08:00:00
R-241,Tennis,2026-05-12 22:10:00,2026-05-14 08:00:00
R-104,Badminton,2026-05-12 22:15:00,2026-05-14 09:00:00
R-227,Pool,2026-05-12 22:25:00,2026-05-13 17:00:00
R-353,Badminton,2026-05-12 22:25:00,2026-05-13 21:00:00
R-306,Gym,2026-05-12 22:45:00,2026-05-13 13:00:00
R-362,Badminton,2026-05-12 23:05:00,2026-05-13 19:00:00
R-233,Gym,2026-05-12 23:45:00,2026-05-13 14:00:00
R-442,Pool,2026-05-13 00:05:00,2026-05-15 07:00:00
R-218,Badminton,2026-05-13 00:20:00,2026-05-13 20:00:00
R-401,Gym,2026-05-13 00:45:00,2026-05-13 07:00:00
R-198,Gym,2026-05-13 00:45:00,2026-05-13 08:00:00
R-177,Pool,2026-05-13 00:55:00,2026-05-13 07:00:00
R-187,Gym,2026-05-13 01:05:00,2026-05-13 18:00:00
R-448,Tennis,2026-05-13 01:25:00,2026-05-13 21:00:00
R-249,Gym,2026-05-13 01:45:00,2026-05-13 19:00:00
R-447,Badminton,2026-05-13 02:05:00,2026-05-13 18:00:00
R-448,Badminton,2026-05-13 02:25:00,2026-05-13 19:00:00
R-145,Gym,2026-05-13 02:30:00,2026-05-13 08:00:00
R-107,Gym,2026-05-13 02:50:00,2026-05-13 21:00:00
R-217,Pool,2026-05-13 02:55:00,2026-05-13 13:00:00
R-156,Gym,2026-05-13 03:15:00,2026-05-13 08:00:00
R-241,Gym,2026-05-13 03:40:00,2026-05-13 08:00:00
R-305,Gym,2026-05-13 03:45:00,2026-05-14 06:00:00
R-384,Pool,2026-05-13 03:50:00,2026-05-14 15:00:00
R-437,Gym,2026-05-13 03:55:00,2026-05-13 21:00:00
R-353,Badminton,2026-05-13 03:55:00,2026-05-14 19:00:00
R-299,Gym,2026-05-13 04:05:00,2026-05-13 07:00:00
R-116,Gym,2026-05-13 04:10:00,2026-05-13 08:00:00
R-231,Badminton,2026-05-13 04:15:00,2026-05-13 19:00:00
R-305,Tennis,2026-05-13 04:55:00,2026-05-14 07:00:00
R-145,Pool,2026-05-13 04:55:00,2026-05-13 06:00:00
R-227,Pool,2026-05-13 05:00:00,2026-05-13 20:00:00
R-173,Badminton,2026-05-13 05:10:00,2026-05-13 18:00:00
R-335,Gym,2026-05-13 05:45:00,2026-05-13 17:00:00
R-191,Clubhouse,2026-05-13 06:00:00,2026-05-16 15:00:00
R-126,Pool,2026-05-13 06:10:00,2026-05-13 21:00:00
R-432,Tennis,2026-05-13 06:10:00,2026-05-17 07:00:00
R-219,Badminton,2026-05-13 06:15:00,2026-05-13 20:00:00
R-243,Pool,2026-05-13 07:10:00,2026-05-13 21:00:00
R-341,Badminton,2026-05-13 07:20:00,2026-05-14 08:00:00
R-339,Pool,2026-05-13 07:25:00,2026-05-14 08:00:00
R-365,Badminton,2026-05-13 07:50:00,2026-05-13 19:00:00
R-448,Gym,2026-05-13 08:10:00,2026-05-13 18:00:00
R-263,Gym,2026-05-13 09:00:00,2026-05-13 17:00:00
R-319,Pool,2026-05-13 09:45:00,2026-05-13 18:00:00
R-272,Gym,2026-05-13 10:00:00,2026-05-13 21:00:00
R-252,Tennis,2026-05-13 10:10:00,2026-05-14 21:00:00
R-335,Badminton,2026-05-13 10:15:00,2026-05-16 18:00:00
R-279,Pool,2026-05-13 10:15:00,2026-05-15 19:00:00
R-404,Gym,2026-05-13 10:30:00,2026-05-14 07:00:00
R-295,Badminton,2026-05-13 10:55:00,2026-05-13 18:00:00
R-277,Gym,2026-05-13 11:00:00,2026-05-13 21:00:00
R-278,Gym,2026-05-13 11:20:00,2026-05-13 19:00:00
R-218,Gym,2026-05-13 11:40:00,2026-05-14 21:00:00
R-110,Gym,2026-05-13 11:50:00,2026-05-13 19:00:00
R-437,Gym,2026-05-13 13:10:00,2026-05-14 13:00:00
R-210,Gym,2026-05-13 13:15:00,2026-05-14 06:00:00
R-218,Pool,2026-05-13 13:45:00,2026-05-14 20:00:00
R-401,Gym,2026-05-13 14:35:00,2026-05-14 06:00:00
R-318,Pool,2026-05-13 14:50:00,2026-05-14 17:00:00
R-181,Badminton,2026-05-13 15:25:00,2026-05-14 18:00:00
R-441,Badminton,2026-05-13 15:55:00,2026-05-14 19:00:00
R-415,Pool,2026-05-13 16:20:00,2026-05-14 08:00:00
R-246,Pool,2026-05-13 17:20:00,2026-05-14 09:00:00
R-377,Gym,2026-05-13 17:25:00,2026-05-13 22:00:00
R-391,Tennis,2026-05-13 18:45:00,2026-05-18 08:00:00
R-428,Gym,2026-05-13 18:50:00,2026-05-14 08:00:00
R-414,Pool,2026-05-13 19:00:00,2026-05-14 19:00:00
R-114,Gym,2026-05-13 19:00:00,2026-05-14 06:00:00
R-112,Gym,2026-05-13 19:20:00,2026-05-15 07:00:00
R-118,Gym,2026-05-13 19:40:00,2026-05-14 08:00:00
R-424,Tennis,2026-05-13 19:50:00,2026-05-14 06:00:00
R-281,Badminton,2026-05-13 20:10:00,2026-05-14 21:00:00
R-402,Tennis,2026-05-13 20:10:00,2026-05-14 19:00:00
R-279,Gym,2026-05-13 20:20:00,2026-05-15 08:00:00
R-271,Gym,2026-05-13 20:55:00,2026-05-14 07:00:00
R-389,Tennis,2026-05-13 21:10:00,2026-05-15 07:00:00
R-323,Badminton,2026-05-13 21:15:00,2026-05-14 19:00:00
R-253,Gym,2026-05-13 21:50:00,2026-05-14 08:00:00
R-329,Gym,2026-05-13 21:55:00,2026-05-14 06:00:00
R-125,Gym,2026-05-13 22:00:00,2026-05-14 07:00:00
R-434,Gym,2026-05-13 22:20:00,2026-05-14 06:00:00
R-222,Badminton,2026-05-13 22:20:00,2026-05-15 20:00:00
R-373,Gym,2026-05-13 22:45:00,2026-05-14 09:00:00
R-117,Gym,2026-05-13 22:50:00,2026-05-14 22:00:00
R-389,Gym,2026-05-13 22:50:00,2026-05-14 07:00:00
R-227,Badminton,2026-05-13 23:05:00,2026-05-14 20:00:00
R-423,Tennis,2026-05-13 23:25:00,2026-05-15 17:00:00
R-418,Pool,2026-05-13 23:25:00,2026-05-14 08:00:00
R-343,Clubhouse,2026-05-13 23:25:00,2026-05-16 11:00:00
R-156,Gym,2026-05-13 23:45:00,2026-05-14 07:00:00
R-102,Gym,2026-05-13 23:45:00,2026-05-15 06:00:00
R-347,Gym,2026-05-13 23:45:00,2026-05-14 06:00:00
R-428,Pool,2026-05-14 00:15:00,2026-05-14 10:00:00
R-362,Gym,2026-05-14 00:30:00,2026-05-14 20:00:00
R-434,Gym,2026-05-14 01:00:00,2026-05-14 08:00:00
R-257,Gym,2026-05-14 01:00:00,2026-05-14 21:00:00
R-233,Pool,2026-05-14 01:10:00,2026-05-16 17:00:00
R-234,Gym,2026-05-14 01:45:00,2026-05-14 11:00:00
R-361,Gym,2026-05-14 01:55:00,2026-05-14 08:00:00
R-114,Gym,2026-05-14 01:55:00,2026-05-14 07:00:00
R-142,Tennis,2026-05-14 02:00:00,2026-05-16 20:00:00
R-134,Hall,2026-05-14 02:10:00,2026-05-17 19:00:00
R-272,Tennis,2026-05-14 02:30:00,2026-05-14 20:00:00
R-144,Gym,2026-05-14 02:30:00,2026-05-14 06:00:00
R-381,Gym,2026-05-14 02:35:00,2026-05-14 08:00:00
R-225,Pool,2026-05-14 02:35:00,2026-05-15 08:00:00
R-228,Badminton,2026-05-14 02:45:00,2026-05-14 16:00:00
R-159,Pool,2026-05-14 02:55:00,2026-05-15 07:00:00
R-374,Pool,2026-05-14 03:15:00,2026-05-14 21:00:00
R-435,Clubhouse,2026-05-14 03:20:00,2026-05-17 17:00:00
R-228,Badminton,2026-05-14 03:35:00,2026-05-14 20:00:00
R-364,Gym,2026-05-14 03:45:00,2026-05-15 20:00:00
R-139,Tennis,2026-05-14 04:10:00,2026-05-14 19:00:00
R-391,Gym,2026-05-14 04:15:00,2026-05-15 08:00:00
R-223,Badminton,2026-05-14 04:20:00,2026-05-14 17:00:00
R-104,Gym,2026-05-14 04:55:00,2026-05-14 16:00:00
R-170,Gym,2026-05-14 04:55:00,2026-05-14 08:00:00
R-404,Pool,2026-05-14 05:45:00,2026-05-16 18:00:00
R-123,Pool,2026-05-14 06:50:00,2026-05-14 17:00:00
R-252,Pool,2026-05-14 07:05:00,2026-05-14 18:00:00
R-400,Clubhouse,2026-05-14 07:25:00,2026-05-16 17:00:00
R-234,Tennis,2026-05-14 07:50:00,2026-05-15 19:00:00
R-193,Pool,2026-05-14 08:30:00,2026-05-14 18:00:00
R-388,Gym,2026-05-14 08:30:00,2026-05-14 18:00:00
R-201,Badminton,2026-05-14 08:45:00,2026-05-15 19:00:00
R-222,Gym,2026-05-14 09:05:00,2026-05-14 21:00:00
R-199,Tennis,2026-05-14 09:50:00,2026-05-15 08:00:00
R-114,Tennis,2026-05-14 10:30:00,2026-05-15 08:00:00
R-373,Gym,2026-05-14 10:30:00,2026-05-14 18:00:00
R-306,Gym,2026-05-14 11:00:00,2026-05-14 19:00:00
R-432,Tennis,2026-05-14 11:40:00,2026-05-15 07:00:00
R-232,Badminton,2026-05-14 12:15:00,2026-05-15 07:00:00
R-428,Gym,2026-05-14 12:45:00,2026-05-15 08:00:00
R-329,Gym,2026-05-14 13:30:00,2026-05-15 08:00:00
R-112,Gym,2026-05-14 13:45:00,2026-05-15 06:00:00
R-441,Tennis,2026-05-14 13:55:00,2026-05-16 18:00:00
R-254,Pool,2026-05-14 14:15:00,2026-05-14 19:00:00
R-170,Tennis,2026-05-14 14:35:00,2026-05-18 07:00:00
R-240,Gym,2026-05-14 15:05:00,2026-05-15 08:00:00
R-174,Gym,2026-05-14 15:20:00,2026-05-14 19:00:00
R-165,Hall,2026-05-14 16:30:00,2026-05-24 16:00:00
R-443,Badminton,2026-05-14 16:45:00,2026-05-15 21:00:00
R-300,Clubhouse,2026-05-14 16:50:00,2026-05-16 10:00:00
R-391,Gym,2026-05-14 17:25:00,2026-05-15 07:00:00
R-155,Gym,2026-05-14 17:40:00,2026-05-15 07:00:00
R-423,Pool,2026-05-14 18:10:00,2026-05-15 07:00:00
R-263,Gym,2026-05-14 18:50:00,2026-05-15 06:00:00
R-253,Gym,2026-05-14 19:05:00,2026-05-15 06:00:00
R-215,Badminton,2026-05-14 19:30:00,2026-05-15 18:00:00
R-305,Gym,2026-05-14 20:30:00,2026-05-15 08:00:00
R-388,Pool,2026-05-14 20:30:00,2026-05-15 19:00:00
R-225,Pool,2026-05-14 20:30:00,2026-05-15 19:00:00
R-234,Tennis,2026-05-14 20:50:00,2026-05-15 12:00:00
R-443,Badminton,2026-05-14 21:00:00,2026-05-15 20:00:00
R-243,Badminton,2026-05-14 21:15:00,2026-05-15 18:00:00
R-271,Pool,2026-05-14 21:30:00,2026-05-15 08:00:00
R-100,Clubhouse,2026-05-14 22:35:00,2026-05-16 18:00:00
R-144,Gym,2026-05-14 22:40:00,2026-05-15 06:00:00
R-105,Gym,2026-05-14 23:15:00,2026-05-15 12:00:00
R-144,Tennis,2026-05-15 00:10:00,2026-05-15 08:00:00
R-146,Badminton,2026-05-15 00:25:00,2026-05-15 20:00:00
R-119,Gym,2026-05-15 00:30:00,2026-05-15 07:00:00
R-150,Gym,2026-05-15 01:15:00,2026-05-15 08:00:00
R-210,Gym,2026-05-15 01:55:00,2026-05-15 06:00:00
R-115,Clubhouse,2026-05-15 02:00:00,2026-05-16 16:00:00
R-279,Pool,2026-05-15 02:00:00,2026-05-17 12:00:00
R-368,Pool,2026-05-15 02:05:00,2026-05-15 11:00:00
R-221,Gym,2026-05-15 02:20:00,2026-05-15 08:00:00
R-378,Pool,2026-05-15 02:20:00,2026-05-17 17:00:00
R-155,Pool,2026-05-15 03:35:00,2026-05-15 08:00:00
R-319,Pool,2026-05-15 03:50:00,2026-05-15 12:00:00
R-171,Pool,2026-05-15 03:55:00,2026-05-15 19:00:00
R-174,Gym,2026-05-15 03:55:00,2026-05-15 07:00:00
R-116,Pool,2026-05-15 04:05:00,2026-05-15 18:00:00
R-360,Badminton,2026-05-15 04:15:00,2026-05-15 16:00:00
R-360,Gym,2026-05-15 05:10:00,2026-05-16 19:00:00
R-128,Badminton,2026-05-15 05:30:00,2026-05-15 20:00:00
R-403,Badminton,2026-05-15 06:20:00,2026-05-15 19:00:00
R-208,Badminton,2026-05-15 06:30:00,2026-05-15 21:00:00
R-401,Gym,2026-05-15 06:35:00,2026-05-15 09:00:00
R-359,Badminton,2026-05-15 07:25:00,2026-05-15 18:00:00
R-151,Gym,2026-05-15 07:45:00,2026-05-15 18:00:00
R-361,Tennis,2026-05-15 07:45:00,2026-05-18 08:00:00
R-231,Gym,2026-05-15 08:10:00,2026-05-15 17:00:00
R-195,Pool,2026-05-15 08:20:00,2026-05-16 15:00:00
R-139,Pool,2026-05-15 08:20:00,2026-05-15 19:00:00
R-168,Pool,2026-05-15 09:50:00,2026-05-16 15:00:00
R-110,Pool,2026-05-15 10:15:00,2026-05-15 19:00:00
R-361,Tennis,2026-05-15 10:40:00,2026-05-19 14:00:00
R-362,Gym,2026-05-15 11:20:00,2026-05-15 19:00:00
R-340,Badminton,2026-05-15 11:45:00,2026-05-15 18:00:00
R-276,Pool,2026-05-15 12:05:00,2026-05-16 10:00:00
R-293,Gym,2026-05-15 12:20:00,2026-05-15 19:00:00
R-134,Clubhouse,2026-05-15 12:40:00,2026-05-16 19:00:00
R-406,Pool,2026-05-15 13:40:00,2026-05-16 10:00:00
R-414,Gym,2026-05-15 13:55:00,2026-05-15 19:00:00
R-314,Pool,2026-05-15 14:05:00,2026-05-15 21:00:00
R-150,Gym,2026-05-15 14:45:00,2026-05-16 08:00:00
R-360,Tennis,2026-05-15 14:50:00,2026-05-16 21:00:00
R-435,Pool,2026-05-15 15:45:00,2026-05-17 11:00:00
R-208,Badminton,2026-05-15 16:00:00,2026-05-16 13:00:00
R-419,Pool,2026-05-15 16:10:00,2026-05-16 10:00:00
R-366,Gym,2026-05-15 17:25:00,2026-05-16 07:00:00
R-373,Gym,2026-05-15 17:30:00,2026-05-16 20:00:00
R-228,Badminton,2026-05-15 17:55:00,2026-05-16 18:00:00
R-398,Pool,2026-05-15 18:05:00,2026-05-16 17:00:00
R-140,Tennis,2026-05-15 18:20:00,2026-05-16 19:00:00
R-387,Clubhouse,2026-05-15 18:20:00,2026-05-18 16:00:00
R-146,Badminton,2026-05-15 19:00:00,2026-05-16 20:00:00
R-115,Pool,2026-05-15 19:15:00,2026-05-16 10:00:00
R-363,Gym,2026-05-15 19:30:00,2026-05-16 15:00:00
R-222,Badminton,2026-05-15 19:50:00,2026-05-16 19:00:00
R-354,Tennis,2026-05-15 20:10:00,2026-05-17 07:00:00
R-138,Pool,2026-05-15 20:35:00,2026-05-16 17:00:00
R-274,Tennis,2026-05-15 20:40:00,2026-05-16 19:00:00
R-377,Pool,2026-05-15 21:40:00,2026-05-16 17:00:00
R-316,Pool,2026-05-15 22:10:00,2026-05-16 09:00:00
R-113,Pool,2026-05-15 22:15:00,2026-05-16 14:00:00
R-211,Pool,2026-05-15 22:25:00,2026-05-16 18:00:00
R-285,Clubhouse,2026-05-15 22:40:00,2026-05-16 15:00:00
R-278,Gym,2026-05-15 23:05:00,2026-05-16 10:00:00
R-196,Gym,2026-05-15 23:55:00,2026-05-16 17:00:00
R-286,Badminton,2026-05-16 00:00:00,2026-05-16 19:00:00
R-300,Clubhouse,2026-05-16 00:10:00,2026-05-17 14:00:00
R-346,Clubhouse,2026-05-16 00:30:00,2026-05-22 19:00:00
R-285,Pool,2026-05-16 00:35:00,2026-05-16 14:00:00
R-226,Pool,2026-05-16 01:05:00,2026-05-16 21:00:00
R-257,Badminton,2026-05-16 01:05:00,2026-05-16 21:00:00
R-219,Pool,2026-05-16 01:15:00,2026-05-16 19:00:00
R-239,Tennis,2026-05-16 01:25:00,2026-05-16 19:00:00
R-413,Tennis,2026-05-16 01:55:00,2026-05-18 06:00:00
R-235,Badminton,2026-05-16 02:15:00,2026-05-16 20:00:00
R-400,Pool,2026-05-16 02:20:00,2026-05-16 15:00:00
R-267,Gym,2026-05-16 02:20:00,2026-05-16 19:00:00
R-332,Pool,2026-05-16 02:35:00,2026-05-17 17:00:00
R-274,Gym,2026-05-16 02:55:00,2026-05-16 20:00:00
R-448,Pool,2026-05-16 03:00:00,2026-05-16 19:00:00
R-286,Tennis,2026-05-16 03:10:00,2026-05-16 21:00:00
R-336,Gym,2026-05-16 03:30:00,2026-05-16 11:00:00
R-386,Pool,2026-05-16 04:50:00,2026-05-16 14:00:00
R-142,Badminton,2026-05-16 05:00:00,2026-05-16 21:00:00
R-216,Pool,2026-05-16 05:00:00,2026-05-16 17:00:00
R-208,Badminton,2026-05-16 05:30:00,2026-05-16 19:00:00
R-295,Gym,2026-05-16 05:30:00,2026-05-16 18:00:00
R-159,Tennis,2026-05-16 06:00:00,2026-05-19 08:00:00
R-113,Pool,2026-05-16 06:05:00,2026-05-16 11:00:00
R-279,Gym,2026-05-16 06:05:00,2026-05-18 06:00:00
R-366,Gym,2026-05-16 07:20:00,2026-05-18 07:00:00
R-252,Gym,2026-05-16 07:20:00,2026-05-16 20:00:00
R-435,Pool,2026-05-16 07:45:00,2026-05-16 14:00:00
R-204,Pool,2026-05-16 08:00:00,2026-05-17 11:00:00
R-132,Pool,2026-05-16 09:15:00,2026-05-16 17:00:00
R-149,Badminton,2026-05-16 09:40:00,2026-05-16 20:00:00
R-100,Pool,2026-05-16 09:50:00,2026-05-16 16:00:00
R-257,Badminton,2026-05-16 10:45:00,2026-05-18 13:00:00
R-293,Badminton,2026-05-16 10:55:00,2026-05-16 21:00:00
R-122,Gym,2026-05-16 11:15:00,2026-05-17 07:00:00
R-323,Badminton,2026-05-16 11:35:00,2026-05-16 18:00:00
R-253,Pool,2026-05-16 11:45:00,2026-05-18 07:00:00
R-260,Gym,2026-05-16 12:25:00,2026-05-16 19:00:00
R-236,Gym,2026-05-16 12:50:00,2026-05-16 18:00:00
R-418,Gym,2026-05-16 12:55:00,2026-05-17 06:00:00
R-441,Gym,2026-05-16 13:05:00,2026-05-16 19:00:00
R-123,Pool,2026-05-16 13:05:00,2026-05-16 21:00:00
R-167,Tennis,2026-05-16 13:50:00,2026-05-17 08:00:00
R-314,Badminton,2026-05-16 13:50:00,2026-05-17 19:00:00
R-248,Gym,2026-05-16 13:55:00,2026-05-16 18:00:00
R-361,Clubhouse,2026-05-16 14:10:00,2026-05-19 11:00:00
R-313,Gym,2026-05-16 15:40:00,2026-05-16 21:00:00
R-362,Gym,2026-05-16 15:40:00,2026-05-16 18:00:00
R-383,Gym,2026-05-16 15:45:00,2026-05-16 19:00:00
R-362,Pool,2026-05-16 16:05:00,2026-05-16 21:00:00
R-196,Pool,2026-05-16 16:10:00,2026-05-17 18:00:00
R-309,Pool,2026-05-16 16:20:00,2026-05-17 16:00:00
R-406,Pool,2026-05-16 16:20:00,2026-05-17 18:00:00
R-168,Pool,2026-05-16 16:25:00,2026-05-17 16:00:00
R-167,Gym,2026-05-16 17:25:00,2026-05-18 13:00:00
R-174,Pool,2026-05-16 17:35:00,2026-05-18 06:00:00
R-247,Badminton,2026-05-16 17:35:00,2026-05-16 21:00:00
R-132,Pool,2026-05-16 17:35:00,2026-05-17 18:00:00
R-219,Pool,2026-05-16 17:55:00,2026-05-18 20:00:00
R-215,Badminton,2026-05-16 18:55:00,2026-05-18 13:00:00
R-395,Pool,2026-05-16 19:55:00,2026-05-17 17:00:00
R-438,Tennis,2026-05-16 21:10:00,2026-05-19 06:00:00
R-102,Tennis,2026-05-16 22:55:00,2026-05-18 10:00:00
R-268,Clubhouse,2026-05-16 23:00:00,2026-05-17 18:00:00
R-123,Clubhouse,2026-05-16 23:25:00,2026-05-17 11:00:00
R-412,Badminton,2026-05-16 23:50:00,2026-05-20 19:00:00
R-253,Pool,2026-05-16 23:55:00,2026-05-18 06:00:00
R-192,Pool,2026-05-17 00:30:00,2026-05-17 11:00:00
R-257,Badminton,2026-05-17 00:40:00,2026-05-19 19:00:00
R-286,Gym,2026-05-17 01:25:00,2026-05-18 22:00:00
R-377,Gym,2026-05-17 01:30:00,2026-05-17 08:00:00
R-196,Pool,2026-05-17 01:40:00,2026-05-17 15:00:00
R-422,Tennis,2026-05-17 01:50:00,2026-05-17 17:00:00
R-204,Pool,2026-05-17 02:15:00,2026-05-17 18:00:00
R-416,Clubhouse,2026-05-17 02:45:00,2026-05-17 14:00:00
R-150,Tennis,2026-05-17 02:55:00,2026-05-21 06:00:00
R-356,Pool,2026-05-17 03:00:00,2026-05-17 14:00:00
R-431,Pool,2026-05-17 03:20:00,2026-05-17 11:00:00
R-132,Pool,2026-05-17 03:30:00,2026-05-17 15:00:00
R-199,Tennis,2026-05-17 03:45:00,2026-05-18 20:00:00
R-435,Pool,2026-05-17 03:55:00,2026-05-17 18:00:00
R-363,Clubhouse,2026-05-17 04:30:00,2026-05-17 16:00:00
R-125,Pool,2026-05-17 04:30:00,2026-05-18 06:00:00
R-113,Pool,2026-05-17 04:45:00,2026-05-17 15:00:00
R-183,Pool,2026-05-17 04:55:00,2026-05-17 16:00:00
R-123,Pool,2026-05-17 05:05:00,2026-05-17 18:00:00
R-284,Pool,2026-05-17 05:15:00,2026-05-17 16:00:00
R-312,Pool,2026-05-17 05:25:00,2026-05-17 15:00:00
R-395,Gym,2026-05-17 05:50:00,2026-05-17 11:00:00
R-195,Pool,2026-05-17 06:00:00,2026-05-17 15:00:00
R-211,Pool,2026-05-17 07:25:00,2026-05-17 14:00:00
R-202,Pool,2026-05-17 08:10:00,2026-05-17 12:00:00
R-417,Pool,2026-05-17 08:10:00,2026-05-17 14:00:00
R-347,Gym,2026-05-17 08:25:00,2026-05-19 08:00:00
R-370,Pool,2026-05-17 08:25:00,2026-05-18 09:00:00
R-240,Pool,2026-05-17 08:40:00,2026-05-20 08:00:00
R-192,Pool,2026-05-17 08:45:00,2026-05-17 18:00:00
R-433,Pool,2026-05-17 08:45:00,2026-05-17 17:00:00
R-306,Tennis,2026-05-17 09:45:00,2026-05-19 06:00:00
R-186,Gym,2026-05-17 09:45:00,2026-05-17 19:00:00
R-255,Pool,2026-05-17 10:00:00,2026-05-17 14:00:00
R-201,Pool,2026-05-17 10:10:00,2026-05-18 16:00:00
R-428,Gym,2026-05-17 10:50:00,2026-05-18 08:00:00
R-443,Badminton,2026-05-17 11:05:00,2026-05-17 21:00:00
R-311,Clubhouse,2026-05-17 11:15:00,2026-05-24 11:00:00
R-156,Tennis,2026-05-17 11:45:00,2026-05-18 07:00:00
R-423,Gym,2026-05-17 12:00:00,2026-05-18 16:00:00
R-391,Tennis,2026-05-17 12:15:00,2026-05-18 15:00:00
R-245,Badminton,2026-05-17 12:20:00,2026-05-18 20:00:00
R-432,Gym,2026-05-17 12:20:00,2026-05-18 06:00:00
R-136,Pool,2026-05-17 13:05:00,2026-05-18 12:00:00
R-397,Badminton,2026-05-17 13:05:00,2026-05-18 18:00:00
R-137,Pool,2026-05-17 13:15:00,2026-05-17 18:00:00
R-315,Clubhouse,2026-05-17 14:20:00,2026-05-24 14:00:00
R-428,Gym,2026-05-17 14:25:00,2026-05-18 06:00:00
R-366,Gym,2026-05-17 14:35:00,2026-05-19 08:00:00
R-263,Pool,2026-05-17 14:45:00,2026-05-18 09:00:00
R-251,Gym,2026-05-17 15:00:00,2026-05-18 07:00:00
R-145,Gym,2026-05-17 15:05:00,2026-05-18 07:00:00
R-105,Tennis,2026-05-17 15:40:00,2026-05-19 11:00:00
R-281,Badminton,2026-05-17 15:45:00,2026-05-17 20:00:00
R-163,Gym,2026-05-17 16:25:00,2026-05-18 08:00:00
R-167,Gym,2026-05-17 17:10:00,2026-05-18 06:00:00
R-144,Gym,2026-05-17 17:15:00,2026-05-18 06:00:00
R-421,Gym,2026-05-17 17:40:00,2026-05-18 08:00:00
R-153,Pool,2026-05-17 17:55:00,2026-05-18 19:00:00
R-312,Pool,2026-05-17 17:55:00,2026-05-18 20:00:00
R-118,Gym,2026-05-17 17:55:00,2026-05-18 06:00:00
R-115,Clubhouse,2026-05-17 19:50:00,2026-05-24 18:00:00
R-119,Gym,2026-05-17 20:00:00,2026-05-18 16:00:00
R-421,Gym,2026-05-17 20:30:00,2026-05-18 07:00:00
R-136,Tennis,2026-05-17 20:30:00,2026-05-20 08:00:00
R-177,Badminton,2026-05-17 21:45:00,2026-05-19 07:00:00
R-274,Gym,2026-05-17 22:00:00,2026-05-19 20:00:00
R-379,Hall,2026-05-17 22:05:00,2026-05-26 23:00:00
R-155,Gym,2026-05-17 22:25:00,2026-05-18 08:00:00
R-434,Gym,2026-05-17 22:40:00,2026-05-18 07:00:00
R-252,Badminton,2026-05-17 22:50:00,2026-05-18 21:00:00
R-446,Gym,2026-05-17 23:00:00,2026-05-18 11:00:00
R-142,Tennis,2026-05-17 23:15:00,2026-05-18 19:00:00
R-447,Badminton,2026-05-17 23:15:00,2026-05-18 21:00:00
R-383,Badminton,2026-05-17 23:25:00,2026-05-18 21:00:00
R-203,Pool,2026-05-17 23:35:00,2026-05-18 08:00:00
R-248,Gym,2026-05-17 23:45:00,2026-05-19 16:00:00
R-227,Tennis,2026-05-17 23:45:00,2026-05-19 11:00:00
R-102,Gym,2026-05-17 23:50:00,2026-05-18 07:00:00
R-112,Gym,2026-05-17 23:55:00,2026-05-18 07:00:00
R-401,Gym,2026-05-18 00:05:00,2026-05-18 08:00:00
R-155,Pool,2026-05-18 00:05:00,2026-05-19 07:00:00
R-218,Gym,2026-05-18 00:10:00,2026-05-18 18:00:00
R-228,Gym,2026-05-18 00:25:00,2026-05-18 21:00:00
R-361,Gym,2026-05-18 00:25:00,2026-05-18 06:00:00
R-446,Tennis,2026-05-18 01:00:00,2026-05-18 21:00:00
R-225,Badminton,2026-05-18 01:10:00,2026-05-19 07:00:00
R-371,Gym,2026-05-18 01:45:00,2026-05-18 08:00:00
R-267,Pool,2026-05-18 02:10:00,2026-05-18 20:00:00
R-418,Gym,2026-05-18 02:15:00,2026-05-18 07:00:00
R-119,Pool,2026-05-18 02:45:00,2026-05-18 07:00:00
R-248,Badminton,2026-05-18 02:50:00,2026-05-18 21:00:00
R-335,Badminton,2026-05-18 04:35:00,2026-05-20 18:00:00
R-432,Tennis,2026-05-18 05:30:00,2026-05-19 06:00:00
R-110,Tennis,2026-05-18 05:40:00,2026-05-19 08:00:00
R-277,Gym,2026-05-18 05:55:00,2026-05-18 18:00:00
R-287,Pool,2026-05-18 06:15:00,2026-05-18 17:00:00
R-272,Pool,2026-05-18 06:30:00,2026-05-18 18:00:00
R-105,Gym,2026-05-18 06:55:00,2026-05-19 08:00:00
R-107,Gym,2026-05-18 06:55:00,2026-05-18 21:00:00
R-199,Pool,2026-05-18 07:00:00,2026-05-19 21:00:00
R-353,Badminton,2026-05-18 07:35:00,2026-05-18 18:00:00
R-366,Tennis,2026-05-18 07:45:00,2026-05-20 06:00:00
R-341,Gym,2026-05-18 08:10:00,2026-05-20 08:00:00
R-110,Tennis,2026-05-18 08:45:00,2026-05-18 19:00:00
R-441,Gym,2026-05-18 08:45:00,2026-05-18 19:00:00
R-181,Pool,2026-05-18 09:20:00,2026-05-19 21:00:00
R-171,Pool,2026-05-18 09:40:00,2026-05-19 07:00:00
R-162,Tennis,2026-05-18 09:40:00,2026-05-19 06:00:00
R-114,Gym,2026-05-18 09:45:00,2026-05-18 18:00:00
R-139,Pool,2026-05-18 10:25:00,2026-05-20 07:00:00
R-269,Pool,2026-05-18 11:05:00,2026-05-18 19:00:00
R-146,Badminton,2026-05-18 11:05:00,2026-05-19 18:00:00
R-359,Pool,2026-05-18 11:10:00,2026-05-19 21:00:00
R-160,Gym,2026-05-18 11:15:00,2026-05-19 21:00:00
R-428,Gym,2026-05-18 11:35:00,2026-05-20 08:00:00
R-154,Pool,2026-05-18 11:35:00,2026-05-19 19:00:00
R-428,Gym,2026-05-18 12:00:00,2026-05-19 09:00:00
R-179,Gym,2026-05-18 12:10:00,2026-05-18 20:00:00
R-261,Gym,2026-05-18 12:50:00,2026-05-18 20:00:00
R-347,Gym,2026-05-18 12:55:00,2026-05-19 11:00:00
R-231,Badminton,2026-05-18 12:55:00,2026-05-18 20:00:00
R-423,Gym,2026-05-18 13:00:00,2026-05-19 07:00:00
R-401,Pool,2026-05-18 13:15:00,2026-05-19 08:00:00
R-414,Pool,2026-05-18 14:05:00,2026-05-19 19:00:00
R-359,Tennis,2026-05-18 14:50:00,2026-05-20 18:00:00
R-432,Gym,2026-05-18 15:00:00,2026-05-19 08:00:00
R-308,Pool,2026-05-18 15:00:00,2026-05-18 19:00:00
R-361,Pool,2026-05-18 15:15:00,2026-05-20 08:00:00
R-353,Badminton,2026-05-18 15:25:00,2026-05-20 20:00:00
R-161,Pool,2026-05-18 15:30:00,2026-05-19 14:00:00
R-449,Pool,2026-05-18 15:30:00,2026-05-19 18:00:00
R-293,Gym,2026-05-18 15:35:00,2026-05-18 21:00:00
R-174,Tennis,2026-05-18 15:45:00,2026-05-20 07:00:00
R-366,Gym,2026-05-18 15:55:00,2026-05-19 06:00:00
R-274,Tennis,2026-05-18 16:15:00,2026-05-23 16:00:00
R-410,Gym,2026-05-18 17:20:00,2026-05-19 17:00:00
R-339,Gym,2026-05-18 17:55:00,2026-05-19 06:00:00
R-177,Tennis,2026-05-18 18:50:00,2026-05-19 17:00:00
R-105,Tennis,2026-05-18 19:00:00,2026-05-22 07:00:00
R-155,Gym,2026-05-18 19:00:00,2026-05-19 06:00:00
R-271,Pool,2026-05-18 19:30:00,2026-05-19 08:00:00
R-175,Badminton,2026-05-18 20:25:00,2026-05-19 18:00:00
R-155,Gym,2026-05-18 20:30:00,2026-05-19 08:00:00
R-409,Gym,2026-05-18 20:35:00,2026-05-19 06:00:00
R-198,Gym,2026-05-18 20:35:00,2026-05-19 08:00:00
R-358,Tennis,2026-05-18 20:35:00,2026-05-19 08:00:00
R-259,Pool,2026-05-18 20:40:00,2026-05-19 10:00:00
R-156,Gym,2026-05-18 20:55:00,2026-05-19 22:00:00
R-435,Clubhouse,2026-05-18 21:00:00,2026-05-23 17:00:00
R-213,Badminton,2026-05-18 21:15:00,2026-05-22 21:00:00
R-403,Badminton,2026-05-18 21:35:00,2026-05-19 19:00:00
R-159,Pool,2026-05-18 21:45:00,2026-05-19 07:00:00
R-274,Badminton,2026-05-18 21:45:00,2026-05-19 19:00:00
R-329,Gym,2026-05-18 21:50:00,2026-05-19 06:00:00
R-139,Pool,2026-05-18 21:55:00,2026-05-19 19:00:00
R-253,Gym,2026-05-18 22:35:00,2026-05-19 06:00:00
R-440,Gym,2026-05-18 23:05:00,2026-05-19 08:00:00
R-418,Gym,2026-05-18 23:10:00,2026-05-19 08:00:00
R-360,Badminton,2026-05-18 23:20:00,2026-05-19 18:00:00
R-391,Gym,2026-05-19 00:00:00,2026-05-19 10:00:00
R-359,Hall,2026-05-19 00:10:00,2026-05-29 22:00:00
R-257,Badminton,2026-05-19 00:55:00,2026-05-19 21:00:00
R-118,Tennis,2026-05-19 01:15:00,2026-05-20 07:00:00
R-108,Hall,2026-05-19 01:25:00,2026-05-23 18:00:00
R-102,Gym,2026-05-19 01:30:00,2026-05-19 08:00:00
R-210,Gym,2026-05-19 02:15:00,2026-05-19 06:00:00
R-260,Badminton,2026-05-19 02:50:00,2026-05-19 20:00:00
R-279,Tennis,2026-05-19 03:25:00,2026-05-20 19:00:00
R-120,Badminton,2026-05-19 03:40:00,2026-05-20 12:00:00
R-374,Gym,2026-05-19 04:25:00,2026-05-19 18:00:00
R-272,Gym,2026-05-19 05:30:00,2026-05-19 18:00:00
R-189,Tennis,2026-05-19 05:40:00,2026-05-20 18:00:00
R-446,Pool,2026-05-19 06:00:00,2026-05-19 15:00:00
R-423,Pool,2026-05-19 06:10:00,2026-05-22 06:00:00
R-323,Pool,2026-05-19 06:25:00,2026-05-19 18:00:00
R-258,Badminton,2026-05-19 07:30:00,2026-05-19 19:00:00
R-362,Gym,2026-05-19 07:45:00,2026-05-19 10:00:00
R-253,Pool,2026-05-19 07:45:00,2026-05-20 06:00:00
R-210,Gym,2026-05-19 07:45:00,2026-05-20 07:00:00
R-434,Gym,2026-05-19 07:50:00,2026-05-20 08:00:00
R-403,Gym,2026-05-19 07:50:00,2026-05-20 07:00:00
R-327,Gym,2026-05-19 07:55:00,2026-05-19 18:00:00
R-240,Pool,2026-05-19 08:30:00,2026-05-19 19:00:00
R-373,Badminton,2026-05-19 08:50:00,2026-05-19 20:00:00
R-129,Pool,2026-05-19 09:00:00,2026-05-20 07:00:00
R-293,Badminton,2026-05-19 09:05:00,2026-05-19 20:00:00
R-119,Tennis,2026-05-19 09:10:00,2026-05-21 06:00:00
R-144,Tennis,2026-05-19 09:30:00,2026-05-20 14:00:00
R-227,Gym,2026-05-19 10:55:00,2026-05-19 20:00:00
R-432,Gym,2026-05-19 11:00:00,2026-05-20 06:00:00
R-159,Badminton,2026-05-19 11:00:00,2026-05-20 09:00:00
R-332,Clubhouse,2026-05-19 11:25:00,2026-05-23 15:00:00
R-149,Badminton,2026-05-19 11:25:00,2026-05-19 20:00:00
R-139,Pool,2026-05-19 11:30:00,2026-05-20 06:00:00
R-353,Badminton,2026-05-19 12:10:00,2026-05-21 18:00:00
R-105,Tennis,2026-05-19 13:45:00,2026-05-20 08:00:00
R-363,Clubhouse,2026-05-19 14:00:00,2026-05-23 16:00:00
R-187,Pool,2026-05-19 14:10:00,2026-05-19 21:00:00
R-379,Hall,2026-05-19 14:15:00,2026-05-22 19:00:00
R-281,Gym,2026-05-19 14:15:00,2026-05-19 20:00:00
R-152,Clubhouse,2026-05-19 14:35:00,2026-05-26 14:00:00
R-184,Hall,2026-05-19 14:55:00,2026-05-22 19:00:00
R-187,Gym,2026-05-19 15:30:00,2026-05-20 11:00:00
R-219,Gym,2026-05-19 15:35:00,2026-05-20 18:00:00
R-272,Badminton,2026-05-19 15:45:00,2026-05-19 21:00:00
R-156,Pool,2026-05-19 16:15:00,2026-05-20 06:00:00
R-203,Tennis,2026-05-19 16:25:00,2026-05-20 07:00:00
R-353,Badminton,2026-05-19 16:35:00,2026-05-20 19:00:00
R-328,Pool,2026-05-19 17:25:00,2026-05-20 07:00:00
R-423,Gym,2026-05-19 17:30:00,2026-05-20 06:00:00
R-198,Gym,2026-05-19 17:55:00,2026-05-20 07:00:00
R-167,Gym,2026-05-19 18:05:00,2026-05-20 06:00:00
R-438,Gym,2026-05-19 18:35:00,2026-05-21 08:00:00
R-313,Badminton,2026-05-19 18:40:00,2026-05-20 21:00:00
R-219,Pool,2026-05-19 18:45:00,2026-05-19 21:00:00
R-286,Badminton,2026-05-19 18:55:00,2026-05-20 18:00:00
R-402,Gym,2026-05-19 18:55:00,2026-05-20 07:00:00
R-377,Gym,2026-05-19 19:05:00,2026-05-20 17:00:00
R-246,Tennis,2026-05-19 19:10:00,2026-05-21 07:00:00
R-188,Pool,2026-05-19 19:15:00,2026-05-20 07:00:00
R-102,Tennis,2026-05-19 19:35:00,2026-05-20 07:00:00
R-118,Gym,2026-05-19 20:00:00,2026-05-20 06:00:00
R-329,Gym,2026-05-19 20:15:00,2026-05-20 06:00:00
R-145,Gym,2026-05-19 20:20:00,2026-05-20 06:00:00
R-288,Clubhouse,2026-05-19 20:20:00,2026-05-23 19:00:00
R-366,Tennis,2026-05-19 21:05:00,2026-05-24 21:00:00
R-192,Pool,2026-05-19 21:10:00,2026-05-20 15:00:00
R-120,Gym,2026-05-19 21:10:00,2026-05-20 18:00:00
R-213,Gym,2026-05-19 22:10:00,2026-05-21 22:00:00
R-300,Clubhouse,2026-05-19 22:30:00,2026-05-24 18:00:00
R-163,Gym,2026-05-19 22:30:00,2026-05-20 06:00:00
R-358,Gym,2026-05-19 22:35:00,2026-05-20 07:00:00
R-215,Gym,2026-05-19 22:55:00,2026-05-20 21:00:00
R-218,Pool,2026-05-19 23:00:00,2026-05-20 21:00:00
R-159,Pool,2026-05-19 23:00:00,2026-05-20 08:00:00
R-335,Badminton,2026-05-19 23:30:00,2026-05-20 12:00:00
R-440,Gym,2026-05-19 23:50:00,2026-05-20 07:00:00
R-263,Gym,2026-05-19 23:55:00,2026-05-20 08:00:00
R-224,Pool,2026-05-20 00:20:00,2026-05-20 19:00:00
R-174,Gym,2026-05-20 00:50:00,2026-05-20 06:00:00
R-426,Gym,2026-05-20 00:50:00,2026-05-20 19:00:00
R-193,Gym,2026-05-20 01:05:00,2026-05-20 19:00:00
R-392,Clubhouse,2026-05-20 01:20:00,2026-05-24 16:00:00
R-174,Gym,2026-05-20 01:25:00,2026-05-20 08:00:00
R-314,Pool,2026-05-20 01:40:00,2026-05-20 19:00:00
R-145,Pool,2026-05-20 02:45:00,2026-05-20 11:00:00
R-102,Gym,2026-05-20 02:50:00,2026-05-21 06:00:00
R-167,Gym,2026-05-20 03:00:00,2026-05-21 08:00:00
R-165,Hall,2026-05-20 03:00:00,2026-05-26 16:00:00
R-212,Badminton,2026-05-20 03:20:00,2026-05-21 07:00:00
R-112,Gym,2026-05-20 03:20:00,2026-05-21 06:00:00
R-116,Gym,2026-05-20 03:25:00,2026-05-20 10:00:00
R-145,Pool,2026-05-20 03:40:00,2026-05-20 08:00:00
R-268,Pool,2026-05-20 03:55:00,2026-05-20 17:00:00
R-258,Pool,2026-05-20 04:15:00,2026-05-20 12:00:00
R-434,Gym,2026-05-20 04:35:00,2026-05-21 08:00:00
R-136,Tennis,2026-05-20 04:40:00,2026-05-23 18:00:00
R-443,Tennis,2026-05-20 04:55:00,2026-05-20 19:00:00
R-111,Badminton,2026-05-20 05:20:00,2026-05-20 17:00:00
R-159,Gym,2026-05-20 06:25:00,2026-05-21 07:00:00
R-274,Badminton,2026-05-20 06:45:00,2026-05-20 20:00:00
R-263,Gym,2026-05-20 06:50:00,2026-05-21 17:00:00
R-365,Tennis,2026-05-20 07:20:00,2026-05-21 21:00:00
R-241,Gym,2026-05-20 07:35:00,2026-05-22 07:00:00
R-114,Pool,2026-05-20 07:40:00,2026-05-21 07:00:00
R-104,Pool,2026-05-20 07:45:00,2026-05-20 21:00:00
R-160,Tennis,2026-05-20 08:10:00,2026-05-20 20:00:00
R-140,Gym,2026-05-20 08:10:00,2026-05-20 20:00:00
R-361,Gym,2026-05-20 08:20:00,2026-05-21 08:00:00
R-443,Badminton,2026-05-20 08:35:00,2026-05-20 18:00:00
R-243,Pool,2026-05-20 08:45:00,2026-05-20 20:00:00
R-391,Hall,2026-05-20 09:15:00,2026-05-26 10:00:00
R-271,Gym,2026-05-20 09:55:00,2026-05-20 12:00:00
R-142,Badminton,2026-05-20 10:30:00,2026-05-20 21:00:00
R-391,Gym,2026-05-20 11:40:00,2026-05-21 06:00:00
R-145,Pool,2026-05-20 12:10:00,2026-05-21 07:00:00
R-376,Clubhouse,2026-05-20 12:20:00,2026-05-21 18:00:00
R-250,Gym,2026-05-20 12:30:00,2026-05-21 07:00:00
R-286,Tennis,2026-05-20 13:00:00,2026-05-21 18:00:00
R-423,Gym,2026-05-20 13:35:00,2026-05-21 07:00:00
R-179,Gym,2026-05-20 13:35:00,2026-05-20 20:00:00
R-136,Badminton,2026-05-20 14:55:00,2026-05-21 17:00:00
R-383,Gym,2026-05-20 15:00:00,2026-05-20 20:00:00
R-428,Gym,2026-05-20 15:05:00,2026-05-21 06:00:00
R-184,Hall,2026-05-20 15:20:00,2026-05-22 15:00:00
R-305,Pool,2026-05-20 15:20:00,2026-05-21 16:00:00
R-447,Gym,2026-05-20 15:25:00,2026-05-20 19:00:00
R-133,Clubhouse,2026-05-20 15:40:00,2026-05-24 15:00:00
R-277,Badminton,2026-05-20 15:40:00,2026-05-21 19:00:00
R-253,Tennis,2026-05-20 16:35:00,2026-05-24 06:00:00
R-418,Gym,2026-05-20 16:50:00,2026-05-21 07:00:00
R-107,Badminton,2026-05-20 16:50:00,2026-05-22 20:00:00
R-162,Gym,2026-05-20 16:55:00,2026-05-21 06:00:00
R-163,Pool,2026-05-20 17:05:00,2026-05-21 07:00:00
R-438,Gym,2026-05-20 17:40:00,2026-05-21 07:00:00
R-356,Pool,2026-05-20 18:20:00,2026-05-21 11:00:00
R-382,Pool,2026-05-20 18:25:00,2026-05-23 11:00:00
R-274,Gym,2026-05-20 18:35:00,2026-05-21 10:00:00
R-388,Gym,2026-05-20 18:35:00,2026-05-21 10:00:00
R-437,Badminton,2026-05-20 18:55:00,2026-05-21 20:00:00
R-434,Gym,2026-05-20 19:15:00,2026-05-21 09:00:00
R-257,Pool,2026-05-20 19:25:00,2026-05-21 21:00:00
R-310,Clubhouse,2026-05-20 19:35:00,2026-05-24 10:00:00
R-341,Pool,2026-05-20 19:40:00,2026-05-21 06:00:00
R-139,Pool,2026-05-20 20:15:00,2026-05-21 06:00:00
R-446,Gym,2026-05-20 21:50:00,2026-05-21 08:00:00
R-413,Gym,2026-05-20 21:55:00,2026-05-21 08:00:00
R-118,Gym,2026-05-20 22:00:00,2026-05-21 08:00:00
R-432,Pool,2026-05-20 22:15:00,2026-05-21 08:00:00
R-183,Clubhouse,2026-05-20 22:25:00,2026-05-23 14:00:00
R-112,Gym,2026-05-20 22:30:00,2026-05-21 07:00:00
R-263,Gym,2026-05-20 22:35:00,2026-05-21 06:00:00
R-149,Pool,2026-05-20 22:40:00,2026-05-21 18:00:00
R-421,Gym,2026-05-20 22:45:00,2026-05-21 06:00:00
R-391,Gym,2026-05-20 23:00:00,2026-05-21 08:00:00
R-420,Pool,2026-05-21 00:10:00,2026-05-21 06:00:00
R-423,Gym,2026-05-21 00:35:00,2026-05-22 07:00:00
R-125,Gym,2026-05-21 00:35:00,2026-05-21 07:00:00
R-362,Gym,2026-05-21 00:40:00,2026-05-21 06:00:00
R-210,Gym,2026-05-21 01:10:00,2026-05-21 07:00:00
R-144,Gym,2026-05-21 01:45:00,2026-05-21 06:00:00
R-144,Gym,2026-05-21 01:50:00,2026-05-21 07:00:00
R-279,Gym,2026-05-21 02:15:00,2026-05-21 19:00:00
R-307,Gym,2026-05-21 02:25:00,2026-05-21 12:00:00
R-243,Badminton,2026-05-21 02:35:00,2026-05-21 18:00:00
R-299,Gym,2026-05-21 02:45:00,2026-05-21 06:00:00
R-299,Gym,2026-05-21 02:45:00,2026-05-21 08:00:00
R-437,Badminton,2026-05-21 02:50:00,2026-05-21 21:00:00
R-139,Pool,2026-05-21 03:15:00,2026-05-22 19:00:00
R-448,Badminton,2026-05-21 03:20:00,2026-05-21 19:00:00
R-140,Tennis,2026-05-21 03:25:00,2026-05-22 19:00:00
R-339,Gym,2026-05-21 03:35:00,2026-05-21 07:00:00
R-116,Pool,2026-05-21 03:35:00,2026-05-21 07:00:00
R-142,Tennis,2026-05-21 04:35:00,2026-05-21 19:00:00
R-446,Tennis,2026-05-21 04:55:00,2026-05-22 08:00:00
R-224,Pool,2026-05-21 05:00:00,2026-05-21 18:00:00
R-234,Pool,2026-05-21 05:25:00,2026-05-22 06:00:00
R-182,Pool,2026-05-21 06:30:00,2026-05-21 18:00:00
R-252,Gym,2026-05-21 06:50:00,2026-05-21 13:00:00
R-426,Gym,2026-05-21 07:30:00,2026-05-21 21:00:00
R-219,Pool,2026-05-21 07:30:00,2026-05-21 20:00:00
R-388,Tennis,2026-05-21 07:55:00,2026-05-22 18:00:00
R-412,Pool,2026-05-21 08:40:00,2026-05-21 19:00:00
R-383,Gym,2026-05-21 09:10:00,2026-05-21 20:00:00
R-324,Gym,2026-05-21 09:10:00,2026-05-21 20:00:00
R-397,Gym,2026-05-21 09:15:00,2026-05-21 20:00:00
R-325,Hall,2026-05-21 09:20:00,2026-05-29 12:00:00
R-144,Pool,2026-05-21 09:55:00,2026-05-22 06:00:00
R-215,Pool,2026-05-21 10:00:00,2026-05-22 07:00:00
R-419,Pool,2026-05-21 10:25:00,2026-05-23 08:00:00
R-374,Tennis,2026-05-21 10:25:00,2026-05-21 21:00:00
R-155,Gym,2026-05-21 10:35:00,2026-05-22 07:00:00
R-102,Gym,2026-05-21 11:15:00,2026-05-22 07:00:00
R-253,Gym,2026-05-21 11:45:00,2026-05-22 06:00:00
R-391,Gym,2026-05-21 12:10:00,2026-05-22 06:00:00
R-443,Badminton,2026-05-21 12:15:00,2026-05-22 21:00:00
R-167,Tennis,2026-05-21 12:35:00,2026-05-25 06:00:00
R-296,Badminton,2026-05-21 12:50:00,2026-05-22 18:00:00
R-234,Tennis,2026-05-21 13:25:00,2026-05-21 19:00:00
R-155,Gym,2026-05-21 13:30:00,2026-05-22 06:00:00
R-277,Pool,2026-05-21 14:05:00,2026-05-21 21:00:00
R-156,Gym,2026-05-21 14:05:00,2026-05-21 19:00:00
R-235,Badminton,2026-05-21 15:00:00,2026-05-23 21:00:00
R-428,Tennis,2026-05-21 15:15:00,2026-05-22 20:00:00
R-167,Gym,2026-05-21 15:20:00,2026-05-22 08:00:00
R-121,Pool,2026-05-21 15:25:00,2026-05-22 16:00:00
R-278,Gym,2026-05-21 15:35:00,2026-05-22 18:00:00
R-285,Clubhouse,2026-05-21 15:45:00,2026-05-23 18:00:00
R-126,Badminton,2026-05-21 16:05:00,2026-05-22 18:00:00
R-119,Pool,2026-05-21 16:10:00,2026-05-22 06:00:00
R-165,Pool,2026-05-21 17:10:00,2026-05-22 11:00:00
R-382,Pool,2026-05-21 17:10:00,2026-05-24 17:00:00
R-271,Tennis,2026-05-21 17:15:00,2026-05-22 08:00:00
R-369,Gym,2026-05-21 17:20:00,2026-05-22 06:00:00
R-277,Badminton,2026-05-21 17:35:00,2026-05-22 21:00:00
R-132,Clubhouse,2026-05-21 17:40:00,2026-05-24 11:00:00
R-226,Hall,2026-05-21 18:05:00,2026-05-23 18:00:00
R-448,Gym,2026-05-21 18:05:00,2026-05-22 18:00:00
R-358,Gym,2026-05-21 18:10:00,2026-05-22 06:00:00
R-418,Pool,2026-05-21 18:35:00,2026-05-22 07:00:00
R-285,Hall,2026-05-21 18:50:00,2026-05-31 10:00:00
R-402,Gym,2026-05-21 20:05:00,2026-05-22 08:00:00
R-373,Tennis,2026-05-21 20:15:00,2026-05-22 19:00:00
R-432,Tennis,2026-05-21 20:35:00,2026-05-22 08:00:00
R-414,Gym,2026-05-21 20:45:00,2026-05-22 19:00:00
R-347,Pool,2026-05-21 20:55:00,2026-05-22 06:00:00
R-179,Gym,2026-05-21 20:55:00,2026-05-22 07:00:00
R-143,Gym,2026-05-21 21:00:00,2026-05-23 18:00:00
R-374,Gym,2026-05-21 21:05:00,2026-05-22 16:00:00
R-309,Pool,2026-05-21 21:20:00,2026-05-23 10:00:00
R-212,Pool,2026-05-21 21:25:00,2026-05-22 07:00:00
R-119,Gym,2026-05-21 21:40:00,2026-05-22 08:00:00
R-224,Gym,2026-05-21 22:00:00,2026-05-22 07:00:00
R-222,Badminton,2026-05-21 22:25:00,2026-05-22 20:00:00
R-350,Pool,2026-05-21 22:35:00,2026-05-24 19:00:00
R-258,Hall,2026-05-21 22:35:00,2026-06-04 12:00:00
R-219,Badminton,2026-05-21 23:00:00,2026-05-22 18:00:00
R-431,Pool,2026-05-21 23:25:00,2026-05-22 18:00:00
R-440,Gym,2026-05-21 23:30:00,2026-05-22 06:00:00
R-102,Gym,2026-05-21 23:35:00,2026-05-22 08:00:00
R-118,Pool,2026-05-21 23:45:00,2026-05-22 06:00:00
R-437,Pool,2026-05-22 00:20:00,2026-05-22 18:00:00
R-375,Gym,2026-05-22 00:40:00,2026-05-22 07:00:00
R-200,Badminton,2026-05-22 01:15:00,2026-05-22 12:00:00
R-373,Pool,2026-05-22 01:15:00,2026-05-22 21:00:00
R-366,Gym,2026-05-22 01:20:00,2026-05-23 10:00:00
R-225,Pool,2026-05-22 01:45:00,2026-05-22 19:00:00
R-145,Gym,2026-05-22 02:40:00,2026-05-22 15:00:00
R-182,Gym,2026-05-22 02:45:00,2026-05-22 19:00:00
R-162,Gym,2026-05-22 02:50:00,2026-05-22 08:00:00
R-388,Gym,2026-05-22 03:05:00,2026-05-22 10:00:00
R-300,Pool,2026-05-22 03:10:00,2026-05-23 11:00:00
R-149,Pool,2026-05-22 03:35:00,2026-05-22 21:00:00
R-208,Badminton,2026-05-22 03:35:00,2026-05-22 21:00:00
R-187,Badminton,2026-05-22 03:40:00,2026-05-22 19:00:00
R-375,Gym,2026-05-22 03:45:00,2026-05-22 08:00:00
R-395,Pool,2026-05-22 04:30:00,2026-05-23 08:00:00
R-210,Gym,2026-05-22 04:45:00,2026-05-22 06:00:00
R-253,Pool,2026-05-22 04:50:00,2026-05-22 07:00:00
R-257,Badminton,2026-05-22 05:00:00,2026-05-22 19:00:00
R-447,Gym,2026-05-22 05:10:00,2026-05-22 18:00:00
R-228,Gym,2026-05-22 06:10:00,2026-05-23 19:00:00
R-112,Gym,2026-05-22 07:05:00,2026-05-22 16:00:00
R-100,Pool,2026-05-22 07:25:00,2026-05-23 11:00:00
R-252,Gym,2026-05-22 07:35:00,2026-05-22 10:00:00
R-199,Gym,2026-05-22 08:10:00,2026-05-22 17:00:00
R-209,Gym,2026-05-22 08:10:00,2026-05-22 18:00:00
R-397,Pool,2026-05-22 08:30:00,2026-05-22 19:00:00
R-222,Gym,2026-05-22 08:30:00,2026-05-22 19:00:00
R-208,Tennis,2026-05-22 08:50:00,2026-05-22 19:00:00
R-293,Badminton,2026-05-22 08:55:00,2026-05-22 20:00:00
R-383,Gym,2026-05-22 09:05:00,2026-05-22 19:00:00
R-227,Badminton,2026-05-22 09:05:00,2026-05-22 18:00:00
R-156,Tennis,2026-05-22 09:40:00,2026-05-23 07:00:00
R-261,Gym,2026-05-22 10:10:00,2026-05-22 18:00:00
R-437,Pool,2026-05-22 10:20:00,2026-05-23 20:00:00
R-269,Pool,2026-05-22 10:25:00,2026-05-22 17:00:00
R-436,Clubhouse,2026-05-22 10:50:00,2026-05-24 16:00:00
R-293,Tennis,2026-05-22 10:55:00,2026-05-23 18:00:00
R-201,Gym,2026-05-22 11:05:00,2026-05-22 18:00:00
R-154,Badminton,2026-05-22 11:05:00,2026-05-22 19:00:00
R-344,Pool,2026-05-22 11:25:00,2026-05-23 14:00:00
R-215,Badminton,2026-05-22 11:25:00,2026-05-22 19:00:00
R-312,Pool,2026-05-22 11:30:00,2026-05-23 17:00:00
R-379,Clubhouse,2026-05-22 13:50:00,2026-05-24 16:00:00
R-261,Tennis,2026-05-22 13:50:00,2026-05-23 18:00:00
R-394,Pool,2026-05-22 13:55:00,2026-05-23 18:00:00
R-336,Clubhouse,2026-05-22 14:20:00,2026-05-23 16:00:00
R-267,Gym,2026-05-22 14:35:00,2026-05-23 07:00:00
R-149,Pool,2026-05-22 15:15:00,2026-05-22 20:00:00
R-161,Pool,2026-05-22 15:40:00,2026-05-23 17:00:00
R-168,Pool,2026-05-22 16:00:00,2026-05-23 10:00:00
R-113,Pool,2026-05-22 16:05:00,2026-05-25 10:00:00
R-392,Pool,2026-05-22 16:45:00,2026-05-23 16:00:00
R-313,Badminton,2026-05-22 17:25:00,2026-05-23 21:00:00
R-122,Clubhouse,2026-05-22 18:05:00,2026-05-29 18:00:00
R-119,Pool,2026-05-22 18:10:00,2026-05-22 20:00:00
R-364,Badminton,2026-05-22 18:25:00,2026-05-23 22:00:00
R-355,Clubhouse,2026-05-22 18:40:00,2026-05-24 14:00:00
R-218,Badminton,2026-05-22 18:50:00,2026-05-23 20:00:00
R-353,Pool,2026-05-22 19:15:00,2026-05-23 20:00:00
R-431,Pool,2026-05-22 19:35:00,2026-05-23 14:00:00
R-440,Pool,2026-05-22 20:15:00,2026-05-23 07:00:00
R-400,Pool,2026-05-22 20:30:00,2026-05-23 18:00:00
R-161,Pool,2026-05-22 20:35:00,2026-05-23 11:00:00
R-134,Clubhouse,2026-05-22 20:45:00,2026-05-24 12:00:00
R-435,Clubhouse,2026-05-22 21:25:00,2026-05-24 18:00:00
R-204,Pool,2026-05-22 21:25:00,2026-05-23 10:00:00
R-335,Badminton,2026-05-22 21:30:00,2026-05-23 19:00:00
R-353,Badminton,2026-05-22 22:10:00,2026-05-23 18:00:00
R-293,Badminton,2026-05-22 22:15:00,2026-05-23 20:00:00
R-284,Pool,2026-05-22 22:40:00,2026-05-24 15:00:00
R-253,Gym,2026-05-22 23:05:00,2026-05-23 07:00:00
R-122,Badminton,2026-05-22 23:15:00,2026-05-24 07:00:00
R-113,Pool,2026-05-23 00:30:00,2026-05-23 08:00:00
R-139,Gym,2026-05-23 00:45:00,2026-05-23 06:00:00
R-300,Pool,2026-05-23 00:50:00,2026-05-23 16:00:00
R-267,Gym,2026-05-23 01:00:00,2026-05-23 18:00:00
R-392,Clubhouse,2026-05-23 01:10:00,2026-05-24 11:00:00
R-311,Clubhouse,2026-05-23 01:10:00,2026-05-24 10:00:00
R-120,Badminton,2026-05-23 01:30:00,2026-05-25 18:00:00
R-140,Badminton,2026-05-23 01:50:00,2026-05-23 21:00:00
R-211,Pool,2026-05-23 02:15:00,2026-05-23 14:00:00
R-339,Pool,2026-05-23 02:30:00,2026-05-25 08:00:00
R-275,Pool,2026-05-23 02:45:00,2026-05-23 09:00:00
R-275,Clubhouse,2026-05-23 02:45:00,2026-05-23 14:00:00
R-132,Pool,2026-05-23 03:10:00,2026-05-23 14:00:00
R-400,Gym,2026-05-23 03:15:00,2026-05-24 15:00:00
R-192,Pool,2026-05-23 03:55:00,2026-05-23 18:00:00
R-113,Pool,2026-05-23 04:10:00,2026-05-23 18:00:00
R-310,Pool,2026-05-23 04:15:00,2026-05-24 17:00:00
R-215,Gym,2026-05-23 04:15:00,2026-05-23 18:00:00
R-228,Gym,2026-05-23 04:30:00,2026-05-23 20:00:00
R-204,Pool,2026-05-23 05:05:00,2026-05-23 11:00:00
R-211,Gym,2026-05-23 05:05:00,2026-05-23 10:00:00
R-336,Clubhouse,2026-05-23 05:20:00,2026-05-24 18:00:00
R-160,Tennis,2026-05-23 05:25:00,2026-05-25 18:00:00
R-166,Pool,2026-05-23 05:35:00,2026-05-23 12:00:00
R-441,Badminton,2026-05-23 06:20:00,2026-05-23 21:00:00
R-363,Pool,2026-05-23 06:25:00,2026-05-23 17:00:00
R-115,Pool,2026-05-23 06:35:00,2026-05-23 15:00:00
R-100,Pool,2026-05-23 06:55:00,2026-05-23 14:00:00
R-383,Badminton,2026-05-23 07:30:00,2026-05-23 20:00:00
R-392,Pool,2026-05-23 07:35:00,2026-05-23 14:00:00
R-208,Badminton,2026-05-23 07:45:00,2026-05-23 20:00:00
R-170,Tennis,2026-05-23 07:50:00,2026-05-25 07:00:00
R-195,Pool,2026-05-23 07:50:00,2026-05-24 10:00:00
R-392,Pool,2026-05-23 07:50:00,2026-05-23 11:00:00
R-145,Gym,2026-05-23 08:00:00,2026-05-25 08:00:00
R-381,Gym,2026-05-23 08:15:00,2026-05-24 07:00:00
R-243,Pool,2026-05-23 08:50:00,2026-05-23 19:00:00
R-307,Gym,2026-05-23 09:45:00,2026-05-23 18:00:00
R-284,Gym,2026-05-23 09:55:00,2026-05-23 17:00:00
R-192,Pool,2026-05-23 10:20:00,2026-05-23 15:00:00
R-160,Gym,2026-05-23 10:55:00,2026-05-23 20:00:00
R-256,Tennis,2026-05-23 11:05:00,2026-05-25 14:00:00
R-309,Clubhouse,2026-05-23 11:10:00,2026-05-30 11:00:00
R-400,Pool,2026-05-23 11:20:00,2026-05-23 15:00:00
R-431,Pool,2026-05-23 11:30:00,2026-05-23 17:00:00
R-355,Pool,2026-05-23 12:00:00,2026-05-24 15:00:00
R-122,Pool,2026-05-23 12:30:00,2026-05-23 19:00:00
R-367,Clubhouse,2026-05-23 12:35:00,2026-05-25 19:00:00
R-323,Gym,2026-05-23 13:30:00,2026-05-23 18:00:00
R-378,Clubhouse,2026-05-23 13:50:00,2026-05-24 17:00:00
R-276,Pool,2026-05-23 14:25:00,2026-05-24 16:00:00
R-293,Badminton,2026-05-23 14:40:00,2026-05-24 20:00:00
R-378,Clubhouse,2026-05-23 14:50:00,2026-05-30 14:00:00
R-374,Gym,2026-05-23 15:00:00,2026-05-23 20:00:00
R-218,Badminton,2026-05-23 15:10:00,2026-05-25 09:00:00
R-362,Pool,2026-05-23 15:10:00,2026-05-23 19:00:00
R-284,Pool,2026-05-23 15:15:00,2026-05-24 16:00:00
R-192,Pool,2026-05-23 16:20:00,2026-05-24 17:00:00
R-347,Pool,2026-05-23 16:35:00,2026-05-25 06:00:00
R-355,Clubhouse,2026-05-23 16:50:00,2026-05-24 11:00:00
R-194,Gym,2026-05-23 17:55:00,2026-05-23 19:00:00
R-201,Pool,2026-05-23 18:05:00,2026-05-24 19:00:00
R-206,Pool,2026-05-23 18:30:00,2026-05-25 17:00:00
R-362,Gym,2026-05-23 18:35:00,2026-05-23 21:00:00
R-213,Gym,2026-05-23 19:45:00,2026-05-25 18:00:00
R-129,Pool,2026-05-23 20:00:00,2026-05-24 17:00:00
R-337,Gym,2026-05-23 20:05:00,2026-05-24 16:00:00
R-211,Pool,2026-05-23 20:05:00,2026-05-24 18:00:00
R-271,Badminton,2026-05-23 20:30:00,2026-05-24 07:00:00
R-437,Gym,2026-05-23 21:20:00,2026-05-25 08:00:00
R-284,Pool,2026-05-23 21:30:00,2026-05-24 17:00:00
R-350,Pool,2026-05-23 21:50:00,2026-05-24 16:00:00
R-376,Gym,2026-05-23 22:05:00,2026-05-24 18:00:00
R-428,Gym,2026-05-23 22:15:00,2026-05-24 08:00:00
R-123,Pool,2026-05-23 22:45:00,2026-05-24 14:00:00
R-312,Pool,2026-05-23 22:50:00,2026-05-24 15:00:00
R-263,Pool,2026-05-23 23:05:00,2026-05-25 06:00:00
R-106,Pool,2026-05-23 23:35:00,2026-05-25 17:00:00
R-268,Gym,2026-05-23 23:40:00,2026-05-24 07:00:00
R-124,Gym,2026-05-24 00:05:00,2026-05-24 08:00:00
R-183,Pool,2026-05-24 00:40:00,2026-05-24 11:00:00
R-138,Pool,2026-05-24 00:55:00,2026-05-24 15:00:00
R-194,Pool,2026-05-24 00:55:00,2026-05-24 17:00:00
R-183,Pool,2026-05-24 01:00:00,2026-05-24 18:00:00
R-378,Pool,2026-05-24 01:30:00,2026-05-24 16:00:00
R-392,Pool,2026-05-24 01:35:00,2026-05-24 08:00:00
R-297,Pool,2026-05-24 01:40:00,2026-05-24 12:00:00
R-377,Gym,2026-05-24 01:50:00,2026-05-24 11:00:00
R-192,Gym,2026-05-24 02:45:00,2026-05-24 16:00:00
R-286,Gym,2026-05-24 03:10:00,2026-05-25 19:00:00
R-217,Clubhouse,2026-05-24 03:20:00,2026-05-25 10:00:00
R-372,Gym,2026-05-24 04:25:00,2026-05-25 07:00:00
R-423,Gym,2026-05-24 04:40:00,2026-05-25 08:00:00
R-412,Pool,2026-05-24 04:45:00,2026-05-26 18:00:00
R-420,Gym,2026-05-24 04:50:00,2026-05-25 08:00:00
R-285,Gym,2026-05-24 04:55:00,2026-05-24 15:00:00
R-300,Pool,2026-05-24 05:25:00,2026-05-24 14:00:00
R-230,Pool,2026-05-24 05:30:00,2026-05-24 18:00:00
R-161,Pool,2026-05-24 05:50:00,2026-05-24 16:00:00
R-366,Tennis,2026-05-24 05:50:00,2026-05-26 08:00:00
R-270,Pool,2026-05-24 05:50:00,2026-05-24 18:00:00
R-245,Badminton,2026-05-24 07:00:00,2026-05-25 06:00:00
R-375,Pool,2026-05-24 07:05:00,2026-05-27 07:00:00
R-210,Pool,2026-05-24 07:20:00,2026-05-25 07:00:00
R-225,Gym,2026-05-24 08:00:00,2026-05-26 08:00:00
R-358,Gym,2026-05-24 08:20:00,2026-05-25 07:00:00
R-263,Gym,2026-05-24 08:45:00,2026-05-25 07:00:00
R-248,Pool,2026-05-24 09:05:00,2026-05-25 21:00:00
R-409,Gym,2026-05-24 09:25:00,2026-05-25 06:00:00
R-163,Tennis,2026-05-24 09:25:00,2026-05-26 08:00:00
R-194,Gym,2026-05-24 10:30:00,2026-05-24 18:00:00
R-406,Clubhouse,2026-05-24 10:35:00,2026-05-31 10:00:00
R-113,Pool,2026-05-24 10:45:00,2026-05-24 17:00:00
R-317,Pool,2026-05-24 10:50:00,2026-05-25 12:00:00
R-370,Gym,2026-05-24 10:55:00,2026-05-25 08:00:00
R-361,Gym,2026-05-24 11:05:00,2026-05-25 08:00:00
R-362,Gym,2026-05-24 11:10:00,2026-05-24 19:00:00
R-181,Tennis,2026-05-24 11:15:00,2026-05-25 20:00:00
R-279,Pool,2026-05-24 11:30:00,2026-05-26 19:00:00
R-150,Gym,2026-05-24 11:30:00,2026-05-25 07:00:00
R-145,Pool,2026-05-24 11:35:00,2026-05-25 06:00:00
R-243,Hall,2026-05-24 11:55:00,2026-06-02 18:00:00
R-391,Gym,2026-05-24 12:20:00,2026-05-25 06:00:00
R-132,Pool,2026-05-24 12:25:00,2026-05-24 17:00:00
R-155,Gym,2026-05-24 12:30:00,2026-05-25 08:00:00
R-370,Gym,2026-05-24 13:40:00,2026-05-25 06:00:00
R-448,Tennis,2026-05-24 14:20:00,2026-05-25 18:00:00
R-434,Gym,2026-05-24 14:25:00,2026-05-25 06:00:00
R-215,Badminton,2026-05-24 14:35:00,2026-05-25 20:00:00
R-145,Pool,2026-05-24 15:00:00,2026-05-26 06:00:00
R-114,Pool,2026-05-24 15:30:00,2026-05-25 09:00:00
R-162,Pool,2026-05-24 16:30:00,2026-05-25 06:00:00
R-168,Clubhouse,2026-05-24 17:10:00,2026-05-30 14:00:00
R-105,Gym,2026-05-24 17:20:00,2026-05-25 06:00:00
R-225,Pool,2026-05-24 17:45:00,2026-05-25 19:00:00
R-206,Pool,2026-05-24 18:00:00,2026-05-27 18:00:00
R-155,Pool,2026-05-24 18:55:00,2026-05-25 07:00:00
R-173,Badminton,2026-05-24 19:15:00,2026-05-28 19:00:00
R-219,Badminton,2026-05-24 19:30:00,2026-05-25 19:00:00
R-335,Gym,2026-05-24 19:40:00,2026-05-26 19:00:00
R-434,Gym,2026-05-24 19:50:00,2026-05-25 08:00:00
R-432,Gym,2026-05-24 20:00:00,2026-05-25 08:00:00
R-246,Pool,2026-05-24 20:20:00,2026-05-25 07:00:00
R-167,Tennis,2026-05-24 20:20:00,2026-05-26 07:00:00
R-329,Gym,2026-05-24 20:35:00,2026-05-25 07:00:00
R-114,Gym,2026-05-24 20:40:00,2026-05-25 08:00:00
R-144,Gym,2026-05-24 20:55:00,2026-05-25 07:00:00
R-440,Gym,2026-05-24 21:10:00,2026-05-25 08:00:00
R-240,Tennis,2026-05-24 21:15:00,2026-05-26 07:00:00
R-306,Gym,2026-05-24 21:35:00,2026-05-25 19:00:00
R-144,Gym,2026-05-24 21:50:00,2026-05-25 06:00:00
R-432,Pool,2026-05-24 22:10:00,2026-05-25 07:00:00
R-161,Pool,2026-05-24 22:20:00,2026-05-25 10:00:00
R-338,Badminton,2026-05-24 22:25:00,2026-05-28 20:00:00
R-228,Badminton,2026-05-24 23:00:00,2026-05-25 19:00:00
R-118,Gym,2026-05-24 23:15:00,2026-05-25 07:00:00
R-361,Gym,2026-05-24 23:15:00,2026-05-25 07:00:00
R-401,Gym,2026-05-24 23:25:00,2026-05-25 13:00:00
R-139,Gym,2026-05-25 00:20:00,2026-05-26 08:00:00
R-186,Pool,2026-05-25 00:25:00,2026-05-25 08:00:00
R-323,Badminton,2026-05-25 00:40:00,2026-05-25 07:00:00
R-260,Badminton,2026-05-25 01:05:00,2026-05-25 21:00:00
R-299,Pool,2026-05-25 01:15:00,2026-05-25 09:00:00
R-146,Badminton,2026-05-25 01:15:00,2026-05-25 19:00:00
R-339,Gym,2026-05-25 01:20:00,2026-05-25 06:00:00
R-286,Badminton,2026-05-25 02:35:00,2026-05-25 20:00:00
R-413,Gym,2026-05-25 02:35:00,2026-05-25 13:00:00
R-341,Gym,2026-05-25 02:45:00,2026-05-25 08:00:00
R-339,Tennis,2026-05-25 03:10:00,2026-05-26 21:00:00
R-162,Pool,2026-05-25 03:15:00,2026-05-25 07:00:00
R-223,Badminton,2026-05-25 03:25:00,2026-05-25 17:00:00
R-361,Gym,2026-05-25 03:35:00,2026-05-25 17:00:00
R-249,Badminton,2026-05-25 03:45:00,2026-05-25 19:00:00
R-358,Pool,2026-05-25 03:50:00,2026-05-26 06:00:00
R-414,Pool,2026-05-25 04:30:00,2026-05-26 15:00:00
R-106,Gym,2026-05-25 04:45:00,2026-05-25 08:00:00
R-353,Gym,2026-05-25 05:10:00,2026-05-26 07:00:00
R-213,Gym,2026-05-25 06:00:00,2026-05-26 06:00:00
R-277,Badminton,2026-05-25 06:20:00,2026-05-27 19:00:00
R-328,Pool,2026-05-25 06:35:00,2026-05-25 17:00:00
R-107,Tennis,2026-05-25 07:05:00,2026-05-26 19:00:00
R-265,Clubhouse,2026-05-25 07:15:00,2026-05-28 17:00:00
R-249,Badminton,2026-05-25 07:30:00,2026-05-26 19:00:00
R-243,Pool,2026-05-25 07:35:00,2026-05-26 18:00:00
R-248,Badminton,2026-05-25 07:40:00,2026-05-25 20:00:00
R-125,Pool,2026-05-25 08:10:00,2026-05-26 06:00:00
R-414,Gym,2026-05-25 08:40:00,2026-05-26 06:00:00
R-388,Gym,2026-05-25 08:50:00,2026-05-25 19:00:00
R-298,Gym,2026-05-25 08:55:00,2026-05-25 19:00:00
R-260,Pool,2026-05-25 09:10:00,2026-05-25 20:00:00
R-225,Pool,2026-05-25 09:20:00,2026-05-26 19:00:00
R-274,Gym,2026-05-25 09:20:00,2026-05-25 20:00:00
R-272,Pool,2026-05-25 09:25:00,2026-05-26 10:00:00
R-173,Tennis,2026-05-25 10:00:00,2026-05-26 21:00:00
R-395,Clubhouse,2026-05-25 10:05:00,2026-05-30 14:00:00
R-257,Pool,2026-05-25 10:35:00,2026-05-26 21:00:00
R-242,Gym,2026-05-25 10:40:00,2026-05-25 19:00:00
R-112,Gym,2026-05-25 11:00:00,2026-05-26 07:00:00
R-240,Tennis,2026-05-25 11:05:00,2026-05-27 06:00:00
R-140,Gym,2026-05-25 11:15:00,2026-05-25 18:00:00
R-243,Badminton,2026-05-25 12:20:00,2026-05-26 21:00:00
R-263,Gym,2026-05-25 12:25:00,2026-05-25 22:00:00
R-437,Tennis,2026-05-25 12:50:00,2026-05-26 21:00:00
R-381,Pool,2026-05-25 12:55:00,2026-05-27 08:00:00
R-186,Pool,2026-05-25 13:00:00,2026-05-25 19:00:00
R-364,Gym,2026-05-25 13:10:00,2026-05-25 21:00:00
R-167,Gym,2026-05-25 14:20:00,2026-05-26 06:00:00
R-441,Gym,2026-05-25 14:30:00,2026-05-25 20:00:00
R-313,Pool,2026-05-25 14:35:00,2026-05-25 21:00:00
R-359,Gym,2026-05-25 14:40:00,2026-05-25 20:00:00
R-352,Badminton,2026-05-25 15:05:00,2026-05-26 19:00:00
R-434,Pool,2026-05-25 15:55:00,2026-05-25 21:00:00
R-323,Badminton,2026-05-25 16:30:00,2026-05-25 21:00:00
R-358,Gym,2026-05-25 17:10:00,2026-05-26 07:00:00
R-150,Tennis,2026-05-25 17:15:00,2026-05-27 06:00:00
R-139,Tennis,2026-05-25 17:55:00,2026-05-26 20:00:00
R-434,Gym,2026-05-25 18:35:00,2026-05-26 08:00:00
R-212,Pool,2026-05-25 18:35:00,2026-05-27 19:00:00
R-139,Pool,2026-05-25 18:55:00,2026-05-26 06:00:00
R-306,Tennis,2026-05-25 19:00:00,2026-05-27 19:00:00
R-181,Gym,2026-05-25 19:05:00,2026-05-26 17:00:00
R-364,Gym,2026-05-25 19:20:00,2026-05-26 20:00:00
R-277,Badminton,2026-05-25 19:45:00,2026-05-27 20:00:00
R-395,Clubhouse,2026-05-25 21:10:00,2026-05-26 12:00:00
R-438,Gym,2026-05-25 21:20:00,2026-05-26 08:00:00
R-263,Gym,2026-05-25 21:50:00,2026-05-26 06:00:00
R-286,Gym,2026-05-25 21:55:00,2026-05-26 18:00:00
R-246,Gym,2026-05-25 21:55:00,2026-05-26 07:00:00
R-281,Badminton,2026-05-25 22:00:00,2026-05-28 21:00:00
R-306,Pool,2026-05-25 22:40:00,2026-05-26 06:00:00
R-271,Pool,2026-05-25 22:50:00,2026-05-27 09:00:00
R-296,Badminton,2026-05-25 23:20:00,2026-05-26 16:00:00
R-263,Gym,2026-05-25 23:20:00,2026-05-26 08:00:00
R-167,Pool,2026-05-25 23:25:00,2026-05-27 07:00:00
R-272,Badminton,2026-05-25 23:25:00,2026-05-26 20:00:00
R-424,Gym,2026-05-25 23:30:00,2026-05-26 08:00:00
R-446,Gym,2026-05-25 23:50:00,2026-05-26 07:00:00
R-446,Gym,2026-05-26 00:00:00,2026-05-26 08:00:00
R-284,Pool,2026-05-26 00:05:00,2026-05-26 16:00:00
R-325,Hall,2026-05-26 00:25:00,2026-06-07 15:00:00
R-271,Gym,2026-05-26 00:25:00,2026-05-26 06:00:00
R-441,Badminton,2026-05-26 00:35:00,2026-05-26 18:00:00
R-163,Gym,2026-05-26 01:05:00,2026-05-26 07:00:00
R-372,Gym,2026-05-26 01:20:00,2026-05-26 15:00:00
R-213,Badminton,2026-05-26 01:30:00,2026-05-27 21:00:00
R-440,Gym,2026-05-26 01:45:00,2026-05-26 08:00:00
R-156,Gym,2026-05-26 02:15:00,2026-05-26 06:00:00
R-428,Gym,2026-05-26 02:30:00,2026-05-26 07:00:00
R-272,Pool,2026-05-26 02:35:00,2026-05-26 18:00:00
R-428,Pool,2026-05-26 02:35:00,2026-05-26 08:00:00
R-443,Pool,2026-05-26 02:40:00,2026-05-28 21:00:00
R-218,Gym,2026-05-26 03:00:00,2026-05-26 21:00:00
R-146,Gym,2026-05-26 03:15:00,2026-05-26 20:00:00
R-384,Pool,2026-05-26 04:35:00,2026-05-27 15:00:00
R-278,Badminton,2026-05-26 04:55:00,2026-05-26 18:00:00
R-374,Pool,2026-05-26 05:00:00,2026-05-26 18:00:00
R-157,Pool,2026-05-26 05:25:00,2026-05-26 17:00:00
R-326,Pool,2026-05-26 05:40:00,2026-05-26 19:00:00
R-403,Badminton,2026-05-26 05:55:00,2026-05-26 21:00:00
R-434,Gym,2026-05-26 06:10:00,2026-05-26 16:00:00
R-248,Pool,2026-05-26 06:10:00,2026-05-28 07:00:00
R-208,Gym,2026-05-26 06:10:00,2026-05-26 16:00:00
R-153,Pool,2026-05-26 06:20:00,2026-05-28 19:00:00
R-298,Tennis,2026-05-26 06:25:00,2026-05-27 19:00:00
R-423,Tennis,2026-05-26 07:10:00,2026-05-28 18:00:00
R-432,Tennis,2026-05-26 07:40:00,2026-05-27 08:00:00
R-207,Gym,2026-05-26 08:20:00,2026-05-27 08:00:00
R-142,Gym,2026-05-26 08:25:00,2026-05-26 18:00:00
R-389,Tennis,2026-05-26 08:25:00,2026-05-27 07:00:00
R-272,Badminton,2026-05-26 08:30:00,2026-05-27 21:00:00
R-335,Pool,2026-05-26 08:35:00,2026-05-26 21:00:00
R-281,Pool,2026-05-26 08:50:00,2026-05-26 18:00:00
R-353,Gym,2026-05-26 09:20:00,2026-05-26 21:00:00
R-253,Tennis,2026-05-26 09:30:00,2026-05-27 06:00:00
R-447,Badminton,2026-05-26 09:50:00,2026-05-26 18:00:00
R-441,Badminton,2026-05-26 10:10:00,2026-05-27 18:00:00
R-401,Tennis,2026-05-26 10:35:00,2026-05-28 07:00:00
R-428,Gym,2026-05-26 11:00:00,2026-05-27 09:00:00
R-241,Gym,2026-05-26 11:20:00,2026-05-27 06:00:00
R-240,Tennis,2026-05-26 11:45:00,2026-05-27 08:00:00
R-366,Gym,2026-05-26 11:50:00,2026-05-27 06:00:00
R-330,Badminton,2026-05-26 12:05:00,2026-05-27 19:00:00
R-135,Hall,2026-05-26 12:20:00,2026-05-30 12:00:00
R-401,Pool,2026-05-26 12:30:00,2026-05-27 06:00:00
R-362,Badminton,2026-05-26 12:35:00,2026-05-26 18:00:00
R-261,Gym,2026-05-26 12:40:00,2026-05-26 16:00:00
R-443,Badminton,2026-05-26 12:40:00,2026-05-26 21:00:00
R-186,Gym,2026-05-26 12:40:00,2026-05-26 17:00:00
R-306,Clubhouse,2026-05-26 12:50:00,2026-05-28 14:00:00
R-380,Pool,2026-05-26 13:05:00,2026-05-26 18:00:00
R-177,Gym,2026-05-26 13:05:00,2026-05-26 19:00:00
R-306,Pool,2026-05-26 13:20:00,2026-05-28 17:00:00
R-273,Clubhouse,2026-05-26 14:35:00,2026-05-30 10:00:00
R-145,Gym,2026-05-26 14:55:00,2026-05-27 06:00:00
R-208,Badminton,2026-05-26 15:15:00,2026-05-27 20:00:00
R-423,Pool,2026-05-26 15:35:00,2026-05-28 07:00:00
R-250,Gym,2026-05-26 15:40:00,2026-05-27 07:00:00
R-118,Gym,2026-05-26 15:40:00,2026-05-27 07:00:00
R-170,Gym,2026-05-26 16:05:00,2026-05-27 07:00:00
R-119,Pool,2026-05-26 17:05:00,2026-05-26 21:00:00
R-219,Badminton,2026-05-26 17:30:00,2026-05-27 21:00:00
R-339,Gym,2026-05-26 17:45:00,2026-05-27 08:00:00
R-200,Clubhouse,2026-05-26 17:55:00,2026-05-28 17:00:00
R-399,Pool,2026-05-26 18:00:00,2026-05-27 11:00:00
R-248,Badminton,2026-05-26 18:10:00,2026-05-27 19:00:00
R-351,Gym,2026-05-26 18:25:00,2026-05-27 08:00:00
R-329,Tennis,2026-05-26 18:30:00,2026-05-28 19:00:00
R-302,Tennis,2026-05-26 18:30:00,2026-05-31 18:00:00
R-347,Gym,2026-05-26 19:05:00,2026-05-27 08:00:00
R-159,Pool,2026-05-26 19:10:00,2026-05-28 06:00:00
R-339,Pool,2026-05-26 19:20:00,2026-05-27 07:00:00
R-372,Gym,2026-05-26 19:25:00,2026-05-28 07:00:00
R-263,Pool,2026-05-26 19:45:00,2026-05-27 08:00:00
R-369,Gym,2026-05-26 20:00:00,2026-05-28 07:00:00
R-391,Gym,2026-05-26 20:15:00,2026-05-27 08:00:00
R-174,Gym,2026-05-26 20:15:00,2026-05-27 08:00:00
R-124,Badminton,2026-05-26 20:50:00,2026-05-27 18:00:00
R-434,Pool,2026-05-26 20:55:00,2026-05-27 17:00:00
R-361,Pool,2026-05-26 20:55:00,2026-05-27 08:00:00
R-401,Gym,2026-05-26 21:45:00,2026-05-27 07:00:00
R-210,Gym,2026-05-26 22:10:00,2026-05-27 08:00:00
R-432,Gym,2026-05-26 22:25:00,2026-05-27 06:00:00
R-263,Gym,2026-05-26 22:55:00,2026-05-27 06:00:00
R-369,Gym,2026-05-26 23:05:00,2026-05-27 06:00:00
R-167,Gym,2026-05-26 23:15:00,2026-05-27 08:00:00
R-159,Gym,2026-05-26 23:20:00,2026-05-27 06:00:00
R-286,Badminton,2026-05-26 23:30:00,2026-05-28 15:00:00
R-249,Gym,2026-05-26 23:45:00,2026-05-27 18:00:00
R-105,Gym,2026-05-27 00:00:00,2026-05-27 08:00:00
R-227,Gym,2026-05-27 00:05:00,2026-05-27 20:00:00
R-219,Pool,2026-05-27 00:10:00,2026-05-27 17:00:00
R-119,Gym,2026-05-27 00:25:00,2026-05-27 06:00:00
R-443,Pool,2026-05-27 00:35:00,2026-05-27 08:00:00
R-216,Pool,2026-05-27 00:40:00,2026-05-27 17:00:00
R-144,Gym,2026-05-27 00:45:00,2026-05-27 08:00:00
R-139,Pool,2026-05-27 01:10:00,2026-05-27 19:00:00
R-397,Pool,2026-05-27 01:15:00,2026-05-27 18:00:00
R-366,Pool,2026-05-27 01:55:00,2026-05-27 17:00:00
R-277,Badminton,2026-05-27 02:10:00,2026-05-28 18:00:00
R-119,Gym,2026-05-27 02:50:00,2026-05-27 07:00:00
R-126,Tennis,2026-05-27 03:45:00,2026-05-27 20:00:00
R-199,Gym,2026-05-27 04:05:00,2026-05-27 12:00:00
R-243,Badminton,2026-05-27 04:05:00,2026-05-27 20:00:00
R-150,Gym,2026-05-27 04:10:00,2026-05-28 08:00:00
R-227,Badminton,2026-05-27 05:00:00,2026-05-27 18:00:00
R-335,Tennis,2026-05-27 05:05:00,2026-05-27 18:00:00
R-277,Badminton,2026-05-27 05:25:00,2026-05-28 19:00:00
R-437,Tennis,2026-05-27 05:40:00,2026-05-27 19:00:00
R-229,Pool,2026-05-27 05:55:00,2026-05-29 08:00:00
R-376,Clubhouse,2026-05-27 06:15:00,2026-05-28 16:00:00
R-187,Gym,2026-05-27 06:20:00,2026-05-27 18:00:00
R-361,Gym,2026-05-27 06:45:00,2026-05-28 06:00:00
R-341,Pool,2026-05-27 07:15:00,2026-05-28 06:00:00
R-243,Pool,2026-05-27 07:20:00,2026-05-27 21:00:00
R-265,Pool,2026-05-27 07:20:00,2026-05-28 09:00:00
R-263,Gym,2026-05-27 07:30:00,2026-05-28 06:00:00
R-174,Tennis,2026-05-27 07:40:00,2026-05-27 14:00:00
R-139,Pool,2026-05-27 08:00:00,2026-05-27 18:00:00
R-415,Pool,2026-05-27 08:10:00,2026-05-27 17:00:00
R-269,Pool,2026-05-27 08:30:00,2026-05-27 17:00:00
R-432,Gym,2026-05-27 09:00:00,2026-05-28 08:00:00
R-413,Tennis,2026-05-27 11:55:00,2026-05-29 06:00:00
R-447,Pool,2026-05-27 12:50:00,2026-05-27 21:00:00
R-414,Pool,2026-05-27 12:50:00,2026-05-27 19:00:00
R-296,Badminton,2026-05-27 14:10:00,2026-05-28 20:00:00
R-124,Badminton,2026-05-27 14:50:00,2026-05-27 21:00:00
R-156,Gym,2026-05-27 15:15:00,2026-05-28 06:00:00
R-420,Gym,2026-05-27 15:25:00,2026-05-28 07:00:00
R-114,Gym,2026-05-27 15:55:00,2026-05-28 07:00:00
R-213,Badminton,2026-05-27 16:05:00,2026-05-28 14:00:00
R-169,Gym,2026-05-27 16:10:00,2026-05-27 21:00:00
R-395,Clubhouse,2026-05-27 16:20:00,2026-05-28 23:00:00
R-118,Pool,2026-05-27 16:45:00,2026-05-28 07:00:00
R-113,Clubhouse,2026-05-27 16:55:00,2026-05-30 14:00:00
R-228,Gym,2026-05-27 16:55:00,2026-05-28 19:00:00
R-116,Gym,2026-05-27 17:10:00,2026-05-28 08:00:00
R-358,Pool,2026-05-27 17:30:00,2026-05-28 06:00:00
R-240,Tennis,2026-05-27 17:40:00,2026-05-29 07:00:00
R-304,Pool,2026-05-27 17:40:00,2026-05-28 06:00:00
R-271,Pool,2026-05-27 17:50:00,2026-05-28 07:00:00
R-165,Tennis,2026-05-27 18:05:00,2026-05-29 15:00:00
R-434,Badminton,2026-05-27 18:05:00,2026-05-28 08:00:00
R-432,Gym,2026-05-27 18:15:00,2026-05-29 07:00:00
R-261,Badminton,2026-05-27 18:25:00,2026-05-29 09:00:00
R-418,Gym,2026-05-27 18:30:00,2026-05-29 08:00:00
R-210,Pool,2026-05-27 19:10:00,2026-05-28 06:00:00
R-247,Gym,2026-05-27 19:30:00,2026-05-28 18:00:00
R-335,Pool,2026-05-27 19:30:00,2026-05-28 19:00:00
R-153,Pool,2026-05-27 19:40:00,2026-05-29 19:00:00
R-223,Pool,2026-05-27 19:40:00,2026-05-29 08:00:00
R-375,Gym,2026-05-27 20:45:00,2026-05-28 08:00:00
R-406,Clubhouse,2026-05-27 20:45:00,2026-05-30 16:00:00
R-210,Tennis,2026-05-27 20:55:00,2026-05-28 07:00:00
R-145,Tennis,2026-05-27 21:30:00,2026-05-29 06:00:00
R-119,Gym,2026-05-27 21:30:00,2026-05-28 08:00:00
R-175,Pool,2026-05-27 22:10:00,2026-05-28 17:00:00
R-432,Gym,2026-05-27 22:10:00,2026-05-28 06:00:00
R-257,Pool,2026-05-27 22:20:00,2026-05-28 21:00:00
R-410,Gym,2026-05-27 22:30:00,2026-05-28 12:00:00
R-235,Gym,2026-05-27 22:35:00,2026-05-28 21:00:00
R-442,Gym,2026-05-27 22:50:00,2026-05-28 08:00:00
R-162,Gym,2026-05-27 23:00:00,2026-05-28 07:00:00
R-313,Gym,2026-05-27 23:10:00,2026-05-29 20:00:00
R-403,Clubhouse,2026-05-27 23:15:00,2026-05-29 20:00:00
R-182,Gym,2026-05-27 23:20:00,2026-05-29 19:00:00
R-420,Hall,2026-05-27 23:20:00,2026-06-03 12:00:00
R-198,Tennis,2026-05-27 23:25:00,2026-05-28 14:00:00
R-305,Gym,2026-05-27 23:40:00,2026-05-28 06:00:00
R-306,Tennis,2026-05-27 23:50:00,2026-05-29 08:00:00
R-223,Gym,2026-05-28 00:05:00,2026-05-28 07:00:00
R-423,Pool,2026-05-28 00:05:00,2026-05-29 08:00:00
R-383,Tennis,2026-05-28 00:10:00,2026-05-28 19:00:00
R-167,Gym,2026-05-28 00:10:00,2026-05-28 06:00:00
R-381,Gym,2026-05-28 00:15:00,2026-05-28 17:00:00
R-372,Pool,2026-05-28 00:15:00,2026-05-28 08:00:00
R-279,Pool,2026-05-28 00:30:00,2026-05-29 08:00:00
R-299,Gym,2026-05-28 00:50:00,2026-05-28 07:00:00
R-125,Gym,2026-05-28 01:15:00,2026-05-28 06:00:00
R-142,Badminton,2026-05-28 01:15:00,2026-05-28 19:00:00
R-406,Pool,2026-05-28 01:15:00,2026-05-30 17:00:00
R-145,Tennis,2026-05-28 02:00:00,2026-05-29 07:00:00
R-157,Pool,2026-05-28 02:05:00,2026-05-28 15:00:00
R-388,Badminton,2026-05-28 02:05:00,2026-05-28 21:00:00
R-389,Gym,2026-05-28 02:10:00,2026-05-28 06:00:00
R-366,Tennis,2026-05-28 02:20:00,2026-05-29 06:00:00
R-228,Badminton,2026-05-28 02:40:00,2026-05-29 18:00:00
R-107,Badminton,2026-05-28 03:10:00,2026-05-29 18:00:00
R-125,Pool,2026-05-28 03:20:00,2026-05-29 07:00:00
R-279,Pool,2026-05-28 03:50:00,2026-05-29 19:00:00
R-125,Gym,2026-05-28 04:05:00,2026-05-28 08:00:00
R-252,Badminton,2026-05-28 04:05:00,2026-05-28 19:00:00
R-381,Badminton,2026-05-28 04:25:00,2026-05-29 12:00:00
R-434,Gym,2026-05-28 04:40:00,2026-05-29 06:00:00
R-279,Gym,2026-05-28 04:40:00,2026-05-28 19:00:00
R-356,Pool,2026-05-28 05:00:00,2026-05-30 18:00:00
R-250,Gym,2026-05-28 05:25:00,2026-05-29 07:00:00
R-361,Badminton,2026-05-28 05:40:00,2026-05-29 07:00:00
R-150,Pool,2026-05-28 06:10:00,2026-05-29 07:00:00
R-364,Badminton,2026-05-28 06:25:00,2026-05-28 21:00:00
R-424,Gym,2026-05-28 06:40:00,2026-05-29 06:00:00
R-274,Pool,2026-05-28 06:45:00,2026-05-29 15:00:00
R-227,Badminton,2026-05-28 06:55:00,2026-05-28 18:00:00
R-434,Gym,2026-05-28 07:15:00,2026-05-29 07:00:00
R-112,Tennis,2026-05-28 07:55:00,2026-05-29 08:00:00
R-104,Badminton,2026-05-28 08:00:00,2026-05-28 20:00:00
R-199,Tennis,2026-05-28 08:15:00,2026-05-29 08:00:00
R-243,Pool,2026-05-28 08:35:00,2026-05-28 20:00:00
R-428,Gym,2026-05-28 08:50:00,2026-05-28 20:00:00
R-102,Pool,2026-05-28 09:05:00,2026-05-29 07:00:00
R-177,Gym,2026-05-28 09:25:00,2026-05-28 15:00:00
R-431,Pool,2026-05-28 09:35:00,2026-05-29 11:00:00
R-252,Gym,2026-05-28 09:40:00,2026-05-28 18:00:00
R-314,Badminton,2026-05-28 09:55:00,2026-05-28 20:00:00
R-167,Gym,2026-05-28 10:05:00,2026-05-29 06:00:00
R-142,Gym,2026-05-28 10:50:00,2026-05-28 20:00:00
R-371,Gym,2026-05-28 11:05:00,2026-05-29 06:00:00
R-227,Gym,2026-05-28 11:15:00,2026-05-28 19:00:00
R-255,Pool,2026-05-28 12:10:00,2026-05-28 21:00:00
R-448,Gym,2026-05-28 12:50:00,2026-05-28 20:00:00
R-389,Pool,2026-05-28 13:40:00,2026-05-29 11:00:00
R-312,Clubhouse,2026-05-28 13:40:00,2026-05-30 19:00:00
R-188,Gym,2026-05-28 14:05:00,2026-05-29 07:00:00
R-299,Pool,2026-05-28 14:25:00,2026-05-29 07:00:00
R-260,Gym,2026-05-28 14:30:00,2026-05-29 20:00:00
R-260,Gym,2026-05-28 14:35:00,2026-05-28 18:00:00
R-314,Badminton,2026-05-28 14:40:00,2026-05-29 20:00:00
R-286,Badminton,2026-05-28 15:25:00,2026-05-29 20:00:00
R-309,Pool,2026-05-28 15:35:00,2026-05-30 16:00:00
R-132,Clubhouse,2026-05-28 15:40:00,2026-05-30 14:00:00
R-170,Gym,2026-05-28 16:15:00,2026-05-29 07:00:00
R-162,Gym,2026-05-28 16:35:00,2026-05-29 06:00:00
R-136,Pool,2026-05-28 17:10:00,2026-05-29 18:00:00
R-106,Gym,2026-05-28 17:20:00,2026-05-29 08:00:00
R-427,Hall,2026-05-28 17:30:00,2026-06-07 19:00:00
R-198,Gym,2026-05-28 17:55:00,2026-05-29 15:00:00
R-391,Pool,2026-05-28 17:55:00,2026-05-29 08:00:00
R-243,Badminton,2026-05-28 18:20:00,2026-05-29 18:00:00
R-140,Pool,2026-05-28 18:30:00,2026-05-29 19:00:00
R-271,Gym,2026-05-28 18:40:00,2026-05-29 08:00:00
R-288,Clubhouse,2026-05-28 18:55:00,2026-05-31 16:00:00
R-310,Pool,2026-05-28 19:05:00,2026-05-29 15:00:00
R-329,Tennis,2026-05-28 19:05:00,2026-05-29 08:00:00
R-227,Badminton,2026-05-28 19:10:00,2026-05-29 07:00:00
R-232,Badminton,2026-05-28 19:50:00,2026-05-29 12:00:00
R-100,Clubhouse,2026-05-28 20:00:00,2026-05-31 10:00:00
R-334,Tennis,2026-05-28 20:00:00,2026-05-31 12:00:00
R-144,Gym,2026-05-28 20:10:00,2026-05-29 08:00:00
R-324,Pool,2026-05-28 20:10:00,2026-05-29 17:00:00
R-149,Pool,2026-05-28 20:10:00,2026-05-29 11:00:00
R-105,Pool,2026-05-28 20:20:00,2026-05-29 08:00:00
R-140,Badminton,2026-05-28 20:20:00,2026-05-30 21:00:00
R-162,Gym,2026-05-28 20:35:00,2026-05-29 08:00:00
R-433,Pool,2026-05-28 21:00:00,2026-05-29 13:00:00
R-119,Gym,2026-05-28 21:05:00,2026-05-29 08:00:00
R-423,Gym,2026-05-28 21:15:00,2026-05-29 13:00:00
R-281,Badminton,2026-05-28 22:30:00,2026-05-29 20:00:00
R-362,Badminton,2026-05-28 22:45:00,2026-05-29 20:00:00
R-129,Pool,2026-05-28 23:00:00,2026-05-29 12:00:00
R-159,Gym,2026-05-28 23:25:00,2026-05-29 07:00:00
R-246,Gym,2026-05-28 23:25:00,2026-05-29 08:00:00
R-302,Gym,2026-05-28 23:35:00,2026-05-29 22:00:00
R-397,Badminton,2026-05-29 00:05:00,2026-05-29 19:00:00
R-418,Gym,2026-05-29 00:35:00,2026-05-29 16:00:00
R-353,Pool,2026-05-29 01:00:00,2026-05-29 21:00:00
R-301,Pool,2026-05-29 01:15:00,2026-05-30 21:00:00
R-161,Clubhouse,2026-05-29 01:20:00,2026-06-02 18:00:00
R-174,Gym,2026-05-29 01:20:00,2026-05-29 06:00:00
R-437,Badminton,2026-05-29 01:35:00,2026-05-29 21:00:00
R-388,Badminton,2026-05-29 01:40:00,2026-05-29 21:00:00
R-440,Gym,2026-05-29 01:40:00,2026-05-29 11:00:00
R-145,Gym,2026-05-29 02:15:00,2026-05-29 08:00:00
R-118,Gym,2026-05-29 02:15:00,2026-05-29 08:00:00
R-305,Pool,2026-05-29 02:15:00,2026-05-29 08:00:00
R-147,Pool,2026-05-29 02:30:00,2026-05-29 07:00:00
R-284,Clubhouse,2026-05-29 02:50:00,2026-05-30 16:00:00
R-371,Pool,2026-05-29 02:55:00,2026-05-29 08:00:00
R-132,Pool,2026-05-29 03:25:00,2026-05-30 11:00:00
R-391,Gym,2026-05-29 03:35:00,2026-05-29 06:00:00
R-105,Pool,2026-05-29 03:50:00,2026-05-29 06:00:00
R-383,Gym,2026-05-29 03:50:00,2026-05-29 19:00:00
R-414,Pool,2026-05-29 03:55:00,2026-05-29 19:00:00
R-134,Gym,2026-05-29 04:00:00,2026-05-29 19:00:00
R-227,Gym,2026-05-29 04:20:00,2026-05-30 19:00:00
R-121,Hall,2026-05-29 04:25:00,2026-05-31 12:00:00
R-197,Clubhouse,2026-05-29 05:35:00,2026-05-30 11:00:00
R-293,Badminton,2026-05-29 06:05:00,2026-05-29 19:00:00
R-281,Tennis,2026-05-29 06:35:00,2026-05-29 21:00:00
R-306,Pool,2026-05-29 06:35:00,2026-05-29 19:00:00
R-179,Pool,2026-05-29 07:05:00,2026-05-29 21:00:00
R-356,Pool,2026-05-29 07:15:00,2026-05-30 11:00:00
R-350,Pool,2026-05-29 07:35:00,2026-05-30 11:00:00
R-187,Badminton,2026-05-29 07:45:00,2026-05-29 18:00:00
R-441,Gym,2026-05-29 07:50:00,2026-05-29 21:00:00
R-219,Tennis,2026-05-29 08:00:00,2026-05-30 20:00:00
R-215,Tennis,2026-05-29 08:40:00,2026-05-29 20:00:00
R-272,Badminton,2026-05-29 08:55:00,2026-05-29 19:00:00
R-105,Gym,2026-05-29 09:15:00,2026-05-29 18:00:00
R-120,Gym,2026-05-29 10:10:00,2026-05-29 19:00:00
R-142,Badminton,2026-05-29 10:45:00,2026-05-30 17:00:00
R-383,Gym,2026-05-29 10:55:00,2026-05-29 18:00:00
R-359,Badminton,2026-05-29 11:10:00,2026-05-30 19:00:00
R-392,Pool,2026-05-29 11:45:00,2026-05-30 17:00:00
R-403,Gym,2026-05-29 12:20:00,2026-05-29 21:00:00
R-402,Tennis,2026-05-29 12:40:00,2026-05-31 12:00:00
R-280,Pool,2026-05-29 12:40:00,2026-05-30 17:00:00
R-276,Gym,2026-05-29 13:00:00,2026-05-30 14:00:00
R-244,Gym,2026-05-29 13:25:00,2026-05-29 20:00:00
R-445,Gym,2026-05-29 13:30:00,2026-05-30 11:00:00
R-215,Gym,2026-05-29 13:40:00,2026-05-29 21:00:00
R-153,Tennis,2026-05-29 14:30:00,2026-06-01 19:00:00
R-394,Pool,2026-05-29 14:45:00,2026-05-30 11:00:00
R-323,Badminton,2026-05-29 14:45:00,2026-05-30 13:00:00
R-284,Clubhouse,2026-05-29 15:55:00,2026-05-31 11:00:00
R-182,Gym,2026-05-29 16:20:00,2026-05-30 06:00:00
R-132,Pool,2026-05-29 16:40:00,2026-05-30 10:00:00
R-431,Pool,2026-05-29 16:40:00,2026-05-30 14:00:00
R-186,Gym,2026-05-29 17:20:00,2026-05-31 17:00:00
R-195,Pool,2026-05-29 19:35:00,2026-05-30 10:00:00
R-140,Badminton,2026-05-29 20:35:00,2026-05-30 20:00:00
R-376,Pool,2026-05-29 21:00:00,2026-05-30 14:00:00
R-161,Clubhouse,2026-05-29 21:15:00,2026-05-30 18:00:00
R-363,Pool,2026-05-29 21:45:00,2026-05-30 10:00:00
R-339,Pool,2026-05-29 21:50:00,2026-05-30 17:00:00
R-373,Badminton,2026-05-29 22:10:00,2026-05-30 21:00:00
R-285,Pool,2026-05-29 23:05:00,2026-05-30 17:00:00
R-257,Badminton,2026-05-30 00:05:00,2026-05-30 21:00:00
R-336,Pool,2026-05-30 00:50:00,2026-05-30 09:00:00
R-204,Pool,2026-05-30 01:00:00,2026-05-30 17:00:00
R-114,Gym,2026-05-30 01:20:00,2026-05-30 07:00:00
R-401,Gym,2026-05-30 01:45:00,2026-05-30 08:00:00
R-183,Pool,2026-05-30 01:55:00,2026-05-30 18:00:00
R-191,Pool,2026-05-30 02:00:00,2026-05-30 11:00:00
R-161,Pool,2026-05-30 02:20:00,2026-05-30 15:00:00
R-403,Badminton,2026-05-30 02:45:00,2026-05-30 20:00:00
R-211,Gym,2026-05-30 03:00:00,2026-05-30 11:00:00
R-262,Pool,2026-05-30 03:50:00,2026-05-30 12:00:00
R-433,Pool,2026-05-30 04:10:00,2026-05-30 10:00:00
R-340,Pool,2026-05-30 04:35:00,2026-05-30 19:00:00
R-225,Gym,2026-05-30 05:50:00,2026-05-31 08:00:00
R-441,Gym,2026-05-30 06:35:00,2026-05-30 20:00:00
R-314,Badminton,2026-05-30 07:30:00,2026-05-30 18:00:00
R-370,Gym,2026-05-30 07:30:00,2026-06-01 07:00:00
R-138,Pool,2026-05-30 08:00:00,2026-05-30 14:00:00
R-364,Pool,2026-05-30 08:00:00,2026-05-30 21:00:00
R-432,Gym,2026-05-30 08:10:00,2026-06-01 06:00:00
R-338,Gym,2026-05-30 08:50:00,2026-05-30 18:00:00
R-199,Pool,2026-05-30 09:05:00,2026-05-30 17:00:00
R-380,Tennis,2026-05-30 09:20:00,2026-05-31 18:00:00
R-123,Pool,2026-05-30 09:20:00,2026-05-31 15:00:00
R-177,Pool,2026-05-30 09:30:00,2026-05-31 12:00:00
R-360,Gym,2026-05-30 09:35:00,2026-05-30 18:00:00
R-183,Pool,2026-05-30 09:40:00,2026-05-30 16:00:00
R-281,Pool,2026-05-30 10:50:00,2026-05-30 19:00:00
R-239,Badminton,2026-05-30 11:45:00,2026-05-30 21:00:00
R-448,Gym,2026-05-30 11:55:00,2026-05-30 21:00:00
R-311,Pool,2026-05-30 12:00:00,2026-05-30 18:00:00
R-397,Badminton,2026-05-30 12:20:00,2026-05-31 20:00:00
R-255,Pool,2026-05-30 12:50:00,2026-05-30 17:00:00
R-308,Gym,2026-05-30 13:55:00,2026-05-30 21:00:00
R-355,Pool,2026-05-30 14:05:00,2026-05-31 20:00:00
R-223,Gym,2026-05-30 14:25:00,2026-05-30 19:00:00
R-409,Tennis,2026-05-30 14:35:00,2026-06-01 06:00:00
R-208,Gym,2026-05-30 14:40:00,2026-05-30 21:00:00
R-435,Pool,2026-05-30 14:45:00,2026-05-30 18:00:00
R-383,Gym,2026-05-30 14:45:00,2026-05-30 21:00:00
R-149,Badminton,2026-05-30 14:50:00,2026-05-30 20:00:00
R-276,Pool,2026-05-30 14:50:00,2026-05-31 06:00:00
R-141,Hall,2026-05-30 14:50:00,2026-06-02 12:00:00
R-447,Pool,2026-05-30 15:05:00,2026-05-30 18:00:00
R-211,Pool,2026-05-30 15:10:00,2026-05-31 18:00:00
R-102,Tennis,2026-05-30 15:15:00,2026-06-01 06:00:00
R-300,Pool,2026-05-30 15:20:00,2026-05-31 17:00:00
R-277,Pool,2026-05-30 15:25:00,2026-05-30 19:00:00
R-114,Pool,2026-05-30 15:50:00,2026-06-01 08:00:00
R-359,Gym,2026-05-30 16:05:00,2026-05-30 20:00:00
R-424,Pool,2026-05-30 17:20:00,2026-06-01 08:00:00
R-383,Pool,2026-05-30 17:30:00,2026-05-30 20:00:00
R-392,Pool,2026-05-30 17:35:00,2026-05-31 15:00:00
R-213,Gym,2026-05-30 18:35:00,2026-06-01 18:00:00
R-225,Pool,2026-05-30 18:40:00,2026-06-01 20:00:00
R-144,Pool,2026-05-30 19:20:00,2026-05-31 07:00:00
R-268,Pool,2026-05-30 20:20:00,2026-05-31 08:00:00
R-311,Pool,2026-05-30 20:25:00,2026-05-31 14:00:00
R-300,Gym,2026-05-30 20:35:00,2026-05-31 11:00:00
R-222,Gym,2026-05-30 20:45:00,2026-06-01 20:00:00
R-353,Tennis,2026-05-30 21:15:00,2026-06-02 20:00:00
R-300,Gym,2026-05-30 21:45:00,2026-05-31 18:00:00
R-340,Pool,2026-05-30 22:00:00,2026-05-31 09:00:00
R-255,Tennis,2026-05-30 22:15:00,2026-05-31 10:00:00
R-284,Clubhouse,2026-05-30 22:15:00,2026-05-31 15:00:00
R-111,Tennis,2026-05-30 22:15:00,2026-06-01 17:00:00
R-192,Gym,2026-05-30 22:15:00,2026-05-31 14:00:00
R-244,Badminton,2026-05-30 22:25:00,2026-06-02 18:00:00
R-100,Pool,2026-05-30 22:40:00,2026-05-31 14:00:00
R-271,Tennis,2026-05-30 22:50:00,2026-06-03 07:00:00
R-115,Pool,2026-05-30 23:00:00,2026-05-31 10:00:00
R-108,Clubhouse,2026-05-30 23:30:00,2026-05-31 15:00:00
R-369,Gym,2026-05-31 00:10:00,2026-06-01 19:00:00
R-191,Pool,2026-05-31 00:15:00,2026-05-31 10:00:00
R-387,Gym,2026-05-31 00:40:00,2026-05-31 18:00:00
R-145,Tennis,2026-05-31 00:55:00,2026-06-01 06:00:00
R-145,Gym,2026-05-31 01:05:00,2026-05-31 08:00:00
R-198,Gym,2026-05-31 01:30:00,2026-06-01 07:00:00
R-191,Pool,2026-05-31 01:50:00,2026-05-31 16:00:00
R-270,Pool,2026-05-31 01:55:00,2026-05-31 11:00:00
R-447,Badminton,2026-05-31 02:35:00,2026-05-31 19:00:00
R-107,Badminton,2026-05-31 02:45:00,2026-06-01 21:00:00
R-386,Pool,2026-05-31 02:50:00,2026-05-31 18:00:00
R-306,Tennis,2026-05-31 02:55:00,2026-05-31 21:00:00
R-226,Pool,2026-05-31 03:00:00,2026-05-31 16:00:00
R-251,Gym,2026-05-31 03:20:00,2026-05-31 12:00:00
R-115,Gym,2026-05-31 04:10:00,2026-05-31 09:00:00
R-215,Tennis,2026-05-31 05:00:00,2026-06-03 20:00:00
R-221,Tennis,2026-05-31 05:45:00,2026-06-02 07:00:00
R-100,Pool,2026-05-31 05:50:00,2026-05-31 16:00:00
R-336,Gym,2026-05-31 06:35:00,2026-05-31 11:00:00
R-257,Badminton,2026-05-31 07:05:00,2026-06-02 18:00:00
R-168,Pool,2026-05-31 07:05:00,2026-05-31 15:00:00
R-194,Pool,2026-05-31 07:40:00,2026-05-31 19:00:00
R-113,Pool,2026-05-31 07:55:00,2026-05-31 16:00:00
R-155,Pool,2026-05-31 08:10:00,2026-06-01 08:00:00
R-177,Pool,2026-05-31 08:35:00,2026-05-31 19:00:00
R-437,Pool,2026-05-31 08:35:00,2026-05-31 18:00:00
R-133,Pool,2026-05-31 09:20:00,2026-05-31 18:00:00
R-152,Gym,2026-05-31 09:30:00,2026-05-31 15:00:00
R-235,Badminton,2026-05-31 09:35:00,2026-06-01 19:00:00
R-254,Tennis,2026-05-31 09:50:00,2026-06-01 06:00:00
R-138,Pool,2026-05-31 10:10:00,2026-05-31 17:00:00
R-215,Badminton,2026-05-31 10:15:00,2026-06-01 18:00:00
R-271,Tennis,2026-05-31 10:45:00,2026-06-03 08:00:00
R-107,Badminton,2026-05-31 11:50:00,2026-06-01 19:00:00
R-253,Gym,2026-05-31 11:55:00,2026-06-01 08:00:00
R-212,Pool,2026-05-31 12:00:00,2026-05-31 18:00:00
R-274,Tennis,2026-05-31 12:15:00,2026-06-01 20:00:00
R-446,Tennis,2026-05-31 12:20:00,2026-06-02 08:00:00
R-102,Pool,2026-05-31 13:00:00,2026-06-01 07:00:00
R-170,Tennis,2026-05-31 13:45:00,2026-06-01 07:00:00
R-383,Badminton,2026-05-31 14:15:00,2026-06-01 21:00:00
R-361,Pool,2026-05-31 14:30:00,2026-06-01 19:00:00
R-341,Pool,2026-05-31 14:30:00,2026-06-01 07:00:00
R-408,Hall,2026-05-31 15:40:00,2026-06-14 14:00:00
R-443,Badminton,2026-05-31 15:45:00,2026-06-01 19:00:00
R-366,Gym,2026-05-31 16:00:00,2026-06-01 06:00:00
R-395,Pool,2026-05-31 16:05:00,2026-06-01 16:00:00
R-223,Gym,2026-05-31 16:10:00,2026-05-31 19:00:00
R-110,Pool,2026-05-31 16:20:00,2026-06-01 19:00:00
R-170,Gym,2026-05-31 16:20:00,2026-06-02 07:00:00
R-369,Gym,2026-05-31 16:40:00,2026-06-01 08:00:00
R-107,Badminton,2026-05-31 17:20:00,2026-06-03 22:00:00
R-347,Gym,2026-05-31 17:25:00,2026-06-01 08:00:00
R-443,Badminton,2026-05-31 18:05:00,2026-06-01 12:00:00
R-437,Badminton,2026-05-31 18:40:00,2026-06-01 20:00:00
R-222,Tennis,2026-05-31 19:10:00,2026-06-01 19:00:00
R-414,Pool,2026-05-31 19:10:00,2026-06-01 14:00:00
R-420,Pool,2026-05-31 19:30:00,2026-06-02 06:00:00
R-159,Gym,2026-05-31 19:40:00,2026-06-01 06:00:00
R-353,Badminton,2026-05-31 19:45:00,2026-06-01 20:00:00
R-401,Gym,2026-05-31 19:50:00,2026-06-01 07:00:00
R-279,Pool,2026-05-31 20:15:00,2026-06-03 06:00:00
R-194,Gym,2026-05-31 20:40:00,2026-06-01 18:00:00
R-218,Gym,2026-05-31 21:00:00,2026-06-01 18:00:00
R-372,Gym,2026-05-31 21:20:00,2026-06-01 06:00:00
R-335,Pool,2026-05-31 21:25:00,2026-06-01 18:00:00
R-119,Gym,2026-05-31 21:30:00,2026-06-01 06:00:00
R-338,Badminton,2026-05-31 21:35:00,2026-06-02 19:00:00
R-130,Pool,2026-05-31 21:40:00,2026-06-01 06:00:00
R-263,Gym,2026-05-31 21:50:00,2026-06-01 08:00:00
R-434,Gym,2026-05-31 22:30:00,2026-06-02 06:00:00
R-446,Pool,2026-05-31 22:40:00,2026-06-01 06:00:00
R-353,Badminton,2026-05-31 23:05:00,2026-06-01 19:00:00
R-162,Gym,2026-05-31 23:10:00,2026-06-01 06:00:00
R-361,Gym,2026-05-31 23:25:00,2026-06-01 07:00:00
R-272,Gym,2026-05-31 23:30:00,2026-06-01 21:00:00
R-141,Badminton,2026-05-31 23:30:00,2026-06-01 18:00:00
R-280,Gym,2026-06-01 00:00:00,2026-06-01 07:00:00
R-207,Tennis,2026-06-01 00:15:00,2026-06-01 17:00:00
R-362,Tennis,2026-06-01 00:15:00,2026-06-01 21:00:00
R-155,Gym,2026-06-01 00:15:00,2026-06-01 07:00:00
R-263,Gym,2026-06-01 00:25:00,2026-06-01 06:00:00
R-119,Gym,2026-06-01 00:55:00,2026-06-01 07:00:00
R-215,Gym,2026-06-01 01:05:00,2026-06-01 16:00:00
R-438,Gym,2026-06-01 01:45:00,2026-06-01 07:00:00
R-274,Badminton,2026-06-01 01:45:00,2026-06-01 18:00:00
R-149,Badminton,2026-06-01 02:50:00,2026-06-01 13:00:00
R-211,Pool,2026-06-01 03:00:00,2026-06-02 11:00:00
R-188,Gym,2026-06-01 03:05:00,2026-06-01 08:00:00
R-145,Gym,2026-06-01 03:15:00,2026-06-01 08:00:00
R-253,Tennis,2026-06-01 03:20:00,2026-06-03 06:00:00
R-269,Gym,2026-06-01 03:45:00,2026-06-01 12:00:00
R-226,Hall,2026-06-01 04:20:00,2026-06-06 22:00:00
R-146,Pool,2026-06-01 04:25:00,2026-06-01 21:00:00
R-156,Gym,2026-06-01 04:25:00,2026-06-01 08:00:00
R-182,Badminton,2026-06-01 04:30:00,2026-06-02 20:00:00
R-271,Gym,2026-06-01 04:45:00,2026-06-01 08:00:00
R-257,Badminton,2026-06-01 05:20:00,2026-06-02 20:00:00
R-308,Gym,2026-06-01 05:45:00,2026-06-01 19:00:00
R-180,Gym,2026-06-01 06:00:00,2026-06-01 12:00:00
R-432,Tennis,2026-06-01 06:05:00,2026-06-03 06:00:00
R-102,Pool,2026-06-01 06:15:00,2026-06-01 19:00:00
R-367,Gym,2026-06-01 06:25:00,2026-06-02 08:00:00
R-102,Pool,2026-06-01 06:30:00,2026-06-03 10:00:00
R-143,Badminton,2026-06-01 06:30:00,2026-06-02 20:00:00
R-155,Tennis,2026-06-01 06:45:00,2026-06-02 07:00:00
R-432,Tennis,2026-06-01 06:45:00,2026-06-03 08:00:00
R-414,Gym,2026-06-01 07:15:00,2026-06-02 19:00:00
R-159,Gym,2026-06-01 08:25:00,2026-06-02 08:00:00
R-350,Clubhouse,2026-06-01 08:25:00,2026-06-02 15:00:00
R-252,Badminton,2026-06-01 09:20:00,2026-06-01 18:00:00
R-162,Tennis,2026-06-01 09:25:00,2026-06-02 07:00:00
R-301,Badminton,2026-06-01 09:35:00,2026-06-02 21:00:00
R-193,Gym,2026-06-01 09:50:00,2026-06-02 19:00:00
R-225,Pool,2026-06-01 10:20:00,2026-06-01 19:00:00
R-360,Tennis,2026-06-01 10:25:00,2026-06-02 20:00:00
R-432,Tennis,2026-06-01 10:45:00,2026-06-05 07:00:00
R-227,Badminton,2026-06-01 10:55:00,2026-06-01 21:00:00
R-231,Badminton,2026-06-01 12:35:00,2026-06-02 10:00:00
R-443,Pool,2026-06-01 12:55:00,2026-06-01 18:00:00
R-252,Gym,2026-06-01 12:55:00,2026-06-01 21:00:00
R-194,Tennis,2026-06-01 13:05:00,2026-06-02 07:00:00
R-198,Gym,2026-06-01 13:20:00,2026-06-02 07:00:00
R-448,Tennis,2026-06-01 13:25:00,2026-06-02 18:00:00
R-329,Gym,2026-06-01 13:30:00,2026-06-02 06:00:00
R-105,Pool,2026-06-01 13:30:00,2026-06-01 18:00:00
R-432,Tennis,2026-06-01 13:40:00,2026-06-02 06:00:00
R-443,Pool,2026-06-01 13:40:00,2026-06-01 20:00:00
R-424,Tennis,2026-06-01 14:35:00,2026-06-02 06:00:00
R-139,Pool,2026-06-01 15:30:00,2026-06-01 19:00:00
R-253,Pool,2026-06-01 16:30:00,2026-06-03 08:00:00
R-361,Gym,2026-06-01 16:45:00,2026-06-02 07:00:00
R-331,Tennis,2026-06-01 16:55:00,2026-06-03 15:00:00
R-111,Gym,2026-06-01 17:00:00,2026-06-02 12:00:00
R-373,Tennis,2026-06-01 17:15:00,2026-06-02 21:00:00
R-306,Pool,2026-06-01 17:25:00,2026-06-02 13:00:00
R-250,Gym,2026-06-01 17:35:00,2026-06-02 06:00:00
R-366,Gym,2026-06-01 17:40:00,2026-06-02 07:00:00
R-123,Pool,2026-06-01 18:00:00,2026-06-01 21:00:00
R-366,Gym,2026-06-01 18:05:00,2026-06-03 06:00:00
R-232,Badminton,2026-06-01 18:05:00,2026-06-02 08:00:00
R-102,Gym,2026-06-01 18:20:00,2026-06-02 08:00:00
R-221,Gym,2026-06-01 18:25:00,2026-06-02 08:00:00
R-391,Gym,2026-06-01 18:50:00,2026-06-02 06:00:00
R-198,Gym,2026-06-01 19:05:00,2026-06-03 07:00:00
R-184,Hall,2026-06-01 19:15:00,2026-06-03 19:00:00
R-156,Gym,2026-06-01 19:15:00,2026-06-02 06:00:00
R-428,Pool,2026-06-01 19:15:00,2026-06-02 08:00:00
R-199,Clubhouse,2026-06-01 19:20:00,2026-06-07 17:00:00
R-319,Tennis,2026-06-01 19:30:00,2026-06-03 07:00:00
R-430,Pool,2026-06-01 19:35:00,2026-06-03 21:00:00
R-441,Badminton,2026-06-01 20:15:00,2026-06-03 09:00:00
R-371,Gym,2026-06-01 20:15:00,2026-06-02 07:00:00
R-219,Badminton,2026-06-01 20:40:00,2026-06-02 21:00:00
R-277,Gym,2026-06-01 21:00:00,2026-06-02 19:00:00
R-102,Pool,2026-06-01 21:30:00,2026-06-02 06:00:00
R-243,Badminton,2026-06-01 22:15:00,2026-06-02 21:00:00
R-335,Pool,2026-06-01 22:30:00,2026-06-02 21:00:00
R-353,Badminton,2026-06-01 22:35:00,2026-06-02 19:00:00
R-233,Pool,2026-06-01 22:35:00,2026-06-03 10:00:00
R-391,Gym,2026-06-01 22:35:00,2026-06-02 07:00:00
R-193,Tennis,2026-06-01 22:50:00,2026-06-02 18:00:00
R-418,Gym,2026-06-01 22:55:00,2026-06-02 06:00:00
R-240,Gym,2026-06-01 23:05:00,2026-06-02 06:00:00
R-335,Badminton,2026-06-01 23:10:00,2026-06-02 18:00:00
R-339,Gym,2026-06-02 00:00:00,2026-06-02 13:00:00
R-150,Tennis,2026-06-02 00:30:00,2026-06-03 07:00:00
R-428,Gym,2026-06-02 00:30:00,2026-06-02 06:00:00
R-218,Gym,2026-06-02 00:35:00,2026-06-02 20:00:00
R-263,Gym,2026-06-02 00:55:00,2026-06-02 07:00:00
R-267,Badminton,2026-06-02 01:05:00,2026-06-03 19:00:00
R-245,Badminton,2026-06-02 01:25:00,2026-06-03 21:00:00
R-424,Pool,2026-06-02 02:35:00,2026-06-02 08:00:00
R-212,Clubhouse,2026-06-02 02:35:00,2026-06-03 19:00:00
R-221,Tennis,2026-06-02 03:30:00,2026-06-03 08:00:00
R-119,Gym,2026-06-02 03:45:00,2026-06-02 08:00:00
R-330,Badminton,2026-06-02 03:50:00,2026-06-02 18:00:00
R-335,Badminton,2026-06-02 04:00:00,2026-06-03 21:00:00
R-383,Tennis,2026-06-02 04:05:00,2026-06-03 20:00:00
R-205,Pool,2026-06-02 04:10:00,2026-06-02 15:00:00
R-227,Badminton,2026-06-02 04:15:00,2026-06-02 19:00:00
R-169,Badminton,2026-06-02 04:45:00,2026-06-02 21:00:00
R-210,Pool,2026-06-02 04:50:00,2026-06-02 13:00:00
R-215,Gym,2026-06-02 04:55:00,2026-06-02 19:00:00
R-248,Gym,2026-06-02 05:00:00,2026-06-03 07:00:00
R-437,Pool,2026-06-02 05:05:00,2026-06-03 18:00:00
R-281,Gym,2026-06-02 05:15:00,2026-06-02 19:00:00
R-218,Gym,2026-06-02 05:30:00,2026-06-03 18:00:00
R-107,Gym,2026-06-02 06:05:00,2026-06-02 21:00:00
R-286,Gym,2026-06-02 08:10:00,2026-06-02 18:00:00
R-306,Gym,2026-06-02 08:20:00,2026-06-02 19:00:00
R-137,Pool,2026-06-02 08:20:00,2026-06-02 17:00:00
R-102,Gym,2026-06-02 08:25:00,2026-06-04 08:00:00
R-173,Tennis,2026-06-02 08:55:00,2026-06-05 20:00:00
R-225,Pool,2026-06-02 09:00:00,2026-06-04 19:00:00
R-381,Pool,2026-06-02 09:25:00,2026-06-03 08:00:00
R-170,Gym,2026-06-02 10:05:00,2026-06-03 07:00:00
R-268,Tennis,2026-06-02 10:20:00,2026-06-03 15:00:00
R-179,Badminton,2026-06-02 10:25:00,2026-06-02 20:00:00
R-130,Gym,2026-06-02 10:30:00,2026-06-03 08:00:00
R-430,Pool,2026-06-02 10:40:00,2026-06-02 19:00:00
R-155,Gym,2026-06-02 10:50:00,2026-06-04 10:00:00
R-156,Tennis,2026-06-02 10:50:00,2026-06-04 08:00:00
R-274,Badminton,2026-06-02 11:50:00,2026-06-05 21:00:00
R-277,Badminton,2026-06-02 11:50:00,2026-06-03 18:00:00
R-397,Pool,2026-06-02 12:15:00,2026-06-02 20:00:00
R-170,Gym,2026-06-02 12:35:00,2026-06-03 06:00:00
R-397,Badminton,2026-06-02 12:50:00,2026-06-03 20:00:00
R-146,Badminton,2026-06-02 13:00:00,2026-06-02 22:00:00
R-293,Pool,2026-06-02 13:00:00,2026-06-02 19:00:00
R-435,Clubhouse,2026-06-02 13:20:00,2026-06-06 10:00:00
R-281,Tennis,2026-06-02 13:25:00,2026-06-03 19:00:00
R-263,Gym,2026-06-02 13:40:00,2026-06-03 06:00:00
R-286,Pool,2026-06-02 13:55:00,2026-06-03 12:00:00
R-277,Gym,2026-06-02 14:00:00,2026-06-03 19:00:00
R-265,Badminton,2026-06-02 14:20:00,2026-06-03 08:00:00
R-272,Badminton,2026-06-02 14:25:00,2026-06-04 09:00:00
R-253,Gym,2026-06-02 14:30:00,2026-06-03 07:00:00
R-434,Gym,2026-06-02 14:50:00,2026-06-03 07:00:00
R-156,Pool,2026-06-02 16:00:00,2026-06-03 08:00:00
R-423,Tennis,2026-06-02 16:15:00,2026-06-05 06:00:00
R-353,Badminton,2026-06-02 16:35:00,2026-06-03 19:00:00
R-403,Badminton,2026-06-02 18:05:00,2026-06-03 13:00:00
R-441,Badminton,2026-06-02 18:35:00,2026-06-04 20:00:00
R-362,Gym,2026-06-02 18:40:00,2026-06-02 21:00:00
R-267,Badminton,2026-06-02 19:00:00,2026-06-03 11:00:00
R-309,Pool,2026-06-02 19:00:00,2026-06-03 10:00:00
R-418,Gym,2026-06-02 19:05:00,2026-06-03 06:00:00
R-440,Gym,2026-06-02 19:10:00,2026-06-03 08:00:00
R-430,Badminton,2026-06-02 19:10:00,2026-06-03 18:00:00
R-170,Pool,2026-06-02 19:45:00,2026-06-04 06:00:00
R-358,Gym,2026-06-02 19:50:00,2026-06-03 07:00:00
R-420,Gym,2026-06-02 20:05:00,2026-06-03 07:00:00
R-256,Gym,2026-06-02 20:15:00,2026-06-04 08:00:00
R-114,Pool,2026-06-02 20:25:00,2026-06-03 07:00:00
R-266,Pool,2026-06-02 21:10:00,2026-06-04 08:00:00
R-218,Badminton,2026-06-02 21:20:00,2026-06-03 19:00:00
R-391,Tennis,2026-06-02 21:20:00,2026-06-03 06:00:00
R-150,Gym,2026-06-02 21:20:00,2026-06-03 06:00:00
R-145,Tennis,2026-06-02 21:30:00,2026-06-03 07:00:00
R-331,Gym,2026-06-02 21:40:00,2026-06-04 21:00:00
R-144,Gym,2026-06-02 21:50:00,2026-06-03 07:00:00
R-397,Badminton,2026-06-02 22:00:00,2026-06-03 18:00:00
R-330,Badminton,2026-06-02 22:10:00,2026-06-03 08:00:00
R-210,Gym,2026-06-02 22:25:00,2026-06-03 08:00:00
R-173,Badminton,2026-06-02 22:40:00,2026-06-03 19:00:00
R-351,Gym,2026-06-02 23:05:00,2026-06-03 21:00:00
R-361,Gym,2026-06-02 23:25:00,2026-06-03 07:00:00
R-248,Gym,2026-06-02 23:30:00,2026-06-03 18:00:00
R-143,Gym,2026-06-02 23:40:00,2026-06-03 21:00:00
R-227,Gym,2026-06-02 23:50:00,2026-06-03 12:00:00
R-358,Gym,2026-06-03 00:10:00,2026-06-04 06:00:00
R-215,Pool,2026-06-03 00:15:00,2026-06-04 19:00:00
R-208,Pool,2026-06-03 00:15:00,2026-06-03 19:00:00
R-213,Pool,2026-06-03 00:20:00,2026-06-04 18:00:00
R-423,Gym,2026-06-03 00:40:00,2026-06-03 06:00:00
R-116,Gym,2026-06-03 00:50:00,2026-06-03 13:00:00
R-279,Pool,2026-06-03 00:55:00,2026-06-05 19:00:00
R-257,Gym,2026-06-03 01:00:00,2026-06-03 21:00:00
R-176,Clubhouse,2026-06-03 01:15:00,2026-06-05 18:00:00
R-371,Pool,2026-06-03 01:20:00,2026-06-03 07:00:00
R-171,Pool,2026-06-03 01:30:00,2026-06-04 19:00:00
R-302,Badminton,2026-06-03 02:10:00,2026-06-04 18:00:00
R-388,Badminton,2026-06-03 02:40:00,2026-06-03 20:00:00
R-173,Badminton,2026-06-03 02:45:00,2026-06-05 18:00:00
R-277,Badminton,2026-06-03 03:10:00,2026-06-04 12:00:00
R-319,Pool,2026-06-03 03:10:00,2026-06-04 08:00:00
R-260,Gym,2026-06-03 03:25:00,2026-06-03 19:00:00
R-428,Tennis,2026-06-03 03:30:00,2026-06-05 07:00:00
R-177,Pool,2026-06-03 03:45:00,2026-06-03 12:00:00
R-118,Gym,2026-06-03 03:45:00,2026-06-03 08:00:00
R-151,Badminton,2026-06-03 03:50:00,2026-06-03 21:00:00
R-306,Gym,2026-06-03 03:50:00,2026-06-03 19:00:00
R-437,Gym,2026-06-03 03:55:00,2026-06-03 20:00:00
R-150,Gym,2026-06-03 03:55:00,2026-06-03 17:00:00
R-341,Pool,2026-06-03 04:00:00,2026-06-03 20:00:00
R-188,Tennis,2026-06-03 04:10:00,2026-06-04 08:00:00
R-110,Pool,2026-06-03 05:50:00,2026-06-03 19:00:00
R-225,Pool,2026-06-03 06:20:00,2026-06-03 19:00:00
R-234,Pool,2026-06-03 06:55:00,2026-06-04 15:00:00
R-215,Badminton,2026-06-03 07:00:00,2026-06-05 19:00:00
R-174,Gym,2026-06-03 07:30:00,2026-06-03 14:00:00
R-245,Badminton,2026-06-03 08:20:00,2026-06-04 20:00:00
R-353,Badminton,2026-06-03 08:25:00,2026-06-04 18:00:00
R-105,Tennis,2026-06-03 08:55:00,2026-06-05 06:00:00
R-404,Gym,2026-06-03 09:20:00,2026-06-03 21:00:00
R-188,Pool,2026-06-03 09:45:00,2026-06-03 19:00:00
R-366,Gym,2026-06-03 09:55:00,2026-06-04 07:00:00
R-246,Gym,2026-06-03 10:30:00,2026-06-04 08:00:00
R-301,Pool,2026-06-03 10:30:00,2026-06-03 18:00:00
R-434,Gym,2026-06-03 10:45:00,2026-06-04 06:00:00
R-392,Clubhouse,2026-06-03 10:50:00,2026-06-05 14:00:00
R-103,Clubhouse,2026-06-03 11:15:00,2026-06-06 10:00:00
R-221,Gym,2026-06-03 11:25:00,2026-06-04 08:00:00
R-128,Tennis,2026-06-03 11:40:00,2026-06-04 18:00:00
R-234,Pool,2026-06-03 11:45:00,2026-06-04 19:00:00
R-268,Pool,2026-06-03 11:45:00,2026-06-03 19:00:00
R-167,Gym,2026-06-03 12:30:00,2026-06-04 08:00:00
R-323,Gym,2026-06-03 12:55:00,2026-06-03 18:00:00
R-449,Pool,2026-06-03 13:10:00,2026-06-04 07:00:00
R-150,Gym,2026-06-03 13:20:00,2026-06-04 08:00:00
R-181,Pool,2026-06-03 13:30:00,2026-06-03 20:00:00
R-371,Gym,2026-06-03 13:35:00,2026-06-04 06:00:00
R-114,Tennis,2026-06-03 13:40:00,2026-06-04 08:00:00
R-169,Pool,2026-06-03 13:40:00,2026-06-03 20:00:00
R-240,Gym,2026-06-03 13:45:00,2026-06-04 06:00:00
R-139,Gym,2026-06-03 13:55:00,2026-06-04 19:00:00
R-159,Gym,2026-06-03 14:15:00,2026-06-05 08:00:00
R-144,Gym,2026-06-03 14:15:00,2026-06-03 22:00:00
R-304,Pool,2026-06-03 14:35:00,2026-06-04 07:00:00
R-345,Badminton,2026-06-03 14:50:00,2026-06-04 18:00:00
R-418,Tennis,2026-06-03 14:55:00,2026-06-04 21:00:00
R-353,Gym,2026-06-03 15:00:00,2026-06-04 14:00:00
R-339,Pool,2026-06-03 15:10:00,2026-06-05 07:00:00
R-432,Pool,2026-06-03 15:25:00,2026-06-06 15:00:00
R-225,Gym,2026-06-03 15:30:00,2026-06-04 07:00:00
R-156,Pool,2026-06-03 16:05:00,2026-06-04 07:00:00
R-211,Clubhouse,2026-06-03 16:30:00,2026-06-06 18:00:00
R-298,Pool,2026-06-03 16:40:00,2026-06-04 19:00:00
R-290,Badminton,2026-06-03 16:45:00,2026-06-05 08:00:00
R-413,Gym,2026-06-03 16:55:00,2026-06-04 08:00:00
R-162,Tennis,2026-06-03 17:05:00,2026-06-04 07:00:00
R-309,Pool,2026-06-03 17:15:00,2026-06-06 17:00:00
R-198,Gym,2026-06-03 17:45:00,2026-06-04 08:00:00
R-383,Pool,2026-06-03 17:50:00,2026-06-04 21:00:00
R-142,Badminton,2026-06-03 17:55:00,2026-06-04 20:00:00
R-395,Clubhouse,2026-06-03 18:00:00,2026-06-07 16:00:00
R-277,Gym,2026-06-03 18:20:00,2026-06-04 21:00:00
R-435,Clubhouse,2026-06-03 18:20:00,2026-06-06 15:00:00
R-449,Pool,2026-06-03 18:30:00,2026-06-05 07:00:00
R-440,Gym,2026-06-03 18:40:00,2026-06-04 07:00:00
R-219,Badminton,2026-06-03 19:00:00,2026-06-05 06:00:00
R-423,Tennis,2026-06-03 19:25:00,2026-06-04 06:00:00
R-267,Gym,2026-06-03 20:05:00,2026-06-04 20:00:00
R-182,Pool,2026-06-03 20:25:00,2026-06-04 10:00:00
R-232,Pool,2026-06-03 21:20:00,2026-06-04 08:00:00
R-144,Tennis,2026-06-03 21:20:00,2026-06-04 08:00:00
R-428,Gym,2026-06-03 21:45:00,2026-06-04 08:00:00
R-176,Hall,2026-06-03 21:55:00,2026-06-13 18:00:00
R-260,Badminton,2026-06-03 21:55:00,2026-06-04 21:00:00
R-150,Pool,2026-06-03 22:00:00,2026-06-05 07:00:00
R-271,Gym,2026-06-03 22:45:00,2026-06-04 06:00:00
R-163,Gym,2026-06-03 23:00:00,2026-06-04 06:00:00
R-174,Tennis,2026-06-03 23:10:00,2026-06-04 06:00:00
R-244,Badminton,2026-06-03 23:10:00,2026-06-04 18:00:00
R-112,Gym,2026-06-03 23:30:00,2026-06-04 07:00:00
R-369,Gym,2026-06-03 23:45:00,2026-06-04 06:00:00
R-445,Clubhouse,2026-06-03 23:55:00,2026-06-06 17:00:00
R-391,Gym,2026-06-04 00:45:00,2026-06-04 21:00:00
R-279,Pool,2026-06-04 01:15:00,2026-06-06 19:00:00
R-428,Gym,2026-06-04 01:30:00,2026-06-04 07:00:00
R-221,Gym,2026-06-04 01:55:00,2026-06-04 07:00:00
R-248,Badminton,2026-06-04 02:05:00,2026-06-04 21:00:00
R-331,Badminton,2026-06-04 02:05:00,2026-06-05 20:00:00
R-119,Gym,2026-06-04 02:15:00,2026-06-04 07:00:00
R-385,Hall,2026-06-04 02:30:00,2026-06-07 15:00:00
R-324,Tennis,2026-06-04 02:40:00,2026-06-05 12:00:00
R-435,Pool,2026-06-04 03:10:00,2026-06-06 17:00:00
R-226,Hall,2026-06-04 03:15:00,2026-06-14 12:00:00
R-144,Tennis,2026-06-04 03:45:00,2026-06-05 07:00:00
R-420,Gym,2026-06-04 04:40:00,2026-06-05 07:00:00
R-215,Gym,2026-06-04 04:40:00,2026-06-04 18:00:00
R-149,Badminton,2026-06-04 04:55:00,2026-06-05 18:00:00
R-181,Pool,2026-06-04 05:10:00,2026-06-04 21:00:00
R-360,Badminton,2026-06-04 05:40:00,2026-06-04 20:00:00
R-151,Badminton,2026-06-04 06:05:00,2026-06-04 19:00:00
R-418,Gym,2026-06-04 06:10:00,2026-06-05 06:00:00
R-118,Tennis,2026-06-04 06:10:00,2026-06-05 10:00:00
R-424,Gym,2026-06-04 06:15:00,2026-06-05 08:00:00
R-320,Pool,2026-06-04 07:15:00,2026-06-04 19:00:00
R-446,Gym,2026-06-04 07:15:00,2026-06-04 19:00:00
R-359,Gym,2026-06-04 07:30:00,2026-06-04 21:00:00
R-218,Gym,2026-06-04 07:50:00,2026-06-04 16:00:00
R-209,Clubhouse,2026-06-04 08:05:00,2026-06-05 17:00:00
R-395,Clubhouse,2026-06-04 08:10:00,2026-06-06 18:00:00
R-330,Tennis,2026-06-04 08:40:00,2026-06-05 18:00:00
R-236,Tennis,2026-06-04 09:20:00,2026-06-07 14:00:00
R-130,Tennis,2026-06-04 09:55:00,2026-06-05 08:00:00
R-253,Gym,2026-06-04 10:00:00,2026-06-05 06:00:00
R-430,Gym,2026-06-04 10:00:00,2026-06-05 18:00:00
R-395,Gym,2026-06-04 11:25:00,2026-06-05 18:00:00
R-314,Tennis,2026-06-04 11:30:00,2026-06-05 18:00:00
R-312,Clubhouse,2026-06-04 11:45:00,2026-06-06 18:00:00
R-243,Badminton,2026-06-04 11:50:00,2026-06-05 20:00:00
R-281,Tennis,2026-06-04 11:55:00,2026-06-05 19:00:00
R-260,Tennis,2026-06-04 12:20:00,2026-06-05 21:00:00
R-281,Gym,2026-06-04 12:45:00,2026-06-04 19:00:00
R-165,Clubhouse,2026-06-04 13:15:00,2026-06-07 11:00:00
R-129,Pool,2026-06-04 13:20:00,2026-06-05 12:00:00
R-245,Badminton,2026-06-04 13:20:00,2026-06-05 19:00:00
R-110,Tennis,2026-06-04 14:00:00,2026-06-05 19:00:00
R-218,Gym,2026-06-04 14:35:00,2026-06-05 10:00:00
R-278,Gym,2026-06-04 14:45:00,2026-06-04 19:00:00
R-312,Pool,2026-06-04 15:15:00,2026-06-06 15:00:00
R-227,Badminton,2026-06-04 15:30:00,2026-06-05 19:00:00
R-116,Gym,2026-06-04 15:30:00,2026-06-05 07:00:00
R-266,Gym,2026-06-04 15:35:00,2026-06-05 18:00:00
R-314,Badminton,2026-06-04 15:45:00,2026-06-05 20:00:00
R-446,Gym,2026-06-04 15:50:00,2026-06-05 07:00:00
R-150,Gym,2026-06-04 16:00:00,2026-06-05 06:00:00
R-104,Badminton,2026-06-04 16:10:00,2026-06-05 18:00:00
R-288,Hall,2026-06-04 16:15:00,2026-06-06 16:00:00
R-153,Pool,2026-06-04 16:15:00,2026-06-05 08:00:00
R-153,Pool,2026-06-04 16:20:00,2026-06-05 19:00:00
R-201,Tennis,2026-06-04 16:50:00,2026-06-05 06:00:00
R-414,Gym,2026-06-04 16:55:00,2026-06-05 19:00:00
R-231,Badminton,2026-06-04 16:55:00,2026-06-06 19:00:00
R-401,Gym,2026-06-04 17:05:00,2026-06-05 07:00:00
R-147,Pool,2026-06-04 17:15:00,2026-06-06 08:00:00
R-140,Pool,2026-06-04 17:15:00,2026-06-05 16:00:00
R-379,Pool,2026-06-04 17:50:00,2026-06-05 11:00:00
R-134,Hall,2026-06-04 17:50:00,2026-06-07 19:00:00
R-315,Pool,2026-06-04 18:30:00,2026-06-06 18:00:00
R-255,Clubhouse,2026-06-04 19:05:00,2026-06-07 14:00:00
R-449,Badminton,2026-06-04 19:10:00,2026-06-05 19:00:00
R-243,Pool,2026-06-04 19:10:00,2026-06-06 20:00:00
R-255,Clubhouse,2026-06-04 19:35:00,2026-06-07 16:00:00
R-240,Gym,2026-06-04 19:35:00,2026-06-05 07:00:00
R-380,Pool,2026-06-04 19:50:00,2026-06-07 19:00:00
R-213,Badminton,2026-06-04 20:20:00,2026-06-08 20:00:00
R-389,Gym,2026-06-04 21:05:00,2026-06-05 08:00:00
R-263,Gym,2026-06-04 21:25:00,2026-06-05 07:00:00
R-409,Gym,2026-06-04 21:45:00,2026-06-05 08:00:00
R-329,Gym,2026-06-04 22:35:00,2026-06-05 06:00:00
R-212,Gym,2026-06-04 23:10:00,2026-06-05 19:00:00
R-299,Tennis,2026-06-04 23:40:00,2026-06-05 20:00:00
R-365,Badminton,2026-06-04 23:45:00,2026-06-05 12:00:00
R-444,Gym,2026-06-05 00:15:00,2026-06-05 08:00:00
R-357,Badminton,2026-06-05 00:25:00,2026-06-05 17:00:00
R-397,Pool,2026-06-05 00:45:00,2026-06-05 19:00:00
R-437,Pool,2026-06-05 00:45:00,2026-06-05 19:00:00
R-430,Badminton,2026-06-05 00:50:00,2026-06-05 20:00:00
R-271,Pool,2026-06-05 00:50:00,2026-06-05 16:00:00
R-242,Pool,2026-06-05 01:25:00,2026-06-05 08:00:00
R-165,Pool,2026-06-05 01:35:00,2026-06-05 12:00:00
R-286,Gym,2026-06-05 02:10:00,2026-06-05 18:00:00
R-242,Pool,2026-06-05 03:05:00,2026-06-05 07:00:00
R-358,Gym,2026-06-05 03:15:00,2026-06-05 13:00:00
R-263,Gym,2026-06-05 03:25:00,2026-06-05 08:00:00
R-428,Pool,2026-06-05 03:30:00,2026-06-05 08:00:00
R-362,Pool,2026-06-05 03:35:00,2026-06-05 10:00:00
R-310,Pool,2026-06-05 03:40:00,2026-06-07 08:00:00
R-271,Gym,2026-06-05 03:45:00,2026-06-05 08:00:00
R-254,Gym,2026-06-05 04:00:00,2026-06-05 13:00:00
R-180,Gym,2026-06-05 04:15:00,2026-06-05 18:00:00
R-362,Badminton,2026-06-05 05:05:00,2026-06-05 21:00:00
R-272,Badminton,2026-06-05 05:20:00,2026-06-05 18:00:00
R-174,Gym,2026-06-05 05:35:00,2026-06-05 08:00:00
R-359,Gym,2026-06-05 05:40:00,2026-06-05 15:00:00
R-173,Badminton,2026-06-05 05:40:00,2026-06-06 18:00:00
R-274,Gym,2026-06-05 06:00:00,2026-06-06 07:00:00
R-430,Badminton,2026-06-05 06:55:00,2026-06-06 19:00:00
R-427,Clubhouse,2026-06-05 07:20:00,2026-06-06 11:00:00
R-384,Pool,2026-06-05 07:30:00,2026-06-07 17:00:00
R-100,Pool,2026-06-05 08:10:00,2026-06-07 16:00:00
R-274,Pool,2026-06-05 09:10:00,2026-06-05 19:00:00
R-350,Pool,2026-06-05 09:30:00,2026-06-05 15:00:00
R-107,Tennis,2026-06-05 09:50:00,2026-06-06 19:00:00
R-397,Pool,2026-06-05 09:55:00,2026-06-05 20:00:00
R-170,Gym,2026-06-05 10:05:00,2026-06-05 17:00:00
R-132,Pool,2026-06-05 10:15:00,2026-06-06 10:00:00
R-227,Badminton,2026-06-05 10:15:00,2026-06-05 21:00:00
R-234,Gym,2026-06-05 10:25:00,2026-06-05 19:00:00
R-238,Gym,2026-06-05 10:30:00,2026-06-06 09:00:00
R-208,Gym,2026-06-05 10:35:00,2026-06-05 21:00:00
R-340,Pool,2026-06-05 10:45:00,2026-06-05 15:00:00
R-127,Clubhouse,2026-06-05 10:45:00,2026-06-06 12:00:00
R-277,Badminton,2026-06-05 10:50:00,2026-06-06 21:00:00
R-323,Badminton,2026-06-05 11:20:00,2026-06-05 21:00:00
R-353,Pool,2026-06-05 12:45:00,2026-06-06 18:00:00
R-353,Gym,2026-06-05 13:05:00,2026-06-05 19:00:00
R-431,Clubhouse,2026-06-05 13:10:00,2026-06-07 17:00:00
R-361,Gym,2026-06-05 13:10:00,2026-06-06 08:00:00
R-307,Tennis,2026-06-05 13:25:00,2026-06-08 07:00:00
R-253,Pool,2026-06-05 13:40:00,2026-06-05 17:00:00
R-360,Gym,2026-06-05 13:55:00,2026-06-05 20:00:00
R-266,Tennis,2026-06-05 16:20:00,2026-06-06 19:00:00
R-211,Pool,2026-06-05 16:35:00,2026-06-06 15:00:00
R-238,Pool,2026-06-05 16:40:00,2026-06-06 10:00:00
R-270,Pool,2026-06-05 17:10:00,2026-06-06 16:00:00
R-270,Pool,2026-06-05 17:15:00,2026-06-06 17:00:00
R-132,Clubhouse,2026-06-05 18:05:00,2026-06-09 11:00:00
R-238,Pool,2026-06-05 18:15:00,2026-06-06 17:00:00
R-286,Gym,2026-06-05 18:35:00,2026-06-06 18:00:00
R-161,Clubhouse,2026-06-05 18:40:00,2026-06-06 11:00:00
R-340,Pool,2026-06-05 18:55:00,2026-06-06 15:00:00
R-307,Pool,2026-06-05 19:20:00,2026-06-07 19:00:00
R-227,Gym,2026-06-05 19:35:00,2026-06-06 08:00:00
R-400,Clubhouse,2026-06-05 19:40:00,2026-06-06 14:00:00
R-365,Pool,2026-06-05 20:30:00,2026-06-06 19:00:00
R-312,Pool,2026-06-05 20:35:00,2026-06-06 16:00:00
R-322,Pool,2026-06-05 20:45:00,2026-06-06 16:00:00
R-286,Gym,2026-06-05 21:20:00,2026-06-06 19:00:00
R-384,Pool,2026-06-05 22:25:00,2026-06-06 10:00:00
R-195,Pool,2026-06-05 22:25:00,2026-06-06 17:00:00
R-150,Pool,2026-06-05 22:55:00,2026-06-08 06:00:00
R-434,Tennis,2026-06-05 23:00:00,2026-06-07 08:00:00
R-166,Pool,2026-06-05 23:15:00,2026-06-06 12:00:00
R-244,Pool,2026-06-05 23:35:00,2026-06-06 20:00:00
R-310,Gym,2026-06-06 00:00:00,2026-06-06 07:00:00
R-139,Pool,2026-06-06 00:40:00,2026-06-08 08:00:00
R-219,Badminton,2026-06-06 00:45:00,2026-06-06 18:00:00
R-417,Pool,2026-06-06 01:05:00,2026-06-06 15:00:00
R-158,Pool,2026-06-06 01:25:00,2026-06-07 15:00:00
R-431,Pool,2026-06-06 01:55:00,2026-06-06 11:00:00
R-126,Badminton,2026-06-06 02:55:00,2026-06-06 18:00:00
R-364,Badminton,2026-06-06 03:10:00,2026-06-06 19:00:00
R-161,Clubhouse,2026-06-06 03:25:00,2026-06-06 18:00:00
R-286,Gym,2026-06-06 03:25:00,2026-06-06 21:00:00
R-270,Pool,2026-06-06 03:30:00,2026-06-06 14:00:00
R-192,Pool,2026-06-06 03:35:00,2026-06-06 13:00:00
R-211,Pool,2026-06-06 03:35:00,2026-06-06 16:00:00
R-109,Pool,2026-06-06 03:40:00,2026-06-06 15:00:00
R-192,Pool,2026-06-06 04:00:00,2026-06-06 11:00:00
R-137,Badminton,2026-06-06 04:10:00,2026-06-06 17:00:00
R-194,Gym,2026-06-06 04:15:00,2026-06-06 18:00:00
R-243,Badminton,2026-06-06 04:25:00,2026-06-06 21:00:00
R-271,Gym,2026-06-06 04:25:00,2026-06-06 08:00:00
R-406,Pool,2026-06-06 04:25:00,2026-06-06 17:00:00
R-277,Pool,2026-06-06 05:35:00,2026-06-06 18:00:00
R-274,Badminton,2026-06-06 06:15:00,2026-06-06 21:00:00
R-392,Pool,2026-06-06 06:15:00,2026-06-06 10:00:00
R-192,Pool,2026-06-06 06:25:00,2026-06-06 15:00:00
R-274,Badminton,2026-06-06 06:25:00,2026-06-06 18:00:00
R-377,Hall,2026-06-06 06:50:00,2026-06-13 12:00:00
R-281,Gym,2026-06-06 07:25:00,2026-06-06 19:00:00
R-195,Pool,2026-06-06 07:45:00,2026-06-06 14:00:00
R-192,Pool,2026-06-06 07:55:00,2026-06-06 14:00:00
R-320,Pool,2026-06-06 08:05:00,2026-06-08 19:00:00
R-345,Gym,2026-06-06 08:50:00,2026-06-06 18:00:00
R-397,Badminton,2026-06-06 08:55:00,2026-06-06 19:00:00
R-381,Gym,2026-06-06 09:00:00,2026-06-06 17:00:00
R-192,Pool,2026-06-06 09:15:00,2026-06-07 17:00:00
R-149,Pool,2026-06-06 09:50:00,2026-06-06 18:00:00
R-113,Gym,2026-06-06 10:15:00,2026-06-06 18:00:00
R-378,Gym,2026-06-06 10:20:00,2026-06-06 18:00:00
R-339,Gym,2026-06-06 11:05:00,2026-06-07 06:00:00
R-423,Pool,2026-06-06 11:05:00,2026-06-08 06:00:00
R-309,Clubhouse,2026-06-06 11:25:00,2026-06-13 11:00:00
R-142,Pool,2026-06-06 13:30:00,2026-06-07 21:00:00
R-138,Pool,2026-06-06 13:55:00,2026-06-07 18:00:00
R-181,Pool,2026-06-06 14:00:00,2026-06-06 18:00:00
R-204,Pool,2026-06-06 14:00:00,2026-06-07 17:00:00
R-383,Badminton,2026-06-06 15:45:00,2026-06-06 21:00:00
R-378,Pool,2026-06-06 16:15:00,2026-06-07 10:00:00
R-167,Gym,2026-06-06 17:50:00,2026-06-07 06:00:00
R-435,Gym,2026-06-06 18:35:00,2026-06-07 10:00:00
R-139,Pool,2026-06-06 18:40:00,2026-06-07 16:00:00
R-352,Badminton,2026-06-06 19:40:00,2026-06-07 21:00:00
R-113,Badminton,2026-06-06 19:50:00,2026-06-07 10:00:00
R-387,Pool,2026-06-06 20:05:00,2026-06-07 16:00:00
R-157,Pool,2026-06-06 20:15:00,2026-06-07 11:00:00
R-263,Gym,2026-06-06 21:15:00,2026-06-08 08:00:00
R-383,Badminton,2026-06-06 21:20:00,2026-06-07 20:00:00
R-292,Clubhouse,2026-06-06 21:20:00,2026-06-07 12:00:00
R-149,Badminton,2026-06-06 21:35:00,2026-06-07 21:00:00
R-139,Pool,2026-06-06 22:00:00,2026-06-08 17:00:00
R-369,Tennis,2026-06-06 22:30:00,2026-06-07 07:00:00
R-226,Badminton,2026-06-06 22:40:00,2026-06-07 11:00:00
R-317,Pool,2026-06-06 23:05:00,2026-06-07 10:00:00
R-395,Pool,2026-06-07 00:45:00,2026-06-07 12:00:00
R-222,Gym,2026-06-07 01:25:00,2026-06-07 18:00:00
R-376,Pool,2026-06-07 01:50:00,2026-06-07 18:00:00
R-393,Pool,2026-06-07 02:05:00,2026-06-07 12:00:00
R-145,Pool,2026-06-07 02:10:00,2026-06-08 07:00:00
R-155,Tennis,2026-06-07 02:45:00,2026-06-08 06:00:00
R-395,Pool,2026-06-07 03:05:00,2026-06-07 11:00:00
R-353,Tennis,2026-06-07 03:20:00,2026-06-09 21:00:00
R-227,Badminton,2026-06-07 03:30:00,2026-06-08 21:00:00
R-224,Pool,2026-06-07 03:50:00,2026-06-07 12:00:00
R-273,Pool,2026-06-07 04:00:00,2026-06-07 11:00:00
R-446,Tennis,2026-06-07 04:20:00,2026-06-08 08:00:00
R-350,Clubhouse,2026-06-07 04:30:00,2026-06-08 10:00:00
R-293,Badminton,2026-06-07 04:40:00,2026-06-08 07:00:00
R-165,Pool,2026-06-07 04:45:00,2026-06-07 18:00:00
R-159,Tennis,2026-06-07 05:35:00,2026-06-09 07:00:00
R-376,Pool,2026-06-07 06:00:00,2026-06-07 17:00:00
R-298,Tennis,2026-06-07 06:15:00,2026-06-09 08:00:00
R-366,Gym,2026-06-07 06:20:00,2026-06-08 07:00:00
R-275,Pool,2026-06-07 06:45:00,2026-06-07 16:00:00
R-194,Pool,2026-06-07 06:50:00,2026-06-07 17:00:00
R-140,Badminton,2026-06-07 06:55:00,2026-06-09 09:00:00
R-237,Pool,2026-06-07 07:00:00,2026-06-07 18:00:00
R-403,Badminton,2026-06-07 07:25:00,2026-06-07 15:00:00
R-435,Pool,2026-06-07 07:25:00,2026-06-07 16:00:00
R-183,Pool,2026-06-07 07:30:00,2026-06-07 14:00:00
R-252,Badminton,2026-06-07 07:30:00,2026-06-08 19:00:00
R-300,Pool,2026-06-07 07:45:00,2026-06-07 15:00:00
R-171,Gym,2026-06-07 07:55:00,2026-06-08 06:00:00
R-399,Pool,2026-06-07 08:20:00,2026-06-07 17:00:00
R-412,Badminton,2026-06-07 08:20:00,2026-06-09 07:00:00
R-195,Pool,2026-06-07 08:20:00,2026-06-07 18:00:00
R-137,Pool,2026-06-07 09:10:00,2026-06-08 19:00:00
R-400,Pool,2026-06-07 09:35:00,2026-06-07 16:00:00
R-279,Gym,2026-06-07 09:40:00,2026-06-07 19:00:00
R-272,Badminton,2026-06-07 09:45:00,2026-06-09 20:00:00
R-238,Pool,2026-06-07 09:45:00,2026-06-07 16:00:00
R-117,Pool,2026-06-07 10:55:00,2026-06-08 08:00:00
R-126,Pool,2026-06-07 11:05:00,2026-06-07 19:00:00
R-412,Gym,2026-06-07 11:25:00,2026-06-08 18:00:00
R-358,Gym,2026-06-07 11:50:00,2026-06-08 08:00:00
R-243,Badminton,2026-06-07 12:00:00,2026-06-08 20:00:00
R-102,Gym,2026-06-07 13:45:00,2026-06-08 06:00:00
R-352,Badminton,2026-06-07 13:45:00,2026-06-08 21:00:00
R-242,Gym,2026-06-07 14:10:00,2026-06-08 07:00:00
R-409,Pool,2026-06-07 14:40:00,2026-06-08 08:00:00
R-119,Gym,2026-06-07 14:45:00,2026-06-08 08:00:00
R-105,Gym,2026-06-07 15:55:00,2026-06-08 06:00:00
R-227,Badminton,2026-06-07 16:00:00,2026-06-08 18:00:00
R-114,Tennis,2026-06-07 16:30:00,2026-06-08 07:00:00
R-200,Pool,2026-06-07 17:20:00,2026-06-08 07:00:00
R-330,Pool,2026-06-07 18:05:00,2026-06-09 09:00:00
R-366,Gym,2026-06-07 18:20:00,2026-06-09 08:00:00
R-302,Badminton,2026-06-07 18:25:00,2026-06-09 07:00:00
R-375,Gym,2026-06-07 18:40:00,2026-06-08 08:00:00
R-240,Gym,2026-06-07 20:25:00,2026-06-08 06:00:00
R-430,Gym,2026-06-07 20:35:00,2026-06-09 20:00:00
R-428,Tennis,2026-06-07 20:40:00,2026-06-10 08:00:00
R-309,Clubhouse,2026-06-07 20:40:00,2026-06-14 10:00:00
R-290,Gym,2026-06-07 20:50:00,2026-06-08 19:00:00
R-331,Badminton,2026-06-07 21:05:00,2026-06-08 20:00:00
R-448,Gym,2026-06-07 21:10:00,2026-06-08 18:00:00
R-221,Pool,2026-06-07 21:15:00,2026-06-08 07:00:00
R-218,Badminton,2026-06-07 21:15:00,2026-06-08 22:00:00
R-432,Gym,2026-06-07 21:40:00,2026-06-08 06:00:00
R-338,Gym,2026-06-07 22:05:00,2026-06-08 18:00:00
R-177,Gym,2026-06-07 22:05:00,2026-06-08 08:00:00
R-401,Gym,2026-06-07 22:10:00,2026-06-08 06:00:00
R-298,Pool,2026-06-07 22:20:00,2026-06-08 19:00:00
R-281,Badminton,2026-06-07 22:25:00,2026-06-09 13:00:00
R-174,Gym,2026-06-07 22:25:00,2026-06-08 08:00:00
R-431,Pool,2026-06-07 22:40:00,2026-06-09 14:00:00
R-308,Gym,2026-06-07 22:50:00,2026-06-09 06:00:00
R-312,Clubhouse,2026-06-07 22:50:00,2026-06-13 11:00:00
R-213,Badminton,2026-06-07 22:55:00,2026-06-08 19:00:00
R-252,Badminton,2026-06-07 22:55:00,2026-06-08 18:00:00
R-258,Pool,2026-06-07 23:00:00,2026-06-08 12:00:00
R-141,Tennis,2026-06-07 23:15:00,2026-06-09 08:00:00
R-424,Pool,2026-06-07 23:30:00,2026-06-08 06:00:00
R-444,Gym,2026-06-07 23:30:00,2026-06-08 06:00:00
R-335,Badminton,2026-06-07 23:40:00,2026-06-08 20:00:00
R-201,Gym,2026-06-07 23:45:00,2026-06-08 08:00:00
R-434,Gym,2026-06-08 00:15:00,2026-06-08 11:00:00
R-240,Gym,2026-06-08 00:25:00,2026-06-09 07:00:00
R-156,Pool,2026-06-08 00:45:00,2026-06-08 08:00:00
R-118,Tennis,2026-06-08 00:45:00,2026-06-11 07:00:00
R-271,Pool,2026-06-08 00:45:00,2026-06-08 06:00:00
R-430,Tennis,2026-06-08 01:10:00,2026-06-08 20:00:00
R-286,Tennis,2026-06-08 01:10:00,2026-06-09 18:00:00
R-432,Tennis,2026-06-08 01:40:00,2026-06-12 07:00:00
R-329,Gym,2026-06-08 02:00:00,2026-06-08 07:00:00
R-234,Gym,2026-06-08 02:25:00,2026-06-08 19:00:00
R-175,Gym,2026-06-08 02:30:00,2026-06-08 17:00:00
R-118,Gym,2026-06-08 02:30:00,2026-06-08 08:00:00
R-272,Gym,2026-06-08 02:45:00,2026-06-08 18:00:00
R-145,Gym,2026-06-08 02:55:00,2026-06-08 06:00:00
R-126,Badminton,2026-06-08 03:15:00,2026-06-08 19:00:00
R-110,Pool,2026-06-08 03:45:00,2026-06-08 21:00:00
R-167,Badminton,2026-06-08 04:45:00,2026-06-09 08:00:00
R-128,Badminton,2026-06-08 06:25:00,2026-06-08 17:00:00
R-313,Gym,2026-06-08 06:55:00,2026-06-08 21:00:00
R-253,Pool,2026-06-08 07:10:00,2026-06-09 08:00:00
R-169,Badminton,2026-06-08 07:20:00,2026-06-09 18:00:00
R-103,Clubhouse,2026-06-08 07:30:00,2026-06-13 11:00:00
R-443,Badminton,2026-06-08 07:50:00,2026-06-09 10:00:00
R-421,Gym,2026-06-08 08:05:00,2026-06-09 06:00:00
R-293,Gym,2026-06-08 08:10:00,2026-06-08 19:00:00
R-225,Pool,2026-06-08 08:20:00,2026-06-09 19:00:00
R-434,Tennis,2026-06-08 08:20:00,2026-06-11 06:00:00
R-308,Gym,2026-06-08 08:35:00,2026-06-08 19:00:00
R-219,Pool,2026-06-08 09:00:00,2026-06-08 18:00:00
R-397,Gym,2026-06-08 09:20:00,2026-06-08 19:00:00
R-392,Clubhouse,2026-06-08 09:50:00,2026-06-09 15:00:00
R-434,Gym,2026-06-08 09:55:00,2026-06-10 07:00:00
R-365,Gym,2026-06-08 10:05:00,2026-06-08 18:00:00
R-104,Tennis,2026-06-08 10:25:00,2026-06-09 18:00:00
R-362,Badminton,2026-06-08 10:30:00,2026-06-08 18:00:00
R-271,Tennis,2026-06-08 10:35:00,2026-06-10 06:00:00
R-362,Tennis,2026-06-08 11:10:00,2026-06-08 20:00:00
R-145,Tennis,2026-06-08 11:15:00,2026-06-09 10:00:00
R-300,Pool,2026-06-08 11:30:00,2026-06-09 18:00:00
R-253,Tennis,2026-06-08 12:05:00,2026-06-10 06:00:00
R-354,Badminton,2026-06-08 12:35:00,2026-06-08 19:00:00
R-155,Tennis,2026-06-08 12:55:00,2026-06-09 14:00:00
R-193,Tennis,2026-06-08 13:20:00,2026-06-12 08:00:00
R-432,Tennis,2026-06-08 13:35:00,2026-06-09 06:00:00
R-448,Gym,2026-06-08 14:10:00,2026-06-08 19:00:00
R-339,Clubhouse,2026-06-08 15:05:00,2026-06-09 21:00:00
R-397,Pool,2026-06-08 15:10:00,2026-06-08 21:00:00
R-341,Gym,2026-06-08 15:15:00,2026-06-09 07:00:00
R-107,Gym,2026-06-08 15:30:00,2026-06-09 20:00:00
R-263,Pool,2026-06-08 15:55:00,2026-06-09 08:00:00
R-430,Gym,2026-06-08 16:45:00,2026-06-09 17:00:00
R-200,Clubhouse,2026-06-08 17:20:00,2026-06-09 12:00:00
R-240,Badminton,2026-06-08 17:20:00,2026-06-09 06:00:00
R-213,Tennis,2026-06-08 17:30:00,2026-06-10 19:00:00
R-418,Pool,2026-06-08 17:50:00,2026-06-10 08:00:00
R-412,Badminton,2026-06-08 17:55:00,2026-06-10 21:00:00
R-437,Badminton,2026-06-08 17:55:00,2026-06-09 06:00:00
R-372,Gym,2026-06-08 18:10:00,2026-06-10 06:00:00
R-263,Pool,2026-06-08 18:15:00,2026-06-09 06:00:00
R-435,Pool,2026-06-08 18:20:00,2026-06-09 15:00:00
R-299,Tennis,2026-06-08 18:30:00,2026-06-09 08:00:00
R-438,Pool,2026-06-08 18:40:00,2026-06-09 08:00:00
R-198,Gym,2026-06-08 18:45:00,2026-06-09 06:00:00
R-358,Pool,2026-06-08 18:50:00,2026-06-09 07:00:00
R-219,Badminton,2026-06-08 19:55:00,2026-06-09 18:00:00
R-370,Tennis,2026-06-08 20:00:00,2026-06-10 16:00:00
R-212,Pool,2026-06-08 20:00:00,2026-06-11 20:00:00
R-428,Gym,2026-06-08 20:40:00,2026-06-09 07:00:00
R-271,Gym,2026-06-08 20:40:00,2026-06-09 08:00:00
R-155,Gym,2026-06-08 20:50:00,2026-06-10 07:00:00
R-334,Gym,2026-06-08 21:00:00,2026-06-10 21:00:00
R-141,Pool,2026-06-08 21:10:00,2026-06-09 12:00:00
R-155,Pool,2026-06-08 21:10:00,2026-06-09 08:00:00
R-179,Badminton,2026-06-08 21:15:00,2026-06-09 18:00:00
R-432,Gym,2026-06-08 21:15:00,2026-06-10 07:00:00
R-142,Tennis,2026-06-08 21:35:00,2026-06-09 18:00:00
R-197,Clubhouse,2026-06-08 21:35:00,2026-06-13 14:00:00
R-105,Gym,2026-06-08 21:45:00,2026-06-09 07:00:00
R-263,Pool,2026-06-08 21:55:00,2026-06-09 07:00:00
R-329,Gym,2026-06-08 22:05:00,2026-06-10 06:00:00
R-156,Gym,2026-06-08 22:10:00,2026-06-09 06:00:00
R-272,Badminton,2026-06-08 22:25:00,2026-06-09 21:00:00
R-145,Gym,2026-06-08 22:30:00,2026-06-09 07:00:00
R-102,Gym,2026-06-08 22:30:00,2026-06-09 06:00:00
R-142,Badminton,2026-06-08 22:55:00,2026-06-09 13:00:00
R-159,Tennis,2026-06-08 23:40:00,2026-06-10 06:00:00
R-304,Tennis,2026-06-08 23:45:00,2026-06-09 16:00:00
R-102,Tennis,2026-06-09 00:00:00,2026-06-09 08:00:00
R-432,Pool,2026-06-09 00:05:00,2026-06-09 07:00:00
R-116,Pool,2026-06-09 00:15:00,2026-06-09 07:00:00
R-162,Gym,2026-06-09 00:20:00,2026-06-09 07:00:00
R-306,Pool,2026-06-09 00:20:00,2026-06-10 19:00:00
R-142,Badminton,2026-06-09 00:25:00,2026-06-11 18:00:00
R-225,Pool,2026-06-09 00:35:00,2026-06-09 08:00:00
R-286,Badminton,2026-06-09 00:40:00,2026-06-09 17:00:00
R-244,Gym,2026-06-09 01:00:00,2026-06-09 20:00:00
R-281,Gym,2026-06-09 01:10:00,2026-06-09 19:00:00
R-119,Gym,2026-06-09 01:10:00,2026-06-09 06:00:00
R-122,Tennis,2026-06-09 01:25:00,2026-06-10 08:00:00
R-234,Tennis,2026-06-09 01:30:00,2026-06-09 19:00:00
R-281,Badminton,2026-06-09 01:30:00,2026-06-09 20:00:00
R-225,Pool,2026-06-09 01:35:00,2026-06-11 11:00:00
R-329,Gym,2026-06-09 01:40:00,2026-06-10 08:00:00
R-278,Tennis,2026-06-09 02:00:00,2026-06-10 18:00:00
R-258,Pool,2026-06-09 02:20:00,2026-06-09 18:00:00
R-373,Badminton,2026-06-09 02:30:00,2026-06-09 21:00:00
R-441,Gym,2026-06-09 03:10:00,2026-06-09 10:00:00
R-240,Gym,2026-06-09 03:25:00,2026-06-10 07:00:00
R-153,Pool,2026-06-09 03:25:00,2026-06-09 08:00:00
R-404,Badminton,2026-06-09 03:40:00,2026-06-09 21:00:00
R-260,Badminton,2026-06-09 03:50:00,2026-06-09 13:00:00
R-361,Gym,2026-06-09 03:55:00,2026-06-09 08:00:00
R-361,Gym,2026-06-09 03:55:00,2026-06-09 12:00:00
R-336,Pool,2026-06-09 04:10:00,2026-06-09 18:00:00
R-448,Badminton,2026-06-09 04:30:00,2026-06-09 20:00:00
R-304,Tennis,2026-06-09 04:35:00,2026-06-09 11:00:00
R-418,Gym,2026-06-09 04:35:00,2026-06-09 15:00:00
R-254,Pool,2026-06-09 04:40:00,2026-06-11 07:00:00
R-210,Gym,2026-06-09 04:45:00,2026-06-09 08:00:00
R-223,Gym,2026-06-09 04:50:00,2026-06-09 13:00:00
R-437,Pool,2026-06-09 04:55:00,2026-06-09 21:00:00
R-385,Hall,2026-06-09 05:30:00,2026-06-12 12:00:00
R-119,Tennis,2026-06-09 07:25:00,2026-06-09 18:00:00
R-218,Badminton,2026-06-09 07:30:00,2026-06-11 20:00:00
R-210,Tennis,2026-06-09 08:15:00,2026-06-10 12:00:00
R-434,Gym,2026-06-09 08:45:00,2026-06-09 13:00:00
R-272,Badminton,2026-06-09 09:35:00,2026-06-10 19:00:00
R-139,Pool,2026-06-09 10:15:00,2026-06-09 19:00:00
R-128,Badminton,2026-06-09 10:40:00,2026-06-09 21:00:00
R-423,Gym,2026-06-09 10:50:00,2026-06-10 07:00:00
R-167,Tennis,2026-06-09 10:55:00,2026-06-11 06:00:00
R-227,Pool,2026-06-09 11:00:00,2026-06-09 19:00:00
R-167,Tennis,2026-06-09 11:20:00,2026-06-10 06:00:00
R-443,Gym,2026-06-09 11:30:00,2026-06-09 19:00:00
R-162,Pool,2026-06-09 11:30:00,2026-06-10 08:00:00
R-448,Gym,2026-06-09 11:45:00,2026-06-09 18:00:00
R-122,Pool,2026-06-09 12:05:00,2026-06-10 19:00:00
R-323,Pool,2026-06-09 12:05:00,2026-06-09 18:00:00
R-232,Badminton,2026-06-09 12:20:00,2026-06-10 12:00:00
R-293,Gym,2026-06-09 12:35:00,2026-06-09 20:00:00
R-293,Gym,2026-06-09 12:50:00,2026-06-09 18:00:00
R-286,Pool,2026-06-09 12:55:00,2026-06-09 20:00:00
R-362,Gym,2026-06-09 13:30:00,2026-06-09 18:00:00
R-446,Tennis,2026-06-09 13:35:00,2026-06-10 07:00:00
R-434,Tennis,2026-06-09 13:40:00,2026-06-10 11:00:00
R-339,Tennis,2026-06-09 13:40:00,2026-06-12 06:00:00
R-104,Gym,2026-06-09 13:45:00,2026-06-09 21:00:00
R-225,Pool,2026-06-09 14:05:00,2026-06-10 19:00:00
R-369,Pool,2026-06-09 14:25:00,2026-06-10 08:00:00
R-276,Clubhouse,2026-06-09 14:25:00,2026-06-14 17:00:00
R-218,Tennis,2026-06-09 14:30:00,2026-06-10 18:00:00
R-225,Tennis,2026-06-09 14:40:00,2026-06-11 06:00:00
R-341,Pool,2026-06-09 14:55:00,2026-06-09 21:00:00
R-215,Gym,2026-06-09 15:40:00,2026-06-09 20:00:00
R-413,Gym,2026-06-09 16:30:00,2026-06-11 06:00:00
R-198,Gym,2026-06-09 17:10:00,2026-06-10 07:00:00
R-281,Gym,2026-06-09 17:10:00,2026-06-10 09:00:00
R-252,Gym,2026-06-09 17:25:00,2026-06-10 18:00:00
R-263,Pool,2026-06-09 18:05:00,2026-06-10 07:00:00
R-177,Clubhouse,2026-06-09 18:10:00,2026-06-11 18:00:00
R-323,Badminton,2026-06-09 18:20:00,2026-06-10 15:00:00
R-243,Tennis,2026-06-09 18:35:00,2026-06-12 20:00:00
R-219,Pool,2026-06-09 18:45:00,2026-06-11 18:00:00
R-159,Tennis,2026-06-09 18:50:00,2026-06-10 08:00:00
R-248,Badminton,2026-06-09 18:55:00,2026-06-10 19:00:00
R-218,Gym,2026-06-09 19:00:00,2026-06-10 12:00:00
R-440,Gym,2026-06-09 19:05:00,2026-06-10 06:00:00
R-263,Tennis,2026-06-09 19:20:00,2026-06-11 07:00:00
R-240,Tennis,2026-06-09 19:20:00,2026-06-11 07:00:00
R-114,Gym,2026-06-09 19:45:00,2026-06-10 08:00:00
R-308,Badminton,2026-06-09 20:45:00,2026-06-11 15:00:00
R-291,Clubhouse,2026-06-09 20:45:00,2026-06-14 14:00:00
R-125,Gym,2026-06-09 20:55:00,2026-06-10 07:00:00
R-118,Gym,2026-06-09 21:15:00,2026-06-10 07:00:00
R-198,Pool,2026-06-09 21:20:00,2026-06-11 06:00:00
R-421,Pool,2026-06-09 21:20:00,2026-06-10 12:00:00
R-139,Pool,2026-06-09 21:25:00,2026-06-10 19:00:00
R-172,Gym,2026-06-09 21:35:00,2026-06-10 07:00:00
R-347,Gym,2026-06-09 21:50:00,2026-06-10 08:00:00
R-432,Pool,2026-06-09 21:55:00,2026-06-11 08:00:00
R-133,Hall,2026-06-09 22:10:00,2026-06-14 12:00:00
R-145,Gym,2026-06-09 22:10:00,2026-06-10 07:00:00
R-391,Gym,2026-06-09 22:35:00,2026-06-10 06:00:00
R-279,Pool,2026-06-09 22:35:00,2026-06-11 08:00:00
R-286,Badminton,2026-06-09 22:55:00,2026-06-10 19:00:00
R-306,Pool,2026-06-09 22:55:00,2026-06-10 09:00:00
R-281,Badminton,2026-06-09 23:00:00,2026-06-10 18:00:00
R-215,Badminton,2026-06-09 23:30:00,2026-06-10 21:00:00
R-257,Pool,2026-06-09 23:40:00,2026-06-10 11:00:00
R-226,Hall,2026-06-09 23:55:00,2026-06-12 18:00:00
R-413,Gym,2026-06-10 00:15:00,2026-06-10 06:00:00
R-298,Pool,2026-06-10 00:55:00,2026-06-10 19:00:00
R-104,Badminton,2026-06-10 01:20:00,2026-06-10 18:00:00
R-159,Tennis,2026-06-10 01:25:00,2026-06-12 08:00:00
R-277,Tennis,2026-06-10 01:55:00,2026-06-11 21:00:00
R-203,Tennis,2026-06-10 02:10:00,2026-06-11 08:00:00
R-403,Badminton,2026-06-10 02:10:00,2026-06-10 19:00:00
R-210,Gym,2026-06-10 02:45:00,2026-06-10 07:00:00
R-155,Gym,2026-06-10 02:55:00,2026-06-11 06:00:00
R-362,Badminton,2026-06-10 03:00:00,2026-06-10 18:00:00
R-423,Pool,2026-06-10 03:35:00,2026-06-11 08:00:00
R-252,Badminton,2026-06-10 03:50:00,2026-06-10 21:00:00
R-338,Gym,2026-06-10 04:25:00,2026-06-10 18:00:00
R-279,Pool,2026-06-10 05:00:00,2026-06-10 19:00:00
R-437,Gym,2026-06-10 05:10:00,2026-06-10 21:00:00
R-215,Pool,2026-06-10 05:15:00,2026-06-10 18:00:00
R-213,Badminton,2026-06-10 05:30:00,2026-06-11 20:00:00
R-247,Badminton,2026-06-10 05:35:00,2026-06-10 21:00:00
R-139,Tennis,2026-06-10 06:25:00,2026-06-12 19:00:00
R-280,Tennis,2026-06-10 06:50:00,2026-06-14 18:00:00
R-103,Pool,2026-06-10 06:50:00,2026-06-13 06:00:00
R-272,Badminton,2026-06-10 07:15:00,2026-06-12 22:00:00
R-184,Pool,2026-06-10 07:30:00,2026-06-12 16:00:00
R-238,Pool,2026-06-10 08:10:00,2026-06-13 08:00:00
R-124,Gym,2026-06-10 08:15:00,2026-06-10 12:00:00
R-353,Gym,2026-06-10 08:30:00,2026-06-10 18:00:00
R-253,Gym,2026-06-10 08:45:00,2026-06-11 07:00:00
R-119,Pool,2026-06-10 10:10:00,2026-06-11 07:00:00
R-222,Gym,2026-06-10 10:50:00,2026-06-10 19:00:00
R-104,Gym,2026-06-10 11:15:00,2026-06-10 19:00:00
R-428,Gym,2026-06-10 11:30:00,2026-06-10 17:00:00
R-222,Tennis,2026-06-10 11:45:00,2026-06-11 18:00:00
R-307,Pool,2026-06-10 12:10:00,2026-06-11 07:00:00
R-346,Hall,2026-06-10 12:55:00,2026-06-20 15:00:00
R-443,Gym,2026-06-10 13:05:00,2026-06-10 20:00:00
R-278,Gym,2026-06-10 13:45:00,2026-06-10 19:00:00
R-430,Gym,2026-06-10 13:45:00,2026-06-10 19:00:00
R-401,Gym,2026-06-10 13:45:00,2026-06-11 16:00:00
R-186,Badminton,2026-06-10 14:10:00,2026-06-13 12:00:00
R-192,Gym,2026-06-10 14:30:00,2026-06-11 10:00:00
R-171,Gym,2026-06-10 15:10:00,2026-06-11 19:00:00
R-309,Pool,2026-06-10 15:20:00,2026-06-13 15:00:00
R-335,Gym,2026-06-10 15:25:00,2026-06-10 21:00:00
R-362,Gym,2026-06-10 15:50:00,2026-06-10 21:00:00
R-388,Gym,2026-06-10 16:45:00,2026-06-10 21:00:00
R-173,Tennis,2026-06-10 17:20:00,2026-06-12 10:00:00
R-228,Tennis,2026-06-10 18:00:00,2026-06-12 19:00:00
R-401,Gym,2026-06-10 18:15:00,2026-06-11 07:00:00
R-244,Gym,2026-06-10 18:20:00,2026-06-11 20:00:00
R-104,Gym,2026-06-10 18:35:00,2026-06-11 18:00:00
R-443,Gym,2026-06-10 20:00:00,2026-06-12 09:00:00
R-279,Gym,2026-06-10 21:05:00,2026-06-11 19:00:00
R-130,Gym,2026-06-10 22:10:00,2026-06-11 06:00:00
R-156,Gym,2026-06-10 22:10:00,2026-06-11 08:00:00
R-240,Pool,2026-06-10 22:15:00,2026-06-11 06:00:00
R-424,Tennis,2026-06-10 22:30:00,2026-06-11 07:00:00
R-215,Gym,2026-06-10 23:55:00,2026-06-11 19:00:00
R-174,Gym,2026-06-11 00:00:00,2026-06-11 06:00:00
R-163,Gym,2026-06-11 00:05:00,2026-06-11 06:00:00
R-313,Gym,2026-06-11 00:20:00,2026-06-12 18:00:00
R-181,Pool,2026-06-11 00:25:00,2026-06-11 21:00:00
R-274,Badminton,2026-06-11 00:25:00,2026-06-12 21:00:00
R-403,Badminton,2026-06-11 00:35:00,2026-06-12 11:00:00
R-111,Badminton,2026-06-11 01:00:00,2026-06-11 18:00:00
R-171,Pool,2026-06-11 01:05:00,2026-06-12 06:00:00
R-383,Badminton,2026-06-11 01:20:00,2026-06-11 20:00:00
R-124,Gym,2026-06-11 01:35:00,2026-06-11 17:00:00
R-119,Gym,2026-06-11 01:55:00,2026-06-11 08:00:00
R-371,Gym,2026-06-11 02:00:00,2026-06-11 08:00:00
R-243,Badminton,2026-06-11 02:20:00,2026-06-11 11:00:00
R-219,Badminton,2026-06-11 02:30:00,2026-06-11 20:00:00
R-172,Pool,2026-06-11 02:45:00,2026-06-11 12:00:00
R-122,Pool,2026-06-11 02:45:00,2026-06-11 07:00:00
R-126,Badminton,2026-06-11 03:20:00,2026-06-11 19:00:00
R-232,Clubhouse,2026-06-11 03:30:00,2026-06-11 19:00:00
R-132,Clubhouse,2026-06-11 03:40:00,2026-06-13 18:00:00
R-401,Tennis,2026-06-11 03:45:00,2026-06-12 08:00:00
R-170,Gym,2026-06-11 04:15:00,2026-06-12 07:00:00
R-391,Gym,2026-06-11 04:45:00,2026-06-11 21:00:00
R-366,Gym,2026-06-11 04:50:00,2026-06-12 08:00:00
R-357,Gym,2026-06-11 05:10:00,2026-06-11 20:00:00
R-110,Gym,2026-06-11 05:15:00,2026-06-11 19:00:00
R-274,Badminton,2026-06-11 05:25:00,2026-06-12 20:00:00
R-132,Clubhouse,2026-06-11 05:50:00,2026-06-13 15:00:00
R-441,Badminton,2026-06-11 06:00:00,2026-06-12 19:00:00
R-404,Tennis,2026-06-11 06:05:00,2026-06-13 19:00:00
R-306,Gym,2026-06-11 06:30:00,2026-06-11 19:00:00
R-301,Pool,2026-06-11 06:35:00,2026-06-12 18:00:00
R-277,Badminton,2026-06-11 07:20:00,2026-06-13 21:00:00
R-160,Pool,2026-06-11 07:20:00,2026-06-11 18:00:00
R-106,Pool,2026-06-11 07:35:00,2026-06-11 17:00:00
R-102,Tennis,2026-06-11 07:55:00,2026-06-12 06:00:00
R-423,Tennis,2026-06-11 09:05:00,2026-06-16 09:00:00
R-370,Gym,2026-06-11 09:05:00,2026-06-12 07:00:00
R-391,Tennis,2026-06-11 09:35:00,2026-06-12 08:00:00
R-153,Pool,2026-06-11 10:00:00,2026-06-12 07:00:00
R-126,Badminton,2026-06-11 10:20:00,2026-06-11 18:00:00
R-127,Clubhouse,2026-06-11 10:45:00,2026-06-13 15:00:00
R-358,Pool,2026-06-11 10:55:00,2026-06-12 08:00:00
R-362,Gym,2026-06-11 11:00:00,2026-06-11 19:00:00
R-170,Gym,2026-06-11 12:25:00,2026-06-12 08:00:00
R-362,Gym,2026-06-11 13:00:00,2026-06-11 20:00:00
R-137,Pool,2026-06-11 13:25:00,2026-06-11 19:00:00
R-122,Tennis,2026-06-11 14:05:00,2026-06-12 12:00:00
R-301,Gym,2026-06-11 14:20:00,2026-06-11 20:00:00
R-208,Badminton,2026-06-11 14:50:00,2026-06-12 18:00:00
R-435,Clubhouse,2026-06-11 15:30:00,2026-06-14 18:00:00
R-160,Gym,2026-06-11 15:35:00,2026-06-11 21:00:00
R-104,Badminton,2026-06-11 15:50:00,2026-06-12 18:00:00
R-134,Gym,2026-06-11 16:10:00,2026-06-12 11:00:00
R-418,Gym,2026-06-11 16:15:00,2026-06-12 07:00:00
R-389,Tennis,2026-06-11 16:35:00,2026-06-12 07:00:00
R-111,Pool,2026-06-11 17:00:00,2026-06-12 08:00:00
R-271,Pool,2026-06-11 17:00:00,2026-06-12 07:00:00
R-165,Pool,2026-06-11 17:15:00,2026-06-13 11:00:00
R-358,Pool,2026-06-11 17:20:00,2026-06-12 06:00:00
R-432,Gym,2026-06-11 17:25:00,2026-06-12 08:00:00
R-448,Pool,2026-06-11 17:25:00,2026-06-12 16:00:00
R-170,Gym,2026-06-11 18:20:00,2026-06-12 06:00:00
R-434,Pool,2026-06-11 18:50:00,2026-06-12 06:00:00
R-397,Badminton,2026-06-11 19:20:00,2026-06-12 20:00:00
R-218,Gym,2026-06-11 19:20:00,2026-06-12 20:00:00
R-119,Tennis,2026-06-11 19:25:00,2026-06-12 06:00:00
R-155,Gym,2026-06-11 19:30:00,2026-06-12 06:00:00
R-246,Pool,2026-06-11 19:35:00,2026-06-12 08:00:00
R-275,Pool,2026-06-11 20:10:00,2026-06-13 11:00:00
R-373,Badminton,2026-06-11 20:15:00,2026-06-13 21:00:00
R-439,Clubhouse,2026-06-11 20:30:00,2026-06-12 19:00:00
R-448,Badminton,2026-06-11 20:40:00,2026-06-12 20:00:00
R-107,Badminton,2026-06-11 21:10:00,2026-06-14 20:00:00
R-162,Gym,2026-06-11 21:10:00,2026-06-12 06:00:00
R-444,Gym,2026-06-11 21:15:00,2026-06-12 07:00:00
R-446,Tennis,2026-06-11 21:30:00,2026-06-12 06:00:00
R-263,Gym,2026-06-11 21:40:00,2026-06-12 06:00:00
R-423,Gym,2026-06-11 21:40:00,2026-06-12 07:00:00
R-145,Gym,2026-06-11 22:25:00,2026-06-12 07:00:00
R-122,Pool,2026-06-11 22:50:00,2026-06-12 08:00:00
R-150,Gym,2026-06-11 23:05:00,2026-06-12 06:00:00
R-366,Gym,2026-06-11 23:25:00,2026-06-12 09:00:00
R-277,Badminton,2026-06-11 23:25:00,2026-06-12 20:00:00
R-139,Pool,2026-06-11 23:30:00,2026-06-12 08:00:00
R-142,Badminton,2026-06-11 23:35:00,2026-06-12 21:00:00
R-304,Gym,2026-06-11 23:50:00,2026-06-12 07:00:00
R-404,Gym,2026-06-12 00:40:00,2026-06-12 21:00:00
R-296,Badminton,2026-06-12 00:45:00,2026-06-12 19:00:00
R-102,Gym,2026-06-12 01:00:00,2026-06-12 08:00:00
R-238,Clubhouse,2026-06-12 01:30:00,2026-06-13 23:00:00
R-312,Pool,2026-06-12 01:50:00,2026-06-13 17:00:00
R-397,Pool,2026-06-12 01:55:00,2026-06-12 18:00:00
R-428,Gym,2026-06-12 01:55:00,2026-06-12 07:00:00
R-107,Badminton,2026-06-12 02:05:00,2026-06-12 18:00:00
R-286,Badminton,2026-06-12 02:15:00,2026-06-12 21:00:00
R-396,Pool,2026-06-12 02:40:00,2026-06-12 12:00:00
R-154,Badminton,2026-06-12 02:45:00,2026-06-12 18:00:00
R-329,Gym,2026-06-12 03:45:00,2026-06-12 13:00:00
R-225,Pool,2026-06-12 03:45:00,2026-06-12 07:00:00
R-192,Clubhouse,2026-06-12 04:15:00,2026-06-13 17:00:00
R-219,Pool,2026-06-12 04:45:00,2026-06-13 18:00:00
R-386,Pool,2026-06-12 05:10:00,2026-06-12 20:00:00
R-270,Clubhouse,2026-06-12 05:30:00,2026-06-13 18:00:00
R-322,Clubhouse,2026-06-12 05:45:00,2026-06-13 16:00:00
R-409,Gym,2026-06-12 05:50:00,2026-06-12 08:00:00
R-300,Badminton,2026-06-12 06:25:00,2026-06-13 15:00:00
R-353,Gym,2026-06-12 06:30:00,2026-06-12 19:00:00
R-186,Gym,2026-06-12 07:05:00,2026-06-13 08:00:00
R-192,Pool,2026-06-12 07:25:00,2026-06-14 15:00:00
R-135,Hall,2026-06-12 07:35:00,2026-06-21 11:00:00
R-106,Pool,2026-06-12 07:55:00,2026-06-12 19:00:00
R-256,Tennis,2026-06-12 08:05:00,2026-06-17 08:00:00
R-225,Tennis,2026-06-12 08:15:00,2026-06-17 08:00:00
R-142,Gym,2026-06-12 08:20:00,2026-06-12 19:00:00
R-118,Gym,2026-06-12 08:25:00,2026-06-12 19:00:00
R-228,Badminton,2026-06-12 08:30:00,2026-06-12 21:00:00
R-356,Pool,2026-06-12 09:10:00,2026-06-13 16:00:00
R-107,Gym,2026-06-12 09:15:00,2026-06-12 20:00:00
R-404,Gym,2026-06-12 10:05:00,2026-06-12 19:00:00
R-228,Gym,2026-06-12 10:10:00,2026-06-13 06:00:00
R-197,Pool,2026-06-12 10:20:00,2026-06-13 10:00:00
R-110,Pool,2026-06-12 10:30:00,2026-06-12 19:00:00
R-100,Pool,2026-06-12 10:35:00,2026-06-13 16:00:00
R-137,Pool,2026-06-12 10:45:00,2026-06-13 17:00:00
R-126,Pool,2026-06-12 10:50:00,2026-06-12 21:00:00
R-441,Pool,2026-06-12 11:30:00,2026-06-13 10:00:00
R-315,Pool,2026-06-12 11:50:00,2026-06-14 16:00:00
R-151,Badminton,2026-06-12 12:05:00,2026-06-13 20:00:00
R-305,Pool,2026-06-12 12:15:00,2026-06-13 08:00:00
R-272,Badminton,2026-06-12 12:55:00,2026-06-13 13:00:00
R-286,Gym,2026-06-12 13:10:00,2026-06-12 20:00:00
R-449,Pool,2026-06-12 13:10:00,2026-06-14 12:00:00
R-428,Pool,2026-06-12 13:40:00,2026-06-13 07:00:00
R-274,Badminton,2026-06-12 13:50:00,2026-06-13 18:00:00
R-179,Gym,2026-06-12 14:15:00,2026-06-12 20:00:00
R-248,Gym,2026-06-12 14:55:00,2026-06-13 18:00:00
R-177,Gym,2026-06-12 15:10:00,2026-06-12 19:00:00
R-341,Pool,2026-06-12 15:25:00,2026-06-15 08:00:00
R-192,Pool,2026-06-12 16:20:00,2026-06-13 07:00:00
R-199,Gym,2026-06-12 16:45:00,2026-06-13 18:00:00
R-335,Badminton,2026-06-12 16:50:00,2026-06-13 18:00:00
R-211,Pool,2026-06-12 16:55:00,2026-06-13 21:00:00
R-334,Gym,2026-06-12 17:15:00,2026-06-13 19:00:00
R-277,Badminton,2026-06-12 17:15:00,2026-06-13 20:00:00
R-140,Badminton,2026-06-12 17:35:00,2026-06-13 06:00:00
R-219,Pool,2026-06-12 17:35:00,2026-06-13 21:00:00
R-437,Pool,2026-06-12 18:10:00,2026-06-13 18:00:00
R-300,Pool,2026-06-12 20:10:00,2026-06-13 16:00:00
R-430,Gym,2026-06-12 20:25:00,2026-06-13 18:00:00
R-193,Badminton,2026-06-12 21:50:00,2026-06-15 19:00:00
R-429,Hall,2026-06-12 22:00:00,2026-06-19 11:00:00
R-170,Gym,2026-06-12 22:20:00,2026-06-13 08:00:00
R-447,Badminton,2026-06-12 22:50:00,2026-06-13 20:00:00
R-352,Badminton,2026-06-12 23:00:00,2026-06-13 19:00:00
R-227,Pool,2026-06-12 23:35:00,2026-06-13 21:00:00
R-395,Pool,2026-06-12 23:45:00,2026-06-13 10:00:00
R-260,Tennis,2026-06-12 23:55:00,2026-06-13 20:00:00
R-252,Tennis,2026-06-12 23:55:00,2026-06-13 19:00:00
R-130,Pool,2026-06-13 00:00:00,2026-06-15 07:00:00
R-385,Pool,2026-06-13 00:10:00,2026-06-13 18:00:00
R-405,Pool,2026-06-13 00:20:00,2026-06-13 11:00:00
R-286,Pool,2026-06-13 00:45:00,2026-06-13 15:00:00
R-120,Pool,2026-06-13 00:55:00,2026-06-13 12:00:00
R-285,Clubhouse,2026-06-13 01:55:00,2026-06-13 14:00:00
R-367,Pool,2026-06-13 02:10:00,2026-06-13 07:00:00
R-124,Tennis,2026-06-13 02:15:00,2026-06-13 20:00:00
R-431,Pool,2026-06-13 02:30:00,2026-06-13 16:00:00
R-145,Gym,2026-06-13 02:50:00,2026-06-13 06:00:00
R-134,Hall,2026-06-13 02:55:00,2026-06-21 19:00:00
R-388,Pool,2026-06-13 03:00:00,2026-06-13 13:00:00
R-311,Pool,2026-06-13 03:15:00,2026-06-13 15:00:00
R-270,Clubhouse,2026-06-13 03:30:00,2026-06-14 10:00:00
R-336,Pool,2026-06-13 03:45:00,2026-06-13 11:00:00
R-169,Badminton,2026-06-13 03:50:00,2026-06-13 18:00:00
R-219,Pool,2026-06-13 03:55:00,2026-06-13 19:00:00
R-403,Badminton,2026-06-13 04:10:00,2026-06-14 20:00:00
R-429,Pool,2026-06-13 04:15:00,2026-06-13 19:00:00
R-441,Badminton,2026-06-13 04:20:00,2026-06-13 20:00:00
R-281,Gym,2026-06-13 04:20:00,2026-06-13 20:00:00
R-431,Clubhouse,2026-06-13 04:30:00,2026-06-14 17:00:00
R-142,Gym,2026-06-13 04:40:00,2026-06-13 19:00:00
R-123,Pool,2026-06-13 04:45:00,2026-06-13 16:00:00
R-162,Pool,2026-06-13 04:55:00,2026-06-15 07:00:00
R-100,Pool,2026-06-13 04:55:00,2026-06-14 17:00:00
R-392,Gym,2026-06-13 05:10:00,2026-06-13 10:00:00
R-395,Pool,2026-06-13 05:40:00,2026-06-13 18:00:00
R-317,Pool,2026-06-13 05:40:00,2026-06-13 15:00:00
R-392,Pool,2026-06-13 06:05:00,2026-06-14 11:00:00
R-145,Gym,2026-06-13 07:05:00,2026-06-14 06:00:00
R-338,Badminton,2026-06-13 07:15:00,2026-06-13 17:00:00
R-149,Badminton,2026-06-13 07:20:00,2026-06-13 21:00:00
R-363,Pool,2026-06-13 07:45:00,2026-06-13 17:00:00
R-418,Gym,2026-06-13 08:00:00,2026-06-15 08:00:00
R-397,Badminton,2026-06-13 08:05:00,2026-06-14 21:00:00
R-292,Pool,2026-06-13 08:15:00,2026-06-14 17:00:00
R-317,Pool,2026-06-13 08:40:00,2026-06-14 16:00:00
R-105,Pool,2026-06-13 08:40:00,2026-06-16 08:00:00
R-197,Pool,2026-06-13 09:05:00,2026-06-14 09:00:00
R-161,Clubhouse,2026-06-13 09:15:00,2026-06-14 14:00:00
R-284,Clubhouse,2026-06-13 09:15:00,2026-06-14 14:00:00
R-366,Pool,2026-06-13 09:20:00,2026-06-16 06:00:00
R-272,Gym,2026-06-13 09:50:00,2026-06-13 18:00:00
R-113,Pool,2026-06-13 10:50:00,2026-06-13 16:00:00
R-236,Pool,2026-06-13 10:50:00,2026-06-13 17:00:00
R-315,Pool,2026-06-13 11:00:00,2026-06-14 10:00:00
R-443,Gym,2026-06-13 11:30:00,2026-06-13 21:00:00
R-383,Gym,2026-06-13 11:45:00,2026-06-13 18:00:00
R-146,Pool,2026-06-13 12:25:00,2026-06-13 21:00:00
R-217,Clubhouse,2026-06-13 12:55:00,2026-06-14 14:00:00
R-299,Tennis,2026-06-13 13:40:00,2026-06-16 06:00:00
R-137,Pool,2026-06-13 13:55:00,2026-06-13 19:00:00
R-279,Gym,2026-06-13 14:00:00,2026-06-15 06:00:00
R-353,Gym,2026-06-13 14:05:00,2026-06-13 21:00:00
R-430,Pool,2026-06-13 14:20:00,2026-06-13 21:00:00
R-179,Gym,2026-06-13 14:50:00,2026-06-13 19:00:00
R-309,Clubhouse,2026-06-13 15:00:00,2026-06-20 15:00:00
R-102,Tennis,2026-06-13 16:15:00,2026-06-16 06:00:00
R-312,Pool,2026-06-13 16:40:00,2026-06-14 15:00:00
R-168,Pool,2026-06-13 16:40:00,2026-06-14 15:00:00
R-132,Pool,2026-06-13 17:05:00,2026-06-14 11:00:00
R-395,Pool,2026-06-13 17:15:00,2026-06-14 11:00:00
R-395,Pool,2026-06-13 17:25:00,2026-06-14 12:00:00
R-312,Gym,2026-06-13 18:20:00,2026-06-14 17:00:00
R-100,Pool,2026-06-13 18:25:00,2026-06-14 10:00:00
R-146,Badminton,2026-06-13 20:05:00,2026-06-14 18:00:00
R-238,Pool,2026-06-13 20:15:00,2026-06-14 18:00:00
R-415,Pool,2026-06-13 20:40:00,2026-06-14 19:00:00
R-253,Gym,2026-06-13 20:50:00,2026-06-15 06:00:00
R-215,Gym,2026-06-13 21:00:00,2026-06-15 21:00:00
R-311,Pool,2026-06-13 21:25:00,2026-06-14 10:00:00
R-248,Tennis,2026-06-13 21:30:00,2026-06-15 20:00:00
R-210,Clubhouse,2026-06-13 22:35:00,2026-06-15 19:00:00
R-391,Gym,2026-06-13 22:50:00,2026-06-15 08:00:00
R-306,Gym,2026-06-13 23:00:00,2026-06-14 14:00:00
R-196,Gym,2026-06-13 23:40:00,2026-06-14 14:00:00
R-199,Gym,2026-06-13 23:50:00,2026-06-15 12:00:00
R-132,Pool,2026-06-14 00:20:00,2026-06-14 16:00:00
R-392,Pool,2026-06-14 01:05:00,2026-06-14 16:00:00
R-446,Gym,2026-06-14 02:55:00,2026-06-14 06:00:00
R-273,Pool,2026-06-14 02:55:00,2026-06-14 16:00:00
R-434,Gym,2026-06-14 03:00:00,2026-06-15 07:00:00
R-151,Pool,2026-06-14 03:10:00,2026-06-15 21:00:00
R-150,Pool,2026-06-14 04:00:00,2026-06-15 07:00:00
R-366,Gym,2026-06-14 04:10:00,2026-06-15 07:00:00
R-301,Badminton,2026-06-14 04:15:00,2026-06-16 21:00:00
R-449,Clubhouse,2026-06-14 04:45:00,2026-06-17 11:00:00
R-404,Tennis,2026-06-14 04:50:00,2026-06-15 19:00:00
R-211,Pool,2026-06-14 05:00:00,2026-06-14 15:00:00
R-359,Badminton,2026-06-14 05:45:00,2026-06-14 20:00:00
R-285,Pool,2026-06-14 05:50:00,2026-06-14 16:00:00
R-182,Gym,2026-06-14 06:25:00,2026-06-14 20:00:00
R-375,Pool,2026-06-14 06:30:00,2026-06-15 06:00:00
R-155,Gym,2026-06-14 06:40:00,2026-06-15 10:00:00
R-245,Badminton,2026-06-14 06:40:00,2026-06-15 19:00:00
R-412,Gym,2026-06-14 06:45:00,2026-06-15 20:00:00
R-188,Gym,2026-06-14 06:45:00,2026-06-16 06:00:00
R-215,Badminton,2026-06-14 06:50:00,2026-06-15 19:00:00
R-306,Tennis,2026-06-14 06:55:00,2026-06-15 19:00:00
R-372,Gym,2026-06-14 07:50:00,2026-06-15 07:00:00
R-400,Gym,2026-06-14 08:00:00,2026-06-14 15:00:00
R-336,Pool,2026-06-14 08:05:00,2026-06-14 17:00:00
R-389,Pool,2026-06-14 08:25:00,2026-06-17 08:00:00
R-414,Gym,2026-06-14 09:00:00,2026-06-15 08:00:00
R-436,Pool,2026-06-14 09:10:00,2026-06-14 15:00:00
R-102,Gym,2026-06-14 09:10:00,2026-06-15 16:00:00
R-381,Tennis,2026-06-14 10:45:00,2026-06-16 18:00:00
R-170,Gym,2026-06-14 11:45:00,2026-06-15 13:00:00
R-430,Gym,2026-06-14 11:50:00,2026-06-14 19:00:00
R-235,Pool,2026-06-14 11:55:00,2026-06-15 19:00:00
R-123,Pool,2026-06-14 12:00:00,2026-06-14 17:00:00
R-215,Badminton,2026-06-14 12:05:00,2026-06-15 17:00:00
R-240,Tennis,2026-06-14 12:35:00,2026-06-15 08:00:00
R-132,Clubhouse,2026-06-14 13:30:00,2026-06-21 11:00:00
R-144,Gym,2026-06-14 13:40:00,2026-06-15 07:00:00
R-263,Badminton,2026-06-14 14:15:00,2026-06-16 07:00:00
R-191,Clubhouse,2026-06-14 14:25:00,2026-06-21 14:00:00
R-353,Pool,2026-06-14 15:00:00,2026-06-16 19:00:00
R-351,Tennis,2026-06-14 15:50:00,2026-06-15 08:00:00
R-414,Pool,2026-06-14 16:00:00,2026-06-15 19:00:00
R-397,Pool,2026-06-14 16:00:00,2026-06-15 18:00:00
R-388,Pool,2026-06-14 17:00:00,2026-06-15 20:00:00
R-327,Pool,2026-06-14 17:15:00,2026-06-15 13:00:00
R-412,Badminton,2026-06-14 17:40:00,2026-06-15 21:00:00
R-207,Pool,2026-06-14 17:40:00,2026-06-15 07:00:00
R-370,Badminton,2026-06-14 18:35:00,2026-06-15 08:00:00
R-274,Badminton,2026-06-14 18:35:00,2026-06-15 19:00:00
R-358,Pool,2026-06-14 18:45:00,2026-06-15 06:00:00
R-254,Gym,2026-06-14 19:05:00,2026-06-15 06:00:00
R-130,Pool,2026-06-14 19:25:00,2026-06-15 08:00:00
R-314,Badminton,2026-06-14 19:45:00,2026-06-15 20:00:00
R-434,Tennis,2026-06-14 20:05:00,2026-06-16 08:00:00
R-119,Gym,2026-06-14 20:10:00,2026-06-15 07:00:00
R-401,Gym,2026-06-14 20:10:00,2026-06-15 13:00:00
R-219,Badminton,2026-06-14 20:30:00,2026-06-15 17:00:00
R-366,Gym,2026-06-14 20:40:00,2026-06-15 08:00:00
R-227,Badminton,2026-06-14 20:45:00,2026-06-15 18:00:00
R-265,Gym,2026-06-14 21:10:00,2026-06-15 19:00:00
R-432,Gym,2026-06-14 21:40:00,2026-06-15 06:00:00
R-448,Badminton,2026-06-14 21:40:00,2026-06-15 18:00:00
R-431,Clubhouse,2026-06-14 21:45:00,2026-06-20 15:00:00
R-437,Badminton,2026-06-14 22:15:00,2026-06-15 21:00:00
R-150,Gym,2026-06-14 22:20:00,2026-06-16 06:00:00
R-272,Gym,2026-06-14 22:20:00,2026-06-15 18:00:00
R-301,Gym,2026-06-14 22:25:00,2026-06-15 19:00:00
R-112,Pool,2026-06-14 22:50:00,2026-06-15 08:00:00
R-210,Tennis,2026-06-14 22:55:00,2026-06-15 08:00:00
R-163,Gym,2026-06-14 22:55:00,2026-06-15 08:00:00
R-370,Gym,2026-06-14 23:15:00,2026-06-16 07:00:00
R-263,Gym,2026-06-14 23:35:00,2026-06-15 06:00:00
R-432,Pool,2026-06-14 23:35:00,2026-06-16 06:00:00
R-240,Pool,2026-06-14 23:40:00,2026-06-15 06:00:00
R-103,Pool,2026-06-15 00:00:00,2026-06-15 10:00:00
R-438,Pool,2026-06-15 00:00:00,2026-06-15 08:00:00
R-150,Gym,2026-06-15 00:00:00,2026-06-15 08:00:00
R-359,Badminton,2026-06-15 00:10:00,2026-06-16 19:00:00
R-170,Gym,2026-06-15 00:25:00,2026-06-15 06:00:00
R-228,Badminton,2026-06-15 00:35:00,2026-06-15 20:00:00
R-159,Gym,2026-06-15 00:40:00,2026-06-15 06:00:00
R-251,Pool,2026-06-15 00:40:00,2026-06-15 17:00:00
R-174,Pool,2026-06-15 01:40:00,2026-06-15 08:00:00
R-369,Tennis,2026-06-15 01:40:00,2026-06-16 08:00:00
R-329,Gym,2026-06-15 02:05:00,2026-06-16 06:00:00
R-162,Pool,2026-06-15 02:15:00,2026-06-16 06:00:00
R-373,Tennis,2026-06-15 04:15:00,2026-06-16 21:00:00
R-286,Badminton,2026-06-15 04:25:00,2026-06-16 21:00:00
R-324,Badminton,2026-06-15 04:50:00,2026-06-15 20:00:00
R-361,Pool,2026-06-15 05:10:00,2026-06-17 08:00:00
R-221,Pool,2026-06-15 05:55:00,2026-06-16 07:00:00
R-200,Pool,2026-06-15 06:00:00,2026-06-15 17:00:00
R-213,Badminton,2026-06-15 06:30:00,2026-06-17 20:00:00
R-182,Gym,2026-06-15 07:15:00,2026-06-15 19:00:00
R-277,Badminton,2026-06-15 07:40:00,2026-06-16 19:00:00
R-369,Gym,2026-06-15 07:55:00,2026-06-15 16:00:00
R-277,Badminton,2026-06-15 08:30:00,2026-06-16 21:00:00
R-366,Gym,2026-06-15 08:45:00,2026-06-17 08:00:00
R-155,Tennis,2026-06-15 08:50:00,2026-06-16 08:00:00
R-221,Gym,2026-06-15 08:50:00,2026-06-15 12:00:00
R-381,Tennis,2026-06-15 10:10:00,2026-06-19 08:00:00
R-132,Pool,2026-06-15 10:30:00,2026-06-16 11:00:00
R-151,Badminton,2026-06-15 10:50:00,2026-06-15 20:00:00
R-300,Clubhouse,2026-06-15 11:15:00,2026-06-21 11:00:00
R-423,Pool,2026-06-15 11:20:00,2026-06-16 12:00:00
R-146,Gym,2026-06-15 11:30:00,2026-06-15 20:00:00
R-174,Gym,2026-06-15 11:35:00,2026-06-16 06:00:00
R-253,Tennis,2026-06-15 11:35:00,2026-06-17 07:00:00
R-150,Gym,2026-06-15 11:40:00,2026-06-16 07:00:00
R-402,Pool,2026-06-15 11:40:00,2026-06-16 08:00:00
R-146,Badminton,2026-06-15 12:25:00,2026-06-15 21:00:00
R-162,Tennis,2026-06-15 13:45:00,2026-06-17 07:00:00
R-446,Gym,2026-06-15 14:00:00,2026-06-16 06:00:00
R-436,Clubhouse,2026-06-15 14:15:00,2026-06-20 11:00:00
R-391,Gym,2026-06-15 14:45:00,2026-06-16 06:00:00
R-128,Badminton,2026-06-15 15:15:00,2026-06-16 18:00:00
R-146,Gym,2026-06-15 15:15:00,2026-06-15 19:00:00
R-423,Tennis,2026-06-15 15:15:00,2026-06-17 07:00:00
R-447,Badminton,2026-06-15 16:05:00,2026-06-16 10:00:00
R-430,Pool,2026-06-15 16:20:00,2026-06-16 20:00:00
R-448,Tennis,2026-06-15 16:20:00,2026-06-16 20:00:00
R-116,Gym,2026-06-15 17:05:00,2026-06-15 22:00:00
R-257,Badminton,2026-06-15 17:15:00,2026-06-16 19:00:00
R-261,Badminton,2026-06-15 17:50:00,2026-06-17 18:00:00
R-271,Gym,2026-06-15 17:55:00,2026-06-16 06:00:00
R-155,Gym,2026-06-15 18:50:00,2026-06-17 06:00:00
R-110,Tennis,2026-06-15 18:50:00,2026-06-16 19:00:00
R-246,Pool,2026-06-15 19:00:00,2026-06-16 07:00:00
R-222,Pool,2026-06-15 19:10:00,2026-06-16 20:00:00
R-279,Gym,2026-06-15 19:35:00,2026-06-16 19:00:00
R-271,Tennis,2026-06-15 19:55:00,2026-06-17 06:00:00
R-171,Pool,2026-06-15 20:00:00,2026-06-16 19:00:00
R-430,Badminton,2026-06-15 20:20:00,2026-06-16 19:00:00
R-383,Gym,2026-06-15 20:50:00,2026-06-16 21:00:00
R-228,Badminton,2026-06-15 21:05:00,2026-06-16 18:00:00
R-272,Gym,2026-06-15 21:20:00,2026-06-16 20:00:00
R-279,Tennis,2026-06-15 21:30:00,2026-06-17 19:00:00
R-125,Pool,2026-06-15 22:05:00,2026-06-16 20:00:00
R-118,Pool,2026-06-15 22:15:00,2026-06-16 06:00:00
R-423,Gym,2026-06-15 22:30:00,2026-06-16 08:00:00
R-339,Tennis,2026-06-15 22:30:00,2026-06-19 06:00:00
R-353,Tennis,2026-06-15 22:40:00,2026-06-18 19:00:00
R-281,Tennis,2026-06-15 22:40:00,2026-06-16 19:00:00
R-225,Gym,2026-06-15 22:55:00,2026-06-16 19:00:00
R-167,Gym,2026-06-15 23:05:00,2026-06-16 08:00:00
R-334,Gym,2026-06-15 23:35:00,2026-06-16 19:00:00
R-225,Tennis,2026-06-15 23:50:00,2026-06-17 13:00:00
R-119,Tennis,2026-06-16 00:15:00,2026-06-16 08:00:00
R-424,Gym,2026-06-16 00:20:00,2026-06-16 07:00:00
R-107,Badminton,2026-06-16 00:40:00,2026-06-17 18:00:00
R-154,Pool,2026-06-16 01:00:00,2026-06-17 19:00:00
R-114,Tennis,2026-06-16 01:05:00,2026-06-17 08:00:00
R-139,Pool,2026-06-16 01:05:00,2026-06-16 19:00:00
R-335,Badminton,2026-06-16 01:30:00,2026-06-17 19:00:00
R-112,Tennis,2026-06-16 01:50:00,2026-06-19 06:00:00
R-143,Badminton,2026-06-16 02:25:00,2026-06-16 18:00:00
R-404,Badminton,2026-06-16 02:40:00,2026-06-17 19:00:00
R-265,Gym,2026-06-16 02:45:00,2026-06-16 18:00:00
R-247,Badminton,2026-06-16 02:50:00,2026-06-16 20:00:00
R-257,Gym,2026-06-16 03:15:00,2026-06-16 20:00:00
R-145,Gym,2026-06-16 03:20:00,2026-06-17 07:00:00
R-391,Tennis,2026-06-16 04:00:00,2026-06-17 06:00:00
R-443,Gym,2026-06-16 04:15:00,2026-06-16 18:00:00
R-130,Gym,2026-06-16 04:20:00,2026-06-17 08:00:00
R-279,Gym,2026-06-16 04:35:00,2026-06-17 06:00:00
R-428,Pool,2026-06-16 05:00:00,2026-06-17 08:00:00
R-443,Gym,2026-06-16 06:00:00,2026-06-16 20:00:00
R-361,Pool,2026-06-16 06:15:00,2026-06-16 15:00:00
R-272,Badminton,2026-06-16 06:45:00,2026-06-16 18:00:00
R-313,Badminton,2026-06-16 06:55:00,2026-06-16 21:00:00
R-279,Pool,2026-06-16 07:30:00,2026-06-19 07:00:00
R-144,Pool,2026-06-16 08:05:00,2026-06-17 08:00:00
R-434,Tennis,2026-06-16 08:05:00,2026-06-18 08:00:00
R-306,Pool,2026-06-16 08:15:00,2026-06-17 19:00:00
R-106,Pool,2026-06-16 08:15:00,2026-06-17 08:00:00
R-117,Gym,2026-06-16 08:40:00,2026-06-17 07:00:00
R-169,Clubhouse,2026-06-16 08:50:00,2026-06-16 20:00:00
R-437,Gym,2026-06-16 08:55:00,2026-06-16 19:00:00
R-162,Gym,2026-06-16 09:35:00,2026-06-17 06:00:00
R-119,Gym,2026-06-16 09:45:00,2026-06-17 06:00:00
R-353,Badminton,2026-06-16 09:50:00,2026-06-17 21:00:00
R-194,Pool,2026-06-16 10:25:00,2026-06-17 17:00:00
R-299,Gym,2026-06-16 11:00:00,2026-06-16 16:00:00
R-149,Tennis,2026-06-16 11:40:00,2026-06-16 19:00:00
R-361,Gym,2026-06-16 12:00:00,2026-06-17 09:00:00
R-177,Pool,2026-06-16 12:10:00,2026-06-17 12:00:00
R-401,Gym,2026-06-16 12:25:00,2026-06-17 06:00:00
R-329,Gym,2026-06-16 12:30:00,2026-06-17 08:00:00
R-256,Gym,2026-06-16 12:30:00,2026-06-17 06:00:00
R-144,Gym,2026-06-16 12:45:00,2026-06-17 06:00:00
R-253,Tennis,2026-06-16 13:10:00,2026-06-17 06:00:00
R-210,Gym,2026-06-16 13:45:00,2026-06-16 19:00:00
R-438,Tennis,2026-06-16 13:55:00,2026-06-17 07:00:00
R-448,Gym,2026-06-16 14:35:00,2026-06-17 19:00:00
R-367,Tennis,2026-06-16 15:50:00,2026-06-17 12:00:00
R-306,Tennis,2026-06-16 16:30:00,2026-06-18 06:00:00
R-404,Gym,2026-06-16 16:55:00,2026-06-16 19:00:00
R-169,Tennis,2026-06-16 16:55:00,2026-06-17 21:00:00
R-118,Gym,2026-06-16 17:00:00,2026-06-17 07:00:00
R-167,Gym,2026-06-16 17:25:00,2026-06-17 07:00:00
R-295,Badminton,2026-06-16 17:25:00,2026-06-17 21:00:00
R-122,Badminton,2026-06-16 17:30:00,2026-06-17 11:00:00
R-190,Clubhouse,2026-06-16 17:55:00,2026-06-20 11:00:00
R-305,Pool,2026-06-16 17:55:00,2026-06-17 06:00:00
R-369,Gym,2026-06-16 18:00:00,2026-06-17 07:00:00
R-432,Gym,2026-06-16 18:35:00,2026-06-17 08:00:00
R-139,Gym,2026-06-16 18:45:00,2026-06-17 19:00:00
R-105,Gym,2026-06-16 18:50:00,2026-06-17 06:00:00
R-254,Pool,2026-06-16 18:55:00,2026-06-18 06:00:00
R-437,Badminton,2026-06-16 19:10:00,2026-06-17 20:00:00
R-253,Gym,2026-06-16 19:15:00,2026-06-17 09:00:00
R-165,Pool,2026-06-16 19:35:00,2026-06-19 19:00:00
R-375,Gym,2026-06-16 20:10:00,2026-06-17 06:00:00
R-222,Badminton,2026-06-16 20:20:00,2026-06-18 20:00:00
R-371,Pool,2026-06-16 20:30:00,2026-06-17 07:00:00
R-105,Pool,2026-06-16 20:40:00,2026-06-17 08:00:00
R-391,Gym,2026-06-16 20:50:00,2026-06-17 22:00:00
R-232,Badminton,2026-06-16 21:10:00,2026-06-17 17:00:00
R-122,Pool,2026-06-16 21:25:00,2026-06-18 19:00:00
R-301,Gym,2026-06-16 21:25:00,2026-06-17 18:00:00
R-248,Gym,2026-06-16 21:30:00,2026-06-17 18:00:00
R-286,Badminton,2026-06-16 21:55:00,2026-06-17 18:00:00
R-224,Tennis,2026-06-16 22:00:00,2026-06-17 19:00:00
R-286,Gym,2026-06-16 22:15:00,2026-06-18 20:00:00
R-188,Gym,2026-06-16 22:55:00,2026-06-18 06:00:00
R-444,Gym,2026-06-16 23:05:00,2026-06-17 07:00:00
R-252,Badminton,2026-06-16 23:05:00,2026-06-17 19:00:00
R-101,Badminton,2026-06-16 23:30:00,2026-06-19 11:00:00
R-130,Gym,2026-06-16 23:40:00,2026-06-17 06:00:00
R-156,Gym,2026-06-17 00:05:00,2026-06-17 07:00:00
R-150,Gym,2026-06-17 00:25:00,2026-06-17 06:00:00
R-277,Badminton,2026-06-17 01:10:00,2026-06-18 18:00:00
R-438,Gym,2026-06-17 01:40:00,2026-06-18 08:00:00
R-218,Badminton,2026-06-17 02:05:00,2026-06-18 18:00:00
R-112,Pool,2026-06-17 02:05:00,2026-06-17 07:00:00
R-257,Badminton,2026-06-17 02:45:00,2026-06-17 21:00:00
R-249,Gym,2026-06-17 02:55:00,2026-06-17 16:00:00
R-146,Gym,2026-06-17 02:55:00,2026-06-17 18:00:00
R-213,Pool,2026-06-17 03:30:00,2026-06-18 19:00:00
R-286,Badminton,2026-06-17 03:35:00,2026-06-18 22:00:00
R-167,Tennis,2026-06-17 03:35:00,2026-06-18 08:00:00
R-124,Badminton,2026-06-17 03:50:00,2026-06-17 21:00:00
R-221,Pool,2026-06-17 04:05:00,2026-06-17 09:00:00
R-437,Gym,2026-06-17 04:40:00,2026-06-18 20:00:00
R-102,Tennis,2026-06-17 04:50:00,2026-06-18 06:00:00
R-227,Tennis,2026-06-17 05:05:00,2026-06-17 18:00:00
R-139,Pool,2026-06-17 07:10:00,2026-06-19 19:00:00
R-365,Badminton,2026-06-17 07:10:00,2026-06-18 21:00:00
R-432,Gym,2026-06-17 07:45:00,2026-06-18 06:00:00
R-434,Gym,2026-06-17 08:00:00,2026-06-18 06:00:00
R-402,Badminton,2026-06-17 08:05:00,2026-06-18 07:00:00
R-391,Pool,2026-06-17 08:15:00,2026-06-19 06:00:00
R-414,Pool,2026-06-17 08:50:00,2026-06-17 19:00:00
R-302,Tennis,2026-06-17 09:00:00,2026-06-19 08:00:00
R-146,Gym,2026-06-17 09:05:00,2026-06-17 19:00:00
R-175,Pool,2026-06-17 09:45:00,2026-06-17 17:00:00
R-125,Pool,2026-06-17 10:05:00,2026-06-18 08:00:00
R-201,Badminton,2026-06-17 10:40:00,2026-06-17 18:00:00
R-439,Hall,2026-06-17 10:55:00,2026-06-19 11:00:00
R-168,Clubhouse,2026-06-17 10:55:00,2026-06-18 15:00:00
R-234,Pool,2026-06-17 11:30:00,2026-06-17 19:00:00
R-249,Gym,2026-06-17 11:30:00,2026-06-17 21:00:00
R-358,Gym,2026-06-17 11:40:00,2026-06-18 06:00:00
R-219,Pool,2026-06-17 11:50:00,2026-06-17 21:00:00
R-344,Clubhouse,2026-06-17 11:50:00,2026-06-20 16:00:00
R-219,Pool,2026-06-17 12:35:00,2026-06-18 18:00:00
R-350,Clubhouse,2026-06-17 12:55:00,2026-06-21 14:00:00
R-257,Pool,2026-06-17 13:05:00,2026-06-17 20:00:00
R-397,Pool,2026-06-17 13:10:00,2026-06-18 20:00:00
R-441,Gym,2026-06-17 13:40:00,2026-06-17 20:00:00
R-228,Badminton,2026-06-17 13:55:00,2026-06-18 08:00:00
R-424,Gym,2026-06-17 14:10:00,2026-06-18 08:00:00
R-248,Tennis,2026-06-17 14:20:00,2026-06-18 18:00:00
R-106,Tennis,2026-06-17 14:45:00,2026-06-21 08:00:00
R-293,Badminton,2026-06-17 14:45:00,2026-06-18 10:00:00
R-389,Gym,2026-06-17 14:55:00,2026-06-18 06:00:00
R-435,Clubhouse,2026-06-17 15:00:00,2026-06-20 11:00:00
R-323,Pool,2026-06-17 15:10:00,2026-06-18 19:00:00
R-145,Tennis,2026-06-17 15:15:00,2026-06-19 09:00:00
R-144,Pool,2026-06-17 15:35:00,2026-06-18 07:00:00
R-228,Gym,2026-06-17 15:55:00,2026-06-17 20:00:00
R-149,Pool,2026-06-17 16:00:00,2026-06-17 20:00:00
R-216,Pool,2026-06-17 16:05:00,2026-06-18 07:00:00
R-263,Tennis,2026-06-17 16:15:00,2026-06-18 12:00:00
R-110,Tennis,2026-06-17 16:50:00,2026-06-18 19:00:00
R-323,Badminton,2026-06-17 17:50:00,2026-06-18 20:00:00
R-274,Badminton,2026-06-17 18:00:00,2026-06-18 20:00:00
R-372,Gym,2026-06-17 18:45:00,2026-06-18 07:00:00
R-277,Gym,2026-06-17 18:50:00,2026-06-18 20:00:00
R-261,Gym,2026-06-17 18:50:00,2026-06-19 18:00:00
R-423,Gym,2026-06-17 19:10:00,2026-06-19 08:00:00
R-193,Pool,2026-06-17 20:05:00,2026-06-18 12:00:00
R-279,Pool,2026-06-17 20:15:00,2026-06-18 08:00:00
R-286,Badminton,2026-06-17 20:35:00,2026-06-18 18:00:00
R-199,Gym,2026-06-17 20:45:00,2026-06-18 08:00:00
R-305,Gym,2026-06-17 20:50:00,2026-06-18 06:00:00
R-219,Pool,2026-06-17 20:55:00,2026-06-20 20:00:00
R-125,Gym,2026-06-17 20:55:00,2026-06-18 16:00:00
R-276,Pool,2026-06-17 21:00:00,2026-06-19 16:00:00
R-142,Badminton,2026-06-17 21:20:00,2026-06-18 18:00:00
R-279,Gym,2026-06-17 21:20:00,2026-06-18 19:00:00
R-253,Gym,2026-06-17 21:25:00,2026-06-18 07:00:00
R-361,Gym,2026-06-17 21:35:00,2026-06-19 06:00:00
R-170,Tennis,2026-06-17 21:40:00,2026-06-22 08:00:00
R-305,Pool,2026-06-17 21:45:00,2026-06-18 08:00:00
R-174,Gym,2026-06-17 21:50:00,2026-06-18 07:00:00
R-300,Pool,2026-06-17 22:05:00,2026-06-20 11:00:00
R-102,Pool,2026-06-17 22:05:00,2026-06-19 07:00:00
R-208,Gym,2026-06-17 23:10:00,2026-06-18 18:00:00
R-371,Gym,2026-06-17 23:15:00,2026-06-18 08:00:00
R-395,Clubhouse,2026-06-17 23:25:00,2026-06-20 18:00:00
R-359,Badminton,2026-06-17 23:40:00,2026-06-20 20:00:00
R-142,Gym,2026-06-17 23:40:00,2026-06-18 21:00:00
R-156,Gym,2026-06-17 23:45:00,2026-06-18 07:00:00
R-170,Gym,2026-06-18 00:00:00,2026-06-18 06:00:00
R-174,Pool,2026-06-18 00:15:00,2026-06-18 08:00:00
R-371,Gym,2026-06-18 00:20:00,2026-06-18 06:00:00
R-263,Pool,2026-06-18 00:30:00,2026-06-19 06:00:00
R-336,Pool,2026-06-18 00:50:00,2026-06-20 14:00:00
R-215,Badminton,2026-06-18 01:00:00,2026-06-19 18:00:00
R-447,Tennis,2026-06-18 01:05:00,2026-06-18 21:00:00
R-281,Gym,2026-06-18 01:05:00,2026-06-18 18:00:00
R-144,Pool,2026-06-18 01:20:00,2026-06-18 06:00:00
R-263,Gym,2026-06-18 01:40:00,2026-06-18 08:00:00
R-366,Gym,2026-06-18 01:45:00,2026-06-18 13:00:00
R-228,Pool,2026-06-18 02:00:00,2026-06-18 20:00:00
R-271,Gym,2026-06-18 02:00:00,2026-06-18 06:00:00
R-227,Badminton,2026-06-18 02:15:00,2026-06-19 19:00:00
R-401,Gym,2026-06-18 02:15:00,2026-06-18 08:00:00
R-318,Pool,2026-06-18 02:35:00,2026-06-18 08:00:00
R-122,Clubhouse,2026-06-18 02:40:00,2026-06-19 19:00:00
R-437,Pool,2026-06-18 03:50:00,2026-06-18 19:00:00
R-260,Gym,2026-06-18 04:10:00,2026-06-18 19:00:00
R-414,Tennis,2026-06-18 04:10:00,2026-06-19 19:00:00
R-334,Badminton,2026-06-18 04:15:00,2026-06-19 19:00:00
R-119,Gym,2026-06-18 04:30:00,2026-06-19 06:00:00
R-182,Gym,2026-06-18 05:15:00,2026-06-18 19:00:00
R-418,Tennis,2026-06-18 05:25:00,2026-06-19 08:00:00
R-339,Gym,2026-06-18 06:20:00,2026-06-18 20:00:00
R-397,Badminton,2026-06-18 06:45:00,2026-06-19 21:00:00
R-225,Pool,2026-06-18 07:45:00,2026-06-19 08:00:00
R-430,Gym,2026-06-18 07:45:00,2026-06-18 19:00:00
R-250,Pool,2026-06-18 07:50:00,2026-06-19 07:00:00
R-306,Pool,2026-06-18 08:20:00,2026-06-18 19:00:00
R-272,Badminton,2026-06-18 08:35:00,2026-06-19 21:00:00
R-307,Pool,2026-06-18 08:35:00,2026-06-19 19:00:00
R-155,Gym,2026-06-18 09:05:00,2026-06-19 06:00:00
R-141,Pool,2026-06-18 09:20:00,2026-06-18 18:00:00
R-441,Badminton,2026-06-18 09:35:00,2026-06-19 20:00:00
R-103,Clubhouse,2026-06-18 10:05:00,2026-06-21 17:00:00
R-154,Pool,2026-06-18 10:20:00,2026-06-18 19:00:00
R-252,Gym,2026-06-18 10:25:00,2026-06-18 21:00:00
R-161,Clubhouse,2026-06-18 10:30:00,2026-06-20 18:00:00
R-290,Badminton,2026-06-18 10:30:00,2026-06-18 20:00:00
R-417,Gym,2026-06-18 10:30:00,2026-06-18 16:00:00
R-443,Gym,2026-06-18 11:10:00,2026-06-18 14:00:00
R-360,Gym,2026-06-18 11:35:00,2026-06-18 18:00:00
R-313,Pool,2026-06-18 12:00:00,2026-06-19 18:00:00
R-296,Tennis,2026-06-18 12:55:00,2026-06-18 18:00:00
R-362,Badminton,2026-06-18 13:00:00,2026-06-18 21:00:00
R-294,Clubhouse,2026-06-18 13:05:00,2026-06-19 15:00:00
R-249,Pool,2026-06-18 13:25:00,2026-06-18 18:00:00
R-100,Pool,2026-06-18 13:30:00,2026-06-20 14:00:00
R-277,Badminton,2026-06-18 14:10:00,2026-06-20 19:00:00
R-105,Badminton,2026-06-18 15:00:00,2026-06-19 13:00:00
R-179,Badminton,2026-06-18 15:10:00,2026-06-18 21:00:00
R-222,Badminton,2026-06-18 15:30:00,2026-06-19 20:00:00
R-418,Gym,2026-06-18 15:35:00,2026-06-19 06:00:00
R-331,Gym,2026-06-18 15:50:00,2026-06-18 21:00:00
R-446,Pool,2026-06-18 17:15:00,2026-06-19 06:00:00
R-222,Badminton,2026-06-18 17:25:00,2026-06-20 20:00:00
R-221,Pool,2026-06-18 18:15:00,2026-06-19 08:00:00
R-401,Gym,2026-06-18 18:20:00,2026-06-19 06:00:00
R-116,Gym,2026-06-18 18:20:00,2026-06-19 07:00:00
R-113,Pool,2026-06-18 19:35:00,2026-06-20 15:00:00
R-404,Pool,2026-06-18 19:50:00,2026-06-19 20:00:00
R-114,Gym,2026-06-18 19:50:00,2026-06-19 07:00:00
R-386,Pool,2026-06-18 21:00:00,2026-06-20 11:00:00
R-182,Badminton,2026-06-18 21:05:00,2026-06-19 18:00:00
R-428,Gym,2026-06-18 21:10:00,2026-06-19 06:00:00
R-208,Badminton,2026-06-18 21:10:00,2026-06-19 18:00:00
R-335,Badminton,2026-06-18 21:20:00,2026-06-19 20:00:00
R-155,Gym,2026-06-18 21:35:00,2026-06-19 07:00:00
R-106,Gym,2026-06-18 21:50:00,2026-06-19 22:00:00
R-371,Gym,2026-06-18 21:55:00,2026-06-19 06:00:00
R-113,Clubhouse,2026-06-18 22:05:00,2026-06-21 14:00:00
R-423,Gym,2026-06-18 22:10:00,2026-06-19 19:00:00
R-110,Pool,2026-06-18 22:10:00,2026-06-19 13:00:00
R-312,Clubhouse,2026-06-18 22:10:00,2026-06-20 16:00:00
R-401,Gym,2026-06-18 22:15:00,2026-06-19 07:00:00
R-372,Gym,2026-06-18 22:20:00,2026-06-19 06:00:00
R-401,Gym,2026-06-18 22:20:00,2026-06-19 09:00:00
R-424,Gym,2026-06-18 22:50:00,2026-06-19 07:00:00
R-337,Clubhouse,2026-06-18 23:10:00,2026-06-19 20:00:00
R-386,Pool,2026-06-18 23:15:00,2026-06-19 10:00:00
R-375,Pool,2026-06-18 23:20:00,2026-06-19 15:00:00
R-243,Tennis,2026-06-18 23:30:00,2026-06-19 18:00:00
R-350,Clubhouse,2026-06-18 23:55:00,2026-06-20 20:00:00
R-394,Pool,2026-06-19 00:00:00,2026-06-20 15:00:00
R-146,Badminton,2026-06-19 00:15:00,2026-06-19 21:00:00
R-329,Gym,2026-06-19 01:00:00,2026-06-19 18:00:00
R-174,Gym,2026-06-19 01:05:00,2026-06-19 06:00:00
R-253,Gym,2026-06-19 01:35:00,2026-06-19 08:00:00
R-435,Clubhouse,2026-06-19 01:45:00,2026-06-20 10:00:00
R-105,Gym,2026-06-19 01:50:00,2026-06-19 08:00:00
R-365,Gym,2026-06-19 02:00:00,2026-06-19 19:00:00
R-286,Gym,2026-06-19 02:10:00,2026-06-19 11:00:00
R-248,Pool,2026-06-19 02:55:00,2026-06-19 20:00:00
R-434,Gym,2026-06-19 03:05:00,2026-06-19 08:00:00
R-447,Pool,2026-06-19 03:10:00,2026-06-19 20:00:00
R-448,Pool,2026-06-19 03:15:00,2026-06-19 20:00:00
R-370,Gym,2026-06-19 03:30:00,2026-06-19 21:00:00
R-211,Pool,2026-06-19 03:45:00,2026-06-21 11:00:00
R-225,Pool,2026-06-19 03:50:00,2026-06-19 19:00:00
R-139,Tennis,2026-06-19 04:20:00,2026-06-23 19:00:00
R-280,Pool,2026-06-19 04:25:00,2026-06-19 12:00:00
R-163,Gym,2026-06-19 04:30:00,2026-06-19 08:00:00
R-231,Gym,2026-06-19 04:35:00,2026-06-19 14:00:00
R-291,Pool,2026-06-19 04:50:00,2026-06-20 18:00:00
R-416,Pool,2026-06-19 04:55:00,2026-06-20 15:00:00
R-191,Pool,2026-06-19 05:40:00,2026-06-21 07:00:00
R-357,Badminton,2026-06-19 06:25:00,2026-06-19 17:00:00
R-265,Badminton,2026-06-19 06:50:00,2026-06-20 07:00:00
R-401,Pool,2026-06-19 07:10:00,2026-06-20 08:00:00
R-384,Pool,2026-06-19 07:55:00,2026-06-20 10:00:00
R-244,Badminton,2026-06-19 07:55:00,2026-06-20 18:00:00
R-440,Tennis,2026-06-19 08:00:00,2026-06-20 08:00:00
R-156,Gym,2026-06-19 08:15:00,2026-06-19 12:00:00
R-321,Clubhouse,2026-06-19 08:15:00,2026-06-21 15:00:00
R-356,Clubhouse,2026-06-19 08:20:00,2026-06-21 10:00:00
R-279,Pool,2026-06-19 08:40:00,2026-06-22 08:00:00
R-268,Pool,2026-06-19 08:45:00,2026-06-20 07:00:00
R-158,Pool,2026-06-19 08:55:00,2026-06-20 16:00:00
R-435,Pool,2026-06-19 09:25:00,2026-06-21 10:00:00
R-281,Badminton,2026-06-19 09:25:00,2026-06-20 20:00:00
R-149,Pool,2026-06-19 09:30:00,2026-06-19 18:00:00
R-108,Hall,2026-06-19 09:55:00,2026-06-21 11:00:00
R-203,Tennis,2026-06-19 10:20:00,2026-06-20 08:00:00
R-406,Pool,2026-06-19 10:35:00,2026-06-20 15:00:00
R-276,Clubhouse,2026-06-19 10:45:00,2026-06-21 16:00:00
R-252,Pool,2026-06-19 11:00:00,2026-06-20 19:00:00
R-145,Gym,2026-06-19 11:10:00,2026-06-19 22:00:00
R-257,Badminton,2026-06-19 11:35:00,2026-06-20 21:00:00
R-239,Badminton,2026-06-19 11:40:00,2026-06-19 18:00:00
R-219,Tennis,2026-06-19 11:45:00,2026-06-20 21:00:00
R-128,Gym,2026-06-19 11:55:00,2026-06-19 18:00:00
R-101,Tennis,2026-06-19 12:25:00,2026-06-20 12:00:00
R-139,Tennis,2026-06-19 12:30:00,2026-06-20 19:00:00
R-253,Badminton,2026-06-19 12:55:00,2026-06-20 07:00:00
R-365,Tennis,2026-06-19 14:05:00,2026-06-20 18:00:00
R-449,Pool,2026-06-19 14:20:00,2026-06-21 08:00:00
R-352,Gym,2026-06-19 14:20:00,2026-06-20 18:00:00
R-214,Pool,2026-06-19 14:20:00,2026-06-21 14:00:00
R-286,Badminton,2026-06-19 14:20:00,2026-06-21 18:00:00
R-140,Gym,2026-06-19 14:30:00,2026-06-19 21:00:00
R-424,Gym,2026-06-19 14:40:00,2026-06-19 18:00:00
R-279,Pool,2026-06-19 14:50:00,2026-06-21 08:00:00
R-257,Badminton,2026-06-19 15:00:00,2026-06-21 19:00:00
R-447,Badminton,2026-06-19 15:20:00,2026-06-19 21:00:00
R-362,Gym,2026-06-19 15:35:00,2026-06-19 19:00:00
R-155,Pool,2026-06-19 15:40:00,2026-06-22 08:00:00
R-251,Tennis,2026-06-19 15:50:00,2026-06-20 15:00:00
R-165,Clubhouse,2026-06-19 15:50:00,2026-06-26 15:00:00
R-310,Pool,2026-06-19 16:20:00,2026-06-20 17:00:00
R-350,Pool,2026-06-19 16:40:00,2026-06-20 14:00:00
R-392,Pool,2026-06-19 17:00:00,2026-06-20 14:00:00
R-421,Gym,2026-06-19 17:05:00,2026-06-20 08:00:00
R-109,Badminton,2026-06-19 17:10:00,2026-06-20 16:00:00
R-274,Gym,2026-06-19 17:45:00,2026-06-20 21:00:00
R-432,Gym,2026-06-19 17:55:00,2026-06-20 13:00:00
R-177,Badminton,2026-06-19 18:45:00,2026-06-20 18:00:00
R-142,Badminton,2026-06-19 19:05:00,2026-06-20 21:00:00
R-234,Tennis,2026-06-19 19:40:00,2026-06-21 19:00:00
R-285,Clubhouse,2026-06-19 19:40:00,2026-06-20 15:00:00
R-404,Gym,2026-06-19 20:10:00,2026-06-20 06:00:00
R-385,Pool,2026-06-19 20:55:00,2026-06-20 08:00:00
R-383,Gym,2026-06-19 21:00:00,2026-06-20 06:00:00
R-423,Tennis,2026-06-19 21:00:00,2026-06-21 08:00:00
R-113,Clubhouse,2026-06-19 21:05:00,2026-06-21 17:00:00
R-393,Gym,2026-06-19 21:05:00,2026-06-20 22:00:00
R-182,Pool,2026-06-19 21:15:00,2026-06-20 21:00:00
R-276,Pool,2026-06-19 21:20:00,2026-06-20 14:00:00
R-132,Pool,2026-06-19 21:45:00,2026-06-20 15:00:00
R-121,Hall,2026-06-19 21:45:00,2026-06-26 19:00:00
R-211,Pool,2026-06-19 22:05:00,2026-06-20 15:00:00
R-218,Badminton,2026-06-19 22:45:00,2026-06-20 19:00:00
R-312,Gym,2026-06-19 23:10:00,2026-06-20 15:00:00
R-392,Pool,2026-06-19 23:25:00,2026-06-20 13:00:00
R-204,Pool,2026-06-19 23:55:00,2026-06-20 17:00:00
R-144,Pool,2026-06-20 00:00:00,2026-06-20 06:00:00
R-338,Gym,2026-06-20 01:05:00,2026-06-20 21:00:00
R-363,Pool,2026-06-20 01:05:00,2026-06-20 14:00:00
R-138,Pool,2026-06-20 02:00:00,2026-06-20 11:00:00
R-313,Gym,2026-06-20 02:00:00,2026-06-20 18:00:00
R-276,Pool,2026-06-20 02:15:00,2026-06-20 17:00:00
R-212,Tennis,2026-06-20 02:20:00,2026-06-20 18:00:00
R-156,Gym,2026-06-20 02:35:00,2026-06-20 14:00:00
R-317,Pool,2026-06-20 02:40:00,2026-06-20 14:00:00
R-430,Pool,2026-06-20 02:50:00,2026-06-20 19:00:00
R-115,Pool,2026-06-20 02:50:00,2026-06-20 11:00:00
R-335,Badminton,2026-06-20 03:05:00,2026-06-20 18:00:00
R-215,Badminton,2026-06-20 03:45:00,2026-06-20 21:00:00
R-137,Pool,2026-06-20 03:55:00,2026-06-20 18:00:00
R-295,Pool,2026-06-20 04:50:00,2026-06-20 18:00:00
R-413,Gym,2026-06-20 05:35:00,2026-06-20 18:00:00
R-300,Pool,2026-06-20 05:40:00,2026-06-20 14:00:00
R-243,Badminton,2026-06-20 06:10:00,2026-06-20 21:00:00
R-362,Badminton,2026-06-20 06:15:00,2026-06-20 19:00:00
R-109,Gym,2026-06-20 06:35:00,2026-06-20 14:00:00
R-247,Pool,2026-06-20 06:45:00,2026-06-20 20:00:00
R-159,Gym,2026-06-20 07:20:00,2026-06-22 07:00:00
R-105,Gym,2026-06-20 07:20:00,2026-06-20 18:00:00
R-447,Tennis,2026-06-20 07:20:00,2026-06-20 19:00:00
R-272,Badminton,2026-06-20 08:10:00,2026-06-20 19:00:00
R-205,Pool,2026-06-20 08:30:00,2026-06-20 18:00:00
R-192,Pool,2026-06-20 08:35:00,2026-06-20 17:00:00
R-402,Badminton,2026-06-20 08:45:00,2026-06-21 07:00:00
R-309,Pool,2026-06-20 08:55:00,2026-06-21 11:00:00
R-339,Tennis,2026-06-20 09:05:00,2026-06-22 08:00:00
R-219,Pool,2026-06-20 09:05:00,2026-06-22 20:00:00
R-257,Pool,2026-06-20 09:15:00,2026-06-20 13:00:00
R-232,Pool,2026-06-20 10:40:00,2026-06-21 07:00:00
R-350,Pool,2026-06-20 11:25:00,2026-06-20 16:00:00
R-401,Pool,2026-06-20 11:40:00,2026-06-22 06:00:00
R-192,Pool,2026-06-20 12:05:00,2026-06-21 10:00:00
R-234,Pool,2026-06-20 12:15:00,2026-06-20 19:00:00
R-272,Gym,2026-06-20 12:35:00,2026-06-20 20:00:00
R-257,Pool,2026-06-20 12:35:00,2026-06-20 19:00:00
R-211,Pool,2026-06-20 12:40:00,2026-06-21 16:00:00
R-115,Pool,2026-06-20 12:50:00,2026-06-20 18:00:00
R-213,Badminton,2026-06-20 13:20:00,2026-06-21 20:00:00
R-401,Pool,2026-06-20 14:10:00,2026-06-22 08:00:00
R-437,Gym,2026-06-20 14:25:00,2026-06-20 21:00:00
R-169,Gym,2026-06-20 14:35:00,2026-06-20 20:00:00
R-437,Gym,2026-06-20 15:10:00,2026-06-21 20:00:00
R-403,Pool,2026-06-20 15:15:00,2026-06-20 21:00:00
R-277,Badminton,2026-06-20 16:25:00,2026-06-21 19:00:00
R-195,Pool,2026-06-20 18:25:00,2026-06-21 18:00:00
R-238,Pool,2026-06-20 18:40:00,2026-06-21 18:00:00
R-405,Pool,2026-06-20 19:40:00,2026-06-21 16:00:00
R-243,Tennis,2026-06-20 19:40:00,2026-06-22 19:00:00
R-113,Pool,2026-06-20 19:40:00,2026-06-21 11:00:00
R-236,Clubhouse,2026-06-20 20:15:00,2026-06-22 14:00:00
R-195,Pool,2026-06-20 20:20:00,2026-06-21 16:00:00
R-192,Pool,2026-06-20 20:35:00,2026-06-21 15:00:00
R-307,Pool,2026-06-20 21:00:00,2026-06-21 12:00:00
R-434,Gym,2026-06-20 21:05:00,2026-06-22 07:00:00
R-435,Pool,2026-06-20 21:25:00,2026-06-21 08:00:00
R-366,Gym,2026-06-20 21:50:00,2026-06-22 17:00:00
R-210,Badminton,2026-06-20 22:05:00,2026-06-21 08:00:00
R-105,Gym,2026-06-20 23:40:00,2026-06-21 07:00:00
R-270,Pool,2026-06-20 23:55:00,2026-06-21 11:00:00
R-218,Pool,2026-06-21 00:35:00,2026-06-22 06:00:00
R-284,Pool,2026-06-21 00:35:00,2026-06-21 15:00:00
R-170,Tennis,2026-06-21 00:50:00,2026-06-22 06:00:00
R-141,Pool,2026-06-21 01:05:00,2026-06-22 12:00:00
R-121,Pool,2026-06-21 01:15:00,2026-06-21 15:00:00
R-182,Badminton,2026-06-21 01:40:00,2026-06-22 20:00:00
R-197,Pool,2026-06-21 01:40:00,2026-06-21 10:00:00
R-386,Pool,2026-06-21 01:55:00,2026-06-21 15:00:00
R-114,Gym,2026-06-21 03:35:00,2026-06-21 08:00:00
R-443,Gym,2026-06-21 04:15:00,2026-06-22 19:00:00
R-136,Pool,2026-06-21 04:30:00,2026-06-21 18:00:00
R-169,Badminton,2026-06-21 04:45:00,2026-06-22 18:00:00
R-404,Gym,2026-06-21 04:45:00,2026-06-21 19:00:00
R-310,Badminton,2026-06-21 04:55:00,2026-06-21 21:00:00
R-378,Pool,2026-06-21 05:50:00,2026-06-21 14:00:00
R-100,Clubhouse,2026-06-21 06:55:00,2026-06-21 21:00:00
R-259,Pool,2026-06-21 07:40:00,2026-06-21 15:00:00
R-178,Hall,2026-06-21 08:00:00,2026-07-04 13:00:00
R-103,Pool,2026-06-21 08:00:00,2026-06-21 16:00:00
R-132,Pool,2026-06-21 08:05:00,2026-06-21 17:00:00
R-285,Pool,2026-06-21 08:05:00,2026-06-21 14:00:00
R-112,Pool,2026-06-21 08:05:00,2026-06-24 08:00:00
R-218,Pool,2026-06-21 08:05:00,2026-06-22 19:00:00
R-156,Tennis,2026-06-21 09:25:00,2026-06-22 08:00:00
R-435,Pool,2026-06-21 09:30:00,2026-06-21 14:00:00
R-433,Pool,2026-06-21 10:00:00,2026-06-21 17:00:00
R-167,Gym,2026-06-21 10:10:00,2026-06-22 08:00:00
R-286,Badminton,2026-06-21 10:35:00,2026-06-22 15:00:00
R-334,Gym,2026-06-21 11:10:00,2026-06-22 21:00:00
R-215,Gym,2026-06-21 11:20:00,2026-06-22 06:00:00
R-100,Clubhouse,2026-06-21 11:20:00,2026-06-28 11:00:00
R-213,Badminton,2026-06-21 11:20:00,2026-06-23 18:00:00
R-430,Badminton,2026-06-21 11:20:00,2026-06-21 18:00:00
R-435,Pool,2026-06-21 11:40:00,2026-06-23 15:00:00
R-312,Pool,2026-06-21 12:30:00,2026-06-21 18:00:00
R-258,Pool,2026-06-21 12:40:00,2026-06-21 19:00:00
R-252,Tennis,2026-06-21 13:10:00,2026-06-22 20:00:00
R-119,Tennis,2026-06-21 13:35:00,2026-06-22 06:00:00
R-339,Gym,2026-06-21 13:50:00,2026-06-23 06:00:00
R-153,Pool,2026-06-21 14:05:00,2026-06-23 19:00:00
R-361,Tennis,2026-06-21 14:20:00,2026-06-22 06:00:00
R-306,Tennis,2026-06-21 14:55:00,2026-06-22 19:00:00
R-171,Pool,2026-06-21 15:35:00,2026-06-23 07:00:00
R-446,Tennis,2026-06-21 15:40:00,2026-06-23 07:00:00
R-447,Tennis,2026-06-21 15:45:00,2026-06-24 21:00:00
R-201,Badminton,2026-06-21 15:45:00,2026-06-22 12:00:00
R-150,Pool,2026-06-21 16:20:00,2026-06-22 08:00:00
R-170,Gym,2026-06-21 16:40:00,2026-06-22 07:00:00
R-124,Pool,2026-06-21 17:40:00,2026-06-22 20:00:00
R-262,Hall,2026-06-21 17:55:00,2026-06-26 12:00:00
R-104,Gym,2026-06-21 17:55:00,2026-06-22 20:00:00
R-146,Badminton,2026-06-21 17:55:00,2026-06-22 18:00:00
R-254,Gym,2026-06-21 18:05:00,2026-06-22 06:00:00
R-440,Gym,2026-06-21 18:55:00,2026-06-22 06:00:00
R-102,Gym,2026-06-21 18:55:00,2026-06-22 07:00:00
R-144,Gym,2026-06-21 19:25:00,2026-06-22 06:00:00
R-274,Badminton,2026-06-21 19:45:00,2026-06-22 20:00:00
R-174,Gym,2026-06-21 19:50:00,2026-06-22 07:00:00
R-361,Pool,2026-06-21 20:15:00,2026-06-22 08:00:00
R-218,Badminton,2026-06-21 20:15:00,2026-06-22 20:00:00
R-423,Gym,2026-06-21 20:35:00,2026-06-22 08:00:00
R-162,Pool,2026-06-21 20:40:00,2026-06-22 07:00:00
R-112,Gym,2026-06-21 20:45:00,2026-06-22 06:00:00
R-187,Badminton,2026-06-21 21:10:00,2026-06-22 19:00:00
R-136,Pool,2026-06-21 21:50:00,2026-06-23 17:00:00
R-122,Badminton,2026-06-21 22:25:00,2026-06-23 08:00:00
R-225,Gym,2026-06-21 23:25:00,2026-06-22 19:00:00
R-396,Badminton,2026-06-21 23:25:00,2026-06-22 19:00:00
R-241,Gym,2026-06-21 23:25:00,2026-06-22 08:00:00
R-145,Gym,2026-06-21 23:40:00,2026-06-22 08:00:00
R-447,Tennis,2026-06-22 00:20:00,2026-06-22 18:00:00
R-308,Badminton,2026-06-22 00:30:00,2026-06-24 19:00:00
R-140,Gym,2026-06-22 01:10:00,2026-06-23 19:00:00
R-174,Gym,2026-06-22 01:30:00,2026-06-22 08:00:00
R-144,Pool,2026-06-22 01:40:00,2026-06-22 08:00:00
R-119,Tennis,2026-06-22 01:55:00,2026-06-23 08:00:00
R-404,Gym,2026-06-22 02:25:00,2026-06-22 18:00:00
R-162,Gym,2026-06-22 03:05:00,2026-06-22 08:00:00
R-249,Tennis,2026-06-22 03:05:00,2026-06-23 19:00:00
R-102,Tennis,2026-06-22 03:10:00,2026-06-23 08:00:00
R-268,Pool,2026-06-22 03:35:00,2026-06-23 07:00:00
R-228,Pool,2026-06-22 03:55:00,2026-06-22 18:00:00
R-414,Gym,2026-06-22 04:25:00,2026-06-22 19:00:00
R-256,Tennis,2026-06-22 04:30:00,2026-06-25 06:00:00
R-119,Gym,2026-06-22 04:30:00,2026-06-22 08:00:00
R-314,Badminton,2026-06-22 04:45:00,2026-06-22 22:00:00
R-167,Gym,2026-06-22 05:20:00,2026-06-23 08:00:00
R-428,Gym,2026-06-22 05:50:00,2026-06-23 06:00:00
R-142,Pool,2026-06-22 05:50:00,2026-06-23 18:00:00
R-248,Badminton,2026-06-22 06:10:00,2026-06-22 18:00:00
R-102,Tennis,2026-06-22 06:10:00,2026-06-24 06:00:00
R-177,Pool,2026-06-22 06:25:00,2026-06-22 19:00:00
R-365,Badminton,2026-06-22 07:15:00,2026-06-23 21:00:00
R-441,Gym,2026-06-22 07:25:00,2026-06-22 20:00:00
R-225,Pool,2026-06-22 07:45:00,2026-06-23 07:00:00
R-193,Gym,2026-06-22 07:50:00,2026-06-22 18:00:00
R-159,Gym,2026-06-22 08:20:00,2026-06-23 06:00:00
R-281,Gym,2026-06-22 08:40:00,2026-06-22 21:00:00
R-353,Badminton,2026-06-22 09:00:00,2026-06-22 19:00:00
R-105,Gym,2026-06-22 09:05:00,2026-06-23 06:00:00
R-448,Badminton,2026-06-22 09:25:00,2026-06-22 20:00:00
R-309,Clubhouse,2026-06-22 09:25:00,2026-06-27 18:00:00
R-208,Gym,2026-06-22 09:30:00,2026-06-22 20:00:00
R-412,Gym,2026-06-22 09:35:00,2026-06-22 20:00:00
R-249,Pool,2026-06-22 09:55:00,2026-06-22 18:00:00
R-139,Pool,2026-06-22 10:30:00,2026-06-22 19:00:00
R-383,Gym,2026-06-22 10:40:00,2026-06-22 20:00:00
R-102,Gym,2026-06-22 10:40:00,2026-06-22 18:00:00
R-366,Tennis,2026-06-22 10:55:00,2026-06-25 07:00:00
R-172,Pool,2026-06-22 12:00:00,2026-06-23 07:00:00
R-234,Pool,2026-06-22 12:05:00,2026-06-22 19:00:00
R-323,Badminton,2026-06-22 12:10:00,2026-06-22 21:00:00
R-423,Gym,2026-06-22 12:30:00,2026-06-23 15:00:00
R-225,Pool,2026-06-22 12:35:00,2026-06-23 19:00:00
R-430,Gym,2026-06-22 12:50:00,2026-06-22 19:00:00
R-441,Gym,2026-06-22 12:55:00,2026-06-22 18:00:00
R-193,Clubhouse,2026-06-22 13:00:00,2026-06-23 16:00:00
R-443,Gym,2026-06-22 13:30:00,2026-06-22 20:00:00
R-268,Gym,2026-06-22 13:50:00,2026-06-22 18:00:00
R-447,Tennis,2026-06-22 13:55:00,2026-06-23 20:00:00
R-293,Gym,2026-06-22 15:10:00,2026-06-22 19:00:00
R-305,Gym,2026-06-22 15:10:00,2026-06-23 08:00:00
R-140,Pool,2026-06-22 15:20:00,2026-06-24 20:00:00
R-197,Clubhouse,2026-06-22 16:00:00,2026-06-23 15:00:00
R-446,Pool,2026-06-22 16:10:00,2026-06-23 06:00:00
R-311,Gym,2026-06-22 16:25:00,2026-06-23 15:00:00
R-140,Pool,2026-06-22 16:50:00,2026-06-23 21:00:00
R-434,Tennis,2026-06-22 17:15:00,2026-06-23 08:00:00
R-383,Clubhouse,2026-06-22 17:25:00,2026-06-23 19:00:00
R-243,Badminton,2026-06-22 17:45:00,2026-06-23 19:00:00
R-213,Tennis,2026-06-22 18:00:00,2026-06-25 18:00:00
R-219,Badminton,2026-06-22 18:05:00,2026-06-25 21:00:00
R-218,Gym,2026-06-22 18:15:00,2026-06-23 19:00:00
R-208,Badminton,2026-06-22 18:30:00,2026-06-23 18:00:00
R-389,Tennis,2026-06-22 18:30:00,2026-06-24 07:00:00
R-263,Gym,2026-06-22 18:35:00,2026-06-23 09:00:00
R-119,Gym,2026-06-22 18:55:00,2026-06-23 07:00:00
R-271,Pool,2026-06-22 19:05:00,2026-06-23 08:00:00
R-339,Gym,2026-06-22 19:10:00,2026-06-23 07:00:00
R-370,Gym,2026-06-22 19:20:00,2026-06-23 07:00:00
R-139,Pool,2026-06-22 19:20:00,2026-06-25 19:00:00
R-185,Hall,2026-06-22 19:45:00,2026-06-27 12:00:00
R-182,Badminton,2026-06-22 19:55:00,2026-06-23 18:00:00
R-274,Gym,2026-06-22 20:00:00,2026-06-23 21:00:00
R-432,Tennis,2026-06-22 20:45:00,2026-06-23 06:00:00
R-254,Pool,2026-06-22 20:45:00,2026-06-23 17:00:00
R-265,Pool,2026-06-22 20:45:00,2026-06-23 08:00:00
R-256,Gym,2026-06-22 21:00:00,2026-06-23 08:00:00
R-155,Gym,2026-06-22 21:15:00,2026-06-23 06:00:00
R-156,Gym,2026-06-22 21:20:00,2026-06-23 08:00:00
R-170,Pool,2026-06-22 21:20:00,2026-06-24 07:00:00
R-106,Gym,2026-06-22 21:50:00,2026-06-23 06:00:00
R-298,Tennis,2026-06-22 22:05:00,2026-06-24 08:00:00
R-243,Badminton,2026-06-22 22:10:00,2026-06-23 18:00:00
R-139,Pool,2026-06-22 22:25:00,2026-06-23 07:00:00
R-149,Badminton,2026-06-22 22:55:00,2026-06-23 19:00:00
R-231,Tennis,2026-06-22 23:00:00,2026-06-23 21:00:00
R-253,Gym,2026-06-22 23:00:00,2026-06-23 17:00:00
R-145,Tennis,2026-06-22 23:30:00,2026-06-24 08:00:00
R-117,Pool,2026-06-23 00:00:00,2026-06-23 08:00:00
R-414,Pool,2026-06-23 00:15:00,2026-06-23 08:00:00
R-151,Tennis,2026-06-23 00:20:00,2026-06-24 18:00:00
R-272,Tennis,2026-06-23 00:20:00,2026-06-23 21:00:00
R-371,Gym,2026-06-23 00:30:00,2026-06-23 06:00:00
R-173,Badminton,2026-06-23 00:40:00,2026-06-23 20:00:00
R-215,Badminton,2026-06-23 00:50:00,2026-06-23 20:00:00
R-353,Tennis,2026-06-23 01:20:00,2026-06-23 21:00:00
R-388,Tennis,2026-06-23 02:25:00,2026-06-23 18:00:00
R-215,Badminton,2026-06-23 02:30:00,2026-06-23 19:00:00
R-171,Pool,2026-06-23 02:45:00,2026-06-24 07:00:00
R-112,Gym,2026-06-23 03:15:00,2026-06-23 08:00:00
R-446,Pool,2026-06-23 03:20:00,2026-06-23 14:00:00
R-111,Gym,2026-06-23 03:25:00,2026-06-23 15:00:00
R-272,Badminton,2026-06-23 03:30:00,2026-06-24 18:00:00
R-391,Pool,2026-06-23 03:50:00,2026-06-23 13:00:00
R-173,Gym,2026-06-23 03:55:00,2026-06-23 21:00:00
R-373,Pool,2026-06-23 04:00:00,2026-06-23 18:00:00
R-286,Badminton,2026-06-23 04:05:00,2026-06-24 09:00:00
R-126,Badminton,2026-06-23 04:10:00,2026-06-23 19:00:00
R-308,Pool,2026-06-23 04:15:00,2026-06-23 19:00:00
R-211,Pool,2026-06-23 05:25:00,2026-06-23 15:00:00
R-143,Gym,2026-06-23 05:40:00,2026-06-23 19:00:00
R-159,Gym,2026-06-23 06:05:00,2026-06-24 07:00:00
R-432,Gym,2026-06-23 06:40:00,2026-06-24 06:00:00
R-111,Gym,2026-06-23 06:45:00,2026-06-23 12:00:00
R-441,Gym,2026-06-23 06:50:00,2026-06-23 20:00:00
R-335,Tennis,2026-06-23 07:10:00,2026-06-27 21:00:00
R-136,Pool,2026-06-23 07:30:00,2026-06-23 12:00:00
R-281,Badminton,2026-06-23 07:55:00,2026-06-23 21:00:00
R-423,Tennis,2026-06-23 08:00:00,2026-06-24 06:00:00
R-388,Tennis,2026-06-23 08:15:00,2026-06-24 18:00:00
R-398,Clubhouse,2026-06-23 08:40:00,2026-06-28 17:00:00
R-449,Badminton,2026-06-23 09:30:00,2026-06-24 07:00:00
R-208,Pool,2026-06-23 09:35:00,2026-06-23 20:00:00
R-268,Pool,2026-06-23 09:35:00,2026-06-24 07:00:00
R-428,Tennis,2026-06-23 09:50:00,2026-06-24 08:00:00
R-117,Gym,2026-06-23 09:55:00,2026-06-23 20:00:00
R-219,Badminton,2026-06-23 09:55:00,2026-06-23 21:00:00
R-127,Hall,2026-06-23 09:55:00,2026-06-27 11:00:00
R-142,Badminton,2026-06-23 09:55:00,2026-06-24 19:00:00
R-227,Gym,2026-06-23 10:15:00,2026-06-23 19:00:00
R-183,Pool,2026-06-23 10:15:00,2026-06-23 18:00:00
R-365,Gym,2026-06-23 10:25:00,2026-06-23 18:00:00
R-383,Gym,2026-06-23 10:30:00,2026-06-23 18:00:00
R-298,Tennis,2026-06-23 10:45:00,2026-06-25 19:00:00
R-443,Gym,2026-06-23 11:00:00,2026-06-23 20:00:00
R-277,Gym,2026-06-23 11:25:00,2026-06-23 21:00:00
R-142,Badminton,2026-06-23 12:00:00,2026-06-24 09:00:00
R-329,Gym,2026-06-23 12:05:00,2026-06-25 07:00:00
R-424,Gym,2026-06-23 12:15:00,2026-06-24 08:00:00
R-361,Gym,2026-06-23 12:20:00,2026-06-25 07:00:00
R-183,Clubhouse,2026-06-23 12:25:00,2026-06-28 16:00:00
R-412,Tennis,2026-06-23 12:25:00,2026-06-24 20:00:00
R-330,Gym,2026-06-23 12:45:00,2026-06-23 20:00:00
R-391,Tennis,2026-06-23 12:55:00,2026-06-24 07:00:00
R-429,Clubhouse,2026-06-23 13:05:00,2026-06-26 12:00:00
R-150,Tennis,2026-06-23 13:45:00,2026-06-25 15:00:00
R-374,Badminton,2026-06-23 14:00:00,2026-06-24 19:00:00
R-241,Gym,2026-06-23 14:30:00,2026-06-24 06:00:00
R-228,Badminton,2026-06-23 15:15:00,2026-06-25 19:00:00
R-287,Gym,2026-06-23 15:50:00,2026-06-23 19:00:00
R-424,Gym,2026-06-23 16:00:00,2026-06-24 06:00:00
R-434,Tennis,2026-06-23 16:30:00,2026-06-24 08:00:00
R-397,Pool,2026-06-23 16:50:00,2026-06-23 20:00:00
R-299,Tennis,2026-06-23 17:00:00,2026-06-24 07:00:00
R-279,Pool,2026-06-23 17:20:00,2026-06-24 19:00:00
R-304,Badminton,2026-06-23 17:20:00,2026-06-24 07:00:00
R-319,Pool,2026-06-23 17:30:00,2026-06-24 07:00:00
R-247,Gym,2026-06-23 17:55:00,2026-06-23 21:00:00
R-271,Badminton,2026-06-23 18:15:00,2026-06-24 07:00:00
R-293,Gym,2026-06-23 18:25:00,2026-06-24 19:00:00
R-107,Gym,2026-06-23 18:35:00,2026-06-25 18:00:00
R-244,Badminton,2026-06-23 19:05:00,2026-06-24 20:00:00
R-169,Pool,2026-06-23 19:20:00,2026-06-24 20:00:00
R-293,Gym,2026-06-23 19:30:00,2026-06-24 11:00:00
R-173,Pool,2026-06-23 19:35:00,2026-06-25 20:00:00
R-434,Tennis,2026-06-23 19:40:00,2026-06-24 06:00:00
R-189,Pool,2026-06-23 19:45:00,2026-06-26 19:00:00
R-271,Gym,2026-06-23 19:55:00,2026-06-24 06:00:00
R-253,Tennis,2026-06-23 20:25:00,2026-06-25 08:00:00
R-440,Gym,2026-06-23 20:45:00,2026-06-24 06:00:00
R-361,Tennis,2026-06-23 21:05:00,2026-06-25 06:00:00
R-383,Badminton,2026-06-23 21:10:00,2026-06-24 18:00:00
R-213,Badminton,2026-06-23 21:10:00,2026-06-26 10:00:00
R-358,Gym,2026-06-23 21:20:00,2026-06-24 16:00:00
R-219,Pool,2026-06-23 21:35:00,2026-06-26 21:00:00
R-432,Tennis,2026-06-23 21:45:00,2026-06-25 08:00:00
R-422,Clubhouse,2026-06-23 21:50:00,2026-06-25 16:00:00
R-413,Pool,2026-06-23 22:00:00,2026-06-24 06:00:00
R-437,Gym,2026-06-23 22:00:00,2026-06-24 19:00:00
R-281,Badminton,2026-06-23 22:15:00,2026-06-24 21:00:00
R-431,Clubhouse,2026-06-23 22:15:00,2026-06-26 14:00:00
R-329,Gym,2026-06-23 22:25:00,2026-06-24 07:00:00
R-391,Gym,2026-06-23 22:25:00,2026-06-24 06:00:00
R-116,Tennis,2026-06-23 22:30:00,2026-06-25 06:00:00
R-155,Gym,2026-06-23 22:35:00,2026-06-24 06:00:00
R-392,Clubhouse,2026-06-23 22:45:00,2026-06-24 10:00:00
R-292,Pool,2026-06-23 23:00:00,2026-06-24 15:00:00
R-366,Gym,2026-06-23 23:05:00,2026-06-25 08:00:00
R-256,Pool,2026-06-23 23:15:00,2026-06-24 06:00:00
R-171,Gym,2026-06-23 23:50:00,2026-06-24 19:00:00
R-174,Pool,2026-06-23 23:50:00,2026-06-24 06:00:00
R-268,Badminton,2026-06-24 00:15:00,2026-06-24 18:00:00
R-424,Pool,2026-06-24 00:25:00,2026-06-24 07:00:00
R-263,Gym,2026-06-24 00:55:00,2026-06-24 07:00:00
R-150,Gym,2026-06-24 01:35:00,2026-06-24 18:00:00
R-403,Badminton,2026-06-24 02:10:00,2026-06-24 20:00:00
R-295,Gym,2026-06-24 02:45:00,2026-06-24 21:00:00
R-434,Gym,2026-06-24 02:50:00,2026-06-25 07:00:00
R-420,Gym,2026-06-24 03:25:00,2026-06-24 06:00:00
R-187,Badminton,2026-06-24 03:25:00,2026-06-24 20:00:00
R-276,Pool,2026-06-24 03:45:00,2026-06-24 17:00:00
R-253,Tennis,2026-06-24 04:10:00,2026-06-25 07:00:00
R-392,Clubhouse,2026-06-24 04:15:00,2026-06-27 10:00:00
R-414,Pool,2026-06-24 04:25:00,2026-06-26 07:00:00
R-110,Pool,2026-06-24 04:45:00,2026-06-24 19:00:00
R-169,Badminton,2026-06-24 04:50:00,2026-06-25 19:00:00
R-174,Pool,2026-06-24 05:15:00,2026-06-24 08:00:00
R-442,Gym,2026-06-24 05:55:00,2026-06-24 19:00:00
R-443,Pool,2026-06-24 05:55:00,2026-06-25 20:00:00
R-272,Pool,2026-06-24 06:05:00,2026-06-24 20:00:00
R-253,Pool,2026-06-24 07:00:00,2026-06-26 07:00:00
R-218,Gym,2026-06-24 07:10:00,2026-06-24 18:00:00
R-306,Gym,2026-06-24 07:20:00,2026-06-24 19:00:00
R-114,Pool,2026-06-24 07:35:00,2026-06-25 06:00:00
R-296,Badminton,2026-06-24 08:00:00,2026-06-24 19:00:00
R-140,Badminton,2026-06-24 08:05:00,2026-06-25 20:00:00
R-263,Pool,2026-06-24 08:20:00,2026-06-25 06:00:00
R-142,Gym,2026-06-24 08:40:00,2026-06-24 21:00:00
R-163,Gym,2026-06-24 09:00:00,2026-06-24 17:00:00
R-423,Gym,2026-06-24 09:15:00,2026-06-25 06:00:00
R-426,Tennis,2026-06-24 09:20:00,2026-06-26 19:00:00
R-144,Gym,2026-06-24 09:20:00,2026-06-24 14:00:00
R-374,Tennis,2026-06-24 09:30:00,2026-06-25 20:00:00
R-222,Badminton,2026-06-24 09:30:00,2026-06-25 19:00:00
R-391,Badminton,2026-06-24 09:55:00,2026-06-25 06:00:00
R-179,Pool,2026-06-24 10:55:00,2026-06-24 19:00:00
R-134,Clubhouse,2026-06-24 11:10:00,2026-06-27 11:00:00
R-268,Pool,2026-06-24 11:20:00,2026-06-27 07:00:00
R-426,Pool,2026-06-24 11:30:00,2026-06-24 20:00:00
R-356,Pool,2026-06-24 11:35:00,2026-06-27 11:00:00
R-423,Gym,2026-06-24 11:45:00,2026-06-25 08:00:00
R-397,Pool,2026-06-24 12:05:00,2026-06-24 20:00:00
R-272,Badminton,2026-06-24 12:05:00,2026-06-25 21:00:00
R-323,Badminton,2026-06-24 12:25:00,2026-06-24 18:00:00
R-441,Gym,2026-06-24 12:35:00,2026-06-24 20:00:00
R-120,Badminton,2026-06-24 12:35:00,2026-06-25 12:00:00
R-106,Gym,2026-06-24 12:40:00,2026-06-25 07:00:00
R-243,Pool,2026-06-24 12:55:00,2026-06-24 19:00:00
R-338,Tennis,2026-06-24 13:00:00,2026-06-25 21:00:00
R-341,Gym,2026-06-24 13:05:00,2026-06-25 07:00:00
R-162,Gym,2026-06-24 13:10:00,2026-06-24 19:00:00
R-428,Pool,2026-06-24 13:15:00,2026-06-26 07:00:00
R-388,Badminton,2026-06-24 13:15:00,2026-06-25 10:00:00
R-395,Clubhouse,2026-06-24 13:25:00,2026-06-25 17:00:00
R-110,Tennis,2026-06-24 13:35:00,2026-06-25 16:00:00
R-240,Gym,2026-06-24 13:35:00,2026-06-25 08:00:00
R-441,Gym,2026-06-24 14:05:00,2026-06-24 21:00:00
R-128,Gym,2026-06-24 14:35:00,2026-06-24 21:00:00
R-257,Badminton,2026-06-24 15:05:00,2026-06-25 21:00:00
R-229,Badminton,2026-06-24 16:00:00,2026-06-26 07:00:00
R-372,Gym,2026-06-24 16:55:00,2026-06-25 07:00:00
R-118,Tennis,2026-06-24 17:00:00,2026-06-25 06:00:00
R-199,Gym,2026-06-24 17:00:00,2026-06-25 07:00:00
R-401,Pool,2026-06-24 17:05:00,2026-06-25 06:00:00
R-366,Tennis,2026-06-24 17:15:00,2026-06-26 07:00:00
R-285,Clubhouse,2026-06-24 17:30:00,2026-06-27 10:00:00
R-360,Pool,2026-06-24 17:50:00,2026-06-26 19:00:00
R-420,Gym,2026-06-24 17:55:00,2026-06-25 08:00:00
R-128,Badminton,2026-06-24 18:25:00,2026-06-25 18:00:00
R-156,Tennis,2026-06-24 18:35:00,2026-06-26 08:00:00
R-218,Pool,2026-06-24 18:55:00,2026-06-25 20:00:00
R-145,Gym,2026-06-24 18:55:00,2026-06-25 06:00:00
R-391,Gym,2026-06-24 20:25:00,2026-06-25 08:00:00
R-358,Gym,2026-06-24 20:30:00,2026-06-26 06:00:00
R-102,Gym,2026-06-24 20:45:00,2026-06-25 08:00:00
R-358,Gym,2026-06-24 21:20:00,2026-06-26 07:00:00
R-409,Gym,2026-06-24 22:00:00,2026-06-25 08:00:00
R-438,Gym,2026-06-24 22:05:00,2026-06-25 08:00:00
R-274,Badminton,2026-06-24 22:25:00,2026-06-26 18:00:00
R-155,Pool,2026-06-24 23:30:00,2026-06-25 06:00:00
R-252,Tennis,2026-06-25 00:15:00,2026-06-25 18:00:00
R-227,Badminton,2026-06-25 00:20:00,2026-06-25 21:00:00
R-424,Gym,2026-06-25 00:25:00,2026-06-25 07:00:00
R-372,Gym,2026-06-25 00:35:00,2026-06-25 06:00:00
R-270,Clubhouse,2026-06-25 00:45:00,2026-06-28 18:00:00
R-347,Tennis,2026-06-25 00:50:00,2026-06-26 07:00:00
R-286,Badminton,2026-06-25 00:55:00,2026-06-25 18:00:00
R-401,Gym,2026-06-25 01:35:00,2026-06-25 07:00:00
R-428,Gym,2026-06-25 03:25:00,2026-06-25 15:00:00
R-277,Tennis,2026-06-25 03:25:00,2026-06-25 20:00:00
R-274,Gym,2026-06-25 03:45:00,2026-06-25 21:00:00
R-397,Pool,2026-06-25 04:00:00,2026-06-25 20:00:00
R-153,Gym,2026-06-25 04:20:00,2026-06-25 19:00:00
R-162,Pool,2026-06-25 04:20:00,2026-06-26 07:00:00
R-112,Gym,2026-06-25 04:25:00,2026-06-26 07:00:00
R-439,Hall,2026-06-25 04:30:00,2026-06-27 12:00:00
R-272,Badminton,2026-06-25 04:45:00,2026-06-25 19:00:00
R-122,Pool,2026-06-25 05:30:00,2026-06-25 19:00:00
R-443,Gym,2026-06-25 05:45:00,2026-06-25 18:00:00
R-149,Pool,2026-06-25 05:50:00,2026-06-25 20:00:00
R-418,Gym,2026-06-25 06:15:00,2026-06-26 07:00:00
R-126,Pool,2026-06-25 06:45:00,2026-06-25 18:00:00
R-261,Tennis,2026-06-25 07:10:00,2026-06-27 19:00:00
R-114,Tennis,2026-06-25 07:25:00,2026-06-26 08:00:00
R-167,Pool,2026-06-25 07:30:00,2026-06-26 06:00:00
R-414,Pool,2026-06-25 07:55:00,2026-06-26 19:00:00
R-182,Pool,2026-06-25 08:00:00,2026-06-25 21:00:00
R-243,Badminton,2026-06-25 08:10:00,2026-06-26 20:00:00
R-434,Pool,2026-06-25 08:50:00,2026-06-26 06:00:00
R-161,Clubhouse,2026-06-25 09:45:00,2026-06-27 11:00:00
R-263,Gym,2026-06-25 09:55:00,2026-06-26 07:00:00
R-205,Pool,2026-06-25 10:00:00,2026-06-28 10:00:00
R-263,Pool,2026-06-25 11:00:00,2026-06-27 06:00:00
R-300,Pool,2026-06-25 11:10:00,2026-06-25 17:00:00
R-104,Gym,2026-06-25 11:20:00,2026-06-25 20:00:00
R-219,Badminton,2026-06-25 11:25:00,2026-06-26 19:00:00
R-361,Tennis,2026-06-25 11:55:00,2026-06-27 06:00:00
R-320,Pool,2026-06-25 12:10:00,2026-06-28 12:00:00
R-110,Gym,2026-06-25 12:20:00,2026-06-26 06:00:00
R-144,Gym,2026-06-25 12:25:00,2026-06-26 08:00:00
R-393,Tennis,2026-06-25 12:55:00,2026-06-27 17:00:00
R-359,Gym,2026-06-25 13:05:00,2026-06-26 08:00:00
R-435,Clubhouse,2026-06-25 13:05:00,2026-06-28 15:00:00
R-362,Gym,2026-06-25 13:45:00,2026-06-25 18:00:00
R-200,Gym,2026-06-25 13:50:00,2026-06-25 17:00:00
R-124,Gym,2026-06-25 14:40:00,2026-06-26 13:00:00
R-363,Pool,2026-06-25 14:45:00,2026-06-27 18:00:00
R-108,Hall,2026-06-25 15:10:00,2026-06-27 19:00:00
R-279,Pool,2026-06-25 15:20:00,2026-06-26 19:00:00
R-167,Gym,2026-06-25 15:50:00,2026-06-26 07:00:00
R-203,Gym,2026-06-25 16:10:00,2026-06-25 21:00:00
R-117,Gym,2026-06-25 16:10:00,2026-06-26 08:00:00
R-359,Gym,2026-06-25 16:15:00,2026-06-25 19:00:00
R-335,Pool,2026-06-25 16:25:00,2026-06-26 18:00:00
R-107,Pool,2026-06-25 16:30:00,2026-06-26 21:00:00
R-178,Tennis,2026-06-25 17:00:00,2026-06-27 12:00:00
R-260,Gym,2026-06-25 17:05:00,2026-06-25 21:00:00
R-140,Badminton,2026-06-25 17:40:00,2026-06-26 13:00:00
R-277,Gym,2026-06-25 18:15:00,2026-06-27 18:00:00
R-153,Pool,2026-06-25 18:15:00,2026-06-26 08:00:00
R-199,Tennis,2026-06-25 18:20:00,2026-06-26 16:00:00
R-119,Pool,2026-06-25 18:35:00,2026-06-26 08:00:00
R-100,Pool,2026-06-25 18:55:00,2026-06-26 14:00:00
R-112,Gym,2026-06-25 19:05:00,2026-06-26 06:00:00
R-401,Tennis,2026-06-25 19:15:00,2026-06-26 07:00:00
R-240,Gym,2026-06-25 19:35:00,2026-06-26 08:00:00
R-219,Pool,2026-06-25 19:50:00,2026-06-26 20:00:00
R-355,Tennis,2026-06-25 20:00:00,2026-06-27 18:00:00
R-271,Pool,2026-06-25 20:05:00,2026-06-26 06:00:00
R-370,Pool,2026-06-25 20:35:00,2026-06-26 07:00:00
R-409,Gym,2026-06-25 20:35:00,2026-06-26 08:00:00
R-285,Clubhouse,2026-06-25 22:05:00,2026-06-28 18:00:00
R-448,Gym,2026-06-25 22:20:00,2026-06-26 19:00:00
R-122,Hall,2026-06-25 23:05:00,2026-07-03 17:00:00
R-221,Gym,2026-06-26 00:15:00,2026-06-26 07:00:00
R-222,Gym,2026-06-26 00:50:00,2026-06-26 20:00:00
R-257,Pool,2026-06-26 00:50:00,2026-06-26 11:00:00
R-208,Badminton,2026-06-26 01:15:00,2026-06-26 20:00:00
R-369,Gym,2026-06-26 01:15:00,2026-06-26 08:00:00
R-149,Badminton,2026-06-26 01:15:00,2026-06-26 21:00:00
R-227,Badminton,2026-06-26 01:20:00,2026-06-26 20:00:00
R-155,Gym,2026-06-26 01:25:00,2026-06-26 07:00:00
R-421,Gym,2026-06-26 01:35:00,2026-06-27 06:00:00
R-168,Clubhouse,2026-06-26 01:35:00,2026-06-28 10:00:00
R-361,Gym,2026-06-26 01:55:00,2026-06-26 07:00:00
R-104,Badminton,2026-06-26 02:00:00,2026-06-26 18:00:00
R-381,Badminton,2026-06-26 02:05:00,2026-06-27 07:00:00
R-401,Gym,2026-06-26 03:25:00,2026-06-26 11:00:00
R-366,Gym,2026-06-26 03:55:00,2026-06-26 19:00:00
R-365,Gym,2026-06-26 04:30:00,2026-06-26 11:00:00
R-414,Tennis,2026-06-26 04:35:00,2026-06-29 19:00:00
R-283,Clubhouse,2026-06-26 04:50:00,2026-06-27 15:00:00
R-111,Badminton,2026-06-26 04:55:00,2026-06-26 17:00:00
R-395,Clubhouse,2026-06-26 05:20:00,2026-06-27 20:00:00
R-173,Pool,2026-06-26 05:45:00,2026-06-27 20:00:00
R-328,Gym,2026-06-26 05:45:00,2026-06-26 12:00:00
R-123,Pool,2026-06-26 06:30:00,2026-06-28 13:00:00
R-274,Gym,2026-06-26 06:45:00,2026-06-26 20:00:00
R-238,Pool,2026-06-26 07:05:00,2026-06-26 16:00:00
R-169,Badminton,2026-06-26 07:10:00,2026-06-26 18:00:00
R-252,Badminton,2026-06-26 07:10:00,2026-06-26 21:00:00
R-215,Gym,2026-06-26 07:20:00,2026-06-26 18:00:00
R-142,Gym,2026-06-26 07:35:00,2026-06-26 19:00:00
R-408,Clubhouse,2026-06-26 07:50:00,2026-06-27 15:00:00
R-165,Clubhouse,2026-06-26 07:55:00,2026-06-28 11:00:00
R-114,Gym,2026-06-26 08:05:00,2026-06-27 08:00:00
R-323,Badminton,2026-06-26 08:25:00,2026-06-26 21:00:00
R-430,Gym,2026-06-26 08:55:00,2026-06-26 20:00:00
R-381,Gym,2026-06-26 09:00:00,2026-06-27 12:00:00
R-431,Pool,2026-06-26 09:20:00,2026-06-27 10:00:00
R-146,Gym,2026-06-26 09:25:00,2026-06-26 18:00:00
R-260,Badminton,2026-06-26 09:50:00,2026-06-26 20:00:00
R-344,Pool,2026-06-26 10:05:00,2026-06-26 15:00:00
R-388,Badminton,2026-06-26 10:05:00,2026-06-28 19:00:00
R-225,Gym,2026-06-26 10:15:00,2026-06-26 19:00:00
R-293,Badminton,2026-06-26 10:20:00,2026-06-27 19:00:00
R-344,Pool,2026-06-26 10:20:00,2026-06-27 10:00:00
R-435,Gym,2026-06-26 10:50:00,2026-06-27 11:00:00
R-101,Tennis,2026-06-26 11:00:00,2026-06-27 08:00:00
R-179,Badminton,2026-06-26 11:20:00,2026-06-26 18:00:00
R-392,Pool,2026-06-26 12:00:00,2026-06-27 17:00:00
R-105,Tennis,2026-06-26 12:00:00,2026-06-27 06:00:00
R-128,Gym,2026-06-26 13:15:00,2026-06-26 20:00:00
R-362,Badminton,2026-06-26 13:30:00,2026-06-26 21:00:00
R-365,Pool,2026-06-26 13:35:00,2026-06-26 18:00:00
R-300,Pool,2026-06-26 13:40:00,2026-06-27 10:00:00
R-144,Tennis,2026-06-26 13:45:00,2026-06-27 08:00:00
R-273,Clubhouse,2026-06-26 13:50:00,2026-06-27 10:00:00
R-100,Pool,2026-06-26 13:55:00,2026-06-28 17:00:00
R-145,Gym,2026-06-26 14:05:00,2026-06-27 06:00:00
R-139,Pool,2026-06-26 14:10:00,2026-06-28 19:00:00
R-132,Pool,2026-06-26 14:15:00,2026-06-27 11:00:00
R-140,Badminton,2026-06-26 14:40:00,2026-06-27 21:00:00
R-183,Badminton,2026-06-26 15:10:00,2026-06-27 20:00:00
R-244,Pool,2026-06-26 15:35:00,2026-06-27 21:00:00
R-417,Clubhouse,2026-06-26 16:05:00,2026-06-28 20:00:00
R-424,Gym,2026-06-26 16:05:00,2026-06-27 06:00:00
R-321,Pool,2026-06-26 16:10:00,2026-06-27 13:00:00
R-227,Pool,2026-06-26 16:20:00,2026-06-27 18:00:00
R-215,Pool,2026-06-26 16:30:00,2026-06-26 20:00:00
R-215,Tennis,2026-06-26 16:55:00,2026-06-29 08:00:00
R-168,Pool,2026-06-26 17:05:00,2026-06-27 15:00:00
R-218,Pool,2026-06-26 17:15:00,2026-06-27 20:00:00
R-366,Pool,2026-06-26 17:15:00,2026-06-29 08:00:00
R-350,Pool,2026-06-26 17:30:00,2026-06-27 18:00:00
R-183,Pool,2026-06-26 17:50:00,2026-06-27 10:00:00
R-308,Badminton,2026-06-26 18:15:00,2026-06-27 19:00:00
R-161,Pool,2026-06-26 18:35:00,2026-06-27 14:00:00
R-353,Badminton,2026-06-26 19:10:00,2026-06-27 18:00:00
R-157,Clubhouse,2026-06-26 19:30:00,2026-06-28 17:00:00
R-356,Pool,2026-06-26 19:55:00,2026-06-28 17:00:00
R-392,Pool,2026-06-26 20:00:00,2026-06-27 11:00:00
R-363,Pool,2026-06-26 21:30:00,2026-06-27 07:00:00
R-138,Pool,2026-06-26 21:40:00,2026-06-28 18:00:00
R-300,Pool,2026-06-26 21:45:00,2026-06-27 16:00:00
R-286,Badminton,2026-06-26 22:10:00,2026-06-27 19:00:00
R-152,Gym,2026-06-26 22:20:00,2026-06-27 15:00:00
R-123,Pool,2026-06-26 23:00:00,2026-06-27 16:00:00
R-377,Badminton,2026-06-26 23:45:00,2026-06-27 12:00:00
R-263,Tennis,2026-06-26 23:50:00,2026-06-28 07:00:00
R-435,Pool,2026-06-26 23:55:00,2026-06-27 14:00:00
R-326,Tennis,2026-06-27 00:10:00,2026-06-28 09:00:00
R-312,Pool,2026-06-27 00:15:00,2026-06-27 15:00:00
R-152,Pool,2026-06-27 00:30:00,2026-06-27 10:00:00
R-308,Tennis,2026-06-27 00:55:00,2026-06-28 19:00:00
R-252,Badminton,2026-06-27 01:00:00,2026-06-27 20:00:00
R-238,Pool,2026-06-27 01:15:00,2026-06-27 11:00:00
R-274,Tennis,2026-06-27 01:25:00,2026-06-29 14:00:00
R-115,Clubhouse,2026-06-27 01:55:00,2026-06-28 18:00:00
R-350,Pool,2026-06-27 02:00:00,2026-06-27 17:00:00
R-201,Pool,2026-06-27 02:15:00,2026-06-28 07:00:00
R-170,Gym,2026-06-27 02:20:00,2026-06-27 07:00:00
R-441,Gym,2026-06-27 02:45:00,2026-06-27 18:00:00
R-112,Tennis,2026-06-27 03:20:00,2026-07-01 06:00:00
R-272,Gym,2026-06-27 03:30:00,2026-06-27 20:00:00
R-126,Pool,2026-06-27 03:30:00,2026-06-27 21:00:00
R-132,Pool,2026-06-27 03:35:00,2026-06-27 18:00:00
R-139,Tennis,2026-06-27 03:40:00,2026-06-29 19:00:00
R-394,Pool,2026-06-27 04:00:00,2026-06-27 18:00:00
R-291,Pool,2026-06-27 04:40:00,2026-06-27 15:00:00
R-113,Pool,2026-06-27 04:40:00,2026-06-27 13:00:00
R-187,Pool,2026-06-27 05:25:00,2026-06-29 21:00:00
R-138,Gym,2026-06-27 05:45:00,2026-06-27 10:00:00
R-264,Pool,2026-06-27 05:45:00,2026-06-27 11:00:00
R-202,Pool,2026-06-27 05:50:00,2026-06-27 12:00:00
R-373,Badminton,2026-06-27 06:00:00,2026-06-27 21:00:00
R-400,Pool,2026-06-27 06:05:00,2026-06-27 18:00:00
R-360,Badminton,2026-06-27 06:15:00,2026-06-27 19:00:00
R-134,Pool,2026-06-27 06:35:00,2026-06-28 15:00:00
R-443,Badminton,2026-06-27 06:45:00,2026-06-27 20:00:00
R-431,Pool,2026-06-27 06:55:00,2026-06-27 16:00:00
R-113,Pool,2026-06-27 08:10:00,2026-06-27 15:00:00
R-398,Pool,2026-06-27 08:55:00,2026-06-28 10:00:00
R-356,Pool,2026-06-27 09:25:00,2026-06-28 10:00:00
R-300,Pool,2026-06-27 09:30:00,2026-06-27 18:00:00
R-101,Pool,2026-06-27 09:55:00,2026-06-27 18:00:00
R-232,Pool,2026-06-27 09:55:00,2026-06-27 19:00:00
R-374,Badminton,2026-06-27 10:20:00,2026-06-27 20:00:00
R-310,Pool,2026-06-27 10:40:00,2026-06-27 17:00:00
R-216,Pool,2026-06-27 11:20:00,2026-06-27 19:00:00
R-412,Tennis,2026-06-27 12:20:00,2026-06-30 19:00:00
R-139,Tennis,2026-06-27 12:50:00,2026-07-01 19:00:00
R-218,Badminton,2026-06-27 13:10:00,2026-06-28 21:00:00
R-285,Pool,2026-06-27 13:10:00,2026-06-27 21:00:00
R-230,Badminton,2026-06-27 13:15:00,2026-06-28 08:00:00
R-406,Gym,2026-06-27 13:15:00,2026-06-27 17:00:00
R-281,Pool,2026-06-27 14:00:00,2026-06-27 20:00:00
R-430,Gym,2026-06-27 14:15:00,2026-06-27 22:00:00
R-152,Pool,2026-06-27 14:30:00,2026-06-28 14:00:00
R-138,Pool,2026-06-27 14:40:00,2026-06-27 17:00:00
R-113,Pool,2026-06-27 14:55:00,2026-06-28 17:00:00
R-112,Gym,2026-06-27 15:30:00,2026-06-29 07:00:00
R-423,Pool,2026-06-27 15:45:00,2026-06-29 06:00:00
R-218,Gym,2026-06-27 16:10:00,2026-06-27 22:00:00
R-379,Pool,2026-06-27 16:15:00,2026-06-28 11:00:00
R-211,Pool,2026-06-27 18:15:00,2026-06-28 10:00:00
R-279,Pool,2026-06-27 18:25:00,2026-06-29 19:00:00
R-391,Gym,2026-06-27 19:00:00,2026-06-28 08:00:00
R-115,Pool,2026-06-27 19:05:00,2026-06-28 11:00:00
R-174,Gym,2026-06-27 19:15:00,2026-06-28 06:00:00
R-443,Badminton,2026-06-27 19:30:00,2026-06-28 21:00:00
R-184,Pool,2026-06-27 20:00:00,2026-06-28 12:00:00
R-192,Pool,2026-06-27 20:30:00,2026-06-28 18:00:00
R-105,Gym,2026-06-27 20:40:00,2026-06-29 07:00:00
R-286,Tennis,2026-06-27 21:10:00,2026-06-28 17:00:00
R-274,Gym,2026-06-27 21:15:00,2026-06-29 21:00:00
R-395,Pool,2026-06-27 21:15:00,2026-06-28 13:00:00
R-157,Pool,2026-06-27 21:30:00,2026-06-28 10:00:00
R-141,Pool,2026-06-27 21:50:00,2026-06-29 12:00:00
R-379,Clubhouse,2026-06-27 22:00:00,2026-06-28 16:00:00
R-152,Gym,2026-06-27 22:30:00,2026-06-28 10:00:00
R-434,Pool,2026-06-27 22:55:00,2026-06-29 08:00:00
R-285,Pool,2026-06-27 23:40:00,2026-06-28 17:00:00
R-184,Gym,2026-06-28 01:45:00,2026-06-28 18:00:00
R-226,Hall,2026-06-28 02:25:00,2026-07-03 19:00:00
R-447,Pool,2026-06-28 03:00:00,2026-06-28 21:00:00
R-392,Pool,2026-06-28 03:30:00,2026-06-28 16:00:00
R-212,Pool,2026-06-28 03:30:00,2026-06-28 08:00:00
R-204,Pool,2026-06-28 03:35:00,2026-06-28 16:00:00
R-142,Badminton,2026-06-28 04:00:00,2026-06-28 19:00:00
R-113,Pool,2026-06-28 04:10:00,2026-06-28 10:00:00
R-199,Badminton,2026-06-28 04:50:00,2026-06-29 18:00:00
R-310,Pool,2026-06-28 04:50:00,2026-06-28 10:00:00
R-258,Pool,2026-06-28 05:20:00,2026-06-28 12:00:00
R-195,Clubhouse,2026-06-28 05:30:00,2026-06-28 18:00:00
R-392,Pool,2026-06-28 05:30:00,2026-06-29 18:00:00
R-392,Gym,2026-06-28 06:00:00,2026-06-28 10:00:00
R-245,Pool,2026-06-28 06:10:00,2026-06-29 18:00:00
R-161,Pool,2026-06-28 06:35:00,2026-06-28 15:00:00
R-105,Pool,2026-06-28 06:50:00,2026-06-29 06:00:00
R-192,Pool,2026-06-28 07:00:00,2026-06-28 17:00:00
R-306,Pool,2026-06-28 07:20:00,2026-06-30 19:00:00
R-271,Gym,2026-06-28 08:40:00,2026-06-29 07:00:00
R-400,Pool,2026-06-28 08:55:00,2026-06-28 15:00:00
R-300,Gym,2026-06-28 09:30:00,2026-06-28 18:00:00
R-299,Gym,2026-06-28 09:35:00,2026-06-29 06:00:00
R-320,Tennis,2026-06-28 09:45:00,2026-06-29 18:00:00
R-334,Tennis,2026-06-28 09:50:00,2026-06-30 15:00:00
R-363,Gym,2026-06-28 10:05:00,2026-06-28 18:00:00
R-330,Badminton,2026-06-28 10:10:00,2026-06-29 12:00:00
R-423,Gym,2026-06-28 11:45:00,2026-06-30 06:00:00
R-125,Gym,2026-06-28 11:50:00,2026-06-29 06:00:00
R-118,Gym,2026-06-28 12:15:00,2026-06-29 07:00:00
R-174,Gym,2026-06-28 12:45:00,2026-06-29 08:00:00
R-274,Gym,2026-06-28 12:55:00,2026-06-29 19:00:00
R-254,Gym,2026-06-28 13:15:00,2026-06-29 08:00:00
R-194,Gym,2026-06-28 13:25:00,2026-06-29 16:00:00
R-210,Tennis,2026-06-28 14:20:00,2026-06-29 06:00:00
R-156,Tennis,2026-06-28 14:35:00,2026-06-29 07:00:00
R-250,Gym,2026-06-28 14:35:00,2026-06-29 06:00:00
R-145,Gym,2026-06-28 14:40:00,2026-06-29 07:00:00
R-234,Gym,2026-06-28 16:25:00,2026-06-29 19:00:00
R-119,Gym,2026-06-28 16:40:00,2026-06-29 07:00:00
R-119,Gym,2026-06-28 16:50:00,2026-06-29 06:00:00
R-223,Badminton,2026-06-28 17:05:00,2026-06-29 12:00:00
R-110,Tennis,2026-06-28 17:25:00,2026-06-29 06:00:00
R-227,Gym,2026-06-28 17:30:00,2026-06-29 19:00:00
R-424,Pool,2026-06-28 17:55:00,2026-06-30 08:00:00
R-156,Pool,2026-06-28 18:10:00,2026-06-29 08:00:00
R-124,Badminton,2026-06-28 18:10:00,2026-06-29 21:00:00
R-391,Pool,2026-06-28 18:40:00,2026-06-29 08:00:00
R-105,Gym,2026-06-28 18:55:00,2026-06-29 08:00:00
R-361,Gym,2026-06-28 19:10:00,2026-06-29 07:00:00
R-162,Gym,2026-06-28 19:20:00,2026-06-29 07:00:00
R-430,Badminton,2026-06-28 19:35:00,2026-06-29 19:00:00
R-110,Gym,2026-06-28 20:10:00,2026-06-29 08:00:00
R-271,Gym,2026-06-28 20:25:00,2026-06-29 08:00:00
R-432,Gym,2026-06-28 20:35:00,2026-06-29 08:00:00
R-146,Gym,2026-06-28 22:30:00,2026-06-29 19:00:00
R-263,Gym,2026-06-28 23:40:00,2026-06-29 07:00:00
R-372,Pool,2026-06-28 23:45:00,2026-06-29 07:00:00
R-119,Gym,2026-06-29 00:10:00,2026-06-29 08:00:00
R-263,Tennis,2026-06-29 00:10:00,2026-06-30 08:00:00
R-144,Gym,2026-06-29 00:15:00,2026-06-29 07:00:00
R-114,Gym,2026-06-29 00:30:00,2026-06-29 08:00:00
R-182,Gym,2026-06-29 00:35:00,2026-06-29 21:00:00
R-177,Clubhouse,2026-06-29 00:45:00,2026-06-29 12:00:00
R-170,Tennis,2026-06-29 00:55:00,2026-06-30 07:00:00
R-434,Tennis,2026-06-29 02:20:00,2026-06-30 07:00:00
R-253,Gym,2026-06-29 02:25:00,2026-06-29 20:00:00
R-260,Gym,2026-06-29 02:30:00,2026-06-29 21:00:00
R-169,Pool,2026-06-29 02:55:00,2026-06-29 20:00:00
R-174,Pool,2026-06-29 03:00:00,2026-06-29 06:00:00
R-153,Pool,2026-06-29 03:45:00,2026-06-29 19:00:00
R-335,Badminton,2026-06-29 03:55:00,2026-06-30 21:00:00
R-446,Gym,2026-06-29 03:55:00,2026-06-29 08:00:00
R-171,Pool,2026-06-29 04:10:00,2026-06-29 19:00:00
R-365,Gym,2026-06-29 04:15:00,2026-06-29 18:00:00
R-427,Hall,2026-06-29 05:15:00,2026-07-03 19:00:00
R-141,Clubhouse,2026-06-29 06:00:00,2026-06-29 18:00:00
R-218,Badminton,2026-06-29 06:10:00,2026-06-30 20:00:00
R-432,Pool,2026-06-29 06:25:00,2026-06-30 06:00:00
R-142,Badminton,2026-06-29 06:35:00,2026-06-29 18:00:00
R-219,Badminton,2026-06-29 06:40:00,2026-06-30 21:00:00
R-272,Tennis,2026-06-29 06:55:00,2026-06-29 20:00:00
R-115,Pool,2026-06-29 07:00:00,2026-06-29 13:00:00
R-360,Tennis,2026-06-29 07:10:00,2026-06-30 19:00:00
R-218,Badminton,2026-06-29 07:45:00,2026-06-29 18:00:00
R-366,Gym,2026-06-29 08:00:00,2026-06-30 06:00:00
R-106,Pool,2026-06-29 08:15:00,2026-06-29 17:00:00
R-126,Badminton,2026-06-29 08:45:00,2026-06-29 18:00:00
R-426,Gym,2026-06-29 09:20:00,2026-06-29 14:00:00
R-188,Gym,2026-06-29 09:40:00,2026-06-30 06:00:00
R-155,Gym,2026-06-29 09:40:00,2026-06-30 08:00:00
R-110,Gym,2026-06-29 09:45:00,2026-06-29 19:00:00
R-225,Gym,2026-06-29 10:30:00,2026-06-30 19:00:00
R-271,Gym,2026-06-29 10:45:00,2026-06-30 06:00:00
R-298,Tennis,2026-06-29 11:05:00,2026-07-01 19:00:00
R-330,Badminton,2026-06-29 11:05:00,2026-06-29 20:00:00
R-397,Pool,2026-06-29 11:55:00,2026-06-29 18:00:00
R-104,Gym,2026-06-29 12:40:00,2026-06-29 19:00:00
R-293,Gym,2026-06-29 12:45:00,2026-06-29 20:00:00
R-117,Tennis,2026-06-29 12:55:00,2026-07-01 07:00:00
R-428,Gym,2026-06-29 12:55:00,2026-06-30 22:00:00
R-253,Gym,2026-06-29 12:55:00,2026-06-30 07:00:00
R-221,Tennis,2026-06-29 13:00:00,2026-07-01 06:00:00
R-193,Gym,2026-06-29 13:20:00,2026-06-30 08:00:00
R-210,Gym,2026-06-29 13:45:00,2026-06-30 06:00:00
R-169,Badminton,2026-06-29 13:50:00,2026-06-29 21:00:00
R-304,Gym,2026-06-29 13:50:00,2026-06-30 07:00:00
R-224,Badminton,2026-06-29 14:20:00,2026-06-30 18:00:00
R-428,Gym,2026-06-29 15:10:00,2026-06-30 06:00:00
R-437,Gym,2026-06-29 15:20:00,2026-06-29 21:00:00
R-401,Gym,2026-06-29 15:45:00,2026-06-30 06:00:00
R-335,Pool,2026-06-29 16:30:00,2026-07-01 19:00:00
R-241,Pool,2026-06-29 16:35:00,2026-07-01 07:00:00
R-305,Pool,2026-06-29 16:55:00,2026-06-30 07:00:00
R-113,Clubhouse,2026-06-29 17:00:00,2026-07-04 10:00:00
R-279,Gym,2026-06-29 17:25:00,2026-06-30 19:00:00
R-404,Badminton,2026-06-29 17:50:00,2026-06-30 22:00:00
R-414,Pool,2026-06-29 18:15:00,2026-07-01 19:00:00
R-370,Gym,2026-06-29 18:25:00,2026-06-30 07:00:00
R-253,Gym,2026-06-29 18:30:00,2026-06-30 06:00:00
R-330,Badminton,2026-06-29 19:40:00,2026-06-30 21:00:00
R-403,Gym,2026-06-29 19:55:00,2026-06-30 21:00:00
R-221,Gym,2026-06-29 20:00:00,2026-06-30 06:00:00
R-420,Gym,2026-06-29 20:20:00,2026-06-30 06:00:00
R-174,Gym,2026-06-29 21:25:00,2026-06-30 06:00:00
R-119,Gym,2026-06-29 22:25:00,2026-06-30 07:00:00
R-167,Gym,2026-06-29 22:45:00,2026-06-30 11:00:00
R-366,Gym,2026-06-30 00:00:00,2026-06-30 21:00:00
R-139,Gym,2026-06-30 00:05:00,2026-06-30 19:00:00
R-203,Tennis,2026-06-30 00:35:00,2026-07-01 06:00:00
R-237,Pool,2026-06-30 00:40:00,2026-06-30 17:00:00
R-154,Badminton,2026-06-30 00:40:00,2026-07-01 18:00:00
R-242,Pool,2026-06-30 00:45:00,2026-06-30 08:00:00
R-243,Pool,2026-06-30 01:15:00,2026-06-30 21:00:00
R-149,Pool,2026-06-30 01:50:00,2026-06-30 19:00:00
R-102,Gym,2026-06-30 02:55:00,2026-07-01 07:00:00
R-221,Gym,2026-06-30 02:55:00,2026-06-30 07:00:00
R-353,Gym,2026-06-30 03:25:00,2026-06-30 21:00:00
R-267,Gym,2026-06-30 03:40:00,2026-06-30 21:00:00
R-440,Gym,2026-06-30 03:45:00,2026-06-30 08:00:00
R-328,Pool,2026-06-30 05:25:00,2026-06-30 18:00:00
R-239,Pool,2026-06-30 07:15:00,2026-06-30 18:00:00
R-163,Gym,2026-06-30 07:20:00,2026-06-30 14:00:00
R-404,Badminton,2026-06-30 07:25:00,2026-06-30 20:00:00
R-432,Gym,2026-06-30 07:55:00,2026-07-01 08:00:00
R-353,Gym,2026-06-30 07:55:00,2026-06-30 19:00:00
R-212,Pool,2026-06-30 08:00:00,2026-07-03 08:00:00
R-373,Badminton,2026-06-30 08:15:00,2026-06-30 19:00:00
R-240,Gym,2026-06-30 08:30:00,2026-06-30 18:00:00
R-277,Gym,2026-06-30 08:50:00,2026-06-30 21:00:00
R-257,Pool,2026-06-30 09:00:00,2026-06-30 17:00:00
R-162,Gym,2026-06-30 09:10:00,2026-07-01 08:00:00
R-194,Badminton,2026-06-30 09:20:00,2026-06-30 21:00:00
R-396,Gym,2026-06-30 09:25:00,2026-06-30 19:00:00
R-411,Pool,2026-06-30 09:25:00,2026-07-01 09:00:00
R-362,Gym,2026-06-30 10:30:00,2026-06-30 20:00:00
R-144,Gym,2026-06-30 10:30:00,2026-07-01 06:00:00
R-263,Gym,2026-06-30 11:00:00,2026-07-01 06:00:00
R-228,Pool,2026-06-30 11:00:00,2026-07-01 21:00:00
R-223,Pool,2026-06-30 11:15:00,2026-06-30 18:00:00
R-228,Gym,2026-06-30 13:30:00,2026-07-01 12:00:00
R-446,Tennis,2026-06-30 13:50:00,2026-07-01 08:00:00
R-448,Gym,2026-06-30 14:25:00,2026-06-30 21:00:00
R-286,Gym,2026-06-30 15:00:00,2026-07-01 21:00:00
R-150,Gym,2026-06-30 15:10:00,2026-07-01 07:00:00
R-306,Gym,2026-06-30 15:15:00,2026-07-01 06:00:00
R-381,Badminton,2026-06-30 16:45:00,2026-07-02 18:00:00
R-358,Gym,2026-06-30 16:50:00,2026-07-01 08:00:00
R-361,Gym,2026-06-30 17:15:00,2026-07-01 07:00:00
R-177,Pool,2026-06-30 17:20:00,2026-07-01 18:00:00
R-155,Gym,2026-06-30 17:55:00,2026-07-01 06:00:00
R-397,Badminton,2026-06-30 18:00:00,2026-07-01 21:00:00
R-118,Pool,2026-06-30 18:10:00,2026-07-01 06:00:00
R-272,Tennis,2026-06-30 19:10:00,2026-07-02 19:00:00
R-329,Gym,2026-06-30 19:35:00,2026-07-01 07:00:00
R-353,Gym,2026-06-30 21:40:00,2026-07-01 19:00:00
R-434,Pool,2026-06-30 23:25:00,2026-07-01 12:00:00
R-428,Gym,2026-06-30 23:40:00,2026-07-01 06:00:00
R-145,Pool,2026-06-30 23:45:00,2026-07-01 07:00:00
R-360,Pool,2026-07-01 01:15:00,2026-07-01 19:00:00
R-430,Badminton,2026-07-01 01:20:00,2026-07-01 19:00:00
R-156,Pool,2026-07-01 01:35:00,2026-07-02 08:00:00
R-145,Gym,2026-07-01 01:40:00,2026-07-01 06:00:00
R-437,Badminton,2026-07-01 01:45:00,2026-07-01 18:00:00
R-293,Badminton,2026-07-01 01:50:00,2026-07-01 18:00:00
R-104,Gym,2026-07-01 03:20:00,2026-07-01 20:00:00
R-215,Badminton,2026-07-01 04:00:00,2026-07-01 21:00:00
R-296,Badminton,2026-07-01 06:00:00,2026-07-01 21:00:00
R-442,Pool,2026-07-01 06:55:00,2026-07-01 17:00:00
R-361,Gym,2026-07-01 07:20:00,2026-07-01 18:00:00
R-227,Badminton,2026-07-01 09:10:00,2026-07-02 17:00:00
R-412,Gym,2026-07-01 12:25:00,2026-07-01 20:00:00
R-281,Gym,2026-07-01 12:35:00,2026-07-01 19:00:00
R-102,Tennis,2026-07-01 12:45:00,2026-07-03 07:00:00
R-110,Tennis,2026-07-01 13:20:00,2026-07-02 08:00:00
R-441,Badminton,2026-07-01 13:30:00,2026-07-02 17:00:00
R-279,Pool,2026-07-01 13:55:00,2026-07-02 19:00:00
R-226,Clubhouse,2026-07-01 14:10:00,2026-07-03 11:00:00
R-227,Badminton,2026-07-01 15:55:00,2026-07-02 13:00:00
R-286,Pool,2026-07-01 16:00:00,2026-07-02 20:00:00
R-279,Gym,2026-07-01 16:25:00,2026-07-02 06:00:00
R-391,Gym,2026-07-01 16:30:00,2026-07-02 08:00:00
R-319,Pool,2026-07-01 17:45:00,2026-07-02 17:00:00
R-142,Badminton,2026-07-01 18:15:00,2026-07-02 18:00:00
R-428,Gym,2026-07-01 18:20:00,2026-07-02 07:00:00
R-293,Gym,2026-07-01 18:35:00,2026-07-02 18:00:00
R-218,Pool,2026-07-01 18:45:00,2026-07-02 19:00:00
R-140,Tennis,2026-07-01 19:05:00,2026-07-02 21:00:00
R-434,Pool,2026-07-01 20:45:00,2026-07-02 06:00:00
R-265,Pool,2026-07-01 20:45:00,2026-07-02 11:00:00
R-162,Gym,2026-07-01 21:05:00,2026-07-02 08:00:00
R-155,Pool,2026-07-01 22:05:00,2026-07-02 09:00:00
R-353,Gym,2026-07-01 22:25:00,2026-07-02 19:00:00
R-210,Gym,2026-07-01 22:30:00,2026-07-02 09:00:00
R-155,Gym,2026-07-01 23:25:00,2026-07-02 08:00:00
R-297,Tennis,2026-07-01 23:50:00,2026-07-02 12:00:00
R-423,Pool,2026-07-02 00:20:00,2026-07-02 08:00:00
R-448,Tennis,2026-07-02 00:40:00,2026-07-02 18:00:00
R-307,Gym,2026-07-02 00:50:00,2026-07-02 12:00:00
R-443,Gym,2026-07-02 01:25:00,2026-07-02 20:00:00
R-213,Badminton,2026-07-02 03:20:00,2026-07-03 21:00:00
R-208,Badminton,2026-07-02 04:20:00,2026-07-03 10:00:00
R-401,Gym,2026-07-02 06:05:00,2026-07-03 07:00:00
R-151,Badminton,2026-07-02 06:40:00,2026-07-02 17:00:00
R-215,Tennis,2026-07-02 06:55:00,2026-07-03 19:00:00
R-146,Gym,2026-07-02 07:30:00,2026-07-02 19:00:00
R-234,Pool,2026-07-02 07:40:00,2026-07-02 19:00:00
R-397,Pool,2026-07-02 08:35:00,2026-07-02 20:00:00
R-188,Gym,2026-07-02 08:40:00,2026-07-02 20:00:00
R-401,Gym,2026-07-02 09:10:00,2026-07-03 08:00:00
R-359,Badminton,2026-07-02 09:25:00,2026-07-04 18:00:00
R-364,Gym,2026-07-02 09:45:00,2026-07-02 19:00:00
R-314,Badminton,2026-07-02 10:00:00,2026-07-02 19:00:00
R-225,Gym,2026-07-02 10:15:00,2026-07-03 06:00:00
R-124,Badminton,2026-07-02 11:10:00,2026-07-02 22:00:00
R-281,Pool,2026-07-02 12:50:00,2026-07-02 19:00:00
R-362,Badminton,2026-07-02 13:05:00,2026-07-02 18:00:00
R-447,Badminton,2026-07-02 13:35:00,2026-07-02 21:00:00
R-187,Gym,2026-07-02 15:20:00,2026-07-02 21:00:00
R-302,Pool,2026-07-02 15:40:00,2026-07-03 07:00:00
R-160,Tennis,2026-07-02 15:50:00,2026-07-03 21:00:00
R-375,Gym,2026-07-02 16:20:00,2026-07-03 07:00:00
R-358,Gym,2026-07-02 18:15:00,2026-07-03 06:00:00
R-373,Badminton,2026-07-02 18:50:00,2026-07-03 20:00:00
R-162,Gym,2026-07-02 20:15:00,2026-07-03 08:00:00
R-427,Pool,2026-07-02 20:20:00,2026-07-03 18:00:00
R-366,Gym,2026-07-02 20:30:00,2026-07-03 08:00:00
R-260,Tennis,2026-07-02 20:30:00,2026-07-03 18:00:00
R-242,Pool,2026-07-02 21:20:00,2026-07-03 21:00:00
R-215,Badminton,2026-07-02 21:45:00,2026-07-03 20:00:00
R-159,Gym,2026-07-02 22:20:00,2026-07-03 07:00:00
R-437,Badminton,2026-07-02 22:20:00,2026-07-03 21:00:00
R-413,Gym,2026-07-02 22:35:00,2026-07-03 06:00:00
R-102,Gym,2026-07-02 23:15:00,2026-07-03 06:00:00
R-307,Badminton,2026-07-02 23:25:00,2026-07-04 07:00:00
R-412,Badminton,2026-07-02 23:25:00,2026-07-03 18:00:00
R-145,Gym,2026-07-03 00:15:00,2026-07-03 06:00:00
R-156,Gym,2026-07-03 00:20:00,2026-07-03 11:00:00
R-347,Tennis,2026-07-03 00:55:00,2026-07-03 08:00:00
R-257,Pool,2026-07-03 01:55:00,2026-07-04 17:00:00
R-227,Gym,2026-07-03 04:10:00,2026-07-03 18:00:00
R-306,Pool,2026-07-03 05:10:00,2026-07-03 19:00:00
R-139,Gym,2026-07-03 06:00:00,2026-07-03 19:00:00
R-169,Pool,2026-07-03 06:15:00,2026-07-03 20:00:00
R-281,Gym,2026-07-03 06:40:00,2026-07-03 21:00:00
R-272,Gym,2026-07-03 06:45:00,2026-07-03 18:00:00
R-207,Gym,2026-07-03 07:20:00,2026-07-04 07:00:00
R-350,Pool,2026-07-03 08:00:00,2026-07-04 15:00:00
R-403,Gym,2026-07-03 09:00:00,2026-07-03 18:00:00
R-138,Pool,2026-07-03 14:15:00,2026-07-04 14:00:00
R-220,Clubhouse,2026-07-03 15:20:00,2026-07-05 16:00:00
R-426,Gym,2026-07-03 15:40:00,2026-07-03 21:00:00
R-140,Tennis,2026-07-03 16:35:00,2026-07-04 19:00:00
R-385,Clubhouse,2026-07-03 17:15:00,2026-07-04 11:00:00
R-392,Pool,2026-07-03 17:15:00,2026-07-04 14:00:00
R-448,Badminton,2026-07-03 19:55:00,2026-07-04 21:00:00
R-211,Pool,2026-07-03 20:55:00,2026-07-04 16:00:00
R-322,Pool,2026-07-03 23:40:00,2026-07-04 15:00:00
R-168,Pool,2026-07-04 00:20:00,2026-07-04 11:00:00
R-349,Clubhouse,2026-07-04 01:50:00,2026-07-05 15:00:00
R-113,Pool,2026-07-04 02:10:00,2026-07-04 14:00:00
R-376,Clubhouse,2026-07-04 02:20:00,2026-07-05 15:00:00
R-276,Pool,2026-07-04 02:25:00,2026-07-04 15:00:00
R-213,Gym,2026-07-04 02:55:00,2026-07-04 20:00:00
R-276,Pool,2026-07-04 04:00:00,2026-07-04 18:00:00
R-273,Pool,2026-07-04 05:50:00,2026-07-04 17:00:00
R-242,Pool,2026-07-04 06:05:00,2026-07-04 17:00:00
R-312,Pool,2026-07-04 08:35:00,2026-07-04 18:00:00
R-426,Badminton,2026-07-04 08:35:00,2026-07-04 21:00:00
R-367,Tennis,2026-07-04 08:55:00,2026-07-04 17:00:00
R-381,Pool,2026-07-04 10:40:00,2026-07-04 19:00:00
R-430,Badminton,2026-07-04 11:10:00,2026-07-04 20:00:00
R-194,Pool,2026-07-04 11:20:00,2026-07-04 19:00:00
R-272,Badminton,2026-07-04 11:50:00,2026-07-04 20:00:00
R-394,Pool,2026-07-04 21:55:00,2026-07-05 06:00:00
R-350,Pool,2026-07-05 00:05:00,2026-07-05 16:00:00
R-100,Clubhouse,2026-07-05 03:55:00,2026-07-05 18:00:00
R-405,Pool,2026-07-05 08:30:00,2026-07-05 17:00:00
